# Blender 5.1.2
# www.blender.org
mtllib 36_1.mtl
o open_book
v 0.398586 -0.038312 0.797842
v 0.398586 -0.038312 -0.797842
v -0.398586 -0.038312 0.797842
v -0.398586 -0.038312 -0.797842
v -0.398586 0.007143 -0.074984
v -0.398586 -0.027555 -0.073999
v -0.398586 -0.043650 -0.054997
v -0.398586 -0.053004 -0.020235
v -0.398586 -0.053004 0.020236
v -0.398586 -0.043650 0.054998
v -0.398586 -0.027555 0.073999
v -0.398586 0.007143 0.074984
v 0.398586 0.007143 0.074984
v 0.398586 -0.027555 0.073999
v 0.398586 -0.043650 0.054998
v 0.398586 -0.053004 0.020236
v 0.398586 -0.053004 -0.020236
v 0.398586 -0.043650 -0.054998
v 0.398586 -0.027555 -0.073999
v 0.398586 0.007143 -0.074984
v 0.398586 -0.048254 0.797172
v 0.398586 -0.048254 -0.797172
v -0.398586 -0.048254 0.797172
v -0.398586 -0.048254 -0.797172
v -0.398586 -0.000000 -0.081932
v -0.398586 -0.031440 -0.083175
v -0.398586 -0.052400 -0.059766
v -0.398586 -0.062880 -0.021566
v -0.398586 -0.062880 0.021566
v -0.398586 -0.052400 0.059766
v -0.398586 -0.031440 0.083175
v -0.398586 -0.000000 0.081932
v 0.398586 0.000000 0.081931
v 0.398586 -0.031440 0.083175
v 0.398586 -0.052400 0.059766
v 0.398586 -0.062880 0.021566
v 0.398586 -0.062880 -0.021566
v 0.398586 -0.052400 -0.059766
v 0.398586 -0.031440 -0.083175
v 0.398586 -0.000000 -0.081932
v -0.398586 -0.035039 0.745798
v 0.398586 -0.035039 0.745798
v -0.398586 -0.044794 0.745891
v 0.398586 -0.044794 0.745891
v -0.398586 -0.035039 -0.745798
v 0.398586 -0.035039 -0.745798
v -0.398586 -0.044794 -0.745891
v 0.398586 -0.044794 -0.745891
v 0.347142 -0.053004 -0.020236
v -0.347142 -0.053004 -0.020235
v -0.347142 -0.053004 0.020236
v 0.347142 -0.053004 0.020236
v 0.347142 -0.038312 -0.797842
v -0.347142 -0.038312 -0.797842
v -0.347142 0.007143 -0.074984
v 0.347142 0.007143 -0.074984
v -0.347142 -0.027555 -0.073999
v 0.347142 -0.027555 -0.073999
v -0.347142 -0.043650 -0.054997
v 0.347142 -0.043650 -0.054998
v 0.347142 0.007143 0.074984
v -0.347142 0.007143 0.074984
v -0.347142 -0.038312 0.797842
v 0.347142 -0.038312 0.797842
v 0.347142 -0.027555 0.073999
v -0.347142 -0.027555 0.073999
v 0.347142 -0.043650 0.054998
v -0.347142 -0.043650 0.054998
v -0.347142 -0.062880 -0.021566
v 0.347142 -0.062880 -0.021566
v 0.347142 -0.062880 0.021566
v -0.347142 -0.062880 0.021566
v -0.347142 -0.048254 -0.797172
v 0.347142 -0.048254 -0.797172
v 0.347142 -0.000000 -0.081932
v -0.347142 -0.000000 -0.081932
v 0.347142 -0.031440 -0.083175
v -0.347142 -0.031440 -0.083175
v 0.347142 -0.052400 -0.059766
v -0.347142 -0.052400 -0.059766
v -0.347142 -0.000000 0.081932
v 0.347142 0.000000 0.081931
v 0.347142 -0.048254 0.797172
v -0.347142 -0.048254 0.797172
v -0.347142 -0.031440 0.083175
v 0.347142 -0.031440 0.083175
v -0.347142 -0.052400 0.059766
v 0.347142 -0.052400 0.059766
v -0.347142 -0.035039 0.745798
v 0.347142 -0.035039 0.745798
v -0.347142 -0.044794 0.745891
v 0.347142 -0.044794 0.745891
v -0.347142 -0.035039 -0.745798
v 0.347142 -0.035039 -0.745798
v -0.347142 -0.044794 -0.745891
v 0.347142 -0.044794 -0.745891
v -0.347142 0.056478 -0.125023
v 0.347142 0.056478 -0.125023
v 0.347142 0.026260 -0.745798
v -0.330624 0.048149 -0.739605
v 0.347142 0.022800 -0.445318
v -0.345077 0.025536 -0.444543
v -0.173571 0.056478 -0.125023
v -0.000000 0.056478 -0.125023
v 0.173571 0.056478 -0.125023
v 0.173571 0.026260 -0.745798
v -0.000000 0.026260 -0.745798
v -0.171506 0.028996 -0.745024
v 0.173571 0.022800 -0.445318
v -0.000000 0.022800 -0.445318
v -0.173313 0.023142 -0.445221
v 0.347142 0.007143 -0.000000
v -0.173571 0.007143 -0.000000
v -0.086785 0.042916 -0.272638
v 0.086785 0.039456 -0.045491
v 0.086785 0.020161 -0.600046
v 0.260356 0.042916 -0.272638
v 0.086785 0.042916 -0.272638
v -0.260356 0.042915 -0.272638
v -0.260356 0.039456 -0.045491
v -0.086785 0.039456 -0.045491
v 0.260356 0.039456 -0.045491
v -0.256227 0.025633 -0.598498
v -0.086785 0.020161 -0.600046
v 0.260356 0.020161 -0.600046
v -0.260356 0.056478 -0.125023
v 0.347142 0.042916 -0.272638
v 0.260356 0.026260 -0.745798
v -0.338883 0.031105 -0.596949
v -0.347142 0.039456 -0.045491
v 0.347142 0.039456 -0.045491
v 0.347142 0.020161 -0.600046
v -0.347142 0.042915 -0.272638
v 0.260356 0.022800 -0.445318
v -0.086785 0.056478 -0.125023
v 0.086785 0.056478 -0.125023
v 0.260356 0.056478 -0.125023
v 0.086785 0.026260 -0.745798
v -0.086785 0.026260 -0.745798
v -0.252098 0.037204 -0.742701
v 0.086785 0.022800 -0.445318
v -0.086785 0.022800 -0.445318
v -0.259324 0.024168 -0.444931
v 0.173571 0.042916 -0.272638
v -0.000000 0.042916 -0.272638
v -0.173571 0.042915 -0.272638
v -0.173571 0.039456 -0.045491
v -0.000000 0.039456 -0.045491
v 0.173571 0.039456 -0.045491
v -0.172539 0.021529 -0.599659
v -0.000000 0.020161 -0.600046
v 0.173571 0.020161 -0.600046
v -0.260356 0.007143 0.000000
v -0.347142 0.009697 -0.109283
v 0.347142 0.009697 -0.109283
v 0.347142 -0.028917 -0.745798
v -0.345492 -0.026731 -0.745179
v 0.347142 -0.010278 -0.413879
v -0.346936 -0.010005 -0.413802
v -0.173571 0.009697 -0.109283
v -0.000000 0.009697 -0.109283
v 0.173571 0.009697 -0.109283
v 0.173571 -0.028917 -0.745798
v -0.000000 -0.028917 -0.745798
v -0.173365 -0.028644 -0.745721
v 0.173571 -0.010278 -0.413879
v -0.000000 -0.010278 -0.413879
v -0.173545 -0.010244 -0.413870
v -0.347142 0.007143 0.000000
v -0.000000 0.007143 -0.000000
v 0.173571 0.007143 -0.000000
v -0.086785 0.001224 -0.245679
v 0.086785 0.010371 -0.038291
v 0.086785 -0.020034 -0.580287
v 0.260356 0.001224 -0.245679
v 0.086785 0.001224 -0.245679
v -0.260356 0.001224 -0.245679
v -0.260356 0.010371 -0.038291
v -0.086785 0.010371 -0.038291
v 0.260356 0.010371 -0.038291
v -0.259944 -0.019487 -0.580132
v -0.086785 -0.020034 -0.580287
v 0.260356 -0.020034 -0.580287
v -0.260356 0.009697 -0.109283
v 0.347142 0.001224 -0.245679
v 0.260356 -0.028917 -0.745798
v -0.346317 -0.018941 -0.579978
v -0.347142 0.010371 -0.038291
v 0.347142 0.010371 -0.038291
v 0.347142 -0.020034 -0.580287
v -0.347142 0.001224 -0.245679
v 0.260356 -0.010278 -0.413879
v -0.086785 0.009697 -0.109283
v 0.086785 0.009697 -0.109283
v 0.260356 0.009697 -0.109283
v 0.086785 -0.028917 -0.745798
v -0.086785 -0.028917 -0.745798
v -0.259531 -0.027824 -0.745489
v 0.086785 -0.010278 -0.413879
v -0.086785 -0.010278 -0.413879
v -0.260253 -0.010141 -0.413841
v 0.173571 0.001224 -0.245679
v -0.000000 0.001224 -0.245679
v -0.173571 0.001224 -0.245679
v -0.173571 0.010371 -0.038291
v -0.000000 0.010371 -0.038291
v 0.173571 0.010371 -0.038291
v -0.173468 -0.019897 -0.580248
v -0.000000 -0.020034 -0.580287
v 0.173571 -0.020034 -0.580287
v -0.086785 0.007143 -0.000000
v 0.086785 0.007143 -0.000000
v 0.260356 0.007143 -0.000000
v 0.347142 0.033087 -0.117153
v 0.347142 0.024913 -0.041891
v 0.347142 0.022070 -0.259158
v 0.347142 0.006261 -0.429598
v 0.347142 0.000064 -0.590166
v 0.347142 -0.001329 -0.745798
v 0.173571 -0.001329 -0.745798
v 0.260356 -0.001329 -0.745798
v 0.086785 -0.001329 -0.745798
v -0.000000 -0.001329 -0.745798
v -0.086785 -0.001329 -0.745798
v -0.255815 0.004690 -0.744095
v -0.172435 0.000176 -0.745372
v -0.338058 0.010709 -0.742392
v -0.342600 0.006082 -0.588463
v -0.347142 0.022070 -0.259158
v -0.346006 0.007766 -0.429173
v -0.347142 0.033087 -0.117153
v -0.347142 0.024913 -0.041891
v 0.342614 0.015545 -0.116729
v 0.347142 0.021392 -0.113218
v 0.342614 0.027240 -0.120613
v 0.342614 0.021278 -0.047389
v 0.347142 0.017642 -0.040091
v 0.342614 0.014006 -0.045612
v 0.342614 0.038935 -0.124496
v 0.347142 0.044783 -0.121088
v 0.342614 0.050630 -0.128380
v 0.342614 0.035821 -0.050942
v 0.347142 0.032185 -0.043691
v 0.342614 0.028549 -0.049165
v 0.342614 0.006435 -0.252724
v 0.347142 0.011647 -0.252418
v 0.342614 0.016858 -0.259376
v 0.342614 0.027281 -0.266027
v 0.347142 0.032493 -0.265898
v 0.342614 0.037704 -0.272679
v 0.342614 -0.006143 -0.419276
v 0.347142 -0.002008 -0.421739
v 0.342614 0.002126 -0.427033
v 0.342614 0.010396 -0.434790
v 0.347142 0.014531 -0.437458
v 0.342614 0.018665 -0.442546
v 0.342614 -0.015009 -0.582065
v 0.347142 -0.009985 -0.585226
v 0.342614 -0.004961 -0.586940
v 0.342614 0.005088 -0.591815
v 0.347142 0.010112 -0.595106
v 0.342614 0.015137 -0.596690
v 0.342614 -0.008226 -0.742973
v 0.347142 -0.015123 -0.745798
v 0.342614 -0.022020 -0.742973
v 0.342614 0.019363 -0.742973
v 0.347142 0.012466 -0.745798
v 0.342614 0.005569 -0.742973
v 0.171314 -0.022020 -0.742973
v 0.173571 -0.015123 -0.745798
v 0.171314 -0.008226 -0.742973
v 0.256964 -0.008226 -0.742973
v 0.260356 -0.015123 -0.745798
v 0.256964 -0.022020 -0.742973
v 0.171314 0.005569 -0.742973
v 0.173571 0.012466 -0.745798
v 0.171314 0.019363 -0.742973
v 0.256964 0.019363 -0.742973
v 0.260356 0.012466 -0.745798
v 0.256964 0.005569 -0.742973
v 0.085665 -0.008226 -0.742973
v 0.086785 -0.015123 -0.745798
v 0.085665 -0.022020 -0.742973
v 0.085665 0.019363 -0.742973
v 0.086785 0.012466 -0.745798
v 0.085665 0.005569 -0.742973
v 0.000015 -0.008226 -0.742973
v -0.000000 -0.015123 -0.745798
v 0.000015 -0.022020 -0.742973
v 0.000015 0.019363 -0.742973
v -0.000000 0.012466 -0.745798
v 0.000015 0.005569 -0.742973
v -0.085635 -0.008226 -0.742973
v -0.086785 -0.015123 -0.745798
v -0.085635 -0.022020 -0.742973
v -0.085635 0.019363 -0.742973
v -0.086785 0.012466 -0.745798
v -0.085635 0.005569 -0.742973
v -0.255203 -0.019696 -0.742324
v -0.257673 -0.011567 -0.744792
v -0.253369 -0.003438 -0.741636
v -0.170393 -0.007029 -0.742639
v -0.172900 -0.014234 -0.745546
v -0.170852 -0.021439 -0.742811
v -0.251535 0.012819 -0.740949
v -0.253956 0.020947 -0.743398
v -0.249701 0.029076 -0.740261
v -0.169476 0.021791 -0.742295
v -0.171971 0.014586 -0.745198
v -0.169935 0.007381 -0.742467
v -0.339122 -0.017371 -0.741675
v -0.341775 -0.008011 -0.743786
v -0.335454 0.001349 -0.740299
v -0.331786 0.020069 -0.738924
v -0.334341 0.029429 -0.740998
v -0.328117 0.038789 -0.737549
v -0.339019 -0.000173 -0.585604
v -0.344458 -0.006429 -0.584221
v -0.340853 -0.012685 -0.581416
v -0.335351 0.024850 -0.593978
v -0.340742 0.018594 -0.592706
v -0.337185 0.012338 -0.589791
v -0.342584 0.006435 -0.252724
v -0.347142 0.011647 -0.252418
v -0.342584 0.016858 -0.259376
v -0.341693 0.003323 -0.426699
v -0.346471 -0.001119 -0.421487
v -0.342151 -0.005562 -0.419114
v -0.342584 0.027281 -0.266027
v -0.347142 0.032493 -0.265898
v -0.342584 0.037704 -0.272678
v -0.340776 0.021094 -0.441868
v -0.345542 0.016651 -0.436858
v -0.341234 0.012208 -0.434283
v -0.342584 0.015545 -0.116729
v -0.347142 0.021392 -0.113218
v -0.342584 0.027240 -0.120613
v -0.342584 0.038935 -0.124496
v -0.347142 0.044783 -0.121088
v -0.342584 0.050630 -0.128380
v -0.342584 0.014006 -0.045612
v -0.347142 0.017642 -0.040091
v -0.342584 0.021278 -0.047389
v -0.342584 0.028549 -0.049165
v -0.347142 0.032185 -0.043691
v -0.342584 0.035821 -0.050942
v -0.347141 0.066864 -0.128489
v 0.347142 0.066864 -0.128490
v 0.347142 0.038409 -0.744092
v -0.327322 0.064137 -0.733165
v 0.347142 0.030138 -0.452091
v -0.344664 0.033416 -0.451103
v -0.173571 0.066864 -0.128489
v -0.000000 0.066864 -0.128489
v 0.173571 0.066864 -0.128489
v 0.173571 0.038409 -0.744092
v -0.000000 0.038409 -0.744092
v -0.171093 0.041655 -0.742814
v 0.173571 0.030138 -0.452091
v -0.000000 0.030138 -0.452091
v -0.173261 0.030547 -0.451968
v -0.347142 0.007143 0.000000
v 0.347142 0.007143 -0.000000
v -0.173571 0.007143 -0.000000
v -0.000000 0.007143 -0.000000
v 0.173571 0.007143 -0.000000
v -0.086785 0.052159 -0.278449
v 0.086785 0.045916 -0.047089
v 0.086785 0.029069 -0.603979
v 0.260356 0.052159 -0.278449
v 0.086785 0.052159 -0.278449
v -0.260356 0.052159 -0.278449
v -0.260356 0.045916 -0.047089
v -0.086786 0.045916 -0.047089
v 0.260356 0.045916 -0.047089
v -0.255401 0.035613 -0.601828
v -0.086785 0.029069 -0.603979
v 0.260356 0.029069 -0.603979
v -0.260356 0.066864 -0.128490
v 0.347142 0.052159 -0.278449
v 0.260356 0.038409 -0.744092
v -0.337232 0.042143 -0.599615
v -0.347142 0.045916 -0.047089
v 0.347142 0.045916 -0.047089
v 0.347142 0.029069 -0.603979
v -0.347142 0.052159 -0.278449
v 0.260356 0.030138 -0.452091
v -0.086786 0.066864 -0.128490
v 0.086785 0.066864 -0.128490
v 0.260356 0.066864 -0.128490
v 0.086785 0.038409 -0.744092
v -0.086786 0.038409 -0.744093
v -0.250446 0.051347 -0.738818
v 0.086785 0.030138 -0.452091
v -0.086785 0.030138 -0.452091
v -0.259118 0.031777 -0.451598
v 0.173571 0.052159 -0.278449
v -0.000000 0.052159 -0.278449
v -0.173571 0.052159 -0.278449
v -0.173571 0.045916 -0.047089
v 0.000000 0.045916 -0.047089
v 0.173571 0.045916 -0.047089
v -0.172332 0.030706 -0.603447
v -0.000000 0.029069 -0.603979
v 0.173571 0.029069 -0.603979
v -0.260356 0.007143 0.000000
v -0.086785 0.007143 -0.000000
v 0.086785 0.007143 -0.000000
v 0.260356 0.007143 -0.000000
v -0.347142 0.077261 -0.131975
v 0.347142 0.077261 -0.131975
v 0.347142 0.050494 -0.742604
v -0.324017 0.080056 -0.728934
v 0.347142 0.037478 -0.458915
v -0.344251 0.041299 -0.457739
v -0.173571 0.077261 -0.131975
v -0.000000 0.077261 -0.131975
v 0.173571 0.077261 -0.131975
v 0.173571 0.050494 -0.742604
v -0.000000 0.050494 -0.742604
v -0.170680 0.054244 -0.740991
v 0.173571 0.037478 -0.458915
v -0.000000 0.037478 -0.458915
v -0.173209 0.037956 -0.458769
v -0.347142 0.007143 0.000000
v 0.347142 0.007143 -0.000000
v -0.173571 0.007143 -0.000000
v -0.000000 0.007143 -0.000000
v 0.173571 0.007143 -0.000000
v -0.086785 0.061413 -0.284352
v 0.086785 0.052383 -0.048690
v 0.086785 0.037969 -0.607927
v 0.260356 0.061413 -0.284352
v 0.086785 0.061413 -0.284352
v -0.260356 0.061413 -0.284352
v -0.260356 0.052383 -0.048690
v -0.086785 0.052383 -0.048690
v 0.260356 0.052383 -0.048690
v -0.254575 0.045579 -0.605300
v -0.086785 0.037969 -0.607927
v 0.260356 0.037969 -0.607927
v -0.260356 0.077261 -0.131975
v 0.347142 0.061413 -0.284352
v 0.260356 0.050494 -0.742604
v -0.335579 0.053165 -0.602599
v -0.347142 0.052383 -0.048690
v 0.347142 0.052383 -0.048690
v 0.347142 0.037969 -0.607927
v -0.347142 0.061413 -0.284352
v 0.260356 0.037478 -0.458916
v -0.086785 0.077261 -0.131975
v 0.086785 0.077261 -0.131975
v 0.260356 0.077261 -0.131975
v 0.086785 0.050494 -0.742604
v -0.086785 0.050494 -0.742604
v -0.248794 0.065407 -0.735971
v 0.086785 0.037478 -0.458916
v -0.086785 0.037478 -0.458915
v -0.258911 0.039389 -0.458328
v 0.173571 0.061413 -0.284352
v 0.000000 0.061413 -0.284352
v -0.173571 0.061413 -0.284352
v -0.173571 0.052383 -0.048690
v -0.000000 0.052383 -0.048690
v 0.173571 0.052383 -0.048690
v -0.172126 0.039873 -0.607278
v -0.000000 0.037969 -0.607927
v 0.173571 0.037969 -0.607927
v -0.260356 0.007143 0.000000
v -0.086785 0.007143 -0.000000
v 0.086785 0.007143 -0.000000
v 0.260356 0.007143 -0.000000
v -0.347142 0.077045 -0.142408
v 0.347142 0.077045 -0.142407
v 0.347142 0.056477 -0.741714
v -0.322367 0.087856 -0.726654
v 0.347142 0.044405 -0.458857
v -0.343271 0.049516 -0.457259
v -0.173571 0.077045 -0.142408
v -0.000000 0.077045 -0.142407
v 0.173571 0.077045 -0.142408
v 0.173571 0.056477 -0.741714
v -0.000000 0.056477 -0.741714
v -0.169700 0.061465 -0.739476
v 0.173571 0.044405 -0.458857
v 0.000000 0.044405 -0.458857
v -0.172966 0.045204 -0.458608
v -0.347142 0.007143 0.000000
v 0.347142 0.007143 -0.000000
v -0.173571 0.007143 -0.000000
v -0.000000 0.007143 -0.000000
v 0.173571 0.007143 -0.000000
v -0.086779 0.064975 -0.289954
v 0.086785 0.052907 -0.053836
v 0.086785 0.044027 -0.608063
v 0.260356 0.064967 -0.289957
v 0.086785 0.064967 -0.289957
v -0.260157 0.065231 -0.289880
v -0.260356 0.052907 -0.053836
v -0.086785 0.052907 -0.053836
v 0.260356 0.052907 -0.053836
v -0.253770 0.052673 -0.604990
v -0.086586 0.044289 -0.607971
v 0.260356 0.044027 -0.608063
v -0.260356 0.077045 -0.142408
v 0.347142 0.064967 -0.289957
v 0.260356 0.056477 -0.741714
v -0.334367 0.060762 -0.602023
v -0.347142 0.052907 -0.053836
v 0.347142 0.052907 -0.053836
v 0.347142 0.044027 -0.608063
v -0.346755 0.065479 -0.289807
v 0.260356 0.044405 -0.458857
v -0.086785 0.077045 -0.142408
v 0.086785 0.077045 -0.142408
v 0.260356 0.077045 -0.142408
v 0.086785 0.056477 -0.741714
v -0.086398 0.056977 -0.741493
v -0.247582 0.072825 -0.734149
v 0.086785 0.044405 -0.458857
v -0.086725 0.044485 -0.458832
v -0.258360 0.047041 -0.458035
v 0.173571 0.064967 -0.289957
v 0.000000 0.064967 -0.289957
v -0.173510 0.065047 -0.289933
v -0.173571 0.052907 -0.053836
v -0.000000 0.052907 -0.053836
v 0.173571 0.052907 -0.053836
v -0.171575 0.046650 -0.607142
v -0.000000 0.044027 -0.608063
v 0.173571 0.044027 -0.608063
v -0.260356 0.007143 0.000000
v -0.086785 0.007143 -0.000000
v 0.086785 0.007143 -0.000000
v 0.260356 0.007143 -0.000000
v -0.130178 0.074241 -0.210527
v -0.043393 0.074241 -0.210527
v -0.043393 0.053576 -0.374736
v -0.130081 0.053704 -0.374697
v 0.130178 0.069032 -0.091615
v 0.043393 0.069032 -0.091615
v 0.043393 0.031377 -0.024745
v 0.130178 0.031377 -0.024745
v 0.130178 0.049493 -0.676116
v 0.043393 0.049493 -0.676116
v 0.043393 0.041774 -0.536128
v 0.130178 0.041774 -0.536128
v 0.216963 0.074240 -0.210528
v 0.303749 0.074241 -0.210527
v 0.303749 0.053576 -0.374736
v 0.216963 0.053576 -0.374736
v 0.043393 0.074240 -0.210528
v 0.130178 0.074241 -0.210527
v 0.130178 0.053576 -0.374736
v 0.043393 0.053576 -0.374736
v -0.216480 0.054216 -0.374543
v -0.302588 0.055111 -0.374274
v -0.303749 0.074241 -0.210528
v -0.216963 0.074240 -0.210528
v -0.216963 0.069032 -0.091615
v -0.303749 0.069032 -0.091615
v -0.303749 0.031377 -0.024745
v -0.216964 0.031377 -0.024745
v -0.043393 0.069032 -0.091615
v -0.130178 0.069032 -0.091615
v -0.130178 0.031377 -0.024745
v -0.043393 0.031377 -0.024745
v 0.216963 0.031377 -0.024745
v 0.303749 0.031377 -0.024745
v 0.303749 0.069032 -0.091615
v 0.216963 0.069032 -0.091615
v -0.211157 0.057061 -0.673132
v -0.289813 0.067583 -0.668808
v -0.297942 0.049425 -0.533607
v -0.214544 0.044964 -0.535084
v -0.043393 0.049493 -0.676116
v -0.129017 0.051010 -0.675527
v -0.129694 0.042412 -0.535919
v -0.043393 0.041774 -0.536128
v 0.216963 0.041774 -0.536127
v 0.303749 0.041774 -0.536128
v 0.303749 0.049493 -0.676116
v 0.216963 0.049493 -0.676116
v -0.130178 0.077045 -0.142408
v -0.086785 0.074241 -0.210528
v -0.130154 0.064999 -0.289947
v -0.173571 0.074241 -0.210528
v -0.000000 0.074241 -0.210528
v -0.043393 0.064967 -0.289957
v -0.043393 0.077045 -0.142408
v -0.043393 0.044405 -0.458857
v -0.086761 0.053608 -0.374727
v -0.000000 0.053576 -0.374736
v -0.173329 0.053896 -0.374640
v -0.129936 0.044725 -0.458758
v 0.130178 0.077045 -0.142407
v 0.086785 0.069032 -0.091615
v 0.130178 0.052907 -0.053836
v 0.173571 0.069032 -0.091615
v 0.000000 0.069032 -0.091615
v 0.043393 0.052907 -0.053836
v 0.043393 0.077045 -0.142408
v 0.043393 0.007143 -0.000000
v 0.086785 0.031377 -0.024745
v 0.000000 0.031377 -0.024745
v 0.173571 0.031377 -0.024745
v 0.130178 0.007143 -0.000000
v 0.130178 0.056477 -0.741714
v 0.086785 0.049493 -0.676116
v 0.130178 0.044027 -0.608063
v 0.173571 0.049493 -0.676116
v -0.000000 0.049493 -0.676116
v 0.043393 0.044027 -0.608063
v 0.043393 0.056477 -0.741714
v 0.043393 0.044405 -0.458857
v 0.086785 0.041774 -0.536127
v -0.000000 0.041774 -0.536128
v 0.173571 0.041774 -0.536128
v 0.130178 0.044405 -0.458857
v 0.216963 0.077045 -0.142408
v 0.260356 0.074241 -0.210528
v 0.216963 0.064967 -0.289957
v 0.173571 0.074241 -0.210528
v 0.347142 0.074241 -0.210528
v 0.303749 0.064967 -0.289957
v 0.303749 0.077045 -0.142408
v 0.303749 0.044405 -0.458857
v 0.260356 0.053576 -0.374736
v 0.347142 0.053576 -0.374736
v 0.173571 0.053576 -0.374736
v 0.216963 0.044405 -0.458857
v 0.086785 0.074241 -0.210528
v 0.043393 0.064967 -0.289957
v 0.130178 0.064967 -0.289957
v 0.086785 0.053576 -0.374736
v -0.215754 0.046003 -0.458359
v -0.259558 0.054631 -0.374418
v -0.216843 0.065127 -0.289910
v -0.345593 0.055622 -0.374119
v -0.303459 0.065351 -0.289844
v -0.300846 0.048239 -0.457660
v -0.303749 0.077045 -0.142407
v -0.260356 0.074241 -0.210528
v -0.347142 0.074241 -0.210528
v -0.216964 0.077045 -0.142408
v -0.260356 0.069032 -0.091615
v -0.216963 0.052907 -0.053836
v -0.173571 0.069032 -0.091615
v -0.347142 0.069032 -0.091615
v -0.303749 0.052907 -0.053836
v -0.303749 0.007143 0.000000
v -0.260356 0.031377 -0.024745
v -0.347142 0.031377 -0.024745
v -0.173571 0.031377 -0.024745
v -0.216964 0.007143 -0.000000
v -0.086785 0.069032 -0.091615
v -0.043393 0.052907 -0.053836
v -0.130178 0.052907 -0.053836
v -0.130178 0.007143 -0.000000
v -0.086785 0.031377 -0.024745
v -0.043393 0.007143 -0.000000
v 0.216964 0.007143 -0.000000
v 0.260356 0.031377 -0.024745
v 0.216964 0.052907 -0.053836
v 0.347142 0.031377 -0.024745
v 0.303749 0.052907 -0.053836
v 0.303749 0.007143 -0.000000
v 0.260356 0.069032 -0.091615
v 0.347142 0.069032 -0.091616
v -0.209222 0.066424 -0.737189
v -0.250776 0.061958 -0.671144
v -0.212972 0.049271 -0.606211
v -0.170668 0.053282 -0.674636
v -0.328561 0.073551 -0.666272
v -0.294168 0.056591 -0.603563
v -0.285168 0.080141 -0.730561
v -0.256364 0.047036 -0.534400
v -0.339400 0.051972 -0.532757
v -0.172361 0.043369 -0.535607
v -0.043393 0.056477 -0.741714
v -0.086495 0.049873 -0.675969
v -0.043393 0.044027 -0.608063
v -0.129380 0.045077 -0.607695
v -0.128630 0.058475 -0.740825
v -0.086664 0.041933 -0.536075
v 0.260356 0.041774 -0.536128
v 0.216963 0.044027 -0.608063
v 0.347142 0.041774 -0.536128
v 0.303749 0.044027 -0.608063
v 0.303749 0.056477 -0.741714
v 0.260356 0.049493 -0.676116
v 0.347142 0.049493 -0.676116
v 0.216963 0.056477 -0.741714
v -0.347142 0.086807 -0.145962
v 0.347142 0.086807 -0.145962
v 0.347142 0.068344 -0.739667
v -0.319062 0.103138 -0.721827
v 0.347142 0.052161 -0.465124
v -0.342754 0.057942 -0.463279
v -0.173571 0.086807 -0.145962
v -0.000000 0.086807 -0.145962
v 0.173571 0.086807 -0.145962
v 0.173571 0.068344 -0.739667
v -0.000000 0.068344 -0.739667
v -0.169183 0.073911 -0.736988
v 0.173571 0.052161 -0.465124
v -0.000000 0.052161 -0.465124
v -0.172885 0.053064 -0.464837
v -0.347142 0.007143 0.000000
v 0.347142 0.007143 -0.000000
v -0.173571 0.007143 -0.000000
v -0.000000 0.007143 -0.000000
v 0.173571 0.007143 -0.000000
v -0.086779 0.074121 -0.295637
v 0.086785 0.059057 -0.055474
v 0.086785 0.053088 -0.611531
v 0.260356 0.074112 -0.295639
v 0.086785 0.074112 -0.295639
v -0.260130 0.074411 -0.295552
v -0.260356 0.059057 -0.055474
v -0.086785 0.059057 -0.055474
v 0.260356 0.059057 -0.055474
v -0.252891 0.062836 -0.607912
v -0.086559 0.053384 -0.611423
v 0.260356 0.053088 -0.611531
v -0.260356 0.086807 -0.145962
v 0.347142 0.074112 -0.295639
v 0.260356 0.068344 -0.739667
v -0.332663 0.071941 -0.604425
v -0.347142 0.059057 -0.055474
v 0.347142 0.059057 -0.055474
v 0.347142 0.053088 -0.611531
v -0.346703 0.074691 -0.295469
v 0.260356 0.052161 -0.465124
v -0.086785 0.086807 -0.145962
v 0.086785 0.086807 -0.145962
v 0.260356 0.086807 -0.145962
v 0.086785 0.068344 -0.739667
v -0.086347 0.068903 -0.739402
v -0.245878 0.086542 -0.730649
v 0.086785 0.052161 -0.465124
v -0.086717 0.052251 -0.465095
v -0.258094 0.055143 -0.464174
v 0.173571 0.074112 -0.295639
v -0.000000 0.074112 -0.295639
v -0.173502 0.074202 -0.295613
v -0.173571 0.059057 -0.055474
v -0.000000 0.059057 -0.055474
v 0.173571 0.059057 -0.055474
v -0.171308 0.056047 -0.610445
v -0.000000 0.053088 -0.611531
v 0.173571 0.053088 -0.611531
v -0.260356 0.007143 0.000000
v -0.086785 0.007143 -0.000000
v 0.086785 0.007143 -0.000000
v 0.260356 0.007143 -0.000000
v -0.130178 0.084060 -0.215215
v -0.043393 0.084060 -0.215215
v -0.043393 0.061855 -0.381031
v -0.130068 0.062000 -0.380986
v 0.130178 0.077464 -0.094161
v 0.043393 0.077464 -0.094161
v 0.043393 0.034610 -0.025545
v 0.130178 0.034610 -0.025545
v 0.130178 0.059900 -0.677097
v 0.043393 0.059900 -0.677097
v 0.043393 0.049867 -0.541402
v 0.130178 0.049867 -0.541402
v 0.216963 0.084060 -0.215215
v 0.303749 0.084060 -0.215215
v 0.303749 0.061855 -0.381030
v 0.216963 0.061855 -0.381030
v 0.043393 0.084060 -0.215215
v 0.130178 0.084060 -0.215215
v 0.130178 0.061855 -0.381030
v 0.043393 0.061855 -0.381030
v -0.216415 0.062579 -0.380810
v -0.302433 0.063592 -0.380501
v -0.303749 0.084060 -0.215215
v -0.216963 0.084060 -0.215215
v -0.216964 0.077464 -0.094161
v -0.303749 0.077464 -0.094161
v -0.303749 0.034610 -0.025545
v -0.216963 0.034610 -0.025545
v -0.043393 0.077464 -0.094161
v -0.130178 0.077464 -0.094161
v -0.130178 0.034610 -0.025545
v -0.043393 0.034610 -0.025545
v 0.216964 0.034610 -0.025545
v 0.303749 0.034610 -0.025545
v 0.303749 0.077464 -0.094161
v 0.216964 0.077464 -0.094161
v -0.210382 0.068400 -0.673549
v -0.287954 0.080184 -0.668430
v -0.297168 0.058513 -0.538465
v -0.214221 0.053473 -0.540186
v -0.043393 0.059900 -0.677097
v -0.128862 0.061605 -0.676396
v -0.129630 0.050589 -0.541160
v -0.043393 0.049867 -0.541402
v 0.216963 0.049867 -0.541402
v 0.303749 0.049867 -0.541402
v 0.303749 0.059900 -0.677097
v 0.216964 0.059900 -0.677097
v -0.130178 0.086807 -0.145962
v -0.086786 0.084060 -0.215215
v -0.130151 0.074148 -0.295629
v -0.173571 0.084060 -0.215215
v -0.000000 0.084060 -0.215215
v -0.043393 0.074112 -0.295639
v -0.043393 0.086807 -0.145962
v -0.043393 0.052161 -0.465124
v -0.086758 0.061891 -0.381019
v -0.000000 0.061855 -0.381030
v -0.173297 0.062217 -0.380920
v -0.129904 0.052522 -0.465009
v 0.130178 0.086807 -0.145962
v 0.086785 0.077464 -0.094161
v 0.130178 0.059057 -0.055474
v 0.173571 0.077464 -0.094161
v -0.000000 0.077464 -0.094161
v 0.043393 0.059057 -0.055474
v 0.043393 0.086807 -0.145962
v 0.043393 0.007143 -0.000000
v 0.086785 0.034610 -0.025545
v 0.000000 0.034610 -0.025545
v 0.173571 0.034610 -0.025545
v 0.130178 0.007143 -0.000000
v 0.130178 0.068344 -0.739667
v 0.086785 0.059900 -0.677097
v 0.130178 0.053088 -0.611531
v 0.173571 0.059900 -0.677097
v -0.000000 0.059900 -0.677097
v 0.043393 0.053088 -0.611531
v 0.043393 0.068344 -0.739667
v 0.043393 0.052161 -0.465124
v 0.086785 0.049867 -0.541402
v -0.000000 0.049867 -0.541402
v 0.173571 0.049867 -0.541402
v 0.130178 0.052161 -0.465123
v 0.216964 0.086807 -0.145962
v 0.260356 0.084060 -0.215215
v 0.216963 0.074112 -0.295639
v 0.173571 0.084060 -0.215215
v 0.347142 0.084060 -0.215215
v 0.303749 0.074112 -0.295639
v 0.303749 0.086807 -0.145962
v 0.303749 0.052161 -0.465124
v 0.260356 0.061855 -0.381030
v 0.347142 0.061855 -0.381030
v 0.173571 0.061855 -0.381030
v 0.216963 0.052161 -0.465124
v 0.086785 0.084060 -0.215215
v 0.043393 0.074112 -0.295639
v 0.130178 0.074112 -0.295639
v 0.086785 0.061855 -0.381030
v -0.215593 0.053968 -0.464549
v -0.259451 0.063049 -0.380666
v -0.216826 0.074293 -0.295586
v -0.345387 0.064171 -0.380324
v -0.303420 0.074546 -0.295511
v -0.300458 0.056497 -0.463741
v -0.303749 0.086807 -0.145962
v -0.260356 0.084060 -0.215215
v -0.347142 0.084060 -0.215215
v -0.216964 0.086807 -0.145962
v -0.260356 0.077464 -0.094161
v -0.216964 0.059057 -0.055474
v -0.173571 0.077464 -0.094161
v -0.347142 0.077464 -0.094161
v -0.303749 0.059057 -0.055474
v -0.303749 0.007143 0.000000
v -0.260356 0.034610 -0.025545
v -0.347142 0.034610 -0.025545
v -0.173571 0.034610 -0.025545
v -0.216964 0.007143 -0.000000
v -0.086785 0.077464 -0.094161
v -0.043393 0.059057 -0.055474
v -0.130178 0.059057 -0.055474
v -0.130178 0.007143 -0.000000
v -0.086785 0.034610 -0.025545
v -0.043393 0.007143 -0.000000
v 0.216964 0.007143 -0.000000
v 0.260356 0.034610 -0.025545
v 0.216964 0.059057 -0.055474
v 0.347142 0.034610 -0.025545
v 0.303749 0.059057 -0.055474
v 0.303749 0.007143 -0.000000
v 0.260356 0.077464 -0.094161
v 0.347142 0.077464 -0.094161
v -0.208189 0.079433 -0.734260
v -0.249497 0.073889 -0.671192
v -0.212439 0.059002 -0.609350
v -0.170280 0.064158 -0.675336
v -0.326082 0.086850 -0.665442
v -0.292890 0.067248 -0.606234
v -0.282689 0.094639 -0.726411
v -0.255832 0.055814 -0.539389
v -0.338367 0.061389 -0.537474
v -0.172200 0.051671 -0.540795
v -0.043393 0.068344 -0.739667
v -0.086456 0.060327 -0.676922
v -0.043393 0.053088 -0.611531
v -0.129273 0.054272 -0.611098
v -0.128423 0.070576 -0.738602
v -0.086648 0.050048 -0.541342
v 0.260356 0.049867 -0.541402
v 0.216963 0.053088 -0.611531
v 0.347142 0.049867 -0.541402
v 0.303749 0.053088 -0.611531
v 0.303749 0.068344 -0.739667
v 0.260356 0.059900 -0.677097
v 0.347142 0.059900 -0.677097
v 0.216964 0.068344 -0.739667
v -0.347142 0.096558 -0.149510
v 0.347142 0.096558 -0.149510
v 0.347142 0.080006 -0.737312
v -0.315760 0.117876 -0.716766
v 0.347142 0.059891 -0.471324
v -0.342238 0.066338 -0.469225
v -0.173571 0.096558 -0.149510
v 0.000000 0.096558 -0.149510
v 0.173571 0.096558 -0.149510
v 0.173571 0.080006 -0.737312
v 0.000000 0.080006 -0.737312
v -0.168667 0.086112 -0.734190
v 0.173571 0.059891 -0.471323
v -0.000000 0.059891 -0.471324
v -0.172805 0.060899 -0.470997
v -0.347142 0.007143 0.000000
v 0.347142 0.007143 -0.000000
v -0.173571 0.007143 -0.000000
v -0.000000 0.007143 -0.000000
v 0.173571 0.007143 -0.000000
v -0.086778 0.083248 -0.301290
v 0.086785 0.065201 -0.057109
v 0.086785 0.062091 -0.614849
v 0.260356 0.083238 -0.301293
v 0.086785 0.083237 -0.301293
v -0.260103 0.083571 -0.301194
v -0.260356 0.065201 -0.057109
v -0.086785 0.065201 -0.057109
v 0.260356 0.065201 -0.057109
v -0.252013 0.072914 -0.610666
v -0.086533 0.062420 -0.614724
v 0.260356 0.062091 -0.614849
v -0.260356 0.096558 -0.149510
v 0.347142 0.083238 -0.301293
v 0.260356 0.080006 -0.737312
v -0.330960 0.083004 -0.606646
v -0.347142 0.065201 -0.057109
v 0.347142 0.065201 -0.057109
v 0.347142 0.062091 -0.614849
v -0.346651 0.083885 -0.301101
v 0.260356 0.059891 -0.471323
v -0.086785 0.096558 -0.149510
v 0.086785 0.096558 -0.149510
v 0.260356 0.096558 -0.149510
v 0.086785 0.080006 -0.737312
v -0.086295 0.080620 -0.737002
v -0.244175 0.099905 -0.726851
v 0.086785 0.059891 -0.471323
v -0.086709 0.059992 -0.471291
v -0.257828 0.063217 -0.470244
v 0.173571 0.083237 -0.301293
v -0.000000 0.083238 -0.301293
v -0.173494 0.083339 -0.301263
v -0.173571 0.065201 -0.057109
v 0.000000 0.065201 -0.057109
v 0.173571 0.065201 -0.057109
v -0.171043 0.065379 -0.613594
v -0.000000 0.062090 -0.614850
v 0.173571 0.062091 -0.614849
v -0.260356 0.007143 0.000000
v -0.086785 0.007143 -0.000000
v 0.086785 0.007143 -0.000000
v 0.260356 0.007143 -0.000000
v -0.130178 0.093865 -0.219888
v -0.043393 0.093865 -0.219888
v -0.043393 0.070112 -0.387279
v -0.130055 0.070274 -0.387229
v 0.130178 0.085888 -0.096704
v 0.043393 0.085888 -0.096704
v 0.043393 0.037840 -0.026345
v 0.130178 0.037840 -0.026345
v 0.130178 0.070198 -0.677855
v 0.043393 0.070198 -0.677855
v 0.043393 0.057927 -0.546579
v 0.130178 0.057927 -0.546579
v 0.216963 0.093865 -0.219888
v 0.303749 0.093865 -0.219888
v 0.303749 0.070112 -0.387279
v 0.216963 0.070112 -0.387279
v 0.043393 0.093865 -0.219888
v 0.130178 0.093865 -0.219888
v 0.130178 0.070112 -0.387278
v 0.043393 0.070112 -0.387278
v -0.216351 0.070920 -0.387029
v -0.302278 0.072051 -0.386681
v -0.303749 0.093865 -0.219888
v -0.216963 0.093865 -0.219888
v -0.216964 0.085888 -0.096704
v -0.303749 0.085888 -0.096704
v -0.303749 0.037840 -0.026345
v -0.216964 0.037840 -0.026345
v -0.043393 0.085888 -0.096704
v -0.130178 0.085888 -0.096704
v -0.130178 0.037840 -0.026345
v -0.043393 0.037840 -0.026345
v 0.216964 0.037840 -0.026345
v 0.303749 0.037840 -0.026345
v 0.303749 0.085888 -0.096704
v 0.216963 0.085888 -0.096704
v -0.209608 0.079592 -0.673730
v -0.286097 0.092572 -0.667809
v -0.296394 0.067553 -0.543210
v -0.213899 0.061943 -0.545183
v -0.043393 0.070198 -0.677855
v -0.128707 0.072085 -0.677038
v -0.129565 0.058731 -0.546301
v -0.043393 0.057927 -0.546579
v 0.216963 0.057927 -0.546579
v 0.303749 0.057927 -0.546579
v 0.303749 0.070198 -0.677855
v 0.216964 0.070198 -0.677855
v -0.130178 0.096558 -0.149510
v -0.086785 0.093865 -0.219888
v -0.130147 0.083278 -0.301281
v -0.173571 0.093865 -0.219888
v 0.000000 0.093865 -0.219888
v -0.043393 0.083238 -0.301293
v -0.043393 0.096558 -0.149510
v -0.043393 0.059891 -0.471324
v -0.086755 0.070153 -0.387266
v -0.000000 0.070112 -0.387279
v -0.173264 0.070516 -0.387154
v -0.129872 0.060295 -0.471193
v 0.130178 0.096558 -0.149510
v 0.086785 0.085888 -0.096704
v 0.130178 0.065201 -0.057109
v 0.173571 0.085888 -0.096704
v -0.000000 0.085888 -0.096704
v 0.043393 0.065201 -0.057109
v 0.043393 0.096558 -0.149510
v 0.043393 0.007143 -0.000000
v 0.086785 0.037840 -0.026345
v -0.000000 0.037840 -0.026345
v 0.173571 0.037840 -0.026345
v 0.130178 0.007143 -0.000000
v 0.130178 0.080006 -0.737312
v 0.086785 0.070198 -0.677855
v 0.130178 0.062091 -0.614849
v 0.173571 0.070198 -0.677855
v 0.000000 0.070198 -0.677855
v 0.043393 0.062090 -0.614850
v 0.043393 0.080006 -0.737312
v 0.043393 0.059891 -0.471323
v 0.086785 0.057927 -0.546579
v -0.000000 0.057927 -0.546579
v 0.173571 0.057927 -0.546579
v 0.130178 0.059891 -0.471323
v 0.216964 0.096558 -0.149510
v 0.260356 0.093865 -0.219888
v 0.216963 0.083238 -0.301293
v 0.173571 0.093865 -0.219888
v 0.347142 0.093865 -0.219888
v 0.303749 0.083238 -0.301293
v 0.303749 0.096558 -0.149510
v 0.303749 0.059892 -0.471324
v 0.260356 0.070112 -0.387279
v 0.347142 0.070112 -0.387279
v 0.173571 0.070112 -0.387279
v 0.216963 0.059891 -0.471323
v 0.086785 0.093865 -0.219888
v 0.043393 0.083238 -0.301293
v 0.130178 0.083237 -0.301293
v 0.086785 0.070112 -0.387279
v -0.215431 0.061907 -0.470670
v -0.259345 0.071445 -0.386867
v -0.216810 0.083440 -0.301233
v -0.345180 0.072697 -0.386481
v -0.303381 0.083723 -0.301149
v -0.300071 0.064727 -0.469751
v -0.303749 0.096558 -0.149510
v -0.260356 0.093865 -0.219888
v -0.347142 0.093865 -0.219888
v -0.216963 0.096558 -0.149510
v -0.260356 0.085888 -0.096704
v -0.216963 0.065201 -0.057109
v -0.173571 0.085888 -0.096704
v -0.347142 0.085888 -0.096704
v -0.303749 0.065201 -0.057109
v -0.303749 0.007143 0.000000
v -0.260356 0.037840 -0.026345
v -0.347142 0.037840 -0.026345
v -0.173571 0.037840 -0.026345
v -0.216964 0.007143 -0.000000
v -0.086786 0.085888 -0.096704
v -0.043393 0.065201 -0.057109
v -0.130178 0.065201 -0.057109
v -0.130178 0.007143 -0.000000
v -0.086786 0.037840 -0.026345
v -0.043393 0.007143 -0.000000
v 0.216964 0.007143 -0.000000
v 0.260356 0.037840 -0.026345
v 0.216963 0.065201 -0.057109
v 0.347142 0.037840 -0.026345
v 0.303749 0.065201 -0.057109
v 0.303749 0.007143 -0.000000
v 0.260356 0.085888 -0.096704
v 0.347142 0.085888 -0.096704
v -0.207157 0.092153 -0.731022
v -0.248220 0.085644 -0.670999
v -0.211907 0.068660 -0.612327
v -0.169893 0.074907 -0.675805
v -0.323605 0.099890 -0.664370
v -0.291613 0.077806 -0.608730
v -0.280212 0.108695 -0.721987
v -0.255300 0.064549 -0.544270
v -0.337335 0.070753 -0.542074
v -0.172038 0.059936 -0.545882
v -0.043393 0.080006 -0.737312
v -0.086418 0.070670 -0.677651
v -0.043393 0.062090 -0.614850
v -0.129167 0.063407 -0.614349
v -0.128217 0.082456 -0.736069
v -0.086632 0.058128 -0.546509
v 0.260356 0.057927 -0.546579
v 0.216963 0.062090 -0.614849
v 0.347142 0.057927 -0.546579
v 0.303749 0.062091 -0.614849
v 0.303749 0.080006 -0.737312
v 0.260356 0.070198 -0.677855
v 0.347142 0.070198 -0.677855
v 0.216963 0.080006 -0.737312
v -0.347142 0.116061 -0.156596
v 0.347142 0.116061 -0.156596
v 0.347142 0.102607 -0.731873
v -0.309152 0.145445 -0.706410
v 0.347142 0.075290 -0.483537
v -0.341206 0.083043 -0.480911
v -0.173571 0.116061 -0.156596
v 0.000000 0.116061 -0.156596
v 0.173571 0.116061 -0.156596
v 0.173571 0.102607 -0.731873
v -0.000000 0.102607 -0.731873
v -0.167635 0.109647 -0.727890
v 0.173571 0.075290 -0.483537
v -0.000000 0.075290 -0.483538
v -0.172643 0.076502 -0.483128
v -0.347142 0.007143 0.000000
v 0.347142 0.007143 -0.000000
v -0.173571 0.007143 -0.000000
v -0.000000 0.007143 -0.000000
v 0.173571 0.007143 -0.000000
v -0.086776 0.101467 -0.312525
v 0.086785 0.077494 -0.060382
v 0.086785 0.079907 -0.621068
v 0.260356 0.101455 -0.312529
v 0.086785 0.101455 -0.312529
v -0.260050 0.101858 -0.312408
v -0.260356 0.077494 -0.060382
v -0.086786 0.077494 -0.060382
v 0.260356 0.077494 -0.060382
v -0.250256 0.092785 -0.615714
v -0.086479 0.080300 -0.620907
v 0.260356 0.079907 -0.621067
v -0.260356 0.116061 -0.156596
v 0.347142 0.101455 -0.312529
v 0.260356 0.102607 -0.731873
v -0.327553 0.104732 -0.610609
v -0.347142 0.077494 -0.060382
v 0.347142 0.077494 -0.060382
v 0.347142 0.079907 -0.621067
v -0.346548 0.102236 -0.312295
v 0.260356 0.075290 -0.483538
v -0.086785 0.116061 -0.156596
v 0.086785 0.116061 -0.156596
v 0.260356 0.116061 -0.156596
v 0.086785 0.102607 -0.731873
v -0.086192 0.103316 -0.731476
v -0.240768 0.125376 -0.718682
v 0.086785 0.075289 -0.483537
v -0.086693 0.075411 -0.483497
v -0.257296 0.079290 -0.482186
v 0.173571 0.101455 -0.312529
v -0.000000 0.101455 -0.312529
v -0.173478 0.101577 -0.312492
v -0.173571 0.077494 -0.060382
v -0.000000 0.077494 -0.060382
v 0.173571 0.077494 -0.060382
v -0.170510 0.083826 -0.619456
v -0.000000 0.079907 -0.621067
v 0.173571 0.079907 -0.621067
v -0.260356 0.007143 0.000000
v -0.086785 0.007143 -0.000000
v 0.086785 0.007143 -0.000000
v 0.260356 0.007143 -0.000000
v -0.130178 0.113461 -0.229203
v -0.043393 0.113461 -0.229203
v -0.043393 0.086577 -0.399651
v -0.130030 0.086772 -0.399589
v 0.130178 0.102743 -0.101788
v 0.043393 0.102743 -0.101788
v 0.043393 0.044303 -0.027944
v 0.130178 0.044303 -0.027944
v 0.130178 0.090419 -0.678784
v 0.043393 0.090419 -0.678784
v 0.043393 0.073946 -0.556652
v 0.130178 0.073946 -0.556652
v 0.216963 0.113461 -0.229203
v 0.303749 0.113461 -0.229203
v 0.303749 0.086577 -0.399651
v 0.216963 0.086577 -0.399651
v 0.043393 0.113461 -0.229203
v 0.130178 0.113461 -0.229203
v 0.130178 0.086577 -0.399651
v 0.043393 0.086577 -0.399651
v -0.216221 0.087550 -0.399343
v -0.301968 0.088913 -0.398912
v -0.303749 0.113461 -0.229203
v -0.216964 0.113461 -0.229203
v -0.216964 0.102743 -0.101788
v -0.303749 0.102743 -0.101788
v -0.303749 0.044303 -0.027944
v -0.216964 0.044303 -0.027944
v -0.043393 0.102743 -0.101788
v -0.130178 0.102743 -0.101788
v -0.130178 0.044303 -0.027944
v -0.043393 0.044303 -0.027944
v 0.216964 0.044303 -0.027944
v 0.303749 0.044303 -0.027944
v 0.303749 0.102743 -0.101788
v 0.216963 0.102743 -0.101788
v -0.208060 0.101461 -0.673493
v -0.282380 0.116598 -0.665996
v -0.294845 0.085481 -0.552381
v -0.213254 0.078762 -0.554881
v -0.043393 0.090419 -0.678784
v -0.128397 0.092642 -0.677733
v -0.129436 0.074910 -0.556299
v -0.043393 0.073946 -0.556652
v 0.216963 0.073946 -0.556652
v 0.303749 0.073946 -0.556652
v 0.303749 0.090419 -0.678784
v 0.216964 0.090419 -0.678784
v -0.130178 0.116061 -0.156596
v -0.086786 0.113461 -0.229203
v -0.130141 0.101504 -0.312514
v -0.173571 0.113461 -0.229203
v -0.000000 0.113461 -0.229203
v -0.043393 0.101455 -0.312529
v -0.043393 0.116061 -0.156596
v -0.043393 0.075290 -0.483538
v -0.086748 0.086625 -0.399635
v -0.000000 0.086577 -0.399651
v -0.173200 0.087064 -0.399497
v -0.129807 0.075775 -0.483374
v 0.130178 0.116061 -0.156596
v 0.086785 0.102743 -0.101788
v 0.130178 0.077494 -0.060382
v 0.173571 0.102743 -0.101788
v -0.000000 0.102743 -0.101788
v 0.043393 0.077494 -0.060382
v 0.043393 0.116061 -0.156596
v 0.043393 0.007143 -0.000000
v 0.086785 0.044303 -0.027944
v -0.000000 0.044303 -0.027944
v 0.173571 0.044303 -0.027944
v 0.130178 0.007143 -0.000000
v 0.130178 0.102607 -0.731873
v 0.086785 0.090419 -0.678784
v 0.130178 0.079907 -0.621067
v 0.173571 0.090419 -0.678784
v -0.000000 0.090419 -0.678784
v 0.043393 0.079907 -0.621067
v 0.043393 0.102607 -0.731873
v 0.043393 0.075290 -0.483538
v 0.086785 0.073946 -0.556652
v -0.000000 0.073946 -0.556652
v 0.173571 0.073946 -0.556652
v 0.130178 0.075290 -0.483537
v 0.216963 0.116061 -0.156596
v 0.260356 0.113461 -0.229203
v 0.216963 0.101455 -0.312529
v 0.173571 0.113461 -0.229203
v 0.347142 0.113461 -0.229203
v 0.303749 0.101455 -0.312529
v 0.303749 0.116061 -0.156596
v 0.303749 0.075290 -0.483537
v 0.260356 0.086577 -0.399651
v 0.347142 0.086577 -0.399651
v 0.173571 0.086577 -0.399651
v 0.216963 0.075290 -0.483537
v 0.086785 0.113461 -0.229203
v 0.043393 0.101455 -0.312529
v 0.130178 0.101455 -0.312529
v 0.086785 0.086577 -0.399651
v -0.215109 0.077715 -0.482719
v -0.259132 0.088183 -0.399143
v -0.216778 0.101699 -0.312456
v -0.344767 0.089692 -0.398666
v -0.303304 0.102041 -0.312353
v -0.299297 0.081107 -0.481570
v -0.303749 0.116061 -0.156596
v -0.260356 0.113461 -0.229203
v -0.347142 0.113461 -0.229203
v -0.216964 0.116061 -0.156596
v -0.260356 0.102743 -0.101788
v -0.216964 0.077494 -0.060382
v -0.173571 0.102743 -0.101788
v -0.347142 0.102743 -0.101788
v -0.303749 0.077494 -0.060382
v -0.303749 0.007143 0.000000
v -0.260356 0.044303 -0.027944
v -0.347141 0.044303 -0.027944
v -0.173571 0.044303 -0.027944
v -0.216964 0.007143 -0.000000
v -0.086785 0.102743 -0.101788
v -0.043393 0.077494 -0.060382
v -0.130178 0.077494 -0.060382
v -0.130178 0.007143 -0.000000
v -0.086785 0.044303 -0.027944
v -0.043393 0.007143 -0.000000
v 0.216964 0.007143 -0.000000
v 0.260356 0.044303 -0.027944
v 0.216964 0.077494 -0.060382
v 0.347142 0.044303 -0.027944
v 0.303749 0.077494 -0.060382
v 0.303749 0.007143 -0.000000
v 0.260356 0.102743 -0.101788
v 0.347142 0.102743 -0.101788
v -0.205092 0.116568 -0.723888
v -0.245665 0.108538 -0.670020
v -0.210842 0.087731 -0.617835
v -0.169119 0.095963 -0.676149
v -0.318650 0.125062 -0.661700
v -0.289058 0.098585 -0.613250
v -0.275257 0.135257 -0.712705
v -0.254235 0.081885 -0.553723
v -0.335270 0.089307 -0.550944
v -0.171716 0.076356 -0.555768
v -0.043393 0.102607 -0.731873
v -0.086340 0.090976 -0.678522
v -0.043393 0.079907 -0.621067
v -0.128954 0.081476 -0.620425
v -0.127804 0.105437 -0.730283
v -0.086600 0.074187 -0.556564
v 0.260356 0.073946 -0.556652
v 0.216964 0.079907 -0.621067
v 0.347142 0.073946 -0.556652
v 0.303749 0.079907 -0.621067
v 0.303749 0.102607 -0.731873
v 0.260356 0.090419 -0.678784
v 0.347142 0.090419 -0.678784
v 0.216964 0.102607 -0.731873
v -0.347142 0.145290 -0.167196
v 0.347142 0.145290 -0.167196
v 0.347142 0.134101 -0.722647
v -0.299239 0.180815 -0.692080
v 0.347142 0.098128 -0.501354
v -0.339657 0.107765 -0.497898
v -0.173571 0.145290 -0.167196
v 0.000000 0.145290 -0.167196
v 0.173571 0.145290 -0.167196
v 0.173571 0.134101 -0.722646
v -0.000000 0.134101 -0.722647
v -0.166086 0.142103 -0.717573
v 0.173571 0.098128 -0.501354
v -0.000000 0.098128 -0.501354
v -0.172401 0.099637 -0.500815
v -0.347142 0.007143 0.000000
v 0.347142 0.007143 -0.000000
v -0.173571 0.007143 -0.000000
v -0.000000 0.007143 -0.000000
v 0.173571 0.007143 -0.000000
v -0.086774 0.128641 -0.329178
v 0.086785 0.095936 -0.065290
v 0.086785 0.105936 -0.629430
v 0.260356 0.128626 -0.329183
v 0.086785 0.128626 -0.329183
v -0.259970 0.129131 -0.329029
v -0.260356 0.095936 -0.065290
v -0.086785 0.095936 -0.065290
v 0.260356 0.095936 -0.065290
v -0.247620 0.121571 -0.622300
v -0.086400 0.106415 -0.629214
v 0.260356 0.105936 -0.629430
v -0.260356 0.145290 -0.167196
v 0.347142 0.128626 -0.329183
v 0.260356 0.134101 -0.722646
v -0.322442 0.135930 -0.615619
v -0.347142 0.095936 -0.065290
v 0.347142 0.095936 -0.065290
v 0.347142 0.105936 -0.629430
v -0.346393 0.129605 -0.328885
v 0.260356 0.098128 -0.501354
v -0.086785 0.145290 -0.167196
v 0.086785 0.145290 -0.167196
v 0.260356 0.145290 -0.167196
v 0.086785 0.134101 -0.722646
v -0.086037 0.134912 -0.722137
v -0.235657 0.159556 -0.706231
v 0.086785 0.098128 -0.501354
v -0.086668 0.098279 -0.501300
v -0.256497 0.103104 -0.499573
v 0.173571 0.128626 -0.329183
v -0.000000 0.128626 -0.329183
v -0.173454 0.128779 -0.329136
v -0.173571 0.095936 -0.065290
v -0.000000 0.095936 -0.065290
v 0.173571 0.095936 -0.065290
v -0.169711 0.110710 -0.627272
v -0.000000 0.105936 -0.629430
v 0.173571 0.105936 -0.629430
v -0.260356 0.007143 0.000000
v -0.086785 0.007143 -0.000000
v 0.086785 0.007143 -0.000000
v 0.260356 0.007143 -0.000000
v -0.130178 0.142772 -0.243084
v -0.043393 0.142772 -0.243084
v -0.043393 0.111064 -0.417865
v -0.129991 0.111307 -0.417786
v 0.130178 0.128022 -0.109408
v 0.043393 0.128022 -0.109407
v 0.043393 0.053999 -0.030344
v 0.130178 0.053999 -0.030344
v 0.130178 0.119438 -0.679024
v 0.043393 0.119438 -0.679025
v 0.043393 0.097584 -0.571050
v 0.130178 0.097584 -0.571050
v 0.216963 0.142772 -0.243084
v 0.303749 0.142772 -0.243084
v 0.303749 0.111064 -0.417865
v 0.216963 0.111064 -0.417865
v 0.043393 0.142772 -0.243084
v 0.130178 0.142772 -0.243084
v 0.130178 0.111064 -0.417865
v 0.043393 0.111064 -0.417865
v -0.216028 0.112280 -0.417467
v -0.301503 0.113981 -0.416910
v -0.303749 0.142772 -0.243084
v -0.216964 0.142772 -0.243084
v -0.216963 0.128022 -0.109407
v -0.303749 0.128022 -0.109407
v -0.303749 0.053999 -0.030344
v -0.216963 0.053999 -0.030344
v -0.043393 0.128022 -0.109407
v -0.130178 0.128022 -0.109408
v -0.130178 0.053999 -0.030344
v -0.043393 0.053999 -0.030344
v 0.216964 0.053999 -0.030344
v 0.303749 0.053999 -0.030344
v 0.303749 0.128022 -0.109408
v 0.216963 0.128022 -0.109407
v -0.205736 0.132510 -0.672080
v -0.276804 0.150129 -0.662504
v -0.292522 0.111801 -0.565365
v -0.212285 0.103529 -0.568686
v -0.043393 0.119438 -0.679024
v -0.127933 0.122083 -0.677633
v -0.129243 0.098775 -0.570578
v -0.043393 0.097584 -0.571050
v 0.216964 0.097584 -0.571050
v 0.303749 0.097584 -0.571050
v 0.303749 0.119438 -0.679024
v 0.216964 0.119438 -0.679024
v -0.130178 0.145290 -0.167196
v -0.086785 0.142772 -0.243084
v -0.130131 0.128687 -0.329164
v -0.173571 0.142772 -0.243085
v -0.000000 0.142772 -0.243085
v -0.043393 0.128626 -0.329183
v -0.043393 0.145290 -0.167196
v -0.043393 0.098128 -0.501354
v -0.086739 0.111124 -0.417845
v 0.000000 0.111064 -0.417865
v -0.173103 0.111672 -0.417666
v -0.129710 0.098732 -0.501139
v 0.130178 0.145290 -0.167196
v 0.086785 0.128022 -0.109407
v 0.130178 0.095936 -0.065290
v 0.173571 0.128022 -0.109407
v 0.000000 0.128022 -0.109407
v 0.043393 0.095936 -0.065290
v 0.043393 0.145290 -0.167196
v 0.043393 0.007143 -0.000000
v 0.086785 0.053999 -0.030344
v 0.000000 0.053999 -0.030344
v 0.173571 0.053999 -0.030344
v 0.130178 0.007143 -0.000000
v 0.130178 0.134101 -0.722646
v 0.086785 0.119438 -0.679024
v 0.130178 0.105936 -0.629430
v 0.173571 0.119438 -0.679024
v -0.000000 0.119438 -0.679024
v 0.043393 0.105936 -0.629430
v 0.043393 0.134101 -0.722647
v 0.043393 0.098128 -0.501354
v 0.086785 0.097584 -0.571050
v 0.000000 0.097584 -0.571050
v 0.173571 0.097584 -0.571050
v 0.130178 0.098128 -0.501354
v 0.216963 0.145290 -0.167196
v 0.260356 0.142772 -0.243084
v 0.216963 0.128626 -0.329183
v 0.173571 0.142772 -0.243085
v 0.347142 0.142772 -0.243084
v 0.303749 0.128626 -0.329183
v 0.303749 0.145290 -0.167196
v 0.303749 0.098128 -0.501354
v 0.260356 0.111064 -0.417865
v 0.347142 0.111064 -0.417865
v 0.173571 0.111064 -0.417865
v 0.216963 0.098128 -0.501354
v 0.086785 0.142772 -0.243084
v 0.043393 0.128626 -0.329183
v 0.130178 0.128626 -0.329183
v 0.086785 0.111064 -0.417865
v -0.214625 0.101145 -0.500275
v -0.258812 0.113070 -0.417208
v -0.216730 0.128932 -0.329090
v -0.344148 0.114953 -0.416592
v -0.303188 0.129361 -0.328959
v -0.298135 0.105361 -0.498763
v -0.303749 0.145290 -0.167196
v -0.260356 0.142772 -0.243084
v -0.347142 0.142772 -0.243084
v -0.216963 0.145290 -0.167196
v -0.260356 0.128022 -0.109407
v -0.216964 0.095936 -0.065290
v -0.173571 0.128022 -0.109407
v -0.347142 0.128022 -0.109407
v -0.303749 0.095936 -0.065290
v -0.303749 0.007143 0.000000
v -0.260356 0.053999 -0.030344
v -0.347142 0.053999 -0.030344
v -0.173571 0.053999 -0.030344
v -0.216964 0.007143 -0.000000
v -0.086785 0.128022 -0.109407
v -0.043393 0.095936 -0.065290
v -0.130178 0.095936 -0.065290
v -0.130178 0.007143 -0.000000
v -0.086785 0.053999 -0.030344
v -0.043393 0.007143 -0.000000
v 0.216964 0.007143 -0.000000
v 0.260356 0.053999 -0.030344
v 0.216964 0.095936 -0.065290
v 0.347142 0.053999 -0.030344
v 0.303749 0.095936 -0.065290
v 0.303749 0.007143 -0.000000
v 0.260356 0.128022 -0.109408
v 0.347142 0.128022 -0.109407
v -0.201994 0.149858 -0.712575
v -0.241832 0.140793 -0.667603
v -0.209245 0.115453 -0.625111
v -0.167957 0.126023 -0.675547
v -0.311215 0.159814 -0.657172
v -0.285224 0.128561 -0.619061
v -0.267822 0.170180 -0.699188
v -0.252638 0.107377 -0.567145
v -0.332172 0.116499 -0.563464
v -0.171232 0.100560 -0.569869
v -0.043393 0.134101 -0.722647
v -0.086224 0.120101 -0.678676
v -0.043393 0.105936 -0.629430
v -0.128634 0.107849 -0.628568
v -0.127184 0.137331 -0.720610
v -0.086552 0.097882 -0.570932
v 0.260356 0.097584 -0.571050
v 0.216964 0.105936 -0.629430
v 0.347142 0.097584 -0.571050
v 0.303749 0.105936 -0.629430
v 0.303749 0.134101 -0.722647
v 0.260356 0.119438 -0.679024
v 0.347142 0.119438 -0.679024
v 0.216964 0.134101 -0.722646
v -0.347142 0.056478 0.125023
v 0.347142 0.056478 0.125023
v 0.347142 0.026260 0.745798
v -0.330624 0.048149 0.739605
v 0.347142 0.022800 0.445318
v -0.345077 0.025536 0.444544
v -0.173571 0.056478 0.125023
v -0.000000 0.056478 0.125023
v 0.173571 0.056478 0.125023
v 0.173571 0.026260 0.745798
v 0.000000 0.026260 0.745798
v -0.171506 0.028996 0.745024
v 0.173571 0.022800 0.445318
v 0.000000 0.022800 0.445318
v -0.173313 0.023142 0.445221
v 0.347142 0.007143 -0.000000
v -0.173571 0.007143 0.000000
v -0.086785 0.042916 0.272638
v 0.086785 0.039456 0.045491
v 0.086785 0.020161 0.600046
v 0.260356 0.042916 0.272638
v 0.086785 0.042916 0.272638
v -0.260356 0.042915 0.272638
v -0.260356 0.039456 0.045491
v -0.086785 0.039456 0.045491
v 0.260356 0.039456 0.045491
v -0.256227 0.025633 0.598498
v -0.086785 0.020161 0.600046
v 0.260356 0.020161 0.600046
v -0.260356 0.056478 0.125023
v 0.347142 0.042916 0.272637
v 0.260356 0.026260 0.745798
v -0.338883 0.031105 0.596949
v -0.347142 0.039456 0.045491
v 0.347142 0.039456 0.045491
v 0.347142 0.020161 0.600046
v -0.347142 0.042915 0.272638
v 0.260356 0.022800 0.445318
v -0.086785 0.056478 0.125023
v 0.086785 0.056478 0.125023
v 0.260356 0.056478 0.125023
v 0.086785 0.026260 0.745798
v -0.086785 0.026260 0.745798
v -0.252098 0.037204 0.742701
v 0.086785 0.022800 0.445318
v -0.086785 0.022800 0.445318
v -0.259324 0.024168 0.444931
v 0.173571 0.042916 0.272638
v 0.000000 0.042916 0.272638
v -0.173571 0.042915 0.272638
v -0.173571 0.039456 0.045491
v -0.000000 0.039456 0.045491
v 0.173571 0.039456 0.045491
v -0.172538 0.021529 0.599659
v 0.000000 0.020161 0.600046
v 0.173571 0.020161 0.600046
v -0.260356 0.007143 0.000000
v -0.347142 0.009697 0.109283
v 0.347142 0.009697 0.109283
v 0.347142 -0.028917 0.745798
v -0.345492 -0.026731 0.745179
v 0.347142 -0.010278 0.413879
v -0.346935 -0.010005 0.413802
v -0.173571 0.009697 0.109283
v -0.000000 0.009697 0.109283
v 0.173571 0.009697 0.109283
v 0.173571 -0.028917 0.745798
v 0.000000 -0.028917 0.745798
v -0.173365 -0.028644 0.745721
v 0.173571 -0.010278 0.413879
v 0.000000 -0.010278 0.413879
v -0.173545 -0.010244 0.413870
v -0.347142 0.007143 0.000000
v 0.000000 0.007143 0.000000
v 0.173571 0.007143 -0.000000
v -0.086785 0.001224 0.245679
v 0.086785 0.010371 0.038291
v 0.086785 -0.020034 0.580287
v 0.260356 0.001224 0.245679
v 0.086785 0.001224 0.245679
v -0.260356 0.001224 0.245679
v -0.260356 0.010371 0.038291
v -0.086785 0.010371 0.038291
v 0.260356 0.010371 0.038291
v -0.259944 -0.019487 0.580132
v -0.086785 -0.020034 0.580287
v 0.260356 -0.020034 0.580287
v -0.260356 0.009697 0.109283
v 0.347142 0.001224 0.245679
v 0.260356 -0.028917 0.745798
v -0.346317 -0.018941 0.579978
v -0.347142 0.010371 0.038291
v 0.347142 0.010371 0.038291
v 0.347142 -0.020034 0.580287
v -0.347142 0.001224 0.245679
v 0.260356 -0.010278 0.413879
v -0.086785 0.009697 0.109283
v 0.086785 0.009697 0.109283
v 0.260356 0.009697 0.109283
v 0.086785 -0.028917 0.745798
v -0.086785 -0.028917 0.745798
v -0.259531 -0.027824 0.745489
v 0.086785 -0.010278 0.413879
v -0.086785 -0.010278 0.413879
v -0.260253 -0.010141 0.413841
v 0.173571 0.001224 0.245679
v -0.000000 0.001224 0.245679
v -0.173571 0.001224 0.245679
v -0.173571 0.010371 0.038291
v -0.000000 0.010371 0.038291
v 0.173571 0.010371 0.038291
v -0.173468 -0.019897 0.580248
v 0.000000 -0.020034 0.580287
v 0.173571 -0.020034 0.580287
v -0.086785 0.007143 0.000000
v 0.086785 0.007143 0.000000
v 0.260356 0.007143 -0.000000
v 0.347142 0.033087 0.117153
v 0.347142 0.024913 0.041891
v 0.347142 0.022070 0.259158
v 0.347142 0.006261 0.429598
v 0.347142 0.000064 0.590166
v 0.347142 -0.001329 0.745798
v 0.173571 -0.001329 0.745798
v 0.260356 -0.001329 0.745798
v 0.086785 -0.001329 0.745798
v 0.000000 -0.001329 0.745798
v -0.086785 -0.001329 0.745798
v -0.255814 0.004690 0.744095
v -0.172435 0.000176 0.745372
v -0.338058 0.010709 0.742392
v -0.342600 0.006082 0.588463
v -0.347142 0.022070 0.259158
v -0.346006 0.007766 0.429173
v -0.347142 0.033087 0.117153
v -0.347142 0.024913 0.041891
v 0.342614 0.015545 0.116729
v 0.347142 0.021392 0.113218
v 0.342614 0.027240 0.120613
v 0.342614 0.021278 0.047389
v 0.347142 0.017642 0.040091
v 0.342614 0.014006 0.045612
v 0.342614 0.038935 0.124496
v 0.347142 0.044783 0.121088
v 0.342614 0.050630 0.128379
v 0.342614 0.035821 0.050942
v 0.347142 0.032185 0.043691
v 0.342614 0.028549 0.049165
v 0.342614 0.006435 0.252724
v 0.347142 0.011647 0.252418
v 0.342614 0.016858 0.259375
v 0.342614 0.027281 0.266027
v 0.347142 0.032493 0.265898
v 0.342614 0.037704 0.272678
v 0.342614 -0.006143 0.419276
v 0.347142 -0.002008 0.421739
v 0.342614 0.002126 0.427033
v 0.342614 0.010396 0.434790
v 0.347142 0.014531 0.437458
v 0.342614 0.018665 0.442546
v 0.342614 -0.015009 0.582065
v 0.347142 -0.009985 0.585226
v 0.342614 -0.004961 0.586940
v 0.342614 0.005088 0.591815
v 0.347142 0.010112 0.595106
v 0.342614 0.015137 0.596690
v 0.342614 -0.008226 0.742973
v 0.347142 -0.015123 0.745798
v 0.342614 -0.022020 0.742973
v 0.342614 0.019363 0.742973
v 0.347142 0.012466 0.745798
v 0.342614 0.005569 0.742973
v 0.171314 -0.022020 0.742973
v 0.173571 -0.015123 0.745798
v 0.171314 -0.008226 0.742973
v 0.256964 -0.008226 0.742973
v 0.260356 -0.015123 0.745798
v 0.256964 -0.022020 0.742973
v 0.171314 0.005569 0.742973
v 0.173571 0.012466 0.745798
v 0.171314 0.019363 0.742973
v 0.256964 0.019363 0.742973
v 0.260356 0.012466 0.745798
v 0.256964 0.005569 0.742973
v 0.085665 -0.008226 0.742973
v 0.086785 -0.015123 0.745798
v 0.085665 -0.022020 0.742973
v 0.085665 0.019363 0.742973
v 0.086785 0.012466 0.745798
v 0.085665 0.005569 0.742973
v 0.000015 -0.008226 0.742973
v 0.000000 -0.015123 0.745798
v 0.000015 -0.022020 0.742973
v 0.000015 0.019363 0.742973
v 0.000000 0.012466 0.745798
v 0.000015 0.005569 0.742973
v -0.085635 -0.008226 0.742973
v -0.086785 -0.015123 0.745798
v -0.085635 -0.022020 0.742973
v -0.085635 0.019363 0.742973
v -0.086785 0.012466 0.745798
v -0.085635 0.005569 0.742973
v -0.255203 -0.019696 0.742324
v -0.257673 -0.011567 0.744792
v -0.253369 -0.003438 0.741636
v -0.170393 -0.007029 0.742639
v -0.172900 -0.014234 0.745546
v -0.170852 -0.021439 0.742811
v -0.251535 0.012819 0.740949
v -0.253956 0.020947 0.743398
v -0.249701 0.029076 0.740261
v -0.169476 0.021791 0.742295
v -0.171971 0.014586 0.745198
v -0.169935 0.007381 0.742467
v -0.339122 -0.017371 0.741675
v -0.341775 -0.008011 0.743786
v -0.335454 0.001349 0.740299
v -0.331785 0.020069 0.738924
v -0.334341 0.029429 0.740998
v -0.328117 0.038789 0.737549
v -0.339019 -0.000173 0.585604
v -0.344458 -0.006429 0.584221
v -0.340853 -0.012685 0.581416
v -0.335351 0.024850 0.593978
v -0.340741 0.018594 0.592706
v -0.337185 0.012338 0.589791
v -0.342584 0.006435 0.252724
v -0.347142 0.011647 0.252419
v -0.342584 0.016858 0.259376
v -0.341693 0.003323 0.426699
v -0.346471 -0.001119 0.421487
v -0.342151 -0.005562 0.419114
v -0.342584 0.027281 0.266027
v -0.347142 0.032493 0.265898
v -0.342584 0.037704 0.272679
v -0.340776 0.021094 0.441868
v -0.345542 0.016651 0.436858
v -0.341234 0.012208 0.434283
v -0.342584 0.015545 0.116729
v -0.347142 0.021392 0.113218
v -0.342584 0.027240 0.120613
v -0.342584 0.038935 0.124496
v -0.347142 0.044783 0.121088
v -0.342584 0.050630 0.128380
v -0.342584 0.014006 0.045612
v -0.347142 0.017642 0.040091
v -0.342584 0.021278 0.047389
v -0.342584 0.028549 0.049165
v -0.347142 0.032185 0.043691
v -0.342584 0.035821 0.050942
v -0.347142 0.065980 0.131317
v 0.347142 0.065980 0.131317
v 0.347142 0.056061 0.739576
v -0.328975 0.075072 0.732764
v 0.347142 0.047224 0.440371
v -0.344303 0.050986 0.439307
v -0.173571 0.065980 0.131317
v -0.000000 0.065980 0.131317
v 0.173571 0.065980 0.131317
v 0.173571 0.050997 0.739576
v 0.000000 0.050997 0.739576
v -0.170732 0.054759 0.738512
v 0.173571 0.047224 0.440371
v 0.000000 0.047224 0.440372
v -0.173127 0.047812 0.440205
v -0.347142 0.007143 0.000000
v 0.347142 0.007143 -0.000000
v -0.173571 0.007143 0.000000
v -0.000000 0.007143 0.000000
v 0.173571 0.007143 -0.000000
v -0.086781 0.062090 0.274234
v 0.086785 0.043274 0.047973
v 0.086785 0.042521 0.594782
v 0.260356 0.062084 0.274236
v 0.086785 0.062084 0.274236
v -0.260210 0.062278 0.274181
v -0.260356 0.043274 0.047973
v -0.086785 0.043274 0.047973
v 0.260356 0.043274 0.047973
v -0.255526 0.048922 0.592971
v -0.086639 0.042715 0.594727
v 0.260356 0.042600 0.594782
v -0.260356 0.065980 0.131317
v 0.347142 0.062084 0.274236
v 0.260356 0.051630 0.739576
v -0.337774 0.054935 0.591270
v -0.347142 0.043274 0.047973
v 0.347142 0.043274 0.047973
v 0.347142 0.043154 0.594782
v -0.346858 0.062460 0.274130
v 0.260356 0.047224 0.440371
v -0.086785 0.065980 0.131317
v 0.086785 0.065980 0.131317
v 0.260356 0.065980 0.131317
v 0.086785 0.050997 0.739576
v -0.086502 0.051373 0.739470
v -0.250989 0.063411 0.736064
v 0.086785 0.047224 0.440371
v -0.086741 0.047283 0.440355
v -0.258893 0.049164 0.439823
v 0.173571 0.062084 0.274236
v -0.000000 0.062084 0.274236
v -0.173526 0.062142 0.274219
v -0.173571 0.043274 0.047973
v -0.000000 0.043274 0.047973
v 0.173571 0.043274 0.047973
v -0.172107 0.044461 0.594233
v 0.000000 0.042521 0.594782
v 0.173571 0.042521 0.594782
v -0.260356 0.007143 0.000000
v -0.086785 0.007143 0.000000
v 0.086785 0.007143 0.000000
v 0.260356 0.007143 -0.000000
v -0.130178 0.066717 0.197022
v -0.043393 0.066717 0.197022
v -0.043393 0.054568 0.357018
v -0.130107 0.054663 0.356991
v 0.130178 0.057383 0.083062
v 0.043393 0.057383 0.083062
v 0.043393 0.026000 0.021766
v 0.130178 0.026000 0.021766
v 0.130178 0.045795 0.667796
v 0.043393 0.045795 0.667796
v 0.043393 0.043103 0.519300
v 0.130178 0.043103 0.519300
v 0.216964 0.066717 0.197022
v 0.303749 0.066717 0.197022
v 0.303749 0.054569 0.357018
v 0.216964 0.054568 0.357018
v 0.043393 0.066717 0.197022
v 0.130178 0.066717 0.197022
v 0.130178 0.054568 0.357018
v 0.043393 0.054568 0.357018
v -0.216609 0.055039 0.356885
v -0.302897 0.055697 0.356699
v -0.303749 0.066717 0.197022
v -0.216963 0.066717 0.197022
v -0.216964 0.057383 0.083062
v -0.303749 0.057383 0.083062
v -0.303749 0.026000 0.021766
v -0.216964 0.026000 0.021766
v -0.043393 0.057383 0.083062
v -0.130178 0.057383 0.083062
v -0.130178 0.026000 0.021766
v -0.043393 0.026000 0.021766
v 0.216964 0.026000 0.021766
v 0.303749 0.026000 0.021766
v 0.303749 0.057383 0.083062
v 0.216964 0.057383 0.083062
v -0.212706 0.051438 0.666200
v -0.293530 0.059337 0.663965
v -0.299491 0.048746 0.517704
v -0.215189 0.045454 0.518635
v -0.043393 0.045795 0.667796
v -0.129327 0.046924 0.667477
v -0.129823 0.043573 0.519167
v -0.043393 0.043103 0.519300
v 0.216964 0.043103 0.519300
v 0.303749 0.043103 0.519300
v 0.303749 0.047061 0.667796
v 0.216964 0.045795 0.667796
v -0.130178 0.065980 0.131317
v -0.086785 0.066717 0.197022
v -0.130160 0.062107 0.274229
v -0.173571 0.066717 0.197022
v -0.000000 0.066717 0.197022
v -0.043393 0.062084 0.274236
v -0.043393 0.065980 0.131317
v -0.043393 0.047224 0.440372
v -0.086768 0.054592 0.357011
v 0.000000 0.054568 0.357018
v -0.173393 0.054804 0.356951
v -0.130001 0.047459 0.440305
v 0.130178 0.065980 0.131317
v 0.086785 0.057383 0.083062
v 0.130178 0.043274 0.047973
v 0.173571 0.057383 0.083062
v -0.000000 0.057383 0.083062
v 0.043393 0.043274 0.047973
v 0.043393 0.065980 0.131317
v 0.043393 0.007143 0.000000
v 0.086785 0.026000 0.021766
v -0.000000 0.026000 0.021766
v 0.173571 0.026000 0.021766
v 0.130178 0.007143 0.000000
v 0.130178 0.050997 0.739576
v 0.086785 0.045795 0.667796
v 0.130178 0.042521 0.594782
v 0.173571 0.045795 0.667796
v 0.000000 0.045795 0.667796
v 0.043393 0.042521 0.594782
v 0.043393 0.050997 0.739576
v 0.043393 0.047224 0.440372
v 0.086785 0.043103 0.519300
v 0.000000 0.043103 0.519300
v 0.173571 0.043103 0.519300
v 0.130178 0.047224 0.440371
v 0.216964 0.065980 0.131317
v 0.260356 0.066717 0.197022
v 0.216964 0.062084 0.274236
v 0.173571 0.066717 0.197022
v 0.347142 0.066717 0.197022
v 0.303749 0.062084 0.274236
v 0.303749 0.065980 0.131317
v 0.303749 0.047224 0.440371
v 0.260356 0.054569 0.357018
v 0.347142 0.054569 0.357018
v 0.173571 0.054569 0.357018
v 0.216964 0.047224 0.440371
v 0.086785 0.066717 0.197022
v 0.043393 0.062084 0.274236
v 0.130178 0.062084 0.274236
v 0.086785 0.054568 0.357018
v -0.216076 0.048400 0.440039
v -0.259771 0.055344 0.356798
v -0.216875 0.062201 0.274203
v -0.346006 0.056073 0.356592
v -0.303536 0.062366 0.274156
v -0.301620 0.050045 0.439573
v -0.303749 0.065980 0.131317
v -0.260356 0.066717 0.197022
v -0.347142 0.066717 0.197022
v -0.216964 0.065980 0.131317
v -0.260356 0.057383 0.083062
v -0.216964 0.043274 0.047973
v -0.173571 0.057383 0.083062
v -0.347142 0.057383 0.083062
v -0.303749 0.043274 0.047973
v -0.303749 0.007143 0.000000
v -0.260356 0.026000 0.021766
v -0.347142 0.026000 0.021766
v -0.173571 0.026000 0.021766
v -0.216964 0.007143 0.000000
v -0.086785 0.057383 0.083062
v -0.043393 0.043274 0.047973
v -0.130178 0.043274 0.047973
v -0.130178 0.007143 0.000000
v -0.086785 0.026000 0.021766
v -0.043393 0.007143 0.000000
v 0.216964 0.007143 -0.000000
v 0.260356 0.026000 0.021766
v 0.216964 0.043274 0.047973
v 0.347142 0.026000 0.021766
v 0.303749 0.043274 0.047973
v 0.303749 0.007143 -0.000000
v 0.260356 0.057383 0.083062
v 0.347142 0.057383 0.083062
v -0.211286 0.058520 0.737447
v -0.253331 0.055105 0.665162
v -0.214036 0.046401 0.593685
v -0.171442 0.048616 0.666998
v -0.333516 0.063851 0.662687
v -0.296723 0.051831 0.592148
v -0.290124 0.069053 0.734467
v -0.257429 0.046982 0.518202
v -0.341464 0.050626 0.517171
v -0.172684 0.044279 0.518967
v -0.043393 0.050997 0.739576
v -0.086572 0.046077 0.667716
v -0.043393 0.042521 0.594782
v -0.129593 0.043297 0.594563
v -0.129043 0.052502 0.739150
v -0.086697 0.043221 0.519267
v 0.260356 0.043103 0.519300
v 0.216964 0.042521 0.594782
v 0.347142 0.043103 0.519300
v 0.303749 0.042838 0.594782
v 0.303749 0.053529 0.739576
v 0.260356 0.046112 0.667796
v 0.347142 0.048327 0.667796
v 0.216964 0.050997 0.739576
v -0.347142 0.074439 0.127315
v 0.347142 0.074439 0.127315
v 0.347142 0.079761 0.733349
v -0.328975 0.093703 0.726537
v 0.347142 0.065591 0.434400
v -0.344303 0.069353 0.433336
v -0.173571 0.074439 0.127315
v -0.000000 0.074439 0.127315
v 0.173571 0.074439 0.127315
v 0.173571 0.069628 0.733349
v 0.000000 0.069628 0.733349
v -0.170732 0.073390 0.732284
v 0.173571 0.065591 0.434400
v 0.000000 0.065591 0.434400
v -0.173127 0.066179 0.434234
v -0.347142 0.007143 0.000000
v 0.347142 0.007143 -0.000000
v -0.173571 0.007143 0.000000
v -0.000000 0.007143 0.000000
v 0.173571 0.007143 -0.000000
v -0.086781 0.077513 0.269798
v 0.086785 0.045937 0.045380
v 0.086785 0.059235 0.588555
v 0.260356 0.077508 0.269800
v 0.086785 0.077508 0.269800
v -0.260210 0.077702 0.269745
v -0.260356 0.045937 0.045380
v -0.086785 0.045937 0.045380
v 0.260356 0.045937 0.045380
v -0.255526 0.065636 0.586744
v -0.086639 0.059429 0.588500
v 0.260356 0.059393 0.588555
v -0.260356 0.074439 0.127315
v 0.347142 0.077508 0.269800
v 0.260356 0.070895 0.733349
v -0.337774 0.071649 0.585043
v -0.347142 0.045937 0.045380
v 0.347142 0.045937 0.045380
v 0.347142 0.060502 0.588555
v -0.346858 0.077884 0.269694
v 0.260356 0.065591 0.434400
v -0.086785 0.074439 0.127315
v 0.086785 0.074439 0.127315
v 0.260356 0.074439 0.127315
v 0.086785 0.069628 0.733349
v -0.086502 0.070004 0.733242
v -0.250989 0.082042 0.729837
v 0.086785 0.065591 0.434400
v -0.086741 0.065650 0.434383
v -0.258893 0.067531 0.433851
v 0.173571 0.077508 0.269800
v -0.000000 0.077508 0.269800
v -0.173526 0.077566 0.269783
v -0.173571 0.045937 0.045380
v -0.000000 0.045937 0.045380
v 0.173571 0.045937 0.045380
v -0.172107 0.061175 0.588006
v 0.000000 0.059235 0.588555
v 0.173571 0.059235 0.588555
v -0.260356 0.007143 0.000000
v -0.086785 0.007143 0.000000
v 0.086785 0.007143 0.000000
v 0.260356 0.007143 -0.000000
v -0.130178 0.078841 0.192842
v -0.043393 0.078841 0.192842
v -0.043393 0.072147 0.351814
v -0.130107 0.072241 0.351788
v 0.130178 0.062596 0.079592
v 0.043393 0.062596 0.079592
v 0.043393 0.027087 0.020386
v 0.130178 0.027087 0.020386
v 0.130178 0.063104 0.661569
v 0.043393 0.063104 0.661569
v 0.043393 0.060676 0.513073
v 0.130178 0.060676 0.513073
v 0.216964 0.078841 0.192842
v 0.303749 0.078841 0.192842
v 0.303749 0.072147 0.351814
v 0.216964 0.072147 0.351814
v 0.043393 0.078841 0.192842
v 0.130178 0.078841 0.192842
v 0.130178 0.072147 0.351814
v 0.043393 0.072147 0.351814
v -0.216609 0.072617 0.351681
v -0.302897 0.073275 0.351495
v -0.303749 0.078841 0.192842
v -0.216963 0.078841 0.192842
v -0.216964 0.062596 0.079592
v -0.303749 0.062596 0.079592
v -0.303749 0.027087 0.020386
v -0.216964 0.027087 0.020386
v -0.043393 0.062596 0.079592
v -0.130178 0.062596 0.079592
v -0.130178 0.027087 0.020386
v -0.043393 0.027087 0.020386
v 0.216964 0.027087 0.020386
v 0.303749 0.027088 0.020386
v 0.303749 0.062596 0.079592
v 0.216964 0.062596 0.079592
v -0.212706 0.068747 0.659972
v -0.293530 0.076646 0.657737
v -0.299491 0.066318 0.511476
v -0.215189 0.063027 0.512408
v -0.043393 0.063104 0.661569
v -0.129327 0.064233 0.661249
v -0.129823 0.061146 0.512940
v -0.043393 0.060676 0.513073
v 0.216964 0.060676 0.513073
v 0.303749 0.060676 0.513073
v 0.303749 0.065637 0.661569
v 0.216964 0.063104 0.661569
v -0.130178 0.074439 0.127315
v -0.086785 0.078841 0.192842
v -0.130160 0.077531 0.269793
v -0.173571 0.078841 0.192842
v -0.000000 0.078841 0.192842
v -0.043393 0.077508 0.269800
v -0.043393 0.074439 0.127315
v -0.043393 0.065591 0.434400
v -0.086768 0.072170 0.351808
v 0.000000 0.072147 0.351814
v -0.173393 0.072382 0.351748
v -0.130001 0.065827 0.434334
v 0.130178 0.074439 0.127315
v 0.086785 0.062596 0.079592
v 0.130178 0.045937 0.045380
v 0.173571 0.062596 0.079592
v -0.000000 0.062596 0.079592
v 0.043393 0.045937 0.045380
v 0.043393 0.074439 0.127315
v 0.043393 0.007143 0.000000
v 0.086785 0.027087 0.020386
v -0.000000 0.027087 0.020386
v 0.173571 0.027087 0.020386
v 0.130178 0.007143 0.000000
v 0.130178 0.069628 0.733349
v 0.086785 0.063104 0.661569
v 0.130178 0.059235 0.588555
v 0.173571 0.063104 0.661569
v 0.000000 0.063104 0.661569
v 0.043393 0.059235 0.588555
v 0.043393 0.069628 0.733349
v 0.043393 0.065591 0.434400
v 0.086785 0.060676 0.513073
v 0.000000 0.060676 0.513073
v 0.173571 0.060676 0.513073
v 0.130178 0.065591 0.434400
v 0.216964 0.074439 0.127315
v 0.260356 0.078841 0.192842
v 0.216964 0.077508 0.269800
v 0.173571 0.078841 0.192842
v 0.347142 0.078841 0.192842
v 0.303749 0.077508 0.269800
v 0.303749 0.074439 0.127315
v 0.303749 0.065591 0.434400
v 0.260356 0.072147 0.351814
v 0.347142 0.072147 0.351814
v 0.173571 0.072147 0.351814
v 0.216964 0.065591 0.434400
v 0.086785 0.078841 0.192842
v 0.043393 0.077508 0.269800
v 0.130178 0.077508 0.269800
v 0.086785 0.072147 0.351814
v -0.216076 0.066767 0.434067
v -0.259771 0.072922 0.351595
v -0.216875 0.077625 0.269767
v -0.346006 0.073651 0.351388
v -0.303536 0.077790 0.269720
v -0.301620 0.068413 0.433602
v -0.303749 0.074439 0.127315
v -0.260356 0.078841 0.192842
v -0.347142 0.078841 0.192842
v -0.216964 0.074439 0.127315
v -0.260356 0.062596 0.079592
v -0.216964 0.045937 0.045380
v -0.173571 0.062596 0.079592
v -0.347142 0.062596 0.079592
v -0.303749 0.045937 0.045380
v -0.303749 0.007143 0.000000
v -0.260356 0.027087 0.020386
v -0.347142 0.027087 0.020386
v -0.173571 0.027087 0.020386
v -0.216964 0.007143 0.000000
v -0.086785 0.062596 0.079592
v -0.043393 0.045937 0.045380
v -0.130178 0.045937 0.045380
v -0.130178 0.007143 0.000000
v -0.086785 0.027087 0.020386
v -0.043393 0.007143 0.000000
v 0.216964 0.007143 -0.000000
v 0.260356 0.027088 0.020386
v 0.216964 0.045937 0.045380
v 0.347142 0.027088 0.020386
v 0.303749 0.045937 0.045380
v 0.303749 0.007143 -0.000000
v 0.260356 0.062596 0.079592
v 0.347142 0.062596 0.079592
v -0.211286 0.077151 0.731220
v -0.253331 0.072414 0.658935
v -0.214036 0.063114 0.587457
v -0.171442 0.065925 0.660771
v -0.333516 0.081160 0.656460
v -0.296723 0.068545 0.585921
v -0.290124 0.087684 0.728240
v -0.257429 0.064555 0.511975
v -0.341464 0.068199 0.510944
v -0.172684 0.061851 0.512740
v -0.043393 0.069628 0.733349
v -0.086572 0.063386 0.661489
v -0.043393 0.059235 0.588555
v -0.129593 0.060011 0.588335
v -0.129043 0.071133 0.732923
v -0.086697 0.060793 0.513039
v 0.260356 0.060676 0.513073
v 0.216964 0.059235 0.588555
v 0.347142 0.060676 0.513073
v 0.303749 0.059868 0.588555
v 0.303749 0.074695 0.733349
v 0.260356 0.063737 0.661569
v 0.347142 0.068171 0.661569
v 0.216964 0.069628 0.733349
v -0.347142 0.082898 0.123312
v 0.347142 0.082898 0.123312
v 0.347142 0.103461 0.727121
v -0.328975 0.112334 0.720310
v 0.347142 0.083959 0.428429
v -0.344303 0.087720 0.427364
v -0.173571 0.082898 0.123312
v -0.000000 0.082898 0.123312
v 0.173571 0.082898 0.123312
v 0.173571 0.088259 0.727121
v 0.000000 0.088259 0.727121
v -0.170732 0.092021 0.726057
v 0.173571 0.083959 0.428429
v 0.000000 0.083959 0.428429
v -0.173127 0.084546 0.428262
v -0.347142 0.007143 0.000000
v 0.347142 0.007143 -0.000000
v -0.173571 0.007143 0.000000
v -0.000000 0.007143 0.000000
v 0.173571 0.007143 -0.000000
v -0.086781 0.092937 0.265362
v 0.086785 0.048599 0.042787
v 0.086785 0.075949 0.582327
v 0.260356 0.092931 0.265364
v 0.086785 0.092931 0.265364
v -0.260210 0.093125 0.265309
v -0.260356 0.048599 0.042788
v -0.086785 0.048599 0.042788
v 0.260356 0.048599 0.042787
v -0.255526 0.082350 0.580517
v -0.086639 0.076143 0.582273
v 0.260356 0.076187 0.582327
v -0.260356 0.082898 0.123312
v 0.347142 0.092931 0.265364
v 0.260356 0.090159 0.727121
v -0.337774 0.088362 0.578815
v -0.347142 0.048599 0.042788
v 0.347142 0.048599 0.042787
v 0.347142 0.077849 0.582327
v -0.346858 0.093308 0.265257
v 0.260356 0.083959 0.428429
v -0.086785 0.082898 0.123312
v 0.086785 0.082898 0.123312
v 0.260356 0.082898 0.123312
v 0.086785 0.088259 0.727121
v -0.086502 0.088635 0.727015
v -0.250989 0.100673 0.723609
v 0.086785 0.083959 0.428429
v -0.086741 0.084018 0.428412
v -0.258893 0.085898 0.427880
v 0.173571 0.092931 0.265364
v -0.000000 0.092931 0.265364
v -0.173526 0.092990 0.265347
v -0.173571 0.048599 0.042788
v -0.000000 0.048599 0.042787
v 0.173571 0.048599 0.042787
v -0.172107 0.077889 0.581779
v 0.000000 0.075949 0.582327
v 0.173571 0.075949 0.582327
v -0.260356 0.007143 0.000000
v -0.086785 0.007143 0.000000
v 0.086785 0.007143 0.000000
v 0.260356 0.007143 -0.000000
v -0.130178 0.090964 0.188662
v -0.043393 0.090964 0.188662
v -0.043393 0.089725 0.346610
v -0.130107 0.089819 0.346584
v 0.130178 0.067808 0.076122
v 0.043393 0.067808 0.076122
v 0.043393 0.028175 0.019006
v 0.130178 0.028175 0.019006
v 0.130178 0.080413 0.655341
v 0.043393 0.080413 0.655341
v 0.043393 0.078249 0.506845
v 0.130178 0.078249 0.506845
v 0.216964 0.090964 0.188662
v 0.303749 0.090964 0.188662
v 0.303749 0.089725 0.346610
v 0.216964 0.089725 0.346610
v 0.043393 0.090964 0.188662
v 0.130178 0.090964 0.188662
v 0.130178 0.089725 0.346610
v 0.043393 0.089725 0.346610
v -0.216609 0.090195 0.346477
v -0.302897 0.090853 0.346291
v -0.303749 0.090964 0.188662
v -0.216964 0.090964 0.188662
v -0.216964 0.067808 0.076122
v -0.303749 0.067808 0.076122
v -0.303749 0.028175 0.019006
v -0.216964 0.028175 0.019006
v -0.043393 0.067808 0.076122
v -0.130178 0.067808 0.076122
v -0.130178 0.028175 0.019006
v -0.043393 0.028175 0.019006
v 0.216964 0.028175 0.019006
v 0.303749 0.028175 0.019006
v 0.303749 0.067808 0.076122
v 0.216964 0.067808 0.076122
v -0.212706 0.086056 0.653745
v -0.293530 0.093955 0.651510
v -0.299491 0.083891 0.505249
v -0.215189 0.080600 0.506180
v -0.043393 0.080413 0.655342
v -0.129327 0.081541 0.655022
v -0.129823 0.078719 0.506712
v -0.043393 0.078249 0.506845
v 0.216964 0.078249 0.506845
v 0.303749 0.078249 0.506845
v 0.303749 0.084213 0.655341
v 0.216964 0.080413 0.655341
v -0.130178 0.082898 0.123312
v -0.086785 0.090964 0.188662
v -0.130160 0.092955 0.265357
v -0.173571 0.090964 0.188662
v -0.000000 0.090964 0.188662
v -0.043393 0.092931 0.265364
v -0.043393 0.082898 0.123312
v -0.043393 0.083959 0.428429
v -0.086768 0.089748 0.346604
v 0.000000 0.089725 0.346610
v -0.173393 0.089960 0.346544
v -0.130001 0.084194 0.428362
v 0.130178 0.082898 0.123312
v 0.086785 0.067808 0.076122
v 0.130178 0.048599 0.042787
v 0.173571 0.067808 0.076122
v -0.000000 0.067808 0.076122
v 0.043393 0.048599 0.042787
v 0.043393 0.082898 0.123312
v 0.043393 0.007143 0.000000
v 0.086785 0.028175 0.019006
v -0.000000 0.028175 0.019006
v 0.173571 0.028175 0.019006
v 0.130178 0.007143 0.000000
v 0.130178 0.088259 0.727121
v 0.086785 0.080413 0.655341
v 0.130178 0.075949 0.582327
v 0.173571 0.080413 0.655341
v 0.000000 0.080413 0.655341
v 0.043393 0.075949 0.582327
v 0.043393 0.088259 0.727121
v 0.043393 0.083959 0.428429
v 0.086785 0.078249 0.506845
v 0.000000 0.078249 0.506845
v 0.173571 0.078249 0.506845
v 0.130178 0.083959 0.428429
v 0.216964 0.082898 0.123312
v 0.260356 0.090964 0.188662
v 0.216964 0.092931 0.265364
v 0.173571 0.090964 0.188662
v 0.347142 0.090964 0.188662
v 0.303749 0.092931 0.265364
v 0.303749 0.082898 0.123312
v 0.303749 0.083959 0.428429
v 0.260356 0.089725 0.346610
v 0.347142 0.089725 0.346610
v 0.173571 0.089725 0.346610
v 0.216964 0.083959 0.428429
v 0.086785 0.090964 0.188662
v 0.043393 0.092931 0.265364
v 0.130178 0.092931 0.265364
v 0.086785 0.089725 0.346610
v -0.216076 0.085134 0.428096
v -0.259771 0.090500 0.346391
v -0.216875 0.093049 0.265330
v -0.346006 0.091229 0.346185
v -0.303536 0.093214 0.265284
v -0.301620 0.086780 0.427630
v -0.303749 0.082898 0.123312
v -0.260356 0.090964 0.188662
v -0.347142 0.090964 0.188662
v -0.216964 0.082898 0.123312
v -0.260356 0.067808 0.076122
v -0.216964 0.048599 0.042788
v -0.173571 0.067808 0.076122
v -0.347142 0.067808 0.076122
v -0.303749 0.048599 0.042788
v -0.303749 0.007143 0.000000
v -0.260356 0.028175 0.019006
v -0.347142 0.028175 0.019006
v -0.173571 0.028175 0.019006
v -0.216964 0.007143 0.000000
v -0.086785 0.067808 0.076122
v -0.043393 0.048599 0.042788
v -0.130178 0.048599 0.042788
v -0.130178 0.007143 0.000000
v -0.086785 0.028175 0.019006
v -0.043393 0.007143 0.000000
v 0.216964 0.007143 -0.000000
v 0.260356 0.028175 0.019006
v 0.216964 0.048599 0.042787
v 0.347142 0.028175 0.019006
v 0.303749 0.048599 0.042787
v 0.303749 0.007143 -0.000000
v 0.260356 0.067808 0.076122
v 0.347142 0.067808 0.076122
v -0.211286 0.095782 0.724993
v -0.253331 0.089723 0.652707
v -0.214036 0.079828 0.581230
v -0.171442 0.083234 0.654543
v -0.333516 0.098469 0.650233
v -0.296723 0.085259 0.579693
v -0.290124 0.106315 0.722013
v -0.257429 0.082128 0.505748
v -0.341464 0.085772 0.504717
v -0.172684 0.079424 0.506513
v -0.043393 0.088259 0.727121
v -0.086572 0.080695 0.655262
v -0.043393 0.075949 0.582327
v -0.129593 0.076725 0.582108
v -0.129043 0.089764 0.726696
v -0.086697 0.078366 0.506812
v 0.260356 0.078249 0.506845
v 0.216964 0.075949 0.582327
v 0.347142 0.078249 0.506845
v 0.303749 0.076899 0.582327
v 0.303749 0.095860 0.727121
v 0.260356 0.081363 0.655341
v 0.347142 0.088014 0.655341
v 0.216964 0.088259 0.727121
v -0.347142 0.099815 0.115306
v 0.347142 0.099815 0.115306
v 0.347142 0.150860 0.714667
v -0.328975 0.149596 0.707855
v 0.347142 0.120693 0.416485
v -0.344303 0.124455 0.415421
v -0.173571 0.099815 0.115306
v -0.000000 0.099815 0.115306
v 0.173571 0.099815 0.115306
v 0.173571 0.125521 0.714667
v 0.000000 0.125521 0.714667
v -0.170732 0.129283 0.713602
v 0.173571 0.120693 0.416486
v 0.000000 0.120693 0.416486
v -0.173127 0.121281 0.416319
v -0.347142 0.007143 0.000000
v 0.347142 0.007143 -0.000000
v -0.173571 0.007143 0.000000
v -0.000000 0.007143 0.000000
v 0.173571 0.007143 -0.000000
v -0.086781 0.123785 0.256490
v 0.086785 0.053924 0.037602
v 0.086785 0.109377 0.569873
v 0.260356 0.123779 0.256491
v 0.086785 0.123779 0.256491
v -0.260210 0.123973 0.256436
v -0.260356 0.053924 0.037602
v -0.086785 0.053924 0.037602
v 0.260356 0.053924 0.037602
v -0.255526 0.115777 0.568062
v -0.086639 0.109571 0.569818
v 0.260356 0.109773 0.569873
v -0.260356 0.099815 0.115306
v 0.347142 0.123779 0.256491
v 0.260356 0.128688 0.714667
v -0.337774 0.121790 0.566361
v -0.347142 0.053924 0.037602
v 0.347142 0.053924 0.037602
v 0.347142 0.112544 0.569873
v -0.346858 0.124155 0.256385
v 0.260356 0.120693 0.416486
v -0.086785 0.099815 0.115306
v 0.086785 0.099815 0.115306
v 0.260356 0.099815 0.115306
v 0.086785 0.125521 0.714667
v -0.086502 0.125897 0.714560
v -0.250989 0.137935 0.711154
v 0.086785 0.120693 0.416486
v -0.086741 0.120752 0.416469
v -0.258893 0.122633 0.415937
v 0.173571 0.123779 0.256491
v -0.000000 0.123779 0.256491
v -0.173526 0.123838 0.256475
v -0.173571 0.053924 0.037602
v -0.000000 0.053924 0.037602
v 0.173571 0.053924 0.037602
v -0.172107 0.111316 0.569324
v 0.000000 0.109377 0.569873
v 0.173571 0.109377 0.569873
v -0.260356 0.007143 0.000000
v -0.086785 0.007143 0.000000
v 0.086785 0.007143 0.000000
v 0.260356 0.007143 -0.000000
v -0.130178 0.115211 0.180301
v -0.043393 0.115211 0.180301
v -0.043393 0.124881 0.336203
v -0.130107 0.124975 0.336176
v 0.130178 0.078232 0.069181
v 0.043393 0.078232 0.069181
v 0.043393 0.030350 0.016245
v 0.130178 0.030350 0.016245
v 0.130178 0.115031 0.642887
v 0.043393 0.115031 0.642887
v 0.043393 0.113395 0.494391
v 0.130178 0.113395 0.494391
v 0.216964 0.115211 0.180301
v 0.303749 0.115211 0.180301
v 0.303749 0.124881 0.336203
v 0.216963 0.124881 0.336203
v 0.043393 0.115211 0.180301
v 0.130178 0.115211 0.180301
v 0.130178 0.124881 0.336203
v 0.043393 0.124881 0.336203
v -0.216609 0.125351 0.336070
v -0.302897 0.126009 0.335883
v -0.303749 0.115211 0.180301
v -0.216963 0.115211 0.180301
v -0.216964 0.078232 0.069181
v -0.303749 0.078232 0.069181
v -0.303749 0.030350 0.016245
v -0.216964 0.030350 0.016245
v -0.043393 0.078232 0.069181
v -0.130178 0.078232 0.069181
v -0.130178 0.030350 0.016245
v -0.043393 0.030350 0.016245
v 0.216964 0.030350 0.016245
v 0.303749 0.030350 0.016245
v 0.303749 0.078233 0.069181
v 0.216963 0.078233 0.069181
v -0.212706 0.120673 0.641290
v -0.293530 0.128573 0.639055
v -0.299491 0.119037 0.492794
v -0.215189 0.115746 0.493726
v -0.043393 0.115031 0.642887
v -0.129327 0.116159 0.642568
v -0.129823 0.113865 0.494258
v -0.043393 0.113395 0.494391
v 0.216964 0.113395 0.494391
v 0.303749 0.113395 0.494391
v 0.303749 0.121366 0.642887
v 0.216964 0.115031 0.642887
v -0.130178 0.099815 0.115306
v -0.086785 0.115211 0.180301
v -0.130160 0.123803 0.256485
v -0.173571 0.115211 0.180301
v -0.000000 0.115211 0.180301
v -0.043393 0.123779 0.256491
v -0.043393 0.099815 0.115306
v -0.043393 0.120693 0.416486
v -0.086768 0.124904 0.336196
v 0.000000 0.124881 0.336203
v -0.173393 0.125116 0.336136
v -0.130001 0.120928 0.416419
v 0.130178 0.099815 0.115306
v 0.086785 0.078232 0.069181
v 0.130178 0.053924 0.037602
v 0.173571 0.078233 0.069181
v -0.000000 0.078232 0.069181
v 0.043393 0.053924 0.037602
v 0.043393 0.099815 0.115306
v 0.043393 0.007143 0.000000
v 0.086785 0.030350 0.016245
v -0.000000 0.030350 0.016245
v 0.173571 0.030350 0.016245
v 0.130178 0.007143 0.000000
v 0.130178 0.125521 0.714667
v 0.086785 0.115031 0.642887
v 0.130178 0.109377 0.569873
v 0.173571 0.115031 0.642887
v 0.000000 0.115031 0.642887
v 0.043393 0.109377 0.569873
v 0.043393 0.125521 0.714667
v 0.043393 0.120693 0.416486
v 0.086785 0.113395 0.494391
v 0.000000 0.113395 0.494391
v 0.173571 0.113395 0.494391
v 0.130178 0.120693 0.416486
v 0.216963 0.099815 0.115306
v 0.260356 0.115211 0.180301
v 0.216963 0.123779 0.256491
v 0.173571 0.115211 0.180301
v 0.347142 0.115211 0.180301
v 0.303749 0.123779 0.256491
v 0.303749 0.099815 0.115306
v 0.303749 0.120693 0.416486
v 0.260356 0.124881 0.336203
v 0.347142 0.124881 0.336203
v 0.173571 0.124881 0.336203
v 0.216963 0.120693 0.416486
v 0.086785 0.115211 0.180301
v 0.043393 0.123779 0.256491
v 0.130178 0.123779 0.256491
v 0.086785 0.124881 0.336203
v -0.216076 0.121869 0.416153
v -0.259771 0.125657 0.335983
v -0.216875 0.123897 0.256458
v -0.346006 0.126385 0.335777
v -0.303536 0.124061 0.256411
v -0.301620 0.123515 0.415687
v -0.303749 0.099815 0.115306
v -0.260356 0.115211 0.180301
v -0.347142 0.115211 0.180301
v -0.216964 0.099815 0.115306
v -0.260356 0.078232 0.069181
v -0.216964 0.053924 0.037602
v -0.173571 0.078232 0.069181
v -0.347142 0.078232 0.069181
v -0.303749 0.053924 0.037602
v -0.303749 0.007143 0.000000
v -0.260356 0.030350 0.016245
v -0.347142 0.030350 0.016245
v -0.173571 0.030350 0.016245
v -0.216964 0.007143 0.000000
v -0.086785 0.078232 0.069181
v -0.043393 0.053924 0.037602
v -0.130178 0.053924 0.037602
v -0.130178 0.007143 0.000000
v -0.086785 0.030350 0.016245
v -0.043393 0.007143 0.000000
v 0.216964 0.007143 -0.000000
v 0.260356 0.030350 0.016245
v 0.216964 0.053924 0.037602
v 0.347142 0.030350 0.016245
v 0.303749 0.053924 0.037602
v 0.303749 0.007143 -0.000000
v 0.260356 0.078233 0.069181
v 0.347142 0.078233 0.069181
v -0.211286 0.133044 0.712538
v -0.253331 0.124341 0.640253
v -0.214036 0.113256 0.568775
v -0.171442 0.117852 0.642089
v -0.333516 0.133087 0.637778
v -0.296723 0.118687 0.567239
v -0.290124 0.143577 0.709558
v -0.257429 0.117274 0.493293
v -0.341464 0.120918 0.492262
v -0.172684 0.114570 0.494058
v -0.043393 0.125521 0.714667
v -0.086572 0.115313 0.642807
v -0.043393 0.109377 0.569873
v -0.129593 0.110152 0.569653
v -0.129043 0.127026 0.714241
v -0.086697 0.113512 0.494357
v 0.260356 0.113395 0.494391
v 0.216964 0.109377 0.569873
v 0.347142 0.113395 0.494391
v 0.303749 0.110960 0.569873
v 0.303749 0.138191 0.714667
v 0.260356 0.116614 0.642887
v 0.347142 0.127700 0.642887
v 0.216964 0.125521 0.714667
v -0.347142 0.116732 0.107300
v 0.347142 0.116732 0.107300
v 0.347142 0.198260 0.702212
v -0.328975 0.186858 0.695400
v 0.347142 0.157428 0.404543
v -0.344303 0.161190 0.403479
v -0.173571 0.116732 0.107300
v -0.000000 0.116732 0.107300
v 0.173571 0.116732 0.107300
v 0.173571 0.162783 0.702212
v 0.000000 0.162783 0.702212
v -0.170732 0.166545 0.701148
v 0.173571 0.157428 0.404543
v 0.000000 0.157428 0.404543
v -0.173127 0.158016 0.404376
v -0.347142 0.007143 0.000000
v 0.347142 0.007143 -0.000000
v -0.173571 0.007143 0.000000
v -0.000000 0.007143 0.000000
v 0.173571 0.007143 -0.000000
v -0.086781 0.154633 0.247617
v 0.086785 0.059249 0.032417
v 0.086785 0.142804 0.557418
v 0.260356 0.154627 0.247619
v 0.086785 0.154627 0.247619
v -0.260210 0.154821 0.247564
v -0.260356 0.059249 0.032417
v -0.086785 0.059249 0.032417
v 0.260356 0.059249 0.032417
v -0.255526 0.149205 0.555607
v -0.086639 0.142998 0.557363
v 0.260356 0.143359 0.557418
v -0.260356 0.116732 0.107300
v 0.347142 0.154627 0.247619
v 0.260356 0.167218 0.702212
v -0.337774 0.155218 0.553906
v -0.347142 0.059249 0.032417
v 0.347142 0.059249 0.032417
v 0.347142 0.147239 0.557418
v -0.346858 0.155003 0.247512
v 0.260356 0.157428 0.404543
v -0.086785 0.116732 0.107300
v 0.086785 0.116732 0.107300
v 0.260356 0.116732 0.107300
v 0.086785 0.162783 0.702212
v -0.086502 0.163159 0.702106
v -0.250989 0.175197 0.698700
v 0.086785 0.157428 0.404543
v -0.086741 0.157487 0.404526
v -0.258893 0.159368 0.403994
v 0.173571 0.154627 0.247619
v -0.000000 0.154627 0.247619
v -0.173526 0.154686 0.247602
v -0.173571 0.059249 0.032417
v -0.000000 0.059249 0.032417
v 0.173571 0.059249 0.032417
v -0.172107 0.144744 0.556869
v 0.000000 0.142804 0.557418
v 0.173571 0.142804 0.557418
v -0.260356 0.007143 0.000000
v -0.086785 0.007143 0.000000
v 0.086785 0.007143 0.000000
v 0.260356 0.007143 -0.000000
v -0.130178 0.139457 0.171940
v -0.043393 0.139457 0.171940
v -0.043393 0.160037 0.325795
v -0.130107 0.160131 0.325768
v 0.130178 0.088657 0.062240
v 0.043393 0.088657 0.062240
v 0.043393 0.032525 0.013485
v 0.130178 0.032525 0.013485
v 0.130178 0.149649 0.630432
v 0.043393 0.149649 0.630432
v 0.043393 0.148541 0.481936
v 0.130178 0.148541 0.481936
v 0.216964 0.139457 0.171940
v 0.303749 0.139457 0.171940
v 0.303749 0.160037 0.325795
v 0.216964 0.160037 0.325795
v 0.043393 0.139457 0.171940
v 0.130178 0.139457 0.171940
v 0.130178 0.160037 0.325795
v 0.043393 0.160037 0.325795
v -0.216609 0.160507 0.325662
v -0.302897 0.161165 0.325476
v -0.303749 0.139457 0.171940
v -0.216964 0.139457 0.171940
v -0.216964 0.088657 0.062240
v -0.303749 0.088657 0.062240
v -0.303749 0.032525 0.013485
v -0.216964 0.032525 0.013485
v -0.043393 0.088657 0.062240
v -0.130178 0.088657 0.062240
v -0.130178 0.032525 0.013485
v -0.043393 0.032525 0.013485
v 0.216964 0.032525 0.013485
v 0.303749 0.032525 0.013485
v 0.303749 0.088657 0.062240
v 0.216964 0.088657 0.062240
v -0.212706 0.155291 0.628836
v -0.293530 0.163191 0.626601
v -0.299491 0.154183 0.480340
v -0.215189 0.150892 0.481271
v -0.043393 0.149649 0.630432
v -0.129327 0.150777 0.630113
v -0.129823 0.149011 0.481803
v -0.043393 0.148541 0.481936
v 0.216964 0.148541 0.481936
v 0.303749 0.148541 0.481936
v 0.303749 0.158518 0.630432
v 0.216964 0.149649 0.630432
v -0.130178 0.116732 0.107300
v -0.086785 0.139457 0.171940
v -0.130160 0.154650 0.247612
v -0.173571 0.139457 0.171940
v -0.000000 0.139457 0.171940
v -0.043393 0.154627 0.247619
v -0.043393 0.116732 0.107300
v -0.043393 0.157428 0.404543
v -0.086768 0.160060 0.325788
v -0.000000 0.160037 0.325795
v -0.173393 0.160272 0.325728
v -0.130001 0.157663 0.404476
v 0.130178 0.116732 0.107300
v 0.086785 0.088657 0.062240
v 0.130178 0.059249 0.032417
v 0.173571 0.088657 0.062240
v -0.000000 0.088657 0.062240
v 0.043393 0.059249 0.032417
v 0.043393 0.116732 0.107300
v 0.043393 0.007143 0.000000
v 0.086785 0.032525 0.013485
v -0.000000 0.032525 0.013485
v 0.173571 0.032525 0.013485
v 0.130178 0.007143 0.000000
v 0.130178 0.162783 0.702212
v 0.086785 0.149649 0.630432
v 0.130178 0.142804 0.557418
v 0.173571 0.149649 0.630432
v 0.000000 0.149649 0.630432
v 0.043393 0.142804 0.557418
v 0.043393 0.162783 0.702212
v 0.043393 0.157428 0.404543
v 0.086785 0.148541 0.481936
v 0.000000 0.148541 0.481936
v 0.173571 0.148541 0.481936
v 0.130178 0.157428 0.404543
v 0.216964 0.116732 0.107300
v 0.260356 0.139457 0.171940
v 0.216964 0.154627 0.247619
v 0.173571 0.139457 0.171940
v 0.347142 0.139457 0.171940
v 0.303749 0.154627 0.247619
v 0.303749 0.116732 0.107300
v 0.303749 0.157428 0.404543
v 0.260356 0.160037 0.325795
v 0.347142 0.160037 0.325795
v 0.173571 0.160037 0.325795
v 0.216964 0.157428 0.404543
v 0.086785 0.139457 0.171940
v 0.043393 0.154627 0.247619
v 0.130178 0.154627 0.247619
v 0.086785 0.160037 0.325795
v -0.216076 0.158603 0.404210
v -0.259771 0.160813 0.325575
v -0.216875 0.154744 0.247586
v -0.346006 0.161542 0.325369
v -0.303536 0.154909 0.247539
v -0.301620 0.160249 0.403745
v -0.303749 0.116732 0.107300
v -0.260356 0.139457 0.171940
v -0.347142 0.139457 0.171940
v -0.216964 0.116732 0.107300
v -0.260356 0.088657 0.062240
v -0.216964 0.059249 0.032417
v -0.173571 0.088657 0.062240
v -0.347142 0.088657 0.062240
v -0.303749 0.059249 0.032417
v -0.303749 0.007143 0.000000
v -0.260356 0.032525 0.013485
v -0.347142 0.032525 0.013485
v -0.173571 0.032525 0.013485
v -0.216964 0.007143 0.000000
v -0.086785 0.088657 0.062240
v -0.043393 0.059249 0.032417
v -0.130178 0.059249 0.032417
v -0.130178 0.007143 0.000000
v -0.086785 0.032525 0.013485
v -0.043393 0.007143 0.000000
v 0.216964 0.007143 -0.000000
v 0.260356 0.032525 0.013485
v 0.216964 0.059249 0.032417
v 0.347142 0.032525 0.013485
v 0.303749 0.059249 0.032417
v 0.303749 0.007143 -0.000000
v 0.260356 0.088657 0.062240
v 0.347142 0.088657 0.062240
v -0.211286 0.170306 0.700083
v -0.253331 0.158959 0.627798
v -0.214036 0.146683 0.556321
v -0.171442 0.152470 0.629634
v -0.333516 0.167705 0.625323
v -0.296723 0.152114 0.554784
v -0.290124 0.180839 0.697103
v -0.257429 0.152420 0.480839
v -0.341464 0.156064 0.479808
v -0.172684 0.149716 0.481604
v -0.043393 0.162783 0.702212
v -0.086572 0.149931 0.630352
v -0.043393 0.142804 0.557418
v -0.129593 0.143580 0.557199
v -0.129043 0.164288 0.701786
v -0.086697 0.148658 0.481903
v 0.260356 0.148541 0.481936
v 0.216964 0.142804 0.557418
v 0.347142 0.148541 0.481936
v 0.303749 0.145022 0.557418
v 0.303749 0.180521 0.702212
v 0.260356 0.151866 0.630432
v 0.347142 0.167387 0.630432
v 0.216964 0.162783 0.702212
v -0.347142 0.150560 0.091293
v 0.347142 0.150560 0.091293
v 0.347142 0.293038 0.677308
v -0.328975 0.261366 0.670497
v 0.347142 0.230881 0.380662
v -0.344303 0.234643 0.379598
v -0.173571 0.150560 0.091293
v -0.000000 0.150560 0.091293
v 0.173571 0.150560 0.091293
v 0.173571 0.237291 0.677308
v 0.000000 0.237291 0.677308
v -0.170732 0.241053 0.676244
v 0.173571 0.230881 0.380662
v 0.000000 0.230881 0.380662
v -0.173127 0.231469 0.380496
v -0.347142 0.007143 0.000000
v 0.347142 0.007143 -0.000000
v -0.173571 0.007143 0.000000
v -0.000000 0.007143 0.000000
v 0.173571 0.007143 -0.000000
v -0.086781 0.216315 0.229876
v 0.086785 0.069896 0.022048
v 0.086785 0.209645 0.532514
v 0.260356 0.216309 0.229878
v 0.086785 0.216309 0.229878
v -0.260210 0.216503 0.229823
v -0.260356 0.069896 0.022048
v -0.086785 0.069896 0.022048
v 0.260356 0.069896 0.022048
v -0.255526 0.216046 0.530703
v -0.086639 0.209839 0.532459
v 0.260356 0.210516 0.532514
v -0.260356 0.150560 0.091293
v 0.347142 0.216309 0.229878
v 0.260356 0.244259 0.677308
v -0.337774 0.222058 0.529002
v -0.347142 0.069896 0.022048
v 0.347142 0.069896 0.022048
v 0.347142 0.216613 0.532514
v -0.346858 0.216685 0.229771
v 0.260356 0.230881 0.380662
v -0.086785 0.150560 0.091293
v 0.086785 0.150560 0.091293
v 0.260356 0.150560 0.091293
v 0.086785 0.237291 0.677308
v -0.086502 0.237667 0.677202
v -0.250989 0.249704 0.673796
v 0.086785 0.230881 0.380662
v -0.086741 0.230940 0.380645
v -0.258893 0.232821 0.380113
v 0.173571 0.216309 0.229878
v -0.000000 0.216309 0.229878
v -0.173526 0.216368 0.229861
v -0.173571 0.069896 0.022048
v -0.000000 0.069896 0.022048
v 0.173571 0.069896 0.022048
v -0.172107 0.211584 0.531966
v 0.000000 0.209645 0.532514
v 0.173571 0.209645 0.532514
v -0.260356 0.007143 0.000000
v -0.086785 0.007143 0.000000
v 0.086785 0.007143 0.000000
v 0.260356 0.007143 -0.000000
v -0.130178 0.187940 0.155223
v -0.043393 0.187940 0.155223
v -0.043393 0.230334 0.304984
v -0.130107 0.230428 0.304958
v 0.130178 0.109502 0.048362
v 0.043393 0.109502 0.048362
v 0.043393 0.036874 0.007966
v 0.130178 0.036874 0.007966
v 0.130178 0.218869 0.605528
v 0.043393 0.218869 0.605528
v 0.043393 0.218817 0.457032
v 0.130178 0.218817 0.457032
v 0.216963 0.187940 0.155223
v 0.303749 0.187940 0.155223
v 0.303749 0.230334 0.304984
v 0.216964 0.230334 0.304984
v 0.043393 0.187940 0.155223
v 0.130178 0.187940 0.155223
v 0.130178 0.230334 0.304984
v 0.043393 0.230334 0.304984
v -0.216609 0.230804 0.304851
v -0.302897 0.231462 0.304665
v -0.303749 0.187940 0.155223
v -0.216964 0.187940 0.155223
v -0.216964 0.109501 0.048362
v -0.303749 0.109501 0.048362
v -0.303749 0.036874 0.007966
v -0.216964 0.036874 0.007966
v -0.043393 0.109502 0.048362
v -0.130178 0.109501 0.048362
v -0.130178 0.036874 0.007966
v -0.043393 0.036874 0.007966
v 0.216964 0.036874 0.007966
v 0.303749 0.036874 0.007966
v 0.303749 0.109502 0.048362
v 0.216964 0.109502 0.048362
v -0.212706 0.224511 0.603932
v -0.293530 0.232411 0.601697
v -0.299491 0.224459 0.455436
v -0.215189 0.221168 0.456367
v -0.043393 0.218869 0.605528
v -0.129327 0.219997 0.605209
v -0.129823 0.219287 0.456899
v -0.043393 0.218817 0.457032
v 0.216964 0.218817 0.457032
v 0.303749 0.218817 0.457032
v 0.303749 0.232806 0.605528
v 0.216964 0.218869 0.605528
v -0.130178 0.150560 0.091293
v -0.086785 0.187940 0.155223
v -0.130160 0.216332 0.229871
v -0.173571 0.187940 0.155223
v -0.000000 0.187940 0.155223
v -0.043393 0.216309 0.229878
v -0.043393 0.150560 0.091293
v -0.043393 0.230881 0.380662
v -0.086768 0.230357 0.304978
v -0.000000 0.230334 0.304984
v -0.173393 0.230569 0.304918
v -0.130001 0.231116 0.380596
v 0.130178 0.150560 0.091293
v 0.086785 0.109502 0.048362
v 0.130178 0.069896 0.022048
v 0.173571 0.109502 0.048362
v -0.000000 0.109502 0.048362
v 0.043393 0.069896 0.022048
v 0.043393 0.150560 0.091293
v 0.043393 0.007143 0.000000
v 0.086785 0.036874 0.007966
v -0.000000 0.036874 0.007966
v 0.173571 0.036874 0.007966
v 0.130178 0.007143 0.000000
v 0.130178 0.237291 0.677308
v 0.086785 0.218869 0.605528
v 0.130178 0.209645 0.532514
v 0.173571 0.218869 0.605528
v 0.000000 0.218869 0.605528
v 0.043393 0.209645 0.532514
v 0.043393 0.237291 0.677308
v 0.043393 0.230881 0.380662
v 0.086785 0.218817 0.457032
v 0.000000 0.218817 0.457032
v 0.173571 0.218817 0.457032
v 0.130178 0.230881 0.380662
v 0.216963 0.150560 0.091293
v 0.260356 0.187940 0.155223
v 0.216964 0.216309 0.229878
v 0.173571 0.187940 0.155223
v 0.347142 0.187940 0.155223
v 0.303749 0.216309 0.229878
v 0.303749 0.150560 0.091293
v 0.303749 0.230881 0.380662
v 0.260356 0.230334 0.304984
v 0.347142 0.230334 0.304984
v 0.173571 0.230334 0.304984
v 0.216964 0.230881 0.380662
v 0.086785 0.187940 0.155223
v 0.043393 0.216309 0.229878
v 0.130178 0.216309 0.229878
v 0.086785 0.230334 0.304984
v -0.216076 0.232057 0.380330
v -0.259771 0.231110 0.304765
v -0.216875 0.216426 0.229845
v -0.346006 0.231839 0.304559
v -0.303536 0.216591 0.229798
v -0.301620 0.233702 0.379864
v -0.303749 0.150560 0.091293
v -0.260356 0.187940 0.155223
v -0.347142 0.187940 0.155223
v -0.216964 0.150560 0.091293
v -0.260356 0.109501 0.048362
v -0.216964 0.069896 0.022048
v -0.173571 0.109501 0.048362
v -0.347142 0.109501 0.048362
v -0.303749 0.069896 0.022048
v -0.303749 0.007143 0.000000
v -0.260356 0.036874 0.007966
v -0.347142 0.036874 0.007966
v -0.173571 0.036874 0.007966
v -0.216964 0.007143 0.000000
v -0.086785 0.109501 0.048362
v -0.043393 0.069896 0.022048
v -0.130178 0.069896 0.022048
v -0.130178 0.007143 0.000000
v -0.086785 0.036874 0.007966
v -0.043393 0.007143 0.000000
v 0.216964 0.007143 -0.000000
v 0.260356 0.036874 0.007966
v 0.216964 0.069896 0.022048
v 0.347142 0.036874 0.007966
v 0.303749 0.069896 0.022048
v 0.303749 0.007143 -0.000000
v 0.260356 0.109502 0.048362
v 0.347142 0.109502 0.048362
v -0.211286 0.244814 0.675180
v -0.253331 0.228179 0.602894
v -0.214036 0.213524 0.531417
v -0.171442 0.221690 0.604730
v -0.333516 0.236925 0.600420
v -0.296723 0.218955 0.529880
v -0.290124 0.255347 0.672199
v -0.257429 0.222696 0.455935
v -0.341464 0.226340 0.454904
v -0.172684 0.219992 0.456700
v -0.043393 0.237291 0.677308
v -0.086572 0.219151 0.605448
v -0.043393 0.209645 0.532514
v -0.129593 0.210421 0.532295
v -0.129043 0.238796 0.676883
v -0.086697 0.218934 0.456999
v 0.260356 0.218817 0.457032
v 0.216964 0.209645 0.532514
v 0.347142 0.218817 0.457032
v 0.303749 0.213129 0.532514
v 0.303749 0.265164 0.677308
v 0.260356 0.222353 0.605528
v 0.347142 0.246742 0.605528
v 0.216964 0.237291 0.677308
v -0.347142 0.175936 0.079284
v 0.347142 0.175936 0.079284
v 0.347142 0.364137 0.658626
v -0.328975 0.317259 0.651815
v 0.347142 0.285983 0.362748
v -0.344303 0.289745 0.361684
v -0.173571 0.175936 0.079284
v -0.000000 0.175936 0.079284
v 0.173571 0.175936 0.079284
v 0.173571 0.293184 0.658626
v 0.000000 0.293184 0.658626
v -0.170732 0.296946 0.657562
v 0.173571 0.285983 0.362748
v 0.000000 0.285983 0.362748
v -0.173127 0.286571 0.362581
v -0.347142 0.007143 0.000000
v 0.347142 0.007143 -0.000000
v -0.173571 0.007143 0.000000
v -0.000000 0.007143 0.000000
v 0.173571 0.007143 -0.000000
v -0.086781 0.262586 0.216568
v 0.086785 0.077883 0.014270
v 0.086785 0.259786 0.513832
v 0.260356 0.262581 0.216569
v 0.086785 0.262581 0.216569
v -0.260210 0.262774 0.216514
v -0.260356 0.077883 0.014270
v -0.086785 0.077883 0.014270
v 0.260356 0.077883 0.014270
v -0.255526 0.266187 0.512021
v -0.086639 0.259980 0.513777
v 0.260356 0.260895 0.513832
v -0.260356 0.175936 0.079284
v 0.347142 0.262581 0.216569
v 0.260356 0.302053 0.658626
v -0.337774 0.272200 0.510320
v -0.347142 0.077883 0.014270
v 0.347142 0.077883 0.014270
v 0.347142 0.268656 0.513832
v -0.346858 0.262957 0.216463
v 0.260356 0.285983 0.362748
v -0.086785 0.175936 0.079284
v 0.086785 0.175936 0.079284
v 0.260356 0.175936 0.079284
v 0.086785 0.293184 0.658626
v -0.086502 0.293560 0.658520
v -0.250989 0.305597 0.655114
v 0.086785 0.285983 0.362748
v -0.086741 0.286042 0.362731
v -0.258893 0.287923 0.362199
v 0.173571 0.262581 0.216569
v -0.000000 0.262581 0.216569
v -0.173526 0.262639 0.216553
v -0.173571 0.077883 0.014270
v -0.000000 0.077883 0.014270
v 0.173571 0.077883 0.014270
v -0.172107 0.261726 0.513284
v 0.000000 0.259786 0.513832
v 0.173571 0.259786 0.513832
v -0.260356 0.007143 0.000000
v -0.086785 0.007143 0.000000
v 0.086785 0.007143 0.000000
v 0.260356 0.007143 -0.000000
v -0.130178 0.224310 0.142682
v -0.043393 0.224310 0.142682
v -0.043393 0.283068 0.289373
v -0.130107 0.283162 0.289346
v 0.130178 0.125138 0.037951
v 0.043393 0.125138 0.037951
v 0.043393 0.040136 0.003826
v 0.130178 0.040136 0.003826
v 0.130178 0.270796 0.586846
v 0.043393 0.270795 0.586846
v 0.043393 0.271536 0.438350
v 0.130178 0.271536 0.438350
v 0.216963 0.224310 0.142682
v 0.303749 0.224310 0.142681
v 0.303749 0.283068 0.289373
v 0.216963 0.283068 0.289373
v 0.043393 0.224310 0.142682
v 0.130178 0.224310 0.142682
v 0.130178 0.283068 0.289373
v 0.043393 0.283068 0.289373
v -0.216609 0.283538 0.289240
v -0.302897 0.284197 0.289053
v -0.303749 0.224310 0.142682
v -0.216964 0.224310 0.142682
v -0.216964 0.125138 0.037951
v -0.303749 0.125138 0.037951
v -0.303749 0.040136 0.003826
v -0.216964 0.040136 0.003826
v -0.043393 0.125138 0.037951
v -0.130178 0.125138 0.037951
v -0.130178 0.040136 0.003826
v -0.043393 0.040136 0.003826
v 0.216964 0.040136 0.003826
v 0.303749 0.040136 0.003826
v 0.303749 0.125138 0.037951
v 0.216964 0.125138 0.037951
v -0.212706 0.276438 0.585250
v -0.293530 0.284338 0.583015
v -0.299491 0.277178 0.436754
v -0.215189 0.273887 0.437685
v -0.043393 0.270795 0.586846
v -0.129327 0.271924 0.586527
v -0.129823 0.272006 0.438217
v -0.043393 0.271536 0.438350
v 0.216964 0.271536 0.438350
v 0.303749 0.271536 0.438350
v 0.303749 0.288534 0.586846
v 0.216964 0.270796 0.586846
v -0.130178 0.175936 0.079284
v -0.086785 0.224310 0.142682
v -0.130160 0.262604 0.216563
v -0.173571 0.224310 0.142682
v -0.000000 0.224310 0.142682
v -0.043393 0.262581 0.216569
v -0.043393 0.175936 0.079284
v -0.043393 0.285983 0.362748
v -0.086768 0.283092 0.289366
v -0.000000 0.283068 0.289373
v -0.173393 0.283303 0.289306
v -0.130001 0.286218 0.362681
v 0.130178 0.175936 0.079284
v 0.086785 0.125138 0.037951
v 0.130178 0.077883 0.014270
v 0.173571 0.125138 0.037951
v -0.000000 0.125138 0.037951
v 0.043393 0.077883 0.014270
v 0.043393 0.175936 0.079284
v 0.043393 0.007143 0.000000
v 0.086785 0.040136 0.003826
v -0.000000 0.040136 0.003826
v 0.173571 0.040136 0.003826
v 0.130178 0.007143 0.000000
v 0.130178 0.293184 0.658626
v 0.086785 0.270795 0.586846
v 0.130178 0.259786 0.513832
v 0.173571 0.270796 0.586846
v 0.000000 0.270795 0.586846
v 0.043393 0.259786 0.513832
v 0.043393 0.293184 0.658626
v 0.043393 0.285983 0.362748
v 0.086785 0.271536 0.438350
v 0.000000 0.271536 0.438350
v 0.173571 0.271536 0.438350
v 0.130178 0.285983 0.362748
v 0.216963 0.175936 0.079284
v 0.260356 0.224310 0.142682
v 0.216964 0.262581 0.216569
v 0.173571 0.224310 0.142682
v 0.347142 0.224310 0.142681
v 0.303749 0.262581 0.216569
v 0.303749 0.175936 0.079284
v 0.303749 0.285983 0.362748
v 0.260356 0.283068 0.289373
v 0.347142 0.283068 0.289373
v 0.173571 0.283068 0.289373
v 0.216964 0.285983 0.362748
v 0.086785 0.224310 0.142682
v 0.043393 0.262581 0.216569
v 0.130178 0.262581 0.216569
v 0.086785 0.283068 0.289373
v -0.216076 0.287159 0.362415
v -0.259771 0.283844 0.289153
v -0.216875 0.262698 0.216536
v -0.346006 0.284573 0.288947
v -0.303536 0.262863 0.216489
v -0.301620 0.288804 0.361950
v -0.303749 0.175936 0.079284
v -0.260356 0.224310 0.142682
v -0.347142 0.224310 0.142682
v -0.216964 0.175936 0.079284
v -0.260356 0.125138 0.037951
v -0.216964 0.077883 0.014270
v -0.173571 0.125138 0.037951
v -0.347142 0.125138 0.037951
v -0.303749 0.077883 0.014270
v -0.303749 0.007143 0.000000
v -0.260356 0.040136 0.003826
v -0.347142 0.040136 0.003826
v -0.173571 0.040136 0.003826
v -0.216964 0.007143 0.000000
v -0.086785 0.125138 0.037951
v -0.043393 0.077883 0.014270
v -0.130178 0.077883 0.014270
v -0.130178 0.007143 0.000000
v -0.086785 0.040136 0.003826
v -0.043393 0.007143 0.000000
v 0.216964 0.007143 -0.000000
v 0.260356 0.040136 0.003826
v 0.216964 0.077883 0.014270
v 0.347142 0.040136 0.003826
v 0.303749 0.077883 0.014270
v 0.303749 0.007143 -0.000000
v 0.260356 0.125138 0.037951
v 0.347142 0.125138 0.037951
v -0.211286 0.300707 0.656498
v -0.253331 0.280106 0.584212
v -0.214036 0.263666 0.512735
v -0.171442 0.273617 0.586048
v -0.333516 0.288852 0.581738
v -0.296723 0.269096 0.511198
v -0.290124 0.311240 0.653517
v -0.257429 0.275415 0.437253
v -0.341464 0.279059 0.436222
v -0.172684 0.272711 0.438018
v -0.043393 0.293184 0.658626
v -0.086573 0.271078 0.586766
v -0.043393 0.259786 0.513832
v -0.129593 0.260562 0.513613
v -0.129043 0.294689 0.658201
v -0.086697 0.271653 0.438317
v 0.260356 0.271536 0.438350
v 0.216964 0.259786 0.513832
v 0.347142 0.271536 0.438350
v 0.303749 0.264221 0.513832
v 0.303749 0.328661 0.658626
v 0.260356 0.275230 0.586846
v 0.347142 0.306272 0.586846
v 0.216964 0.293184 0.658626
v -0.347142 0.116732 -0.107300
v 0.347142 0.116732 -0.107300
v 0.347142 0.198260 -0.702212
v -0.328975 0.245496 -0.695401
v 0.347142 0.157428 -0.404543
v -0.344303 0.169201 -0.403478
v -0.173571 0.116732 -0.107300
v -0.000000 0.116732 -0.107300
v 0.173571 0.116732 -0.107300
v 0.173571 0.163810 -0.702212
v -0.000000 0.170999 -0.702212
v -0.170732 0.193675 -0.701148
v 0.173571 0.157556 -0.404543
v -0.000000 0.158453 -0.404543
v -0.173127 0.161460 -0.404376
v -0.347142 0.007143 0.000000
v 0.347142 0.007143 -0.000000
v -0.173571 0.007143 -0.000000
v -0.000000 0.007143 -0.000000
v 0.173571 0.007143 -0.000000
v -0.086781 0.154843 -0.247617
v 0.086785 0.059249 -0.032417
v 0.086785 0.144305 -0.557418
v 0.260356 0.154629 -0.247619
v 0.086785 0.154672 -0.247619
v -0.260210 0.155398 -0.247564
v -0.260356 0.059249 -0.032417
v -0.086785 0.059249 -0.032417
v 0.260356 0.059249 -0.032417
v -0.255526 0.167601 -0.555607
v -0.086639 0.149939 -0.557363
v 0.260356 0.143414 -0.557418
v -0.260356 0.116732 -0.107300
v 0.347142 0.154627 -0.247619
v 0.260356 0.167346 -0.702212
v -0.337774 0.181914 -0.553906
v -0.347142 0.059249 -0.032417
v 0.347142 0.059249 -0.032417
v 0.347142 0.147239 -0.557418
v -0.346858 0.155862 -0.247512
v 0.260356 0.157444 -0.404543
v -0.086785 0.116732 -0.107300
v 0.086785 0.116732 -0.107300
v 0.260356 0.116732 -0.107300
v 0.086785 0.166249 -0.702212
v -0.086502 0.179165 -0.702106
v -0.250989 0.216482 -0.698700
v 0.086785 0.157860 -0.404543
v -0.086741 0.159487 -0.404526
v -0.258893 0.164790 -0.403994
v 0.173571 0.154640 -0.247619
v -0.000000 0.154735 -0.247619
v -0.173526 0.155049 -0.247602
v -0.173571 0.059249 -0.032417
v -0.000000 0.059249 -0.032417
v 0.173571 0.059249 -0.032417
v -0.172107 0.156609 -0.556869
v -0.000000 0.146363 -0.557418
v 0.173571 0.143249 -0.557418
v -0.260356 0.007143 0.000000
v -0.086785 0.007143 -0.000000
v 0.086785 0.007143 -0.000000
v 0.260356 0.007143 -0.000000
v -0.130178 0.139485 -0.171940
v -0.043393 0.139472 -0.171940
v -0.043393 0.160616 -0.325795
v -0.130107 0.161188 -0.325768
v 0.130178 0.088657 -0.062240
v 0.043393 0.088657 -0.062240
v 0.043393 0.032525 -0.013485
v 0.130178 0.032525 -0.013485
v 0.130178 0.151012 -0.630432
v 0.043393 0.153391 -0.630432
v 0.043393 0.149915 -0.481936
v 0.130178 0.149041 -0.481936
v 0.216963 0.139458 -0.171940
v 0.303749 0.139457 -0.171940
v 0.303749 0.160038 -0.325795
v 0.216963 0.160058 -0.325795
v 0.043393 0.139464 -0.171940
v 0.130178 0.139460 -0.171940
v 0.130178 0.160136 -0.325795
v 0.043393 0.160310 -0.325795
v -0.216609 0.162247 -0.325662
v -0.302897 0.163826 -0.325476
v -0.303749 0.139527 -0.171940
v -0.216964 0.139502 -0.171940
v -0.216964 0.088657 -0.062240
v -0.303749 0.088657 -0.062240
v -0.303749 0.032525 -0.013485
v -0.216964 0.032525 -0.013485
v -0.043393 0.088657 -0.062240
v -0.130178 0.088657 -0.062240
v -0.130178 0.032525 -0.013485
v -0.043393 0.032525 -0.013485
v 0.216964 0.032525 -0.013485
v 0.303749 0.032525 -0.013485
v 0.303749 0.088657 -0.062240
v 0.216964 0.088657 -0.062240
v -0.212706 0.178509 -0.628836
v -0.293530 0.197540 -0.626601
v -0.299491 0.167275 -0.480340
v -0.215189 0.159566 -0.481271
v -0.043393 0.157602 -0.630432
v -0.129327 0.165195 -0.630113
v -0.129823 0.154327 -0.481803
v -0.043393 0.151462 -0.481936
v 0.216963 0.148649 -0.481936
v 0.303749 0.148545 -0.481936
v 0.303749 0.158529 -0.630432
v 0.216963 0.149943 -0.630432
v -0.130178 0.116732 -0.107300
v -0.086785 0.139478 -0.171940
v -0.130160 0.154931 -0.247612
v -0.173571 0.139493 -0.171940
v -0.000000 0.139468 -0.171940
v -0.043393 0.154780 -0.247619
v -0.043393 0.116732 -0.107300
v -0.043393 0.158887 -0.404543
v -0.086768 0.160855 -0.325788
v 0.000000 0.160444 -0.325795
v -0.173393 0.161643 -0.325729
v -0.130001 0.160322 -0.404476
v 0.130178 0.116732 -0.107300
v 0.086785 0.088657 -0.062240
v 0.130178 0.059249 -0.032417
v 0.173571 0.088657 -0.062240
v -0.000000 0.088657 -0.062240
v 0.043393 0.059249 -0.032417
v 0.043393 0.116732 -0.107300
v 0.043393 0.007143 -0.000000
v 0.086785 0.032525 -0.013485
v -0.000000 0.032525 -0.013485
v 0.173571 0.032525 -0.013485
v 0.130178 0.007143 -0.000000
v 0.130178 0.164789 -0.702212
v 0.086785 0.152005 -0.630432
v 0.130178 0.143673 -0.557418
v 0.173571 0.150347 -0.630432
v 0.000000 0.155235 -0.630432
v 0.043393 0.145188 -0.557418
v 0.043393 0.168287 -0.702212
v 0.043393 0.158114 -0.404543
v 0.086785 0.149406 -0.481936
v -0.000000 0.150592 -0.481936
v 0.173571 0.148797 -0.481936
v 0.130178 0.157678 -0.404543
v 0.216964 0.116732 -0.107300
v 0.260356 0.139457 -0.171940
v 0.216963 0.154633 -0.247619
v 0.173571 0.139459 -0.171940
v 0.347142 0.139457 -0.171940
v 0.303749 0.154627 -0.247619
v 0.303749 0.116732 -0.107300
v 0.303749 0.157430 -0.404543
v 0.260356 0.160043 -0.325795
v 0.347142 0.160037 -0.325795
v 0.173571 0.160088 -0.325795
v 0.216963 0.157482 -0.404543
v 0.086785 0.139462 -0.171940
v 0.043393 0.154699 -0.247619
v 0.130178 0.154653 -0.247619
v 0.086785 0.160209 -0.325795
v -0.216076 0.162965 -0.404210
v -0.259771 0.162981 -0.325576
v -0.216875 0.155206 -0.247586
v -0.346006 0.164763 -0.325369
v -0.303536 0.155618 -0.247539
v -0.301620 0.166884 -0.403745
v -0.303749 0.116732 -0.107300
v -0.260356 0.139514 -0.171940
v -0.347142 0.139541 -0.171940
v -0.216963 0.116732 -0.107300
v -0.260356 0.088657 -0.062240
v -0.216964 0.059249 -0.032417
v -0.173571 0.088657 -0.062240
v -0.347142 0.088657 -0.062240
v -0.303749 0.059249 -0.032417
v -0.303749 0.007143 0.000000
v -0.260356 0.032525 -0.013485
v -0.347142 0.032525 -0.013485
v -0.173571 0.032525 -0.013485
v -0.216964 0.007143 -0.000000
v -0.086785 0.088657 -0.062240
v -0.043393 0.059249 -0.032417
v -0.130178 0.059249 -0.032417
v -0.130178 0.007143 -0.000000
v -0.086785 0.032525 -0.013485
v -0.043393 0.007143 -0.000000
v 0.216964 0.007143 -0.000000
v 0.260356 0.032525 -0.013485
v 0.216964 0.059249 -0.032417
v 0.347142 0.032525 -0.013485
v 0.303749 0.059249 -0.032417
v 0.303749 0.007143 -0.000000
v 0.260356 0.088657 -0.062240
v 0.347142 0.088657 -0.062240
v -0.211286 0.204140 -0.700083
v -0.253331 0.187436 -0.627798
v -0.214036 0.161607 -0.556321
v -0.171442 0.171008 -0.629634
v -0.333516 0.208593 -0.625323
v -0.296724 0.174423 -0.554784
v -0.290124 0.230367 -0.697104
v -0.257429 0.163162 -0.480838
v -0.341465 0.171807 -0.479808
v -0.172684 0.156587 -0.481604
v -0.043393 0.174481 -0.702212
v -0.086573 0.160820 -0.630352
v -0.043393 0.147871 -0.557418
v -0.129593 0.152783 -0.557199
v -0.129043 0.185448 -0.701786
v -0.086697 0.152662 -0.481903
v 0.260356 0.148573 -0.481936
v 0.216963 0.142992 -0.557418
v 0.347142 0.148541 -0.481936
v 0.303749 0.145029 -0.557418
v 0.303749 0.180537 -0.702212
v 0.260356 0.151953 -0.630432
v 0.347142 0.167387 -0.630432
v 0.216963 0.163216 -0.702212
vn -0.0000 0.9914 -0.1311
vn -0.0000 0.9914 0.1311
vn -0.0000 0.9980 -0.0628
vn -0.0000 0.4333 0.9012
vn -0.0000 0.7386 0.6741
vn -0.0000 0.8857 0.4643
vn -0.0000 0.7386 -0.6741
vn -0.0000 0.9980 0.0628
vn -0.0000 0.4333 -0.9012
vn -0.0000 0.8857 -0.4643
vn -0.0000 -0.9911 -0.1335
vn -0.0000 -0.9911 0.1335
vn -0.0000 -0.9977 0.0673
vn -0.0000 -0.7169 -0.6972
vn -0.0000 -0.3899 -0.9209
vn -0.0000 -0.8781 -0.4785
vn -0.0000 -0.8781 -0.4786
vn -0.0000 -0.9977 -0.0673
vn -0.0000 -0.3899 0.9209
vn -0.0000 -0.7169 0.6972
vn -0.0000 -0.8781 0.4785
vn -1.0000 -0.0000 -0.0000
vn 1.0000 -0.0000 -0.0000
vn -0.0000 -0.0673 -0.9977
vn -0.0000 -0.0673 0.9977
vn -0.0000 0.9914 -0.1310
vn -0.0000 0.9914 0.1310
vn -0.0000 0.7386 0.6742
vn -0.0000 0.7386 -0.6742
vn -0.0000 -0.8781 0.4786
vn -0.0000 0.9982 0.0596
vn 0.0008 0.9948 -0.1017
vn -0.0000 0.9946 -0.1036
vn -0.0000 0.9978 -0.0665
vn 0.0003 0.9947 -0.1033
vn 0.0105 0.9982 -0.0590
vn 0.0029 0.9979 -0.0653
vn -0.0000 0.9154 0.4025
vn -0.0000 0.8153 0.5791
vn -0.0000 0.9991 0.0418
vn -0.0000 0.9999 0.0124
vn 0.0169 0.9988 -0.0454
vn 0.0135 0.9993 -0.0359
vn 0.0011 0.9951 -0.0985
vn -0.0000 0.9954 -0.0960
vn 0.1122 0.9911 0.0720
vn 0.0361 0.9990 0.0247
vn 0.0644 0.9968 0.0484
vn 0.1171 0.9885 0.0960
vn 0.0613 0.9969 0.0498
vn 0.0587 0.9959 0.0688
vn 0.0094 0.9999 0.0140
vn 0.0163 0.9990 0.0418
vn -0.0001 -0.9979 0.0649
vn -0.0000 -0.9994 0.0358
vn -0.0000 -0.9979 0.0651
vn -0.0003 -0.9980 0.0633
vn -0.0000 -0.9980 0.0634
vn -0.0010 -0.9980 0.0627
vn -0.0000 -0.9993 -0.0373
vn -0.0000 -0.9965 -0.0840
vn -0.0000 -0.9986 0.0536
vn -0.0000 -0.9984 0.0561
vn -0.0016 -0.9981 0.0615
vn -0.0013 -0.9982 0.0605
vn -0.0001 -0.9979 0.0646
vn -0.0000 -0.9979 0.0643
vn -0.0034 -0.9985 0.0550
vn -0.0102 -0.9986 0.0512
vn -0.0060 -0.9986 0.0531
vn -0.0106 -0.9987 0.0493
vn -0.0057 -0.9986 0.0530
vn -0.0055 -0.9987 0.0512
vn -0.0016 -0.9986 0.0536
vn -0.0009 -0.9984 0.0559
vn 0.7850 -0.6194 0.0062
vn 0.6612 -0.7493 -0.0376
vn 0.7832 -0.6213 0.0236
vn 0.7962 -0.6042 -0.0325
vn 0.7079 -0.6973 -0.1128
vn 0.7895 -0.6138 0.0032
vn 0.7524 -0.6570 0.0467
vn 0.7527 -0.6567 0.0470
vn 0.7525 -0.6558 0.0596
vn 0.7528 -0.6555 0.0601
vn 0.6893 -0.7227 0.0508
vn 0.6917 -0.7200 0.0555
vn 0.7513 -0.6592 0.0309
vn 0.6883 -0.7239 0.0468
vn 0.7456 -0.6663 0.0112
vn 0.6887 -0.7238 0.0439
vn 0.7534 -0.6569 0.0298
vn 0.8373 -0.5465 0.0177
vn 0.8391 -0.5437 0.0174
vn 0.8323 -0.5542 -0.0085
vn 0.7463 -0.6656 0.0052
vn -0.0000 -0.3790 -0.9254
vn -0.0020 -0.3793 -0.9253
vn -0.0025 -0.3787 -0.9255
vn -0.0062 -0.3799 -0.9250
vn -0.0076 -0.3794 -0.9252
vn -0.0090 -0.3579 -0.9337
vn -0.0103 -0.3555 -0.9346
vn -0.0260 -0.3614 -0.9320
vn -0.0311 -0.3599 -0.9325
vn -0.0167 -0.2971 -0.9547
vn -0.0167 -0.2925 -0.9561
vn -0.0469 -0.3030 -0.9518
vn -0.0486 -0.2987 -0.9531
vn -0.0209 -0.2295 -0.9731
vn -0.0532 -0.2340 -0.9708
vn -0.8698 -0.4935 0.0049
vn -0.9595 -0.2815 -0.0130
vn -0.8660 -0.5001 0.0056
vn -0.8611 -0.5061 -0.0485
vn -0.9574 -0.2822 -0.0615
vn -0.8584 -0.5113 -0.0419
vn -0.7280 -0.6848 0.0339
vn -0.7271 -0.6855 0.0390
vn -0.7234 -0.6904 0.0100
vn -0.7257 -0.6875 0.0269
vn -0.7509 -0.6589 0.0449
vn -0.7507 -0.6591 0.0449
vn -0.7512 -0.6579 0.0536
vn -0.7510 -0.6581 0.0535
vn -0.7812 -0.6238 0.0237
vn -0.7830 -0.6220 0.0063
vn -0.7875 -0.6163 0.0032
vn -0.7943 -0.6067 -0.0326
vn -0.6588 -0.7514 -0.0377
vn -0.6515 -0.7577 -0.0389
vn -0.7056 -0.6995 -0.1132
vn -0.7001 -0.7048 -0.1147
vn 0.9998 0.0081 -0.0170
vn 0.9433 -0.2369 -0.2324
vn 0.9166 -0.0960 -0.3880
vn -0.9997 0.0078 -0.0238
vn -0.9653 -0.0627 -0.2534
vn -0.9364 -0.2745 -0.2188
vn 0.9782 -0.0498 -0.2017
vn 0.7554 0.5817 -0.3017
vn 0.7104 0.6982 0.0887
vn -0.8100 0.5855 -0.0332
vn -0.9779 -0.0502 -0.2028
vn 0.7912 -0.6113 -0.0145
vn 0.6871 -0.7224 -0.0777
vn 0.7865 -0.6175 0.0132
vn 0.7685 0.6392 0.0286
vn 0.5918 0.8050 0.0421
vn 0.5840 0.8107 0.0416
vn 0.6407 0.7677 -0.0064
vn 0.7866 0.6174 -0.0001
vn 0.8044 0.5936 -0.0239
vn 0.8002 -0.5978 -0.0483
vn 0.7247 -0.6740 -0.1436
vn 0.7921 -0.6103 -0.0063
vn 0.7273 0.6806 0.0885
vn 0.4802 0.8656 0.1416
vn 0.4719 0.8702 0.1416
vn 0.5380 0.8379 0.0918
vn 0.7487 0.6604 0.0582
vn 0.7978 0.6028 -0.0129
vn 0.7524 -0.6565 0.0532
vn 0.7527 -0.6562 0.0536
vn 0.7850 0.6177 -0.0471
vn 0.8010 0.5984 -0.0183
vn 0.7822 0.6216 -0.0418
vn 0.7809 0.6232 -0.0424
vn 0.7527 -0.6551 0.0657
vn 0.7530 -0.6547 0.0664
vn 0.7899 0.6105 -0.0572
vn 0.7948 0.6068 -0.0079
vn 0.7876 0.6140 -0.0522
vn 0.7877 0.6136 -0.0552
vn 0.6905 -0.7214 0.0532
vn 0.7081 0.7040 -0.0538
vn 0.7845 0.6183 -0.0490
vn 0.7065 0.7060 -0.0498
vn 0.7031 0.7097 -0.0450
vn 0.6930 -0.7186 0.0578
vn 0.7107 0.7009 -0.0607
vn 0.7906 0.6092 -0.0613
vn 0.7096 0.7023 -0.0574
vn 0.6993 0.7137 -0.0401
vn 0.7486 -0.6626 0.0213
vn 0.6886 -0.7237 0.0456
vn 0.7475 0.6639 -0.0229
vn 0.7012 0.7117 -0.0426
vn 0.7491 0.6617 -0.0331
vn 0.7481 0.6628 -0.0320
vn 0.7422 -0.6702 0.0006
vn 0.6886 -0.7239 0.0419
vn 0.7441 0.6681 -0.0007
vn 0.6973 0.7158 -0.0374
vn 0.7458 0.6660 -0.0121
vn 0.7442 0.6679 -0.0084
vn 0.8350 -0.5503 0.0051
vn 0.7502 -0.6610 0.0180
vn 0.8307 0.5564 -0.0176
vn 0.8325 0.5538 -0.0177
vn 0.8283 0.5595 -0.0299
vn 0.8293 -0.5584 -0.0232
vn 0.7418 -0.6706 -0.0087
vn 0.8354 0.5495 0.0088
vn 0.8375 0.5463 0.0085
vn 0.8331 0.5531 -0.0048
vn -0.0000 0.3790 -0.9254
vn -0.0041 -0.3796 -0.9251
vn -0.0050 -0.3791 -0.9254
vn 0.0008 0.3789 -0.9254
vn 0.0009 0.3787 -0.9255
vn 0.0004 0.3790 -0.9254
vn -0.0083 -0.3802 -0.9249
vn -0.0103 -0.3798 -0.9250
vn 0.0016 0.3788 -0.9255
vn 0.0019 0.3786 -0.9256
vn 0.0012 0.3789 -0.9255
vn -0.0174 -0.3596 -0.9329
vn -0.0205 -0.3576 -0.9336
vn 0.0027 0.3736 -0.9276
vn 0.0033 0.3728 -0.9279
vn 0.0004 0.3788 -0.9255
vn 0.0012 0.3743 -0.9273
vn -0.0348 -0.3632 -0.9311
vn -0.0422 -0.3621 -0.9312
vn 0.0059 0.3721 -0.9282
vn 0.0069 0.3711 -0.9286
vn 0.0014 0.3787 -0.9255
vn 0.0043 0.3729 -0.9279
vn -0.0315 -0.3000 -0.9534
vn -0.0322 -0.2956 -0.9548
vn 0.0041 0.3604 -0.9328
vn 0.0047 0.3592 -0.9333
vn 0.0015 0.3736 -0.9276
vn 0.0017 0.3624 -0.9320
vn -0.0630 -0.3060 -0.9499
vn -0.0660 -0.3020 -0.9510
vn 0.0090 0.3564 -0.9343
vn 0.0097 0.3549 -0.9348
vn 0.0051 0.3719 -0.9282
vn 0.0066 0.3584 -0.9335
vn -0.0366 -0.2317 -0.9721
vn -0.0368 -0.2278 -0.9730
vn 0.0036 0.3477 -0.9376
vn 0.0035 0.3470 -0.9379
vn 0.0021 0.3614 -0.9324
vn 0.0012 0.3506 -0.9365
vn -0.0706 -0.2362 -0.9691
vn -0.0706 -0.2320 -0.9701
vn 0.0082 0.3420 -0.9397
vn 0.0079 0.3412 -0.9400
vn 0.0072 0.3571 -0.9341
vn 0.0059 0.3448 -0.9387
vn -0.8661 -0.4994 -0.0207
vn -0.9588 -0.2818 -0.0363
vn -0.8627 -0.5055 -0.0175
vn -0.8233 0.5672 -0.0192
vn -0.7576 0.6524 -0.0201
vn -0.7565 0.6538 -0.0182
vn -0.7572 0.6524 -0.0315
vn -0.8192 0.5726 -0.0309
vn -0.8209 0.5703 -0.0310
vn -0.8544 -0.5135 -0.0789
vn -0.9551 -0.2826 -0.0886
vn -0.8529 -0.5177 -0.0679
vn -0.7592 0.6508 0.0039
vn -0.8317 0.5552 0.0116
vn -0.7566 0.6539 0.0003
vn -0.7580 0.6522 -0.0082
vn -0.8273 0.5617 -0.0073
vn -0.8294 0.5587 -0.0077
vn -0.7260 -0.6874 0.0224
vn -0.7265 -0.6864 0.0331
vn -0.7046 0.7084 -0.0403
vn -0.7109 0.7014 -0.0518
vn -0.7066 0.7062 -0.0441
vn -0.7563 0.6535 -0.0306
vn -0.7201 -0.6939 -0.0034
vn -0.7247 -0.6888 0.0206
vn -0.7001 0.7134 -0.0312
vn -0.7133 0.6986 -0.0569
vn -0.7025 0.7108 -0.0360
vn -0.7566 0.6539 -0.0047
vn -0.7510 -0.6585 0.0493
vn -0.7508 -0.6587 0.0493
vn -0.7825 0.6208 -0.0491
vn -0.7830 0.6202 -0.0473
vn -0.7094 0.7031 -0.0489
vn -0.7789 0.6256 -0.0426
vn -0.7514 -0.6573 0.0578
vn -0.7513 -0.6575 0.0576
vn -0.7887 0.6117 -0.0616
vn -0.7880 0.6130 -0.0574
vn -0.7122 0.6999 -0.0545
vn -0.7857 0.6161 -0.0554
vn -0.7845 -0.6200 0.0132
vn -0.7893 -0.6139 -0.0145
vn -0.7991 0.6009 -0.0183
vn -0.7665 0.6416 0.0286
vn -0.7802 0.6241 -0.0420
vn -0.8025 0.5962 -0.0240
vn -0.7902 -0.6128 -0.0064
vn -0.7983 -0.6004 -0.0485
vn -0.7928 0.6094 -0.0079
vn -0.7251 0.6829 0.0887
vn -0.7856 0.6165 -0.0524
vn -0.7959 0.6053 -0.0129
vn -0.6847 -0.7246 -0.0779
vn -0.6784 -0.7304 -0.0793
vn -0.5893 0.8068 0.0422
vn -0.5815 0.8125 0.0417
vn -0.7847 0.6199 -0.0001
vn -0.6383 0.7698 -0.0064
vn -0.7224 -0.6763 -0.1441
vn -0.7176 -0.6810 -0.1458
vn -0.4779 0.8669 0.1418
vn -0.4695 0.8714 0.1418
vn -0.7466 0.6628 0.0583
vn -0.5355 0.8395 0.0919
vn -0.0000 0.9970 0.0770
vn 0.0010 0.9940 -0.1094
vn -0.0000 0.9937 -0.1117
vn 0.0003 0.9938 -0.1113
vn 0.0127 0.9983 -0.0574
vn 0.0035 0.9979 -0.0651
vn -0.0000 0.8914 0.4532
vn -0.0000 0.7720 0.6356
vn -0.0000 0.9978 0.0665
vn -0.0000 0.9996 0.0298
vn 0.0205 0.9990 -0.0408
vn 0.0162 0.9994 -0.0295
vn 0.0013 0.9944 -0.1056
vn -0.0000 0.9947 -0.1027
vn 0.1357 0.9852 0.1044
vn 0.0439 0.9980 0.0451
vn 0.0777 0.9942 0.0747
vn 0.1419 0.9806 0.1352
vn 0.0748 0.9943 0.0766
vn 0.0713 0.9924 0.0998
vn 0.0114 0.9994 0.0318
vn 0.0196 0.9976 0.0665
vn -0.0000 0.9956 0.0932
vn 0.0012 0.9931 -0.1170
vn -0.0000 0.9928 -0.1197
vn -0.0000 0.9978 -0.0664
vn 0.0004 0.9929 -0.1192
vn 0.0149 0.9983 -0.0556
vn 0.0041 0.9979 -0.0648
vn -0.0000 0.8681 0.4964
vn -0.0000 0.7326 0.6807
vn -0.0000 0.9957 0.0926
vn -0.0000 0.9988 0.0480
vn 0.0241 0.9991 -0.0357
vn 0.0190 0.9996 -0.0228
vn 0.0015 0.9936 -0.1127
vn -0.0000 0.9940 -0.1093
vn 0.1598 0.9774 0.1385
vn 0.0519 0.9964 0.0665
vn 0.0913 0.9905 0.1025
vn 0.1671 0.9700 0.1766
vn 0.0886 0.9905 0.1048
vn 0.0841 0.9876 0.1323
vn 0.0230 0.9954 0.0926
vn 0.0134 0.9986 0.0504
vn -0.0000 0.9983 0.0576
vn 0.0001 0.9970 -0.0780
vn -0.0000 0.9969 -0.0785
vn 0.0010 0.9923 -0.1236
vn 0.0005 0.9922 -0.1243
vn 0.0017 0.9925 -0.1224
vn 0.0001 0.9969 -0.0783
vn -0.0000 0.9969 -0.0786
vn 0.0001 0.9922 -0.1245
vn -0.0000 0.9922 -0.1246
vn 0.0010 0.9975 -0.0711
vn -0.0000 0.9927 -0.1208
vn -0.0000 0.9975 -0.0713
vn 0.0040 0.9975 -0.0700
vn 0.0004 0.9927 -0.1207
vn 0.0016 0.9928 -0.1201
vn 0.0156 0.9979 -0.0621
vn 0.0035 0.9929 -0.1187
vn 0.0088 0.9977 -0.0673
vn 0.0063 0.9932 -0.1160
vn -0.0000 0.9611 0.2763
vn -0.0000 0.8677 0.4971
vn -0.0000 0.7145 0.6997
vn -0.0000 0.7609 0.6488
vn -0.0000 0.9944 0.1059
vn -0.0000 0.9957 0.0930
vn -0.0000 0.9984 0.0557
vn -0.0000 1.0000 -0.0014
vn 0.0223 0.9983 -0.0539
vn 0.0272 0.9987 -0.0432
vn 0.0089 0.9937 -0.1118
vn 0.0024 0.9927 -0.1205
vn 0.0107 0.9943 -0.1064
vn 0.0029 0.9930 -0.1181
vn 0.0271 0.9993 -0.0243
vn 0.0118 0.9949 -0.1002
vn 0.0302 0.9991 -0.0308
vn 0.0032 0.9933 -0.1154
vn 0.0102 0.9953 -0.0964
vn 0.0024 0.9935 -0.1135
vn 0.0002 0.9971 -0.0760
vn -0.0000 0.9971 -0.0755
vn 0.0002 0.9970 -0.0768
vn 0.0002 0.9970 -0.0774
vn 0.1453 0.9794 0.1402
vn 0.0780 0.9904 0.1140
vn 0.0990 0.9876 0.1220
vn 0.1800 0.9695 0.1662
vn 0.1140 0.9844 0.1341
vn 0.0767 0.9929 0.0914
vn 0.1407 0.9769 0.1609
vn 0.0943 0.9890 0.1143
vn 0.0528 0.9959 0.0741
vn 0.2002 0.9543 0.2218
vn 0.1573 0.9687 0.1922
vn 0.2016 0.9593 0.1979
vn 0.1052 0.9844 0.1410
vn 0.1525 0.9654 0.2116
vn 0.1001 0.9826 0.1565
vn 0.0574 0.9956 0.0741
vn 0.0618 0.9961 0.0631
vn 0.0555 0.9975 0.0431
vn 0.0454 0.9986 0.0259
vn 0.0315 0.9994 0.0128
vn 0.0060 0.9944 0.1059
vn 0.0239 0.9940 0.1072
vn 0.0048 0.9956 0.0933
vn 0.0033 0.9984 0.0560
vn 0.0189 0.9952 0.0955
vn 0.0130 0.9982 0.0580
vn 0.0430 0.9939 0.1016
vn 0.0544 0.9922 0.1118
vn 0.0293 0.9976 0.0634
vn 0.0176 0.9998 0.0046
vn 0.0079 1.0000 0.0005
vn 0.0021 1.0000 -0.0011
vn -0.0000 0.9976 0.0693
vn 0.0001 0.9967 -0.0809
vn 0.0002 0.9968 -0.0806
vn -0.0000 0.9967 -0.0812
vn 0.0011 0.9913 -0.1314
vn 0.0005 0.9912 -0.1321
vn 0.0019 0.9915 -0.1300
vn -0.0000 0.9967 -0.0813
vn 0.0001 0.9912 -0.1324
vn -0.0000 0.9912 -0.1324
vn -0.0000 0.9974 -0.0724
vn 0.0005 0.9917 -0.1282
vn -0.0000 0.9917 -0.1283
vn 0.0045 0.9975 -0.0710
vn 0.0012 0.9974 -0.0721
vn 0.0018 0.9918 -0.1276
vn 0.0177 0.9979 -0.0619
vn 0.0040 0.9920 -0.1260
vn 0.0100 0.9976 -0.0679
vn 0.0071 0.9924 -0.1230
vn -0.0000 0.9519 0.3063
vn -0.0000 0.8448 0.5350
vn -0.0000 0.6810 0.7323
vn -0.0000 0.7295 0.6840
vn -0.0000 0.9910 0.1337
vn -0.0000 0.9929 0.1186
vn -0.0000 0.9972 0.0746
vn -0.0000 1.0000 0.0079
vn 0.0254 0.9983 -0.0524
vn 0.0309 0.9987 -0.0402
vn 0.0100 0.9929 -0.1183
vn 0.0027 0.9918 -0.1279
vn 0.0121 0.9936 -0.1122
vn 0.0033 0.9921 -0.1252
vn 0.0308 0.9993 -0.0188
vn 0.0134 0.9944 -0.1051
vn 0.0343 0.9991 -0.0260
vn 0.0036 0.9925 -0.1221
vn 0.0115 0.9948 -0.1009
vn 0.0027 0.9928 -0.1200
vn 0.0003 0.9969 -0.0784
vn -0.0000 0.9970 -0.0778
vn 0.0002 0.9969 -0.0792
vn 0.0002 0.9968 -0.0800
vn -0.0000 0.7294 0.6840
vn 0.1657 0.9708 0.1737
vn 0.0892 0.9857 0.1430
vn 0.1126 0.9819 0.1525
vn 0.2053 0.9572 0.2042
vn 0.1306 0.9773 0.1666
vn 0.0878 0.9893 0.1164
vn 0.1614 0.9668 0.1980
vn 0.1081 0.9838 0.1433
vn 0.0604 0.9935 0.0961
vn 0.2279 0.9357 0.2695
vn 0.1803 0.9552 0.2348
vn 0.2297 0.9429 0.2413
vn 0.1206 0.9772 0.1746
vn 0.1743 0.9505 0.2573
vn 0.1145 0.9746 0.1924
vn 0.0654 0.9933 0.0953
vn 0.0707 0.9940 0.0830
vn 0.0635 0.9962 0.0596
vn 0.0518 0.9979 0.0396
vn 0.0359 0.9991 0.0244
vn 0.0055 0.9929 0.1189
vn 0.0271 0.9904 0.1353
vn 0.0068 0.9910 0.1337
vn 0.0038 0.9972 0.0750
vn 0.0216 0.9924 0.1215
vn 0.0148 0.9969 0.0773
vn 0.0490 0.9905 0.1287
vn 0.0618 0.9881 0.1407
vn 0.0335 0.9959 0.0836
vn 0.0201 0.9997 0.0149
vn 0.0090 0.9999 0.0100
vn 0.0023 1.0000 0.0082
vn -0.0000 0.9968 0.0805
vn 0.0001 0.9965 -0.0836
vn 0.0002 0.9965 -0.0831
vn 0.0012 0.9903 -0.1390
vn 0.0001 0.9965 -0.0838
vn 0.0006 0.9902 -0.1398
vn 0.0022 0.9905 -0.1375
vn -0.0000 0.9965 -0.0839
vn 0.0002 0.9901 -0.1401
vn -0.0000 0.9901 -0.1402
vn 0.0013 0.9973 -0.0733
vn -0.0000 0.9907 -0.1358
vn -0.0000 0.9973 -0.0735
vn 0.0050 0.9974 -0.0719
vn 0.0005 0.9907 -0.1357
vn 0.0020 0.9908 -0.1350
vn 0.0198 0.9979 -0.0617
vn 0.0045 0.9911 -0.1333
vn 0.0112 0.9976 -0.0684
vn 0.0079 0.9915 -0.1299
vn -0.0000 0.9426 0.3339
vn -0.0000 0.8230 0.5681
vn -0.0000 0.6513 0.7588
vn -0.0000 0.7008 0.7133
vn -0.0000 0.9867 0.1628
vn -0.0000 0.9894 0.1452
vn -0.0000 0.9955 0.0943
vn -0.0000 0.9998 0.0174
vn 0.0284 0.9983 -0.0510
vn 0.0346 0.9987 -0.0372
vn 0.0111 0.9921 -0.1247
vn 0.0030 0.9908 -0.1352
vn 0.0135 0.9929 -0.1179
vn 0.0036 0.9912 -0.1322
vn 0.0345 0.9993 -0.0133
vn 0.0149 0.9938 -0.1101
vn 0.0385 0.9990 -0.0211
vn 0.0040 0.9917 -0.1289
vn 0.0129 0.9943 -0.1054
vn 0.0030 0.9920 -0.1265
vn -0.0000 0.9968 -0.0801
vn 0.0003 0.9967 -0.0817
vn 0.0003 0.9967 -0.0808
vn 0.0002 0.9966 -0.0825
vn 0.1856 0.9603 0.2085
vn 0.1004 0.9797 0.1733
vn 0.1260 0.9748 0.1842
vn 0.2299 0.9423 0.2433
vn 0.1472 0.9686 0.2003
vn 0.0989 0.9849 0.1424
vn 0.1819 0.9545 0.2365
vn 0.1220 0.9773 0.1734
vn 0.0680 0.9906 0.1190
vn 0.2542 0.9134 0.3181
vn 0.2029 0.9388 0.2785
vn 0.2566 0.9233 0.2856
vn 0.1361 0.9683 0.2096
vn 0.1957 0.9323 0.3040
vn 0.1288 0.9647 0.2295
vn 0.0735 0.9904 0.1170
vn 0.0796 0.9914 0.1034
vn 0.0715 0.9945 0.0767
vn 0.0582 0.9969 0.0537
vn 0.0403 0.9985 0.0362
vn 0.0061 0.9893 0.1456
vn 0.0302 0.9859 0.1645
vn 0.0076 0.9866 0.1628
vn 0.0043 0.9955 0.0947
vn 0.0242 0.9886 0.1486
vn 0.0166 0.9951 0.0973
vn 0.0551 0.9861 0.1568
vn 0.0690 0.9829 0.1707
vn 0.0376 0.9938 0.1046
vn 0.0225 0.9994 0.0253
vn 0.0100 0.9998 0.0198
vn 0.0026 0.9998 0.0177
vn -0.0000 0.9949 0.1011
vn 0.0001 0.9960 -0.0889
vn 0.0002 0.9961 -0.0884
vn 0.0001 0.9960 -0.0892
vn 0.0015 0.9881 -0.1541
vn 0.0007 0.9879 -0.1551
vn 0.0026 0.9883 -0.1524
vn -0.0000 0.9960 -0.0893
vn 0.0002 0.9878 -0.1554
vn -0.0000 0.9878 -0.1555
vn 0.0016 0.9971 -0.0757
vn -0.0000 0.9886 -0.1509
vn -0.0000 0.9971 -0.0760
vn 0.0061 0.9972 -0.0740
vn 0.0006 0.9886 -0.1507
vn 0.0024 0.9887 -0.1499
vn 0.0240 0.9978 -0.0614
vn 0.0053 0.9890 -0.1478
vn 0.0135 0.9975 -0.0698
vn 0.0094 0.9896 -0.1438
vn -0.0000 0.9238 0.3829
vn -0.0000 0.7824 0.6227
vn -0.0000 0.6010 0.7992
vn -0.0000 0.9746 0.2238
vn -0.0000 0.9795 0.2015
vn -0.0000 0.9907 0.1358
vn -0.0000 0.9993 0.0369
vn 0.0344 0.9982 -0.0483
vn 0.0421 0.9986 -0.0311
vn 0.0134 0.9904 -0.1376
vn 0.0036 0.9887 -0.1496
vn 0.0162 0.9914 -0.1295
vn 0.0043 0.9893 -0.1462
vn 0.0418 0.9991 -0.0025
vn 0.0180 0.9926 -0.1202
vn 0.0468 0.9988 -0.0112
vn 0.0048 0.9898 -0.1422
vn 0.0155 0.9933 -0.1148
vn 0.0036 0.9902 -0.1395
vn 0.0003 0.9963 -0.0856
vn -0.0000 0.9964 -0.0848
vn 0.0003 0.9962 -0.0867
vn 0.0003 0.9962 -0.0876
vn 0.2230 0.9337 0.2803
vn 0.1224 0.9639 0.2366
vn 0.1514 0.9562 0.2504
vn 0.2751 0.9055 0.3232
vn 0.1796 0.9458 0.2705
vn 0.1214 0.9728 0.1972
vn 0.2215 0.9227 0.3155
vn 0.1497 0.9599 0.2368
vn 0.0832 0.9824 0.1672
vn 0.3004 0.8592 0.4142
vn 0.2457 0.8971 0.3672
vn 0.3046 0.8757 0.3747
vn 0.1668 0.9446 0.2828
vn 0.2358 0.8866 0.3981
vn 0.1569 0.9388 0.3067
vn 0.0897 0.9827 0.1620
vn 0.0977 0.9844 0.1462
vn 0.0876 0.9898 0.1122
vn 0.0713 0.9940 0.0829
vn 0.0492 0.9969 0.0607
vn 0.0074 0.9794 0.2020
vn 0.0361 0.9735 0.2260
vn 0.0091 0.9746 0.2237
vn 0.0052 0.9907 0.1363
vn 0.0292 0.9782 0.2057
vn 0.0202 0.9900 0.1396
vn 0.0668 0.9741 0.2159
vn 0.0827 0.9688 0.2337
vn 0.0458 0.9878 0.1488
vn 0.0274 0.9985 0.0469
vn 0.0122 0.9991 0.0400
vn 0.0032 0.9993 0.0374
vn -0.0000 0.9917 0.1282
vn 0.0001 0.9953 -0.0973
vn 0.0002 0.9953 -0.0967
vn 0.0001 0.9952 -0.0977
vn 0.0018 0.9843 -0.1766
vn 0.0008 0.9841 -0.1777
vn 0.0032 0.9847 -0.1745
vn -0.0000 0.9952 -0.0978
vn 0.0002 0.9840 -0.1781
vn -0.0000 0.9840 -0.1782
vn -0.0000 0.9967 -0.0807
vn 0.0008 0.9848 -0.1735
vn -0.0000 0.9848 -0.1737
vn 0.0076 0.9969 -0.0782
vn 0.0020 0.9968 -0.0803
vn 0.0030 0.9850 -0.1726
vn 0.0301 0.9976 -0.0620
vn 0.0066 0.9854 -0.1700
vn 0.0168 0.9972 -0.0727
vn 0.0116 0.9862 -0.1651
vn -0.0000 0.9917 0.1283
vn -0.0000 0.8962 0.4436
vn -0.0000 0.7300 0.6834
vn -0.0000 0.5436 0.8394
vn -0.0000 0.5929 0.8052
vn -0.0000 0.9479 0.3186
vn -0.0000 0.9568 0.2908
vn -0.0000 0.9793 0.2025
vn -0.0000 0.9977 0.0671
vn -0.0000 0.9952 -0.0979
vn 0.0433 0.9980 -0.0450
vn 0.0531 0.9983 -0.0227
vn 0.0166 0.9874 -0.1575
vn 0.0045 0.9852 -0.1712
vn 0.0202 0.9888 -0.1476
vn 0.0054 0.9859 -0.1670
vn 0.0527 0.9985 0.0126
vn 0.0224 0.9904 -0.1361
vn 0.0593 0.9982 0.0033
vn 0.0059 0.9867 -0.1623
vn 0.0193 0.9914 -0.1298
vn 0.0045 0.9873 -0.1590
vn 0.0004 0.9956 -0.0934
vn -0.0000 0.9957 -0.0924
vn 0.0004 0.9955 -0.0947
vn 0.0003 0.9954 -0.0958
vn 0.2676 0.8824 0.3869
vn 0.1522 0.9301 0.3344
vn 0.1827 0.9184 0.3510
vn 0.3257 0.8384 0.4371
vn 0.2228 0.8993 0.3763
vn 0.1537 0.9464 0.2840
vn 0.2721 0.8605 0.4308
vn 0.1890 0.9226 0.3363
vn 0.1053 0.9640 0.2442
vn 0.3453 0.7698 0.5368
vn 0.2969 0.8193 0.4904
vn 0.3526 0.7944 0.4946
vn 0.2091 0.8944 0.3954
vn 0.2831 0.8022 0.5256
vn 0.1949 0.8847 0.4234
vn 0.1134 0.9663 0.2312
vn 0.1245 0.9690 0.2134
vn 0.1117 0.9795 0.1679
vn 0.0906 0.9875 0.1286
vn 0.0624 0.9931 0.0988
vn 0.0109 0.9478 0.3186
vn 0.0433 0.9460 0.3214
vn 0.0091 0.9566 0.2913
vn 0.0065 0.9791 0.2032
vn 0.0361 0.9545 0.2959
vn 0.0254 0.9779 0.2076
vn 0.0829 0.9476 0.3087
vn 0.0996 0.9384 0.3308
vn 0.0578 0.9738 0.2197
vn 0.0346 0.9962 0.0804
vn 0.0154 0.9974 0.0711
vn 0.0040 0.9977 0.0676
vn 0.0008 0.9948 0.1017
vn -0.0000 0.9982 -0.0596
vn -0.0000 0.9946 0.1036
vn 0.0003 0.9947 0.1033
vn 0.0029 0.9979 0.0653
vn 0.0105 0.9982 0.0590
vn -0.0000 0.9154 -0.4025
vn -0.0000 0.8153 -0.5791
vn -0.0000 0.9999 -0.0124
vn -0.0000 0.9991 -0.0418
vn 0.0169 0.9988 0.0454
vn 0.0135 0.9993 0.0359
vn 0.0011 0.9951 0.0985
vn -0.0000 0.9954 0.0960
vn 0.0361 0.9990 -0.0247
vn 0.1122 0.9911 -0.0720
vn 0.0644 0.9968 -0.0484
vn 0.1171 0.9885 -0.0960
vn 0.0613 0.9969 -0.0498
vn 0.0587 0.9959 -0.0688
vn 0.0094 0.9999 -0.0140
vn 0.0163 0.9990 -0.0418
vn -0.0000 -0.9994 -0.0358
vn -0.0001 -0.9979 -0.0649
vn -0.0000 -0.9979 -0.0651
vn -0.0003 -0.9980 -0.0633
vn -0.0000 -0.9980 -0.0634
vn -0.0010 -0.9980 -0.0627
vn -0.0000 -0.9993 0.0373
vn -0.0000 -0.9965 0.0840
vn -0.0000 -0.9986 -0.0536
vn -0.0000 -0.9984 -0.0561
vn -0.0016 -0.9981 -0.0615
vn -0.0013 -0.9982 -0.0605
vn -0.0001 -0.9979 -0.0646
vn -0.0000 -0.9979 -0.0643
vn -0.0102 -0.9986 -0.0512
vn -0.0034 -0.9985 -0.0550
vn -0.0060 -0.9986 -0.0531
vn -0.0106 -0.9987 -0.0493
vn -0.0057 -0.9986 -0.0530
vn -0.0055 -0.9987 -0.0512
vn -0.0016 -0.9986 -0.0536
vn -0.0009 -0.9984 -0.0559
vn 0.6612 -0.7493 0.0376
vn 0.7850 -0.6194 -0.0062
vn 0.7832 -0.6213 -0.0236
vn 0.7079 -0.6973 0.1128
vn 0.7962 -0.6042 0.0325
vn 0.7895 -0.6138 -0.0032
vn 0.7524 -0.6570 -0.0467
vn 0.7527 -0.6567 -0.0470
vn 0.7525 -0.6559 -0.0596
vn 0.7528 -0.6555 -0.0601
vn 0.6893 -0.7227 -0.0508
vn 0.6883 -0.7239 -0.0468
vn 0.6917 -0.7200 -0.0555
vn 0.6887 -0.7238 -0.0439
vn 0.7513 -0.6592 -0.0309
vn 0.7534 -0.6569 -0.0298
vn 0.7456 -0.6663 -0.0112
vn 0.7463 -0.6656 -0.0052
vn 0.8373 -0.5465 -0.0177
vn 0.8323 -0.5542 0.0085
vn 0.8343 -0.5512 0.0086
vn -0.0000 -0.3790 0.9254
vn -0.0020 -0.3793 0.9253
vn -0.0062 -0.3799 0.9250
vn -0.0025 -0.3787 0.9255
vn -0.0090 -0.3579 0.9337
vn -0.0076 -0.3794 0.9252
vn -0.0260 -0.3614 0.9320
vn -0.0103 -0.3555 0.9346
vn -0.0167 -0.2971 0.9547
vn -0.0311 -0.3599 0.9325
vn -0.0469 -0.3030 0.9518
vn -0.0209 -0.2295 0.9731
vn -0.0167 -0.2925 0.9561
vn -0.0212 -0.2257 0.9740
vn -0.0532 -0.2340 0.9708
vn -0.0486 -0.2987 0.9531
vn -0.0533 -0.2299 0.9718
vn -0.9595 -0.2816 0.0130
vn -0.8698 -0.4935 -0.0049
vn -0.8660 -0.5001 -0.0056
vn -0.9574 -0.2822 0.0615
vn -0.8611 -0.5061 0.0485
vn -0.8584 -0.5113 0.0419
vn -0.7280 -0.6848 -0.0339
vn -0.7271 -0.6855 -0.0390
vn -0.7234 -0.6904 -0.0100
vn -0.7257 -0.6875 -0.0269
vn -0.7509 -0.6589 -0.0449
vn -0.7507 -0.6591 -0.0449
vn -0.7512 -0.6579 -0.0536
vn -0.7510 -0.6581 -0.0535
vn -0.7812 -0.6238 -0.0237
vn -0.7875 -0.6163 -0.0032
vn -0.7830 -0.6220 -0.0063
vn -0.6588 -0.7514 0.0377
vn -0.7943 -0.6067 0.0326
vn -0.7056 -0.6995 0.1132
vn 0.9657 -0.0624 0.2521
vn 0.9659 -0.0623 0.2515
vn -0.9987 0.0133 0.0485
vn -0.9428 -0.2379 0.2336
vn -0.9158 -0.0965 0.3899
vn 0.7554 0.5817 0.3017
vn 0.9782 -0.0498 0.2017
vn -0.9257 -0.3247 0.1938
vn -0.7104 0.6984 -0.0874
vn 0.6871 -0.7224 0.0777
vn 0.7912 -0.6113 0.0145
vn 0.7865 -0.6175 -0.0132
vn 0.7685 0.6392 -0.0286
vn 0.5918 0.8050 -0.0421
vn 0.8010 0.5984 0.0183
vn 0.6407 0.7677 0.0064
vn 0.7866 0.6174 0.0001
vn 0.6333 0.7739 0.0073
vn 0.7246 -0.6740 0.1436
vn 0.8002 -0.5978 0.0483
vn 0.7921 -0.6103 0.0063
vn 0.7273 0.6806 -0.0885
vn 0.4802 0.8656 -0.1416
vn 0.7948 0.6068 0.0079
vn 0.5380 0.8379 -0.0918
vn 0.7487 0.6604 -0.0582
vn 0.5299 0.8431 -0.0916
vn 0.7524 -0.6565 -0.0532
vn 0.7527 -0.6562 -0.0536
vn 0.7850 0.6177 0.0471
vn 0.7845 0.6183 0.0490
vn 0.8044 0.5936 0.0239
vn 0.7822 0.6216 0.0418
vn 0.7527 -0.6551 -0.0657
vn 0.7530 -0.6547 -0.0664
vn 0.7899 0.6105 0.0572
vn 0.7906 0.6092 0.0613
vn 0.7978 0.6028 0.0129
vn 0.7876 0.6140 0.0522
vn 0.6905 -0.7214 -0.0532
vn 0.6886 -0.7237 -0.0456
vn 0.7081 0.7040 0.0538
vn 0.7012 0.7117 0.0426
vn 0.7809 0.6232 0.0424
vn 0.7065 0.7060 0.0498
vn 0.6930 -0.7186 -0.0578
vn 0.6886 -0.7239 -0.0419
vn 0.7107 0.7009 0.0607
vn 0.6973 0.7158 0.0374
vn 0.7877 0.6136 0.0552
vn 0.7096 0.7023 0.0574
vn 0.7486 -0.6626 -0.0213
vn 0.7502 -0.6610 -0.0180
vn 0.7475 0.6639 0.0229
vn 0.7462 0.6654 0.0206
vn 0.7031 0.7097 0.0450
vn 0.7491 0.6617 0.0331
vn 0.7422 -0.6702 -0.0006
vn 0.7418 -0.6706 0.0087
vn 0.7441 0.6681 0.0007
vn 0.7421 0.6702 -0.0046
vn 0.6993 0.7137 0.0401
vn 0.7458 0.6660 0.0121
vn 0.8350 -0.5503 -0.0051
vn 0.8369 -0.5474 -0.0049
vn 0.8307 0.5564 0.0176
vn 0.8325 0.5538 0.0177
vn 0.8283 0.5595 0.0299
vn 0.7481 0.6628 0.0320
vn 0.8293 -0.5584 0.0232
vn 0.8313 -0.5553 0.0232
vn 0.8354 0.5495 -0.0088
vn 0.8375 0.5463 -0.0085
vn 0.8331 0.5531 0.0048
vn 0.7442 0.6679 0.0084
vn -0.0000 0.3790 0.9254
vn -0.0041 -0.3796 0.9251
vn 0.0008 0.3789 0.9254
vn 0.0009 0.3787 0.9255
vn 0.0004 0.3790 0.9254
vn -0.0083 -0.3802 0.9249
vn 0.0016 0.3788 0.9255
vn 0.0019 0.3786 0.9256
vn 0.0012 0.3789 0.9255
vn -0.0050 -0.3791 0.9254
vn -0.0174 -0.3596 0.9329
vn 0.0027 0.3736 0.9276
vn 0.0033 0.3728 0.9279
vn 0.0012 0.3743 0.9273
vn 0.0004 0.3788 0.9255
vn -0.0103 -0.3798 0.9250
vn -0.0348 -0.3632 0.9311
vn 0.0059 0.3721 0.9282
vn 0.0069 0.3711 0.9286
vn 0.0043 0.3729 0.9279
vn 0.0014 0.3787 0.9255
vn -0.0205 -0.3576 0.9336
vn -0.0315 -0.3000 0.9534
vn 0.0041 0.3604 0.9328
vn 0.0047 0.3592 0.9333
vn 0.0017 0.3624 0.9320
vn 0.0015 0.3736 0.9276
vn -0.0422 -0.3621 0.9312
vn -0.0630 -0.3060 0.9499
vn 0.0090 0.3564 0.9343
vn 0.0097 0.3549 0.9348
vn 0.0066 0.3584 0.9335
vn 0.0051 0.3719 0.9282
vn -0.0322 -0.2956 0.9548
vn -0.0366 -0.2317 0.9721
vn 0.0036 0.3477 0.9376
vn 0.0035 0.3470 0.9379
vn 0.0012 0.3506 0.9365
vn 0.0021 0.3614 0.9324
vn -0.0660 -0.3020 0.9510
vn -0.0706 -0.2362 0.9691
vn 0.0082 0.3420 0.9397
vn 0.0079 0.3412 0.9400
vn 0.0059 0.3448 0.9387
vn 0.0072 0.3571 0.9341
vn -0.9588 -0.2818 0.0363
vn -0.8661 -0.4994 0.0207
vn -0.8627 -0.5055 0.0175
vn -0.8233 0.5672 0.0192
vn -0.7576 0.6524 0.0201
vn -0.8252 0.5645 0.0195
vn -0.7572 0.6524 0.0315
vn -0.8192 0.5726 0.0309
vn -0.7563 0.6535 0.0306
vn -0.9551 -0.2826 0.0886
vn -0.8544 -0.5135 0.0789
vn -0.8529 -0.5177 0.0679
vn -0.8317 0.5552 -0.0116
vn -0.7592 0.6508 -0.0039
vn -0.7566 0.6539 -0.0003
vn -0.7580 0.6522 0.0082
vn -0.8273 0.5617 0.0073
vn -0.7566 0.6539 0.0047
vn -0.7260 -0.6874 -0.0224
vn -0.7265 -0.6864 -0.0331
vn -0.7046 0.7084 0.0403
vn -0.7109 0.7014 0.0518
vn -0.7066 0.7062 0.0441
vn -0.7201 -0.6939 0.0034
vn -0.7247 -0.6888 -0.0206
vn -0.7001 0.7134 0.0312
vn -0.7133 0.6986 0.0569
vn -0.7025 0.7108 0.0360
vn -0.7510 -0.6585 -0.0493
vn -0.7508 -0.6587 -0.0493
vn -0.7825 0.6208 0.0491
vn -0.7830 0.6202 0.0473
vn -0.7789 0.6256 0.0426
vn -0.7094 0.7031 0.0489
vn -0.7514 -0.6573 -0.0578
vn -0.7513 -0.6575 -0.0576
vn -0.7887 0.6117 0.0616
vn -0.7880 0.6130 0.0574
vn -0.7857 0.6161 0.0554
vn -0.7122 0.6999 0.0545
vn -0.7845 -0.6200 -0.0132
vn -0.7991 0.6009 0.0183
vn -0.7665 0.6416 -0.0286
vn -0.8025 0.5962 0.0240
vn -0.7802 0.6241 0.0420
vn -0.7902 -0.6128 0.0064
vn -0.7928 0.6094 0.0079
vn -0.7251 0.6829 -0.0887
vn -0.7959 0.6053 0.0129
vn -0.7856 0.6165 0.0524
vn -0.7893 -0.6139 0.0145
vn -0.6847 -0.7246 0.0779
vn -0.5893 0.8068 -0.0422
vn -0.5815 0.8125 -0.0417
vn -0.6383 0.7698 0.0064
vn -0.7847 0.6199 0.0001
vn -0.7983 -0.6004 0.0485
vn -0.7224 -0.6763 0.1441
vn -0.4779 0.8669 -0.1418
vn -0.4695 0.8714 -0.1418
vn -0.5355 0.8395 -0.0919
vn -0.7466 0.6628 -0.0583
vn 0.0001 0.9997 0.0239
vn -0.0000 0.9956 -0.0936
vn -0.0000 0.9997 0.0243
vn 0.0007 0.9972 0.0744
vn 0.0003 0.9972 0.0749
vn 0.0013 0.9973 0.0735
vn 0.0001 0.9997 0.0241
vn -0.0000 0.9997 0.0244
vn 0.0001 0.9972 0.0751
vn -0.0000 0.9972 0.0752
vn -0.0000 0.9960 0.0891
vn 0.0008 0.9976 0.0698
vn -0.0000 0.9975 0.0700
vn 0.0029 0.9976 0.0691
vn 0.0003 0.9960 0.0890
vn 0.0012 0.9961 0.0886
vn 0.0114 0.9979 0.0633
vn 0.0026 0.9962 0.0875
vn 0.0047 0.9963 0.0855
vn 0.0065 0.9977 0.0671
vn -0.0000 0.9612 -0.2757
vn -0.0000 0.8858 -0.4640
vn -0.0000 0.7971 -0.6039
vn -0.0000 0.7558 -0.6548
vn -0.0000 0.9983 -0.0585
vn -0.0000 0.9974 -0.0723
vn -0.0000 0.9998 -0.0186
vn -0.0000 0.9996 0.0299
vn 0.0163 0.9982 0.0574
vn 0.0198 0.9986 0.0497
vn 0.0066 0.9966 0.0823
vn 0.0080 0.9969 0.0782
vn 0.0018 0.9974 0.0720
vn 0.0022 0.9975 0.0702
vn 0.0198 0.9992 0.0355
vn 0.0088 0.9973 0.0735
vn 0.0075 0.9975 0.0704
vn 0.0024 0.9977 0.0680
vn 0.0018 0.9978 0.0665
vn 0.0219 0.9989 0.0408
vn 0.0002 0.9997 0.0224
vn 0.0002 0.9997 0.0229
vn -0.0000 0.9998 0.0219
vn 0.0001 0.9997 0.0234
vn 0.0561 0.9958 -0.0729
vn 0.1052 0.9899 -0.0956
vn 0.0720 0.9939 -0.0833
vn 0.1299 0.9851 -0.1130
vn 0.0816 0.9929 -0.0864
vn 0.1004 0.9895 -0.1044
vn 0.0550 0.9976 -0.0429
vn 0.0674 0.9960 -0.0584
vn 0.0381 0.9988 -0.0312
vn 0.1442 0.9782 -0.1494
vn 0.1119 0.9858 -0.1253
vn 0.1090 0.9844 -0.1384
vn 0.0750 0.9942 -0.0764
vn 0.0717 0.9936 -0.0870
vn 0.1453 0.9803 -0.1342
vn 0.0413 0.9989 -0.0230
vn 0.0443 0.9989 -0.0148
vn 0.0399 0.9992 -0.0010
vn 0.0327 0.9994 0.0109
vn 0.0228 0.9995 0.0200
vn 0.0035 0.9983 -0.0588
vn 0.0044 0.9974 -0.0723
vn 0.0175 0.9972 -0.0732
vn 0.0138 0.9981 -0.0603
vn 0.0024 0.9998 -0.0188
vn 0.0095 0.9998 -0.0201
vn 0.0311 0.9974 -0.0645
vn 0.0212 0.9995 -0.0239
vn 0.0398 0.9963 -0.0763
vn 0.0128 0.9996 0.0257
vn 0.0057 0.9996 0.0287
vn 0.0015 0.9996 0.0298
vn -0.0002 0.9996 0.0298
vn -0.0005 0.9996 0.0289
vn -0.0040 0.9998 -0.0200
vn -0.0009 0.9998 -0.0186
vn -0.0000 0.9997 0.0257
vn -0.0098 0.9995 -0.0300
vn -0.0006 0.9996 0.0271
vn -0.0073 0.9997 -0.0250
vn -0.0341 0.9960 -0.0832
vn -0.0458 0.9944 -0.0954
vn -0.0579 0.9926 -0.1069
vn -0.0253 0.9964 -0.0809
vn -0.0255 0.9970 -0.0737
vn -0.0138 0.9979 -0.0632
vn -0.0060 0.9973 -0.0737
vn -0.0032 0.9982 -0.0591
vn 0.0001 0.9997 -0.0254
vn -0.0000 0.9880 -0.1545
vn -0.0000 0.9997 -0.0249
vn 0.0008 0.9992 0.0405
vn 0.0003 0.9992 0.0410
vn 0.0013 0.9992 0.0396
vn 0.0001 0.9997 -0.0251
vn 0.0001 0.9991 0.0412
vn -0.0000 0.9991 0.0413
vn -0.0000 0.9975 0.0707
vn 0.0003 0.9974 0.0721
vn 0.0008 0.9975 0.0706
vn 0.0029 0.9976 0.0699
vn 0.0012 0.9974 0.0717
vn -0.0000 0.9974 0.0722
vn 0.0114 0.9979 0.0641
vn 0.0027 0.9975 0.0706
vn 0.0047 0.9976 0.0685
vn 0.0065 0.9977 0.0679
vn -0.0000 0.9400 -0.3412
vn -0.0000 0.8527 -0.5224
vn -0.0000 0.7148 -0.6993
vn -0.0000 0.7582 -0.6521
vn -0.0000 0.9974 -0.0717
vn -0.0000 0.9959 -0.0905
vn -0.0000 0.9999 -0.0169
vn -0.0000 0.9992 0.0407
vn 0.0163 0.9982 0.0581
vn 0.0198 0.9985 0.0504
vn 0.0066 0.9978 0.0653
vn 0.0080 0.9981 0.0611
vn 0.0018 0.9993 0.0381
vn 0.0022 0.9993 0.0362
vn 0.0197 0.9992 0.0359
vn 0.0088 0.9984 0.0564
vn 0.0076 0.9986 0.0531
vn 0.0024 0.9994 0.0340
vn 0.0018 0.9995 0.0324
vn 0.0219 0.9989 0.0415
vn -0.0000 0.9996 -0.0274
vn 0.0002 0.9996 -0.0269
vn 0.0002 0.9997 -0.0263
vn 0.0001 0.9997 -0.0258
vn 0.0563 0.9947 -0.0860
vn 0.1055 0.9879 -0.1137
vn 0.0722 0.9922 -0.1015
vn 0.1303 0.9828 -0.1311
vn 0.0818 0.9917 -0.0996
vn 0.1006 0.9880 -0.1175
vn 0.0550 0.9976 -0.0413
vn 0.0674 0.9961 -0.0568
vn 0.0380 0.9988 -0.0296
vn 0.1445 0.9753 -0.1673
vn 0.1121 0.9840 -0.1383
vn 0.1092 0.9824 -0.1512
vn 0.0750 0.9944 -0.0748
vn 0.0717 0.9938 -0.0849
vn 0.1457 0.9776 -0.1521
vn 0.0412 0.9991 -0.0121
vn 0.0442 0.9990 -0.0039
vn 0.0398 0.9992 0.0098
vn 0.0326 0.9992 0.0217
vn 0.0227 0.9993 0.0308
vn 0.0035 0.9974 -0.0720
vn 0.0045 0.9959 -0.0905
vn 0.0176 0.9957 -0.0914
vn 0.0138 0.9972 -0.0735
vn 0.0024 0.9999 -0.0171
vn 0.0095 0.9998 -0.0185
vn 0.0312 0.9965 -0.0777
vn 0.0212 0.9995 -0.0222
vn 0.0399 0.9947 -0.0946
vn 0.0128 0.9993 0.0365
vn 0.0057 0.9992 0.0395
vn 0.0015 0.9992 0.0406
vn -0.0003 0.9992 0.0404
vn -0.0009 0.9993 0.0386
vn -0.0079 0.9998 -0.0198
vn -0.0018 0.9999 -0.0169
vn -0.0000 0.9995 0.0323
vn -0.0196 0.9990 -0.0399
vn -0.0012 0.9994 0.0351
vn -0.0146 0.9994 -0.0298
vn -0.0678 0.9904 -0.1205
vn -0.0909 0.9865 -0.1360
vn -0.1145 0.9807 -0.1584
vn -0.0505 0.9929 -0.1076
vn -0.0508 0.9935 -0.1018
vn -0.0275 0.9963 -0.0810
vn -0.0120 0.9956 -0.0934
vn -0.0063 0.9973 -0.0728
vn 0.0001 0.9972 -0.0747
vn -0.0000 0.9767 -0.2145
vn -0.0000 0.9972 -0.0742
vn 0.0008 1.0000 0.0061
vn 0.0004 1.0000 0.0067
vn 0.0013 1.0000 0.0052
vn 0.0001 0.9972 -0.0744
vn -0.0000 1.0000 0.0069
vn 0.0001 1.0000 0.0069
vn -0.0000 0.9974 0.0715
vn 0.0003 0.9985 0.0548
vn 0.0008 0.9975 0.0713
vn 0.0029 0.9975 0.0706
vn 0.0012 0.9985 0.0544
vn -0.0000 0.9985 0.0549
vn 0.0114 0.9978 0.0648
vn 0.0027 0.9986 0.0533
vn 0.0047 0.9987 0.0512
vn 0.0065 0.9976 0.0686
vn -0.0000 0.9147 -0.4042
vn -0.0000 0.8161 -0.5779
vn -0.0000 0.6705 -0.7419
vn -0.0000 0.7160 -0.6981
vn -0.0000 0.9964 -0.0849
vn -0.0000 0.9941 -0.1087
vn -0.0000 0.9999 -0.0153
vn -0.0000 0.9987 0.0516
vn 0.0163 0.9981 0.0588
vn 0.0198 0.9985 0.0511
vn 0.0067 0.9988 0.0479
vn 0.0081 0.9990 0.0437
vn 0.0019 1.0000 0.0036
vn 0.0022 1.0000 0.0017
vn 0.0197 0.9991 0.0363
vn 0.0089 0.9992 0.0388
vn 0.0076 0.9993 0.0354
vn 0.0024 1.0000 -0.0005
vn 0.0018 1.0000 -0.0022
vn 0.0219 0.9989 0.0421
vn -0.0000 0.9971 -0.0767
vn 0.0002 0.9971 -0.0756
vn 0.0002 0.9971 -0.0762
vn 0.0001 0.9972 -0.0751
vn 0.0564 0.9935 -0.0992
vn 0.1058 0.9856 -0.1317
vn 0.0725 0.9902 -0.1195
vn 0.1306 0.9802 -0.1490
vn 0.0819 0.9903 -0.1127
vn 0.1008 0.9863 -0.1305
vn 0.0549 0.9977 -0.0397
vn 0.0673 0.9962 -0.0552
vn 0.0380 0.9989 -0.0280
vn 0.1448 0.9720 -0.1851
vn 0.1123 0.9821 -0.1513
vn 0.1094 0.9804 -0.1640
vn 0.0750 0.9945 -0.0731
vn 0.0717 0.9940 -0.0828
vn 0.1460 0.9746 -0.1699
vn 0.0411 0.9992 -0.0012
vn 0.0441 0.9990 0.0070
vn 0.0397 0.9990 0.0207
vn 0.0325 0.9989 0.0326
vn 0.0226 0.9989 0.0417
vn 0.0035 0.9964 -0.0851
vn 0.0045 0.9941 -0.1087
vn 0.0177 0.9938 -0.1095
vn 0.0138 0.9961 -0.0866
vn 0.0024 0.9999 -0.0155
vn 0.0094 0.9998 -0.0169
vn 0.0313 0.9954 -0.0908
vn 0.0212 0.9996 -0.0206
vn 0.0400 0.9928 -0.1127
vn 0.0127 0.9988 0.0474
vn 0.0057 0.9987 0.0503
vn 0.0015 0.9987 0.0514
vn -0.0005 0.9987 0.0510
vn -0.0014 0.9988 0.0484
vn -0.0119 0.9997 -0.0196
vn -0.0027 0.9999 -0.0153
vn -0.0000 0.9992 0.0390
vn -0.0293 0.9983 -0.0496
vn -0.0018 0.9991 0.0432
vn -0.0220 0.9992 -0.0346
vn -0.1008 0.9824 -0.1571
vn -0.1349 0.9752 -0.1754
vn -0.1688 0.9636 -0.2074
vn -0.0754 0.9881 -0.1340
vn -0.0758 0.9887 -0.1295
vn -0.0412 0.9943 -0.0987
vn -0.0180 0.9934 -0.1129
vn -0.0095 0.9962 -0.0864
vn 0.0001 0.9851 -0.1720
vn -0.0000 0.9444 -0.3289
vn -0.0000 0.9852 -0.1715
vn 0.0008 0.9980 -0.0637
vn 0.0004 0.9980 -0.0631
vn 0.0014 0.9979 -0.0647
vn 0.0001 0.9852 -0.1717
vn -0.0000 0.9852 -0.1714
vn -0.0000 0.9980 -0.0629
vn 0.0001 0.9980 -0.0629
vn -0.0000 0.9974 0.0727
vn 0.0003 0.9998 0.0191
vn 0.0008 0.9974 0.0726
vn 0.0029 0.9974 0.0718
vn 0.0012 0.9998 0.0186
vn -0.0000 0.9998 0.0191
vn 0.0114 0.9978 0.0660
vn 0.0027 0.9998 0.0175
vn 0.0048 0.9999 0.0153
vn 0.0064 0.9975 0.0698
vn -0.0000 0.8542 -0.5200
vn -0.0000 0.7348 -0.6782
vn -0.0000 0.6237 -0.7817
vn -0.0000 0.5735 -0.8192
vn -0.0000 0.9938 -0.1110
vn -0.0000 0.9895 -0.1446
vn -0.0000 0.9999 -0.0121
vn -0.0000 0.9973 0.0732
vn 0.0163 0.9981 0.0600
vn 0.0198 0.9984 0.0522
vn 0.0067 0.9999 0.0120
vn 0.0082 0.9999 0.0076
vn 0.0019 0.9978 -0.0662
vn 0.0023 0.9977 -0.0682
vn 0.0197 0.9991 0.0368
vn 0.0090 1.0000 0.0026
vn 0.0077 1.0000 -0.0011
vn 0.0025 0.9975 -0.0705
vn 0.0018 0.9974 -0.0723
vn 0.0219 0.9988 0.0431
vn 0.0002 0.9848 -0.1735
vn 0.0002 0.9849 -0.1729
vn -0.0000 0.9847 -0.1740
vn 0.0001 0.9850 -0.1724
vn 0.0566 0.9905 -0.1252
vn 0.1064 0.9801 -0.1673
vn 0.0729 0.9852 -0.1553
vn 0.1312 0.9741 -0.1844
vn 0.0822 0.9869 -0.1386
vn 0.1011 0.9825 -0.1563
vn 0.0549 0.9978 -0.0364
vn 0.0673 0.9964 -0.0518
vn 0.0380 0.9990 -0.0247
vn 0.1452 0.9646 -0.2200
vn 0.1126 0.9778 -0.1769
vn 0.1097 0.9758 -0.1892
vn 0.0749 0.9947 -0.0697
vn 0.0716 0.9943 -0.0786
vn 0.1465 0.9677 -0.2050
vn 0.0408 0.9990 0.0207
vn 0.0438 0.9986 0.0289
vn 0.0394 0.9983 0.0426
vn 0.0323 0.9980 0.0544
vn 0.0225 0.9977 0.0634
vn 0.0035 0.9938 -0.1112
vn 0.0045 0.9895 -0.1446
vn 0.0178 0.9892 -0.1455
vn 0.0139 0.9935 -0.1127
vn 0.0024 0.9999 -0.0123
vn 0.0094 0.9999 -0.0137
vn 0.0314 0.9926 -0.1169
vn 0.0212 0.9996 -0.0174
vn 0.0403 0.9881 -0.1486
vn 0.0126 0.9975 0.0691
vn 0.0057 0.9974 0.0720
vn 0.0015 0.9973 0.0731
vn -0.0008 0.9974 0.0724
vn -0.0023 0.9977 0.0680
vn -0.0198 0.9996 -0.0192
vn -0.0046 0.9999 -0.0120
vn -0.0030 0.9982 0.0593
vn -0.0000 0.9986 0.0523
vn -0.0485 0.9964 -0.0688
vn -0.0365 0.9984 -0.0440
vn -0.1640 0.9600 -0.2267
vn -0.2177 0.9436 -0.2493
vn -0.2677 0.9169 -0.2959
vn -0.1241 0.9748 -0.1852
vn -0.1245 0.9752 -0.1833
vn -0.0681 0.9887 -0.1336
vn -0.0299 0.9880 -0.1516
vn -0.0158 0.9934 -0.1136
vn 0.0001 0.9642 -0.2653
vn -0.0000 0.9015 -0.4328
vn 0.0001 0.9643 -0.2650
vn -0.0000 0.9643 -0.2648
vn 0.0008 0.9910 -0.1339
vn 0.0004 0.9911 -0.1333
vn 0.0014 0.9909 -0.1349
vn 0.0001 0.9911 -0.1331
vn -0.0000 0.9911 -0.1331
vn -0.0000 0.9998 -0.0180
vn 0.0008 0.9973 0.0735
vn -0.0000 0.9973 0.0737
vn 0.0029 0.9973 0.0728
vn 0.0003 0.9998 -0.0181
vn 0.0013 0.9998 -0.0185
vn 0.0114 0.9977 0.0670
vn 0.0027 0.9998 -0.0197
vn 0.0048 0.9997 -0.0219
vn 0.0064 0.9975 0.0708
vn -0.0000 0.7852 -0.6193
vn -0.0000 0.6476 -0.7620
vn -0.0000 0.4692 -0.8831
vn -0.0000 0.5247 -0.8513
vn -0.0000 0.9906 -0.1368
vn -0.0000 0.9837 -0.1800
vn -0.0000 1.0000 -0.0088
vn -0.0000 0.9955 0.0949
vn 0.0162 0.9980 0.0609
vn 0.0197 0.9984 0.0530
vn 0.0068 0.9997 -0.0254
vn 0.0082 0.9995 -0.0298
vn 0.0019 0.9906 -0.1365
vn 0.0023 0.9904 -0.1385
vn 0.0196 0.9991 0.0370
vn 0.0091 0.9993 -0.0350
vn 0.0077 0.9992 -0.0390
vn 0.0025 0.9900 -0.1408
vn 0.0019 0.9898 -0.1427
vn 0.0218 0.9988 0.0439
vn -0.0000 0.9636 -0.2673
vn 0.0002 0.9639 -0.2662
vn 0.0002 0.9638 -0.2668
vn 0.0001 0.9641 -0.2657
vn 0.0568 0.9869 -0.1509
vn 0.1068 0.9735 -0.2023
vn 0.0732 0.9789 -0.1905
vn 0.1316 0.9668 -0.2190
vn 0.0825 0.9830 -0.1642
vn 0.1013 0.9781 -0.1817
vn 0.0549 0.9979 -0.0331
vn 0.0673 0.9966 -0.0485
vn 0.0380 0.9990 -0.0215
vn 0.1455 0.9562 -0.2540
vn 0.1128 0.9728 -0.2022
vn 0.1099 0.9706 -0.2139
vn 0.0749 0.9950 -0.0663
vn 0.0716 0.9947 -0.0742
vn 0.1468 0.9598 -0.2393
vn 0.0405 0.9983 0.0428
vn 0.0435 0.9978 0.0509
vn 0.0391 0.9971 0.0646
vn 0.0320 0.9966 0.0763
vn 0.0223 0.9961 0.0852
vn 0.0045 0.9837 -0.1800
vn 0.0178 0.9833 -0.1809
vn 0.0036 0.9906 -0.1370
vn 0.0140 0.9903 -0.1386
vn 0.0024 1.0000 -0.0090
vn 0.0094 0.9999 -0.0104
vn 0.0315 0.9893 -0.1427
vn 0.0212 0.9997 -0.0142
vn 0.0405 0.9821 -0.1839
vn 0.0125 0.9958 0.0908
vn 0.0056 0.9956 0.0937
vn 0.0015 0.9955 0.0948
vn -0.0011 0.9956 0.0937
vn -0.0032 0.9961 0.0877
vn -0.0277 0.9994 -0.0187
vn -0.0064 0.9999 -0.0088
vn -0.0000 0.9978 0.0657
vn -0.0674 0.9939 -0.0875
vn -0.0042 0.9971 0.0755
vn -0.0511 0.9973 -0.0532
vn -0.2223 0.9306 -0.2908
vn -0.2920 0.9030 -0.3152
vn -0.3516 0.8600 -0.3699
vn -0.1708 0.9571 -0.2339
vn -0.1708 0.9571 -0.2341
vn -0.0944 0.9813 -0.1677
vn -0.0220 0.9899 -0.1404
vn -0.0417 0.9810 -0.1895
vn -0.0000 0.7984 -0.6021
vn 0.0001 0.9020 -0.4317
vn -0.0000 0.9021 -0.4315
vn 0.0008 0.9625 -0.2713
vn 0.0004 0.9627 -0.2707
vn 0.0014 0.9622 -0.2723
vn 0.0001 0.9019 -0.4319
vn 0.0001 0.9627 -0.2705
vn -0.0000 0.9627 -0.2705
vn -0.0000 0.9972 0.0747
vn 0.0008 0.9972 0.0745
vn 0.0029 0.9973 0.0738
vn 0.0013 0.9954 -0.0963
vn -0.0000 0.9954 -0.0958
vn 0.0114 0.9976 0.0679
vn 0.0028 0.9952 -0.0975
vn 0.0049 0.9950 -0.0998
vn 0.0064 0.9974 0.0718
vn -0.0000 0.6420 -0.7667
vn -0.0000 0.4748 -0.8801
vn -0.0000 0.2588 -0.9659
vn -0.0000 0.3264 -0.9452
vn -0.0000 0.9823 -0.1873
vn -0.0000 0.9686 -0.2486
vn -0.0000 1.0000 -0.0024
vn -0.0000 0.9904 0.1384
vn 0.0162 0.9980 0.0618
vn 0.0197 0.9984 0.0538
vn 0.0070 0.9946 -0.1035
vn 0.0084 0.9941 -0.1081
vn 0.0020 0.9618 -0.2739
vn 0.0024 0.9612 -0.2759
vn 0.0195 0.9991 0.0365
vn 0.0093 0.9935 -0.1135
vn 0.0078 0.9930 -0.1181
vn 0.0026 0.9605 -0.2782
vn 0.0019 0.9600 -0.2802
vn 0.0218 0.9988 0.0446
vn -0.0000 0.9010 -0.4338
vn 0.0002 0.9015 -0.4328
vn 0.0002 0.9012 -0.4333
vn 0.0001 0.9017 -0.4323
vn 0.0571 0.9779 -0.2011
vn 0.1072 0.9569 -0.2698
vn 0.0736 0.9632 -0.2586
vn 0.1319 0.9492 -0.2858
vn 0.0828 0.9733 -0.2141
vn 0.1016 0.9676 -0.2312
vn 0.0548 0.9981 -0.0266
vn 0.0672 0.9969 -0.0418
vn 0.0379 0.9992 -0.0150
vn 0.1455 0.9365 -0.3192
vn 0.1130 0.9614 -0.2511
vn 0.1101 0.9587 -0.2621
vn 0.0748 0.9954 -0.0595
vn 0.0715 0.9953 -0.0655
vn 0.1470 0.9409 -0.3052
vn 0.0398 0.9954 0.0872
vn 0.0428 0.9945 0.0952
vn 0.0384 0.9933 0.1086
vn 0.0314 0.9923 0.1201
vn 0.0219 0.9914 0.1288
vn 0.0036 0.9822 -0.1876
vn 0.0045 0.9686 -0.2486
vn 0.0179 0.9682 -0.2494
vn 0.0140 0.9819 -0.1891
vn 0.0024 1.0000 -0.0026
vn 0.0094 0.9999 -0.0040
vn 0.0317 0.9807 -0.1931
vn 0.0212 0.9997 -0.0078
vn 0.0407 0.9668 -0.2523
vn 0.0123 0.9909 0.1343
vn 0.0055 0.9905 0.1371
vn 0.0014 0.9904 0.1382
vn -0.0050 0.9919 0.1270
vn -0.0434 0.9989 -0.0178
vn -0.0016 0.9906 0.1365
vn -0.0100 0.9999 -0.0024
vn -0.0000 0.9957 0.0928
vn -0.1035 0.9870 -0.1228
vn -0.0067 0.9941 0.1080
vn -0.0797 0.9943 -0.0705
vn -0.3213 0.8587 -0.3992
vn -0.4118 0.8082 -0.4210
vn -0.4750 0.7395 -0.4770
vn -0.2560 0.9115 -0.3220
vn -0.2545 0.9108 -0.3251
vn -0.1443 0.9618 -0.2326
vn -0.0645 0.9627 -0.2626
vn -0.0341 0.9807 -0.1926
vn 0.0001 0.8444 -0.5357
vn -0.0000 0.7181 -0.6960
vn 0.0001 0.8446 -0.5355
vn -0.0000 0.8446 -0.5354
vn 0.0008 0.9298 -0.3681
vn 0.0004 0.9300 -0.3676
vn 0.0014 0.9294 -0.3691
vn -0.0000 0.8447 -0.5353
vn -0.0000 0.9301 -0.3673
vn 0.0001 0.9301 -0.3673
vn -0.0000 0.9972 0.0745
vn 0.0004 0.9877 -0.1564
vn 0.0008 0.9972 0.0744
vn 0.0029 0.9973 0.0736
vn 0.0013 0.9876 -0.1569
vn -0.0000 0.9877 -0.1564
vn 0.0113 0.9976 0.0678
vn 0.0028 0.9874 -0.1582
vn 0.0050 0.9870 -0.1605
vn 0.0064 0.9974 0.0717
vn -0.0000 0.5428 -0.8398
vn -0.0000 0.3591 -0.9333
vn -0.0000 0.3590 -0.9333
vn -0.0000 0.1915 -0.9815
vn -0.0000 0.1152 -0.9933
vn -0.0000 0.9546 -0.2978
vn -0.0000 0.9746 -0.2241
vn -0.0000 1.0000 0.0024
vn -0.0000 0.9853 0.1708
vn 0.0162 0.9980 0.0616
vn 0.0196 0.9984 0.0535
vn 0.0070 0.9864 -0.1642
vn 0.0085 0.9856 -0.1690
vn 0.0020 0.9288 -0.3706
vn 0.0024 0.9280 -0.3726
vn 0.0194 0.9992 0.0352
vn 0.0094 0.9846 -0.1745
vn 0.0079 0.9837 -0.1795
vn 0.0026 0.9271 -0.3748
vn 0.0019 0.9263 -0.3767
vn 0.0217 0.9988 0.0442
vn -0.0000 0.8434 -0.5373
vn 0.0002 0.8439 -0.5364
vn 0.0002 0.8436 -0.5369
vn 0.0001 0.8442 -0.5360
vn 0.0571 0.9697 -0.2376
vn 0.1072 0.9420 -0.3180
vn 0.0736 0.9488 -0.3073
vn 0.1318 0.9336 -0.3333
vn 0.0828 0.9647 -0.2502
vn 0.1016 0.9584 -0.2669
vn 0.0548 0.9983 -0.0217
vn 0.0671 0.9971 -0.0368
vn 0.0379 0.9992 -0.0102
vn 0.1451 0.9195 -0.3652
vn 0.1129 0.9515 -0.2863
vn 0.1101 0.9486 -0.2968
vn 0.0748 0.9957 -0.0543
vn 0.0715 0.9957 -0.0588
vn 0.1467 0.9245 -0.3519
vn 0.0393 0.9919 0.1205
vn 0.0422 0.9908 0.1284
vn 0.0379 0.9892 0.1415
vn 0.0310 0.9878 0.1528
vn 0.0216 0.9866 0.1615
vn 0.0036 0.9745 -0.2243
vn 0.0045 0.9546 -0.2978
vn 0.0179 0.9542 -0.2985
vn 0.0141 0.9741 -0.2258
vn 0.0024 1.0000 0.0021
vn 0.0094 1.0000 0.0007
vn 0.0317 0.9727 -0.2297
vn 0.0212 0.9998 -0.0030
vn 0.0407 0.9526 -0.3013
vn 0.0121 0.9859 0.1668
vn 0.0054 0.9855 0.1696
vn 0.0014 0.9853 0.1706
vn -0.0063 0.9877 0.1565
vn -0.0552 0.9983 -0.0170
vn -0.0021 0.9857 0.1684
vn -0.0128 0.9999 0.0024
vn -0.0085 0.9911 0.1326
vn -0.0000 0.9936 0.1132
vn -0.1290 0.9806 -0.1472
vn -0.1009 0.9915 -0.0825
vn -0.3802 0.8003 -0.4636
vn -0.4782 0.7358 -0.4796
vn -0.5370 0.6568 -0.5295
vn -0.3118 0.8713 -0.3790
vn -0.3088 0.8704 -0.3835
vn -0.1789 0.9438 -0.2780
vn -0.0810 0.9458 -0.3146
vn -0.0430 0.9721 -0.2305
vn -0.0000 0.9014 0.4330
vn 0.0005 0.9638 0.2667
vn 0.0005 0.9635 0.2677
vn 0.0002 0.9640 0.2660
vn 0.0024 0.9904 0.1384
vn 0.0038 0.9896 0.1437
vn 0.0030 0.9900 0.1409
vn 0.0001 0.9641 0.2654
vn -0.0000 0.9014 0.4329
vn 0.0010 0.9908 0.1354
vn 0.0002 0.9641 0.2656
vn 0.0014 0.9906 0.1365
vn 0.0125 0.9982 -0.0580
vn 0.0038 0.9997 0.0246
vn 0.0093 0.9980 -0.0627
vn 0.0174 0.9985 -0.0516
vn 0.0051 0.9996 0.0274
vn 0.0075 0.9995 0.0308
vn 0.0321 0.9990 -0.0307
vn 0.0099 0.9993 0.0354
vn 0.0239 0.9988 -0.0428
vn 0.0133 0.9990 0.0422
vn -0.0000 0.9015 0.4329
vn -0.0000 0.7852 0.6193
vn -0.0000 0.9015 0.4328
vn -0.0000 0.6476 0.7620
vn -0.0000 0.4692 0.8831
vn -0.0000 0.5247 0.8513
vn 0.0166 0.9825 0.1857
vn 0.0188 0.9893 0.1445
vn 0.0121 0.9900 0.1408
vn 0.0270 0.9883 0.1499
vn 0.0258 0.9814 0.1905
vn 0.0370 0.9796 0.1973
vn 0.0176 0.9997 0.0174
vn 0.0123 0.9998 0.0136
vn 0.0079 0.9999 0.0112
vn 0.0478 0.9847 0.1675
vn 0.0502 0.9771 0.2067
vn 0.0653 0.9736 0.2188
vn 0.0312 0.9991 0.0298
vn 0.0367 0.9868 0.1575
vn 0.0240 0.9995 0.0227
vn 0.0072 0.9978 -0.0663
vn 0.0184 0.9968 -0.0778
vn 0.0053 0.9976 -0.0689
vn 0.0141 0.9964 -0.0834
vn 0.0104 0.9961 -0.0876
vn 0.0024 0.9974 -0.0722
vn 0.0073 0.9959 -0.0906
vn 0.0037 0.9975 -0.0709
vn 0.0047 0.9957 -0.0927
vn -0.0000 0.9643 0.2648
vn 0.0001 0.9911 0.1331
vn 0.0001 0.9911 0.1332
vn 0.0003 0.9911 0.1334
vn -0.0000 0.9911 0.1331
vn 0.0002 0.9973 -0.0736
vn -0.0000 0.9998 0.0180
vn 0.0001 0.9973 -0.0737
vn 0.0007 0.9973 -0.0734
vn 0.0001 0.9998 0.0180
vn 0.0003 0.9998 0.0182
vn 0.0006 0.9998 0.0184
vn 0.0014 0.9973 -0.0730
vn 0.0010 0.9998 0.0189
vn 0.0001 0.9642 0.2652
vn 0.0001 0.9642 0.2650
vn 0.0006 0.9910 0.1341
vn 0.0008 0.9909 0.1346
vn 0.0001 0.9643 0.2649
vn 0.0004 0.9910 0.1336
vn 0.0015 0.9998 0.0198
vn 0.0021 0.9998 0.0209
vn 0.0029 0.9997 0.0225
vn 0.0405 0.9991 -0.0151
vn 0.0477 0.9989 0.0039
vn 0.0168 0.9986 0.0510
vn 0.0048 0.9890 0.1476
vn 0.0197 0.9979 0.0617
vn 0.0056 0.9883 0.1524
vn 0.0491 0.9980 0.0408
vn 0.0222 0.9970 0.0739
vn 0.0537 0.9982 0.0256
vn 0.0063 0.9875 0.1578
vn 0.0192 0.9964 0.0827
vn 0.0048 0.9868 0.1618
vn 0.0001 0.9012 0.4333
vn 0.0007 0.9624 0.2715
vn 0.0003 0.9621 0.2725
vn 0.0006 0.9629 0.2700
vn -0.0000 0.9013 0.4332
vn -0.0000 0.9013 0.4331
vn 0.0005 0.9632 0.2688
vn 0.2062 0.9279 0.3106
vn 0.1946 0.9397 0.2812
vn 0.1561 0.9563 0.2471
vn 0.2322 0.9210 0.3128
vn 0.2540 0.9029 0.3468
vn 0.2910 0.8750 0.3869
vn 0.1615 0.9738 0.1601
vn 0.1324 0.9841 0.1183
vn 0.1053 0.9904 0.0899
vn 0.2711 0.8792 0.3919
vn 0.3170 0.8456 0.4294
vn 0.3403 0.8227 0.4553
vn 0.1812 0.9591 0.2175
vn 0.2423 0.9025 0.3561
vn 0.1664 0.9657 0.1992
vn 0.0992 0.9921 0.0767
vn 0.1049 0.9929 0.0559
vn 0.0934 0.9954 0.0235
vn 0.0793 0.9968 -0.0050
vn 0.0630 0.9976 -0.0287
vn 0.0634 0.9815 0.1805
vn 0.0868 0.9765 0.1973
vn 0.0862 0.9683 0.2344
vn 0.1171 0.9600 0.2544
vn 0.0575 0.9970 0.0514
vn 0.0417 0.9984 0.0391
vn 0.1574 0.9471 0.2797
vn 0.1179 0.9685 0.2193
vn 0.0787 0.9946 0.0680
vn 0.0469 0.9978 -0.0470
vn 0.0341 0.9976 -0.0606
vn 0.0246 0.9972 -0.0705
vn 0.0018 0.9957 -0.0928
vn -0.0256 0.9995 0.0194
vn -0.0020 0.9962 -0.0875
vn -0.0019 0.9999 0.0101
vn -0.0039 0.9971 -0.0755
vn -0.0672 0.9939 0.0875
vn 0.0001 0.9978 -0.0657
vn -0.0504 0.9973 0.0533
vn -0.2908 0.9033 0.3153
vn -0.2220 0.9307 0.2908
vn -0.3513 0.8601 0.3699
vn -0.1664 0.9578 0.2345
vn -0.1698 0.9572 0.2342
vn -0.0911 0.9815 0.1684
vn -0.0326 0.9809 0.1918
vn -0.0155 0.9897 0.1422
vn 0.6539 -0.7555 -0.0387
vn 0.7024 -0.7025 -0.1144
vn 0.8343 -0.5512 -0.0086
vn -0.0212 -0.2257 -0.9740
vn -0.0533 -0.2299 -0.9718
vn -0.9612 -0.2755 -0.0134
vn -0.9593 -0.2756 -0.0615
vn 0.9681 -0.1844 -0.1695
vn 0.8060 -0.1422 -0.5746
vn -0.9158 -0.0965 -0.3899
vn -0.8041 -0.1428 -0.5770
vn -0.8052 -0.1425 -0.5757
vn 0.8091 -0.1412 -0.5705
vn 0.8081 -0.1416 -0.5718
vn -0.9751 -0.1687 -0.1441
vn -0.8073 -0.1418 -0.5729
vn 0.6808 -0.7282 -0.0791
vn 0.6333 0.7739 -0.0073
vn 0.7199 -0.6787 -0.1453
vn 0.5299 0.8431 0.0916
vn 0.7462 0.6654 -0.0206
vn 0.7421 0.6702 0.0046
vn 0.8369 -0.5474 0.0049
vn 0.8299 0.5571 -0.0299
vn 0.8313 -0.5553 -0.0232
vn 0.8350 0.5502 -0.0049
vn 0.0011 0.3500 -0.9367
vn 0.0057 0.3440 -0.9389
vn -0.9606 -0.2755 -0.0366
vn -0.8252 0.5645 -0.0195
vn -0.9571 -0.2758 -0.0884
vn -0.8346 0.5508 0.0114
vn -0.6308 0.7759 -0.0074
vn -0.5274 0.8446 0.0917
vn 0.6539 -0.7555 0.0387
vn 0.7024 -0.7025 0.1144
vn 0.8391 -0.5437 -0.0174
vn -0.9612 -0.2755 0.0134
vn -0.9593 -0.2756 0.0615
vn -0.6515 -0.7577 0.0389
vn -0.7001 -0.7048 0.1147
vn 0.9166 -0.0960 0.3880
vn 0.8060 -0.1422 0.5746
vn 0.8070 -0.1419 0.5732
vn -0.9678 -0.1853 0.1704
vn -0.8041 -0.1428 0.5770
vn 0.8081 -0.1416 0.5718
vn 0.8091 -0.1412 0.5705
vn -0.5509 0.8317 -0.0701
vn -0.9818 -0.1472 0.1202
vn -0.8062 -0.1422 0.5743
vn 0.6808 -0.7282 0.0791
vn 0.5840 0.8107 -0.0416
vn 0.7199 -0.6787 0.1453
vn 0.4719 0.8702 -0.1416
vn 0.8299 0.5571 0.0299
vn 0.8350 0.5502 0.0049
vn -0.0368 -0.2278 0.9730
vn 0.0011 0.3500 0.9367
vn -0.0706 -0.2320 0.9701
vn 0.0057 0.3440 0.9389
vn -0.9606 -0.2755 0.0366
vn -0.7565 0.6538 0.0182
vn -0.8209 0.5703 0.0310
vn -0.9571 -0.2758 0.0884
vn -0.8346 0.5508 -0.0114
vn -0.8294 0.5587 0.0077
vn -0.6784 -0.7304 0.0793
vn -0.6308 0.7759 0.0074
vn -0.7176 -0.6810 0.1458
vn -0.5274 0.8446 -0.0917
vt 0.492659 0.935467
vt 0.507341 0.064533
vt 0.507341 0.935467
vt 1.000000 0.935467
vt 0.955139 0.064533
vt 1.000000 0.064533
vt 0.536706 0.935467
vt 0.551389 0.064533
vt 0.551389 0.935467
vt 0.522024 0.935467
vt 0.536706 0.064533
vt 0.522024 0.064533
vt 0.448611 0.935467
vt 0.044861 0.064533
vt 0.448611 0.064533
vt 0.463294 0.064533
vt 0.463294 0.935467
vt 0.477976 0.064533
vt 0.477976 0.935467
vt 0.492659 0.064533
vt 0.507341 0.064533
vt 0.955139 0.064533
vt 0.955139 0.935467
vt 0.536706 0.064533
vt 0.551389 0.064533
vt 0.522024 0.064533
vt 0.044861 0.064533
vt 0.000000 0.935467
vt 0.044861 0.935467
vt 0.448611 0.064533
vt 0.463294 0.064533
vt 0.477976 0.064533
vt 0.492659 0.064533
vt 0.507341 1.000000
vt 0.492659 1.000000
vt 0.492659 0.000000
vt 0.507341 0.000000
vt 1.000000 0.064533
vt 0.955139 1.000000
vt 0.551389 1.000000
vt 1.000000 0.000000
vt 0.955139 0.000000
vt 0.536706 1.000000
vt 0.536706 0.000000
vt 0.551389 0.000000
vt 0.522024 1.000000
vt 0.522024 0.000000
vt 0.000000 1.000000
vt 0.044861 1.000000
vt 0.000000 0.064533
vt 0.044861 0.000000
vt 0.448611 0.000000
vt 0.463294 0.000000
vt 0.463294 1.000000
vt 0.448611 1.000000
vt 0.477976 1.000000
vt 0.477976 0.000000
vt 0.044861 0.935467
vt 0.044861 1.000000
vt 0.000000 0.000000
vt 0.044861 0.000000
vt 0.955139 0.935467
vt 1.000000 1.000000
vt 0.955139 1.000000
vt 0.955139 0.000000
vt 0.000000 0.064533
vt 0.570200 0.608867
vt 0.652326 0.717733
vt 0.570200 0.717733
vt 0.652326 0.500000
vt 0.570200 0.500000
vt 0.753264 0.500000
vt 0.652326 0.608867
vt 0.753264 0.717733
vt 0.753264 0.608867
vt 0.570200 0.391133
vt 0.525694 0.282267
vt 0.570200 0.282267
vt 0.525694 0.500000
vt 0.500000 0.500000
vt 0.525694 0.391133
vt 0.500000 0.391133
vt 0.500000 0.282267
vt 0.955139 0.391133
vt 0.854201 0.282267
vt 0.955139 0.282267
vt 0.854201 0.500000
vt 0.955139 0.500000
vt 0.753264 0.391133
vt 0.753264 0.282267
vt 0.854201 0.391133
vt 0.570200 0.173400
vt 0.652326 0.282267
vt 0.652326 0.064533
vt 0.570200 0.064533
vt 0.753264 0.173400
vt 0.753264 0.064533
vt 0.652326 0.391133
vt 0.753264 0.826600
vt 0.753264 0.935467
vt 0.652326 0.826600
vt 0.570200 0.826600
vt 0.652326 0.935467
vt 0.570200 0.935467
vt 0.525694 0.717733
vt 0.525694 0.935467
vt 0.500000 0.935467
vt 0.525694 0.826600
vt 0.500000 0.826600
vt 0.500000 0.717733
vt 0.525694 0.608867
vt 0.500000 0.608867
vt 0.525694 0.173400
vt 0.500000 0.064533
vt 0.500000 0.173400
vt 0.525694 0.064533
vt 0.955139 0.826600
vt 0.854201 0.717733
vt 0.955139 0.717733
vt 0.854201 0.826600
vt 0.854201 0.935467
vt 0.854201 0.608867
vt 0.955139 0.608867
vt 0.854201 0.173400
vt 0.955139 0.173400
vt 0.854201 0.064533
vt 0.652326 0.173400
vt 0.677101 0.336700
vt 0.552650 0.826600
vt 0.588550 0.363917
vt 0.712201 0.173400
vt 0.613785 0.663300
vt 0.783201 0.227833
vt 0.512847 0.391133
vt 0.519271 0.282267
vt 0.677101 0.608867
vt 0.517550 0.309483
vt 0.588550 0.608867
vt 0.552650 0.091750
vt 0.530397 0.200617
vt 0.528046 0.187008
vt 0.563316 0.146183
vt 0.694651 0.418350
vt 0.614875 0.323092
vt 0.679912 0.173400
vt 0.630074 0.227833
vt 0.600137 0.146183
vt 0.785552 0.608867
vt 0.721606 0.227833
vt 0.705777 0.309483
vt 0.657029 0.064533
vt 0.508775 0.187008
vt 0.517550 0.200617
vt 0.640110 0.187008
vt 0.757967 0.500000
vt 0.709849 0.282267
vt 0.977569 0.586700
vt 0.966354 0.298400
vt 0.966354 0.380050
vt 0.977569 0.586700
vt 0.988785 0.766133
vt 0.988785 0.793350
vt 0.977569 0.641133
vt 0.966354 0.461700
vt 0.988785 0.820567
vt 0.977569 0.695567
vt 0.966354 0.543350
vt 0.988785 0.847783
vt 0.977569 0.750000
vt 0.966354 0.625000
vt 0.988785 0.875000
vt 0.966354 0.706650
vt 0.977569 0.804433
vt 0.988785 0.902217
vt 0.966354 0.788300
vt 0.977569 0.858867
vt 0.988785 0.929433
vt 0.966354 0.869950
vt 0.977569 0.913300
vt 0.988785 0.956650
vt 0.977569 0.913300
vt 0.966354 0.951600
vt 0.988785 0.983867
vt 0.927101 0.967733
vt 0.890651 0.951600
vt 0.963550 0.983867
vt 0.876632 0.967733
vt 0.814948 0.951600
vt 0.938316 0.983867
vt 0.826163 0.967733
vt 0.739245 0.951600
vt 0.913082 0.983867
vt 0.677650 0.951600
vt 0.785100 0.967733
vt 0.892550 0.983867
vt 0.644271 0.951600
vt 0.762847 0.967733
vt 0.881424 0.983867
vt 0.762847 0.967733
vt 0.727569 0.500000
vt 0.512847 0.445567
vt 0.517550 0.826600
vt 0.765651 0.309483
vt 0.535100 0.826600
vt 0.841354 0.336700
vt 0.641200 0.118967
vt 0.506424 0.500000
vt 0.552650 0.146183
vt 0.765651 0.608867
vt 0.535100 0.227833
vt 0.517550 0.146183
vt 0.532748 0.214225
vt 0.535100 0.118967
vt 0.689948 0.091750
vt 0.774426 0.513608
vt 0.626632 0.118967
vt 0.735084 0.391133
vt 0.689948 0.391133
vt 0.660011 0.309483
vt 0.707498 0.282267
vt 0.831318 0.826600
vt 0.737435 0.146183
vt 0.808435 0.717733
vt 0.762669 0.500000
vt 0.526325 0.214225
vt 0.661732 0.064533
vt 0.659380 0.064533
vt 0.654678 0.064533
vt 0.850129 0.105358
vt 0.806084 0.717733
vt 0.745119 0.146183
vt 0.988785 0.766133
vt 0.966354 0.298400
vt 0.966354 0.380050
vt 0.966354 0.788300
vt 0.988785 0.956650
vt 0.966354 0.869950
vt 0.977569 0.967733
vt 0.963550 0.983867
vt 0.890651 0.951600
vt 0.938316 0.983867
vt 0.814948 0.951600
vt 0.913082 0.983867
vt 0.739245 0.951600
vt 0.892550 0.983867
vt 0.677650 0.951600
vt 0.644271 0.951600
vt 0.574902 0.663300
vt 0.611263 0.717733
vt 0.574902 0.717733
vt 0.611263 0.608867
vt 0.574902 0.608867
vt 0.654678 0.663300
vt 0.654678 0.608867
vt 0.654678 0.717733
vt 0.611263 0.663300
vt 0.611263 0.500000
vt 0.574902 0.554433
vt 0.574902 0.500000
vt 0.654678 0.554433
vt 0.654678 0.500000
vt 0.611263 0.554433
vt 0.753264 0.554433
vt 0.702795 0.500000
vt 0.702795 0.554433
vt 0.702795 0.608867
vt 0.753264 0.717733
vt 0.702795 0.663300
vt 0.753264 0.663300
vt 0.702795 0.717733
vt 0.574902 0.282267
vt 0.547947 0.336700
vt 0.547947 0.282267
vt 0.547947 0.391133
vt 0.574902 0.336700
vt 0.574902 0.391133
vt 0.528046 0.391133
vt 0.528046 0.336700
vt 0.528046 0.282267
vt 0.547947 0.500000
vt 0.574902 0.445567
vt 0.528046 0.445567
vt 0.528046 0.500000
vt 0.547947 0.445567
vt 0.500000 0.445567
vt 0.512847 0.500000
vt 0.512847 0.391133
vt 0.512847 0.282267
vt 0.500000 0.336700
vt 0.512847 0.336700
vt 0.955139 0.336700
vt 0.904670 0.282267
vt 0.904670 0.391133
vt 0.955139 0.391133
vt 0.904670 0.336700
vt 0.854201 0.336700
vt 0.904670 0.500000
vt 0.955139 0.445567
vt 0.904670 0.445567
vt 0.854201 0.445567
vt 0.753264 0.445567
vt 0.803733 0.500000
vt 0.803733 0.391133
vt 0.753264 0.391133
vt 0.803733 0.282267
vt 0.753264 0.336700
vt 0.574902 0.227833
vt 0.611263 0.282267
vt 0.574902 0.173400
vt 0.611263 0.227833
vt 0.654678 0.227833
vt 0.611263 0.173400
vt 0.654678 0.173400
vt 0.654678 0.282267
vt 0.574902 0.064533
vt 0.611263 0.118967
vt 0.574902 0.118967
vt 0.654678 0.118967
vt 0.611263 0.064533
vt 0.753264 0.064533
vt 0.702795 0.118967
vt 0.702795 0.064533
vt 0.702795 0.173400
vt 0.753264 0.118967
vt 0.753264 0.173400
vt 0.702795 0.282267
vt 0.753264 0.227833
vt 0.702795 0.227833
vt 0.611263 0.445567
vt 0.654678 0.445567
vt 0.611263 0.391133
vt 0.654678 0.391133
vt 0.611263 0.336700
vt 0.654678 0.336700
vt 0.702795 0.336700
vt 0.702795 0.391133
vt 0.702795 0.445567
vt 0.753264 0.772167
vt 0.753264 0.826600
vt 0.702795 0.772167
vt 0.654678 0.772167
vt 0.702795 0.826600
vt 0.654678 0.826600
vt 0.702795 0.881033
vt 0.753264 0.881033
vt 0.654678 0.881033
vt 0.702795 0.935467
vt 0.654678 0.935467
vt 0.574902 0.935467
vt 0.611263 0.881033
vt 0.611263 0.935467
vt 0.611263 0.826600
vt 0.574902 0.881033
vt 0.574902 0.826600
vt 0.611263 0.772167
vt 0.574902 0.772167
vt 0.547947 0.772167
vt 0.547947 0.717733
vt 0.547947 0.826600
vt 0.528046 0.826600
vt 0.528046 0.717733
vt 0.528046 0.772167
vt 0.547947 0.935467
vt 0.528046 0.881033
vt 0.528046 0.935467
vt 0.547947 0.881033
vt 0.500000 0.881033
vt 0.512847 0.935467
vt 0.512847 0.881033
vt 0.512847 0.826600
vt 0.512847 0.717733
vt 0.500000 0.772167
vt 0.547947 0.554433
vt 0.528046 0.608867
vt 0.547947 0.608867
vt 0.528046 0.554433
vt 0.528046 0.663300
vt 0.547947 0.663300
vt 0.500000 0.663300
vt 0.512847 0.663300
vt 0.512847 0.608867
vt 0.512847 0.554433
vt 0.500000 0.554433
vt 0.512847 0.227833
vt 0.512847 0.173400
vt 0.500000 0.227833
vt 0.528046 0.227833
vt 0.528046 0.173400
vt 0.512847 0.118967
vt 0.500000 0.118967
vt 0.528046 0.118967
vt 0.512847 0.064533
vt 0.528046 0.064533
vt 0.547947 0.118967
vt 0.547947 0.064533
vt 0.547947 0.173400
vt 0.547947 0.227833
vt 0.955139 0.772167
vt 0.904670 0.717733
vt 0.904670 0.772167
vt 0.854201 0.772167
vt 0.904670 0.826600
vt 0.854201 0.826600
vt 0.854201 0.717733
vt 0.904670 0.881033
vt 0.955139 0.881033
vt 0.854201 0.881033
vt 0.904670 0.935467
vt 0.803733 0.935467
vt 0.803733 0.881033
vt 0.803733 0.826600
vt 0.803733 0.772167
vt 0.803733 0.717733
vt 0.955139 0.554433
vt 0.904670 0.554433
vt 0.854201 0.554433
vt 0.904670 0.608867
vt 0.854201 0.608867
vt 0.904670 0.663300
vt 0.955139 0.663300
vt 0.854201 0.663300
vt 0.803733 0.663300
vt 0.803733 0.608867
vt 0.803733 0.554433
vt 0.803733 0.227833
vt 0.854201 0.227833
vt 0.803733 0.173400
vt 0.854201 0.173400
vt 0.803733 0.064533
vt 0.803733 0.118967
vt 0.854201 0.118967
vt 0.904670 0.118967
vt 0.904670 0.064533
vt 0.955139 0.118967
vt 0.904670 0.173400
vt 0.904670 0.227833
vt 0.955139 0.227833
vt 0.803733 0.445567
vt 0.803733 0.336700
vt 0.512847 0.772167
vt 0.977569 0.532267
vt 0.977569 0.532267
vt 0.519271 0.255050
vt 0.506424 0.636083
s 1
g off
g open_book_Material.001
usemtl Material.001
f 51/1/1 49/2/2 50/3/2
f 54/4/3 94/5/3 53/6/3
f 57/7/4 56/8/5 55/9/5
f 59/10/6 58/11/4 57/7/4
f 59/10/6 49/2/2 60/12/6
f 62/13/7 90/14/8 61/15/7
f 65/16/9 62/13/7 61/15/7
f 66/17/9 67/18/10 68/19/10
f 68/19/10 52/20/1 51/1/1
s 2
f 70/21/11 72/1/12 69/3/11
f 96/22/13 76/9/14 95/23/13
f 77/24/15 76/9/14 75/25/14
f 79/26/16 78/7/15 77/24/15
f 79/26/16 69/3/11 80/10/17
f 92/27/18 84/28/18 91/29/18
f 85/17/19 82/30/20 81/13/20
f 86/31/19 87/19/21 88/32/21
f 88/32/21 72/1/12 71/33/12
s 3
f 8/34/22 29/35/22 9/35/22
s 4
f 16/36/23 37/37/23 17/37/23
s 5
f 74/38/24 54/4/24 53/6/24
s 3
f 45/39/22 25/40/22 5/40/22
s 4
f 2/41/23 48/42/23 22/41/23
s 3
f 6/43/22 25/40/22 26/43/22
s 4
f 19/44/23 40/45/23 20/45/23
s 3
f 6/43/22 27/46/22 7/46/22
s 4
f 19/44/23 38/47/23 39/44/23
s 3
f 7/46/22 28/34/22 8/34/22
s 4
f 18/47/23 37/37/23 38/47/23
s 3
f 3/48/22 43/49/22 23/48/22
s 6
f 84/28/25 64/50/25 63/28/25
s 4
f 42/51/23 33/52/23 13/52/23
f 14/53/23 33/52/23 34/53/23
s 3
f 11/54/22 32/55/22 12/55/22
f 11/54/22 30/56/22 31/54/22
s 4
f 14/53/23 35/57/23 15/57/23
s 3
f 10/56/22 29/35/22 30/56/22
s 4
f 15/57/23 36/36/23 16/36/23
s 1
f 64/50/8 89/58/8 63/28/8
s 2
f 82/30/20 91/29/18 81/13/20
s 3
f 41/59/22 32/55/22 43/49/22
s 4
f 1/60/23 44/61/23 42/51/23
s 1
f 56/8/5 93/62/3 55/9/5
s 2
f 74/38/13 95/23/13 73/4/13
s 3
f 4/63/22 47/64/22 45/39/22
s 4
f 46/65/23 40/45/23 48/42/23
s 1
f 9/35/26 50/3/2 8/34/2
f 17/37/27 52/20/1 16/36/1
f 4/63/3 93/62/3 54/4/3
f 46/65/3 53/6/3 94/5/3
f 6/43/4 55/9/5 5/40/5
f 20/45/28 58/11/4 19/44/4
f 7/46/6 57/7/4 6/43/4
f 19/44/4 60/12/6 18/47/6
f 8/34/2 59/10/6 7/46/6
f 18/47/6 49/2/2 17/37/27
f 41/59/8 62/13/7 12/55/29
f 13/52/7 90/14/8 42/51/8
f 14/53/9 61/15/7 13/52/7
f 12/55/29 66/17/9 11/54/9
f 10/56/10 66/17/9 68/19/10
f 15/57/10 65/16/9 14/53/9
f 10/56/10 51/1/1 9/35/26
f 16/36/1 67/18/10 15/57/10
s 2
f 37/37/11 71/33/12 70/21/11
f 29/35/12 69/3/11 72/1/12
f 40/45/14 96/22/13 48/42/13
f 25/40/14 95/23/13 76/9/14
f 39/44/15 75/25/14 40/45/14
f 25/40/14 78/7/15 26/43/15
f 38/47/17 77/24/15 39/44/15
f 26/43/15 80/10/17 27/46/16
f 37/37/11 79/26/16 38/47/17
f 27/46/16 69/3/11 28/34/11
f 44/61/18 83/66/18 92/27/18
f 23/48/18 91/29/18 84/28/18
f 32/55/20 85/17/19 81/13/20
f 33/52/20 86/31/19 34/53/19
f 34/53/19 88/32/21 35/57/21
f 30/56/30 85/17/19 31/54/19
f 35/57/21 71/33/12 36/36/12
f 29/35/12 87/19/21 30/56/30
s 5
f 22/41/24 53/6/24 2/41/24
f 4/63/24 73/4/24 24/63/24
s 6
f 23/48/25 63/28/25 3/48/25
f 1/60/25 83/66/25 21/60/25
s 1
f 42/51/8 64/50/8 1/60/8
f 3/48/8 89/58/8 41/59/8
s 2
f 44/61/18 82/30/20 33/52/20
f 43/49/18 81/13/20 91/29/18
s 1
f 46/65/3 56/8/5 20/45/28
f 45/39/3 55/9/5 93/62/3
s 2
f 48/42/13 74/38/13 22/41/13
f 24/63/13 95/23/13 47/64/13
s 1
f 51/1/1 52/20/1 49/2/2
f 54/4/3 93/62/3 94/5/3
f 57/7/4 58/11/4 56/8/5
f 59/10/6 60/12/6 58/11/4
f 59/10/6 50/3/2 49/2/2
f 62/13/7 89/58/8 90/14/8
f 65/16/9 66/17/9 62/13/7
f 66/17/9 65/16/9 67/18/10
f 68/19/10 67/18/10 52/20/1
s 2
f 70/21/11 71/33/12 72/1/12
f 96/22/13 75/25/14 76/9/14
f 77/24/15 78/7/15 76/9/14
f 79/26/16 80/10/17 78/7/15
f 79/26/16 70/21/11 69/3/11
f 92/27/18 83/66/18 84/28/18
f 85/17/19 86/31/19 82/30/20
f 86/31/19 85/17/19 87/19/21
f 88/32/21 87/19/21 72/1/12
s 3
f 8/34/22 28/34/22 29/35/22
s 4
f 16/36/23 36/36/23 37/37/23
s 5
f 74/38/24 73/4/24 54/4/24
s 3
f 45/39/22 47/64/22 25/40/22
s 4
f 2/41/23 46/65/23 48/42/23
s 3
f 6/43/22 5/40/22 25/40/22
s 4
f 19/44/23 39/44/23 40/45/23
s 3
f 6/43/22 26/43/22 27/46/22
s 4
f 19/44/23 18/47/23 38/47/23
s 3
f 7/46/22 27/46/22 28/34/22
s 4
f 18/47/23 17/37/23 37/37/23
s 3
f 3/48/22 41/59/22 43/49/22
s 6
f 84/28/25 83/66/25 64/50/25
s 4
f 42/51/23 44/61/23 33/52/23
f 14/53/23 13/52/23 33/52/23
s 3
f 11/54/22 31/54/22 32/55/22
f 11/54/22 10/56/22 30/56/22
s 4
f 14/53/23 34/53/23 35/57/23
s 3
f 10/56/22 9/35/22 29/35/22
s 4
f 15/57/23 35/57/23 36/36/23
s 1
f 64/50/8 90/14/8 89/58/8
s 2
f 82/30/20 92/27/18 91/29/18
s 3
f 41/59/22 12/55/22 32/55/22
s 4
f 1/60/23 21/60/23 44/61/23
s 1
f 56/8/5 94/5/3 93/62/3
s 2
f 74/38/13 96/22/13 95/23/13
s 3
f 4/63/22 24/63/22 47/64/22
s 4
f 46/65/23 20/45/23 40/45/23
s 1
f 9/35/26 51/1/1 50/3/2
f 17/37/27 49/2/2 52/20/1
f 4/63/3 45/39/3 93/62/3
f 46/65/3 2/41/3 53/6/3
f 6/43/4 57/7/4 55/9/5
f 20/45/28 56/8/5 58/11/4
f 7/46/6 59/10/6 57/7/4
f 19/44/4 58/11/4 60/12/6
f 8/34/2 50/3/2 59/10/6
f 18/47/6 60/12/6 49/2/2
f 41/59/8 89/58/8 62/13/7
f 13/52/7 61/15/7 90/14/8
f 14/53/9 65/16/9 61/15/7
f 12/55/29 62/13/7 66/17/9
f 10/56/10 11/54/9 66/17/9
f 15/57/10 67/18/10 65/16/9
f 10/56/10 68/19/10 51/1/1
f 16/36/1 52/20/1 67/18/10
s 2
f 37/37/11 36/36/12 71/33/12
f 29/35/12 28/34/11 69/3/11
f 40/45/14 75/25/14 96/22/13
f 25/40/14 47/64/13 95/23/13
f 39/44/15 77/24/15 75/25/14
f 25/40/14 76/9/14 78/7/15
f 38/47/17 79/26/16 77/24/15
f 26/43/15 78/7/15 80/10/17
f 37/37/11 70/21/11 79/26/16
f 27/46/16 80/10/17 69/3/11
f 44/61/18 21/60/18 83/66/18
f 23/48/18 43/49/18 91/29/18
f 32/55/20 31/54/19 85/17/19
f 33/52/20 82/30/20 86/31/19
f 34/53/19 86/31/19 88/32/21
f 30/56/30 87/19/21 85/17/19
f 35/57/21 88/32/21 71/33/12
f 29/35/12 72/1/12 87/19/21
s 5
f 22/41/24 74/38/24 53/6/24
f 4/63/24 54/4/24 73/4/24
s 6
f 23/48/25 84/28/25 63/28/25
f 1/60/25 64/50/25 83/66/25
s 1
f 42/51/8 90/14/8 64/50/8
f 3/48/8 63/28/8 89/58/8
s 2
f 44/61/18 92/27/18 82/30/20
f 43/49/18 32/55/20 81/13/20
s 1
f 46/65/3 94/5/3 56/8/5
f 45/39/3 5/40/5 55/9/5
s 2
f 48/42/13 96/22/13 74/38/13
f 24/63/13 73/4/13 95/23/13
s 7
g open_book_open_book_pages
usemtl open_book_pages
f 135/67/31 146/68/32 103/69/31
f 145/70/33 135/67/31 104/71/31
f 110/72/34 114/73/35 145/70/33
f 111/74/36 114/73/35 142/75/37
f 136/76/31 149/77/38 105/78/31
f 148/79/38 136/76/31 104/71/31
f 170/80/39 115/81/38 148/79/38
f 149/77/38 212/82/39 171/83/39
f 138/84/40 152/85/41 106/86/40
f 151/87/41 138/84/40 107/88/40
f 141/89/34 151/87/41 110/72/34
f 109/90/34 116/91/41 141/89/34
f 137/92/31 144/93/33 105/78/31
f 127/94/33 137/92/31 98/95/31
f 134/96/34 127/94/33 101/97/34
f 144/93/33 134/96/34 109/90/34
f 136/76/31 145/70/33 104/71/31
f 105/78/31 118/98/33 136/76/31
f 141/89/34 144/93/33 109/90/34
f 145/70/33 141/89/34 110/72/34
f 143/99/42 146/68/32 111/74/36
f 102/100/43 119/101/44 143/99/42
f 126/102/31 133/103/45 97/104/31
f 146/68/32 126/102/31 103/69/31
f 126/102/31 147/105/38 103/69/31
f 130/106/38 126/102/31 97/104/31
f 169/107/39 120/108/38 130/106/38
f 147/105/38 153/109/39 113/110/39
f 104/71/31 121/111/38 148/79/38
f 103/69/31 121/111/38 135/67/31
f 113/110/39 121/111/38 147/105/38
f 148/79/38 211/112/39 170/80/39
f 171/83/39 122/113/38 149/77/38
f 112/114/39 122/113/38 213/115/39
f 137/92/31 131/116/38 98/95/31
f 149/77/38 137/92/31 105/78/31
f 140/117/46 150/118/47 108/119/48
f 100/62/49 123/120/50 140/117/46
f 143/99/42 129/121/51 102/100/43
f 111/74/36 123/120/50 143/99/42
f 107/88/40 124/122/52 151/87/41
f 108/119/48 124/122/52 139/123/53
f 142/75/37 150/118/47 111/74/36
f 151/87/41 142/75/37 110/72/34
f 109/90/34 125/124/41 152/85/41
f 101/97/34 125/124/41 134/96/34
f 128/125/40 132/126/41 99/5/40
f 152/85/41 128/125/40 106/86/40
s 8
f 204/68/54 193/67/55 160/69/55
f 193/67/55 203/70/56 161/71/55
f 203/70/56 200/75/57 167/72/58
f 168/74/59 172/73/56 204/68/54
f 207/77/60 194/76/55 162/78/55
f 194/76/55 206/79/60 161/71/55
f 170/80/61 173/81/60 212/82/61
f 212/82/61 207/77/60 171/83/61
f 163/86/62 174/91/63 196/84/62
f 196/84/62 209/87/63 164/88/62
f 167/72/58 174/91/63 199/89/58
f 199/89/58 210/85/63 166/90/58
f 162/78/55 175/127/56 195/92/55
f 195/92/55 185/94/56 155/95/55
f 185/94/56 192/96/58 158/97/58
f 166/90/58 175/127/56 202/93/56
f 161/71/55 176/98/56 194/76/55
f 194/76/55 202/93/56 162/78/55
f 166/90/58 176/98/56 199/89/58
f 199/89/58 203/70/56 167/72/58
f 204/68/54 201/99/64 168/74/59
f 159/100/65 177/101/66 191/103/67
f 191/103/67 184/102/55 154/104/55
f 184/102/55 204/68/54 160/69/55
f 160/69/55 178/108/60 184/102/55
f 184/102/55 188/106/60 154/104/55
f 169/107/61 178/108/60 153/109/61
f 153/109/61 205/105/60 113/110/61
f 161/71/55 179/111/60 193/67/55
f 193/67/55 205/105/60 160/69/55
f 113/110/61 179/111/60 211/112/61
f 211/112/61 206/79/60 170/80/61
f 207/77/60 213/115/61 171/83/61
f 213/115/61 189/116/60 112/114/61
f 189/116/60 195/92/55 155/95/55
f 162/78/55 180/113/60 207/77/60
f 208/118/68 198/117/69 165/119/70
f 157/62/71 181/120/72 187/121/73
f 187/121/73 201/99/64 159/100/65
f 168/74/59 181/120/72 208/118/68
f 209/87/63 197/123/74 164/88/62
f 165/119/70 182/122/75 208/118/68
f 208/118/68 200/75/57 168/74/59
f 167/72/58 182/122/75 209/87/63
f 210/85/63 192/96/58 166/90/58
f 192/96/58 190/126/63 158/97/58
f 190/126/63 186/125/62 156/5/62
f 163/86/62 183/124/63 210/85/63
s 9
f 234/128/76 238/129/77 233/130/78
s 10
f 240/131/79 244/132/80 239/133/81
s 9
f 246/134/82 233/82/78 245/135/83
s 10
f 249/136/84 239/137/81 248/138/85
s 9
f 251/139/86 246/140/82 245/141/83
s 10
f 254/142/87 249/143/84 248/144/85
s 9
f 257/145/88 252/146/89 251/147/86
s 10
f 260/148/90 255/149/91 254/150/87
s 9
f 258/151/92 265/152/93 264/153/94
s 10
f 268/154/95 261/155/96 260/156/90
s 11
f 273/157/97 265/158/97 274/159/97
s 12
f 279/160/97 268/161/97 280/162/97
s 11
f 270/163/97 274/159/97 269/164/97
s 12
f 276/163/97 280/162/97 275/165/97
s 11
f 282/166/97 269/164/97 283/167/97
s 12
f 285/166/97 275/165/97 286/168/97
s 11
f 288/169/97 283/167/97 289/170/97
s 12
f 291/169/97 286/168/97 292/171/97
s 11
f 288/169/97 295/172/98 294/173/99
s 12
f 291/169/97 298/174/100 297/173/101
s 11
f 294/173/99 304/175/102 303/176/103
s 12
f 297/173/101 310/177/104 309/176/105
s 11
f 303/176/103 299/178/106 300/179/107
s 12
f 309/176/105 305/180/108 306/181/109
s 11
f 311/182/110 300/179/107 299/178/106
s 12
f 314/183/111 306/181/109 305/180/108
s 13
f 318/184/112 311/182/113 319/185/114
s 14
f 321/184/115 314/183/116 322/186/117
s 13
f 327/187/118 319/185/114 328/188/119
s 14
f 333/187/120 322/186/117 334/189/121
s 13
f 324/190/122 328/188/119 323/191/123
s 14
f 330/190/124 334/189/121 329/192/125
s 13
f 324/190/122 335/193/126 336/194/127
s 14
f 330/190/124 338/195/128 339/194/129
s 13
f 336/194/127 341/196/130 342/197/131
s 14
f 339/194/129 344/198/132 345/199/133
s 15
f 112/114/134 243/200/135 131/125/136
s 16
f 169/107/137 345/199/138 232/63/139
s 15
f 189/116/140 237/201/141 215/109/142
s 16
f 169/107/137 342/197/143 188/106/144
s 17
f 214/85/145 236/202/146 235/203/147
s 18
f 234/128/148 236/202/149 237/204/150
s 19
f 238/129/151 155/82/152 233/130/153
s 20
f 98/95/154 242/205/155 241/206/156
s 21
f 240/131/157 242/205/158 243/200/159
s 22
f 244/132/160 214/85/161 239/133/162
s 17
f 216/112/163 235/82/147 247/207/164
s 18
f 246/134/165 235/82/166 234/82/148
s 19
f 233/82/153 185/113/167 245/135/168
s 20
f 127/122/169 241/208/156 250/209/170
s 21
f 249/136/171 241/208/172 240/210/157
s 22
f 239/137/162 216/112/173 248/138/174
s 17
f 253/211/175 216/210/163 247/212/164
s 18
f 252/213/176 247/212/177 246/140/165
s 19
f 245/141/168 158/95/178 251/139/179
s 20
f 256/214/180 127/122/169 250/215/170
s 21
f 255/216/181 250/215/182 249/143/171
s 22
f 248/144/174 217/115/183 254/142/184
s 17
f 259/217/185 217/218/186 253/219/175
s 18
f 258/220/187 253/219/188 252/146/176
s 19
f 251/147/179 190/94/189 257/145/190
s 20
f 262/221/191 101/97/192 256/222/180
s 21
f 261/223/193 256/222/194 255/149/181
s 22
f 254/150/184 218/224/195 260/148/196
s 17
f 263/225/197 218/226/198 259/227/185
s 18
f 263/225/199 258/151/187 264/153/200
s 19
f 190/94/189 265/152/201 257/228/190
s 20
f 266/229/202 132/121/203 262/230/191
s 21
f 266/229/204 261/155/193 267/231/205
s 22
f 218/226/195 268/154/206 260/156/196
s 23
f 221/63/97 263/232/97 272/162/97
s 24
f 263/232/207 273/157/207 272/162/207
s 25
f 265/158/207 186/125/207 274/159/207
s 26
f 128/125/97 266/233/97 278/234/97
s 27
f 266/233/207 279/160/207 278/234/207
s 28
f 268/161/207 221/63/207 280/162/207
s 23
f 220/63/97 272/162/97 271/165/97
s 24
f 272/162/207 270/163/207 271/165/207
s 25
f 274/159/207 163/86/207 269/164/207
s 26
f 106/86/97 278/234/97 277/164/97
s 27
f 278/234/207 276/163/207 277/164/207
s 28
f 280/162/207 220/63/207 275/165/207
s 23
f 222/63/97 271/165/97 281/168/97
s 24
f 271/165/207 282/166/207 281/168/207
s 25
f 269/164/207 196/84/207 283/167/207
s 26
f 138/84/97 277/164/97 284/167/97
s 27
f 277/164/207 285/166/207 284/167/207
s 28
f 275/165/207 222/63/207 286/168/207
s 23
f 223/63/97 281/168/97 287/171/97
s 24
f 281/168/207 288/169/207 287/171/207
s 25
f 283/167/207 164/88/207 289/170/207
s 26
f 107/88/97 284/167/97 290/170/97
s 27
f 284/167/207 291/169/207 290/170/207
s 28
f 286/168/207 223/63/207 292/171/207
s 23
f 223/63/97 293/174/208 224/63/209
s 24
f 293/174/210 288/169/207 294/173/211
s 25
f 164/88/207 295/172/212 289/170/207
s 26
f 107/88/97 296/172/213 139/123/214
s 27
f 296/172/215 291/169/207 297/173/216
s 28
f 223/63/207 298/174/217 292/171/207
s 23
f 224/63/209 302/177/218 226/63/219
s 24
f 302/177/220 294/173/211 303/176/221
s 25
f 197/123/222 304/175/223 295/172/212
s 26
f 139/123/214 308/235/224 108/119/225
s 27
f 308/235/226 297/173/216 309/176/227
s 28
f 224/63/228 310/177/229 298/174/217
s 23
f 226/63/219 301/236/230 225/63/231
s 24
f 301/236/232 303/176/221 300/179/233
s 25
f 165/119/234 299/178/235 304/175/223
s 26
f 108/119/225 307/237/236 140/117/237
s 27
f 307/237/238 309/176/227 306/181/239
s 28
f 226/63/240 305/180/241 310/177/229
s 23
f 225/63/231 313/183/242 227/63/243
s 24
f 313/183/244 300/179/233 312/238/245
s 25
f 198/117/246 311/182/247 299/178/235
s 26
f 140/117/237 316/182/248 100/62/249
s 27
f 316/182/250 306/181/239 315/238/251
s 28
f 225/63/252 314/183/253 305/180/241
s 29
f 228/63/254 313/183/255 317/239/256
s 30
f 313/183/257 318/184/258 317/239/259
s 31
f 187/121/260 311/182/261 157/62/262
s 32
f 129/121/263 316/182/264 320/240/265
s 33
f 320/240/266 315/238/267 321/184/268
s 34
f 228/63/269 314/183/270 227/63/271
s 29
f 230/63/272 317/239/256 326/241/273
s 30
f 326/241/274 318/184/258 327/187/275
s 31
f 187/121/260 328/188/276 319/185/277
s 32
f 102/100/278 320/240/265 332/242/279
s 33
f 332/242/280 321/184/268 333/187/281
s 34
f 228/63/269 334/189/282 322/186/283
s 29
f 229/63/284 326/241/273 325/243/285
s 30
f 325/243/286 327/187/275 324/190/287
s 31
f 159/100/288 323/191/289 328/188/276
s 32
f 133/103/290 332/242/279 331/244/291
s 33
f 331/244/292 333/187/281 330/190/293
s 34
f 230/63/294 329/192/295 334/189/282
s 29
f 229/63/284 337/245/296 231/63/297
s 30
f 337/245/298 324/190/287 336/194/299
s 31
f 191/103/300 335/193/301 323/191/289
s 32
f 133/103/290 340/246/302 97/104/303
s 33
f 340/246/304 330/190/293 339/194/305
s 34
f 229/63/306 338/195/307 329/192/295
s 29
f 231/63/297 343/198/308 232/63/309
s 30
f 343/198/310 336/194/299 342/197/311
s 31
f 154/104/312 341/196/313 335/193/301
s 32
f 97/104/303 346/247/314 130/106/315
s 33
f 346/247/316 339/194/305 345/199/317
s 34
f 231/63/318 344/198/319 338/195/307
s 35
f 388/67/320 399/68/321 353/69/320
f 398/70/322 388/67/320 354/71/320
f 360/72/34 367/73/323 398/70/322
f 361/74/324 367/73/323 395/75/325
f 355/78/320 368/81/326 402/77/326
f 401/79/326 389/76/320 354/71/320
f 408/82/327 401/79/326 365/80/327
f 402/77/326 408/82/327 366/83/327
f 391/84/328 405/85/329 356/86/328
f 404/87/329 391/84/328 357/88/328
f 360/72/34 369/91/329 404/87/329
f 405/85/329 394/89/34 359/90/34
f 390/92/320 397/93/322 355/78/320
f 380/94/322 390/92/320 348/95/320
f 351/97/34 370/127/322 380/94/322
f 359/90/34 370/127/322 387/96/34
f 389/76/320 398/70/322 354/71/320
f 397/93/322 389/76/320 355/78/320
f 394/89/34 397/93/322 359/90/34
f 398/70/322 394/89/34 360/72/34
f 396/99/330 399/68/321 361/74/324
f 352/100/331 372/101/332 396/99/330
f 347/104/320 372/101/332 386/103/333
f 353/69/320 372/101/332 379/102/320
f 353/69/320 373/108/326 400/105/326
f 347/104/320 373/108/326 379/102/320
f 362/107/327 373/108/326 383/106/326
f 400/105/326 406/109/327 364/110/327
f 354/71/320 374/111/326 401/79/326
f 400/105/326 388/67/320 353/69/320
f 364/110/327 374/111/326 400/105/326
f 401/79/326 407/112/327 365/80/327
f 366/83/327 375/113/326 402/77/326
f 384/116/326 409/115/327 363/114/327
f 348/95/320 375/113/326 384/116/326
f 355/78/320 375/113/326 390/92/320
f 393/117/334 403/118/335 358/119/336
f 350/62/337 376/120/338 393/117/334
f 396/99/330 382/121/339 352/100/331
f 361/74/324 376/120/338 396/99/330
f 357/88/328 377/122/340 404/87/329
f 358/119/336 377/122/340 392/123/341
f 395/75/325 403/118/335 361/74/324
f 360/72/34 377/122/340 395/75/325
f 387/96/34 405/85/329 359/90/34
f 385/126/329 387/96/34 351/97/34
f 381/125/328 385/126/329 349/5/328
f 356/86/328 378/124/329 381/125/328
s 36
f 451/67/342 462/68/343 416/69/342
f 461/70/344 451/67/342 417/71/342
f 423/72/345 430/73/346 461/70/344
f 424/74/347 430/73/346 458/75/348
f 418/78/342 431/81/349 465/77/349
f 464/79/349 452/76/342 417/71/342
f 471/82/350 464/79/349 428/80/350
f 465/77/349 471/82/350 429/83/350
f 454/84/351 468/85/352 419/86/351
f 467/87/352 454/84/351 420/88/351
f 423/72/345 432/91/352 467/87/352
f 468/85/352 457/89/345 422/90/345
f 453/92/342 460/93/344 418/78/342
f 443/94/344 453/92/342 411/95/342
f 414/97/345 433/127/344 443/94/344
f 422/90/345 433/127/344 450/96/345
f 452/76/342 461/70/344 417/71/342
f 418/78/342 434/98/344 452/76/342
f 457/89/345 460/93/344 422/90/345
f 461/70/344 457/89/345 423/72/345
f 459/99/353 462/68/343 424/74/347
f 415/100/354 435/101/355 459/99/353
f 410/104/342 435/101/355 449/103/356
f 462/68/343 442/102/342 416/69/342
f 416/69/342 436/108/349 463/105/349
f 446/106/349 442/102/342 410/104/342
f 469/109/350 446/106/349 425/107/350
f 427/110/350 436/108/349 469/109/350
f 417/71/342 437/111/349 464/79/349
f 416/69/342 437/111/349 451/67/342
f 470/112/350 463/105/349 427/110/350
f 464/79/349 470/112/350 428/80/350
f 472/115/350 465/77/349 429/83/350
f 426/114/350 438/113/349 472/115/350
f 411/95/342 438/113/349 447/116/349
f 465/77/349 453/92/342 418/78/342
f 456/117/357 466/118/358 421/119/359
f 413/62/360 439/120/361 456/117/357
f 459/99/353 445/121/362 415/100/354
f 424/74/347 439/120/361 459/99/353
f 455/123/363 467/87/352 420/88/351
f 421/119/359 440/122/364 455/123/363
f 458/75/348 466/118/358 424/74/347
f 467/87/352 458/75/348 423/72/345
f 450/96/345 468/85/352 422/90/345
f 448/126/352 450/96/345 414/97/345
f 444/125/351 448/126/352 412/5/351
f 468/85/352 444/125/351 419/86/351
s 37
f 584/248/365 587/249/366 479/250/365
f 585/251/367 584/248/365 514/252/365
f 586/253/368 585/251/367 493/254/369
f 525/255/370 536/256/371 586/253/368
f 588/257/372 590/258/365 480/259/365
f 589/260/373 588/257/372 524/261/374
f 493/254/369 537/262/372 589/260/373
f 514/252/365 537/262/372 585/251/367
f 591/263/375 593/264/376 486/72/377
f 521/75/378 538/265/379 591/263/375
f 589/260/373 592/266/380 493/254/369
f 524/261/374 538/265/379 589/260/373
f 487/267/381 539/268/382 595/269/383
f 586/253/368 594/270/384 525/255/370
f 493/254/369 539/268/382 586/253/368
f 595/269/383 592/266/380 521/75/378
f 481/271/365 540/272/385 599/273/385
f 597/274/385 596/275/365 515/276/365
f 494/277/386 540/272/385 597/274/385
f 599/273/385 598/278/386 528/279/386
f 600/280/385 602/281/365 480/259/365
f 601/282/386 600/280/385 527/283/386
f 597/274/385 601/282/386 494/277/386
f 515/276/365 541/284/385 597/274/385
f 603/285/387 605/286/388 491/80/387
f 604/287/388 603/285/387 534/82/387
f 601/282/386 604/287/388 494/277/386
f 605/286/388 601/282/386 527/283/386
f 606/288/388 607/289/387 492/83/387
f 598/278/386 606/288/388 528/279/386
f 494/277/386 543/290/388 598/278/386
f 534/82/387 543/290/388 604/287/388
f 608/291/389 611/292/390 482/86/389
f 609/293/390 608/291/389 517/294/389
f 495/91/391 544/295/390 609/293/390
f 531/85/391 544/295/390 610/296/391
f 612/297/390 614/298/389 483/88/389
f 530/87/391 545/299/390 612/297/390
f 495/91/391 545/299/390 613/300/391
f 614/298/389 609/293/390 517/294/389
f 615/301/377 617/302/392 486/72/377
f 616/303/392 615/301/377 520/304/377
f 613/300/391 616/303/392 495/91/391
f 617/302/392 613/300/391 530/87/391
f 618/305/392 619/306/377 485/90/377
f 610/296/391 618/305/392 531/85/391
f 616/303/392 610/296/391 495/91/391
f 619/306/377 616/303/392 520/304/377
f 620/307/365 623/308/372 481/271/365
f 516/309/365 548/310/372 620/307/365
f 622/311/374 621/312/372 496/313/374
f 523/314/374 548/310/372 622/311/374
f 474/315/365 549/316/372 626/317/365
f 625/318/374 624/319/372 506/228/374
f 621/312/372 625/318/374 496/313/374
f 516/309/365 549/316/372 621/312/372
f 477/320/377 550/321/376 629/322/376
f 628/323/376 627/324/377 513/325/377
f 496/313/374 550/321/376 628/323/376
f 506/228/374 550/321/376 625/318/374
f 630/326/376 631/327/377 485/90/377
f 622/311/374 630/326/376 523/314/374
f 496/313/374 551/328/376 622/311/374
f 631/327/377 628/323/376 513/325/377
f 602/281/365 588/257/372 480/259/365
f 515/276/365 552/329/372 602/281/365
f 633/330/374 632/331/372 497/332/374
f 588/257/372 633/330/374 524/261/374
f 481/271/365 553/333/372 596/275/365
f 634/334/374 623/308/372 523/314/374
f 497/332/374 553/333/372 634/334/374
f 515/276/365 553/333/372 632/331/372
f 485/90/377 554/335/376 630/326/376
f 635/336/376 619/306/377 520/304/377
f 634/334/374 635/336/376 497/332/374
f 630/326/376 634/334/374 523/314/374
f 486/72/377 555/337/376 615/301/377
f 524/261/374 555/337/376 593/264/376
f 635/336/376 633/330/374 497/332/374
f 520/304/377 555/337/376 635/336/376
f 636/338/393 594/270/384 487/267/381
f 522/339/394 556/340/395 636/338/393
f 638/341/396 637/342/397 498/343/398
f 525/255/370 556/340/395 638/341/396
f 478/100/399 557/344/400 641/345/401
f 640/346/402 639/347/403 512/348/404
f 498/343/398 557/344/400 640/346/402
f 641/345/401 637/342/397 522/339/394
f 473/349/365 558/350/405 644/351/406
f 643/352/407 642/353/365 505/354/365
f 640/346/402 643/352/407 498/343/398
f 512/348/404 558/350/405 640/346/402
f 479/250/365 559/355/408 645/356/365
f 638/341/396 587/249/366 525/255/370
f 498/343/398 559/355/408 638/341/396
f 645/356/365 643/352/407 505/354/365
f 479/250/365 560/357/385 648/358/385
f 646/359/385 645/356/365 505/354/365
f 499/360/386 560/357/385 646/359/385
f 526/361/386 560/357/385 647/362/386
f 649/363/385 642/353/365 473/349/365
f 650/364/386 649/363/385 509/365/386
f 499/360/386 561/366/385 650/364/386
f 505/354/365 561/366/385 646/359/385
f 651/367/387 653/368/388 488/107/387
f 532/109/387 562/369/388 651/367/387
f 499/360/386 562/369/388 652/370/388
f 653/368/388 650/364/386 509/365/386
f 654/371/388 655/372/387 490/110/387
f 647/362/386 654/371/388 526/361/386
f 652/370/388 647/362/386 499/360/386
f 655/372/387 652/370/388 532/109/387
f 590/258/365 600/280/385 480/259/365
f 514/252/365 564/373/385 590/258/365
f 500/374/386 564/373/385 656/375/385
f 527/283/386 564/373/385 657/376/386
f 648/358/385 584/248/365 479/250/365
f 658/377/386 648/358/385 526/361/386
f 500/374/386 565/378/385 658/377/386
f 584/248/365 656/375/385 514/252/365
f 659/379/387 654/371/388 490/110/387
f 533/112/387 566/380/388 659/379/387
f 500/374/386 566/380/388 660/381/388
f 654/371/388 658/377/386 526/361/386
f 491/80/387 567/382/388 661/383/387
f 657/376/386 605/286/388 527/283/386
f 500/374/386 567/382/388 657/376/386
f 661/383/387 660/381/388 533/112/387
f 492/83/387 568/384/388 606/288/388
f 663/385/388 662/386/387 535/115/387
f 664/387/386 663/385/388 501/388/386
f 606/288/388 664/387/386 528/279/386
f 489/114/387 569/389/388 667/390/387
f 666/391/386 665/392/388 510/393/386
f 501/388/386 569/389/388 666/391/386
f 535/115/387 569/389/388 663/385/388
f 474/315/365 570/394/385 669/395/385
f 668/396/385 626/317/365 516/309/365
f 666/391/386 668/396/385 501/388/386
f 510/393/386 570/394/385 666/391/386
f 599/273/385 620/307/365 481/271/365
f 528/279/386 571/397/385 599/273/385
f 668/396/385 664/387/386 501/388/386
f 620/307/365 668/396/385 516/309/365
f 670/398/409 673/399/410 484/119/411
f 519/117/412 572/400/413 670/398/409
f 672/401/414 671/402/415 502/403/416
f 529/404/417 572/400/413 672/401/414
f 476/62/418 573/405/419 676/406/420
f 675/407/421 674/408/422 508/121/423
f 502/403/416 573/405/419 675/407/421
f 676/406/420 671/402/415 519/117/412
f 641/345/401 678/409/424 478/100/399
f 522/339/394 574/410/425 641/345/401
f 675/407/421 677/411/426 502/403/416
f 508/121/423 574/410/425 675/407/421
f 487/267/381 575/412/427 636/338/393
f 672/401/414 679/413/428 529/404/417
f 502/403/416 575/412/427 672/401/414
f 636/338/393 677/411/426 522/339/394
f 680/414/429 612/297/390 483/88/389
f 518/123/430 576/415/431 680/414/429
f 682/416/432 681/417/433 503/418/434
f 530/87/391 576/415/431 682/416/432
f 484/119/411 577/419/435 684/420/436
f 683/421/437 673/399/410 529/404/417
f 503/418/434 577/419/435 683/421/437
f 684/420/436 681/417/433 518/123/430
f 595/269/383 679/413/428 487/267/381
f 521/75/378 578/422/438 595/269/383
f 683/421/437 685/423/439 503/418/434
f 529/404/417 578/422/438 683/421/437
f 617/302/392 591/263/375 486/72/377
f 682/416/432 617/302/392 530/87/391
f 503/418/434 579/424/440 682/416/432
f 591/263/375 685/423/439 521/75/378
f 631/327/377 618/305/392 485/90/377
f 513/325/377 580/425/392 631/327/377
f 687/426/391 686/427/392 504/428/391
f 618/305/392 687/426/391 531/85/391
f 688/429/392 627/324/377 477/320/377
f 511/126/391 581/430/392 688/429/392
f 686/427/392 689/431/391 504/428/391
f 627/324/377 686/427/392 513/325/377
f 475/5/389 582/432/390 692/433/390
f 507/125/389 582/432/390 690/434/389
f 689/431/391 691/435/390 504/428/391
f 511/126/391 582/432/390 689/431/391
f 482/86/389 583/436/390 693/437/389
f 687/426/391 611/292/390 531/85/391
f 691/435/390 687/426/391 504/428/391
f 507/125/389 583/436/390 691/435/390
s 38
f 700/250/441 757/256/442 808/249/443
f 806/251/444 805/248/441 735/252/441
f 807/253/445 806/251/444 714/254/446
f 746/255/447 757/256/442 807/253/445
f 701/259/441 758/262/448 811/258/441
f 810/260/449 809/257/448 745/261/450
f 714/254/446 758/262/448 810/260/449
f 811/258/441 806/251/444 735/252/441
f 707/72/451 759/265/452 814/264/453
f 742/75/454 759/265/452 812/263/455
f 810/260/449 813/266/456 714/254/446
f 814/264/453 810/260/449 745/261/450
f 708/267/457 760/268/458 816/269/459
f 807/253/445 815/270/460 746/255/447
f 714/254/446 760/268/458 807/253/445
f 816/269/459 813/266/456 742/75/454
f 702/271/441 761/272/461 820/273/461
f 736/276/441 761/272/461 817/275/441
f 715/277/462 761/272/461 818/274/461
f 820/273/461 819/278/462 749/279/462
f 821/280/461 823/281/441 701/259/441
f 822/282/462 821/280/461 748/283/462
f 818/274/461 822/282/462 715/277/462
f 736/276/441 762/284/461 818/274/461
f 824/285/463 826/286/464 712/80/463
f 825/287/464 824/285/463 755/82/463
f 822/282/462 825/287/464 715/277/462
f 826/286/464 822/282/462 748/283/462
f 713/83/463 764/290/464 828/289/463
f 749/279/462 764/290/464 827/288/464
f 715/277/462 764/290/464 819/278/462
f 755/82/463 764/290/464 825/287/464
f 703/86/465 765/295/466 832/292/466
f 830/293/466 829/291/465 738/294/465
f 716/91/467 765/295/466 830/293/466
f 752/85/467 765/295/466 831/296/467
f 704/88/465 766/299/466 835/298/465
f 751/87/467 766/299/466 833/297/466
f 716/91/467 766/299/466 834/300/467
f 835/298/465 830/293/466 738/294/465
f 707/72/451 767/438/468 838/302/468
f 837/303/468 836/301/451 741/304/451
f 716/91/467 767/438/468 837/303/468
f 838/302/468 834/300/467 751/87/467
f 706/90/451 768/439/468 840/306/451
f 831/296/467 839/305/468 752/85/467
f 837/303/468 831/296/467 716/91/467
f 741/304/451 768/439/468 837/303/468
f 702/271/441 769/310/448 844/308/448
f 737/309/441 769/310/448 841/307/441
f 843/311/450 842/312/448 717/313/450
f 844/308/448 843/311/450 744/314/450
f 695/315/441 770/316/448 847/317/441
f 727/228/450 770/316/448 845/319/448
f 842/312/448 846/318/450 717/313/450
f 847/317/441 842/312/448 737/309/441
f 848/324/451 850/322/453 698/320/451
f 849/323/453 848/324/451 734/325/451
f 846/318/450 849/323/453 717/313/450
f 850/322/453 846/318/450 727/228/450
f 851/326/453 852/327/451 706/90/451
f 843/311/450 851/326/453 744/314/450
f 849/323/453 843/311/450 717/313/450
f 852/327/451 849/323/453 734/325/451
f 823/281/441 809/257/448 701/259/441
f 853/331/448 823/281/441 736/276/441
f 718/332/450 773/329/448 853/331/448
f 809/257/448 854/330/450 745/261/450
f 702/271/441 774/333/448 817/275/441
f 855/334/450 844/308/448 744/314/450
f 853/331/448 855/334/450 718/332/450
f 736/276/441 774/333/448 853/331/448
f 840/306/451 851/326/453 706/90/451
f 856/336/453 840/306/451 741/304/451
f 855/334/450 856/336/453 718/332/450
f 744/314/450 775/335/453 855/334/450
f 814/264/453 836/301/451 707/72/451
f 745/261/450 776/337/453 814/264/453
f 718/332/450 776/337/453 854/330/450
f 741/304/451 776/337/453 856/336/453
f 857/338/469 815/270/460 708/267/457
f 743/339/470 777/340/471 857/338/469
f 859/341/472 858/342/473 719/343/474
f 746/255/447 777/340/471 859/341/472
f 699/100/475 778/344/476 862/345/477
f 861/346/478 860/347/479 733/348/480
f 719/343/474 778/344/476 861/346/478
f 862/345/477 858/342/473 743/339/470
f 694/349/441 779/350/481 865/351/482
f 864/352/483 863/353/441 726/354/441
f 861/346/478 864/352/483 719/343/474
f 733/348/480 779/350/481 861/346/478
f 700/250/441 780/355/484 866/356/441
f 859/341/472 808/249/443 746/255/447
f 719/343/474 780/355/484 859/341/472
f 866/356/441 864/352/483 726/354/441
f 866/356/441 869/358/461 700/250/441
f 726/354/441 781/357/461 866/356/441
f 720/360/462 781/357/461 867/359/461
f 869/358/461 868/362/462 747/361/462
f 694/349/441 782/366/461 863/353/441
f 730/365/462 782/366/461 870/363/461
f 867/359/461 871/364/462 720/360/462
f 863/353/441 867/359/461 726/354/441
f 872/367/463 874/368/464 709/107/463
f 753/109/463 783/369/464 872/367/463
f 720/360/462 783/369/464 873/370/464
f 874/368/464 871/364/462 730/365/462
f 711/110/463 784/440/464 876/372/463
f 747/361/462 784/440/464 875/371/464
f 873/370/464 868/362/462 720/360/462
f 876/372/463 873/370/464 753/109/463
f 701/259/441 785/373/461 821/280/461
f 877/375/461 811/258/441 735/252/441
f 878/376/462 877/375/461 721/374/462
f 821/280/461 878/376/462 748/283/462
f 700/250/441 786/378/461 805/248/441
f 879/377/462 869/358/461 747/361/462
f 721/374/462 786/378/461 879/377/462
f 805/248/441 877/375/461 735/252/441
f 880/379/463 875/371/464 711/110/463
f 881/381/485 880/379/463 754/112/463
f 721/374/462 787/380/464 881/381/485
f 875/371/464 879/377/462 747/361/462
f 712/80/463 788/382/464 882/383/463
f 748/283/462 788/382/464 826/286/464
f 881/381/485 878/376/462 721/374/462
f 882/383/463 881/381/485 754/112/463
f 883/386/463 827/288/464 713/83/463
f 756/115/463 789/384/485 883/386/463
f 885/387/462 884/385/464 722/388/462
f 827/288/464 885/387/462 749/279/462
f 710/114/463 790/389/464 888/390/463
f 731/393/462 790/389/464 886/392/464
f 884/385/464 887/391/462 722/388/462
f 888/390/463 884/385/464 756/115/463
f 847/317/441 890/395/461 695/315/441
f 737/309/441 791/394/461 847/317/441
f 722/388/462 791/394/461 889/396/461
f 890/395/461 887/391/462 731/393/462
f 702/271/441 792/397/461 841/307/441
f 885/387/462 820/273/461 749/279/462
f 722/388/462 792/397/461 885/387/462
f 737/309/441 792/397/461 889/396/461
f 891/398/486 894/399/487 705/119/488
f 740/117/489 793/400/490 891/398/486
f 893/401/491 892/402/492 723/403/493
f 750/404/494 793/400/490 893/401/491
f 697/62/495 794/405/496 897/406/497
f 896/407/498 895/408/499 729/121/500
f 723/403/493 794/405/496 896/407/498
f 897/406/497 892/402/492 740/117/489
f 862/345/477 899/409/501 699/100/475
f 743/339/470 795/410/502 862/345/477
f 896/407/498 898/411/503 723/403/493
f 729/121/500 795/410/502 896/407/498
f 708/267/457 796/412/504 857/338/469
f 893/401/491 900/413/505 750/404/494
f 723/403/493 796/412/504 893/401/491
f 857/338/469 898/411/503 743/339/470
f 704/88/465 797/415/506 833/297/466
f 739/123/507 797/415/506 901/414/508
f 903/416/509 902/417/510 724/418/511
f 833/297/466 903/416/509 751/87/467
f 705/119/488 798/419/512 905/420/513
f 904/421/514 894/399/487 750/404/494
f 724/418/511 798/419/512 904/421/514
f 905/420/513 902/417/510 739/123/507
f 816/269/459 900/413/505 708/267/457
f 742/75/454 799/422/515 816/269/459
f 904/421/514 906/423/516 724/418/511
f 750/404/494 799/422/515 904/421/514
f 838/302/468 812/263/455 707/72/451
f 903/416/509 838/302/468 751/87/467
f 724/418/511 800/424/517 903/416/509
f 812/263/455 906/423/516 742/75/454
f 852/327/451 839/305/468 706/90/451
f 907/427/468 852/327/451 734/325/451
f 725/428/467 801/425/468 907/427/468
f 752/85/467 801/425/468 908/426/467
f 909/429/468 848/324/451 698/320/451
f 732/126/467 802/430/468 909/429/468
f 907/427/468 910/431/467 725/428/467
f 848/324/451 907/427/468 734/325/451
f 696/5/465 803/432/466 913/433/466
f 728/125/465 803/432/466 911/434/465
f 910/431/467 912/435/466 725/428/467
f 913/433/466 910/431/467 732/126/467
f 832/292/466 914/437/465 703/86/465
f 908/426/467 832/292/466 752/85/467
f 725/428/467 804/436/466 908/426/467
f 914/437/465 912/435/466 728/125/465
s 39
f 921/250/518 978/256/519 1029/249/520
f 956/252/518 978/256/519 1026/248/518
f 1028/253/521 1027/251/522 935/254/523
f 967/255/524 978/256/519 1028/253/521
f 922/259/518 979/262/525 1032/258/518
f 1031/260/526 1030/257/525 966/261/527
f 935/254/523 979/262/525 1031/260/526
f 1032/258/518 1027/251/522 956/252/518
f 1033/263/528 1035/264/529 928/72/530
f 963/75/531 980/265/532 1033/263/528
f 1031/260/526 1034/266/533 935/254/523
f 1035/264/529 1031/260/526 966/261/527
f 929/267/534 981/268/535 1037/269/536
f 1028/253/521 1036/270/537 967/255/524
f 935/254/523 981/268/535 1028/253/521
f 1037/269/536 1034/266/533 963/75/531
f 1038/275/518 1041/273/538 923/271/518
f 957/276/518 982/272/538 1038/275/518
f 1040/278/539 1039/274/538 936/277/539
f 1041/273/538 1040/278/539 970/279/539
f 1042/280/538 1044/281/518 922/259/518
f 969/283/539 983/284/538 1042/280/538
f 936/277/539 983/284/538 1043/282/539
f 1044/281/518 1039/274/538 957/276/518
f 933/80/540 984/201/541 1047/286/541
f 1046/287/541 1045/285/540 976/82/540
f 1043/282/539 1046/287/541 936/277/539
f 969/283/539 984/201/541 1043/282/539
f 1048/288/541 1049/289/540 934/83/540
f 970/279/539 985/290/541 1048/288/541
f 936/277/539 985/290/541 1040/278/539
f 976/82/540 985/290/541 1046/287/541
f 924/86/542 986/295/543 1053/292/543
f 1051/293/543 1050/291/542 959/294/542
f 937/91/544 986/295/543 1051/293/543
f 973/85/544 986/295/543 1052/296/544
f 1054/297/543 1056/298/542 925/88/542
f 1055/300/544 1054/297/543 972/87/544
f 937/91/544 987/299/543 1055/300/544
f 1056/298/542 1051/293/543 959/294/542
f 928/72/530 988/438/545 1059/302/545
f 1058/303/545 1057/301/530 962/304/530
f 1055/300/544 1058/303/545 937/91/544
f 1059/302/545 1055/300/544 972/87/544
f 1060/305/545 1061/306/530 927/90/530
f 1052/296/544 1060/305/545 973/85/544
f 1058/303/545 1052/296/544 937/91/544
f 962/304/530 989/439/545 1058/303/545
f 923/271/518 990/310/525 1065/308/525
f 1063/312/525 1062/307/518 958/309/518
f 938/313/527 990/310/525 1063/312/525
f 1065/308/525 1064/311/527 965/314/527
f 1066/319/525 1068/317/518 916/315/518
f 948/228/527 991/316/525 1066/319/525
f 938/313/527 991/316/525 1067/318/527
f 1068/317/518 1063/312/525 958/309/518
f 919/320/530 992/321/529 1071/322/529
f 1070/323/529 1069/324/530 955/325/530
f 938/313/527 992/321/529 1070/323/529
f 1071/322/529 1067/318/527 948/228/527
f 927/90/530 993/328/529 1073/327/530
f 965/314/527 993/328/529 1072/326/529
f 938/313/527 993/328/529 1064/311/527
f 1073/327/530 1070/323/529 955/325/530
f 922/259/518 994/329/525 1030/257/525
f 957/276/518 994/329/525 1044/281/518
f 1075/330/527 1074/331/525 939/332/527
f 1030/257/525 1075/330/527 966/261/527
f 923/271/518 995/333/525 1038/275/518
f 965/314/527 995/333/525 1065/308/525
f 939/332/527 995/333/525 1076/334/527
f 957/276/518 995/333/525 1074/331/525
f 1061/306/530 1072/326/529 927/90/530
f 962/304/530 996/335/529 1061/306/530
f 939/332/527 996/335/529 1077/336/529
f 965/314/527 996/335/529 1076/334/527
f 1035/264/529 1057/301/530 928/72/530
f 966/261/527 997/337/529 1035/264/529
f 1077/336/529 1075/330/527 939/332/527
f 1057/301/530 1077/336/529 962/304/530
f 1078/338/546 1036/270/537 929/267/534
f 964/339/547 998/340/548 1078/338/546
f 1080/341/549 1079/342/550 940/343/551
f 967/255/524 998/340/548 1080/341/549
f 920/100/552 999/344/553 1083/345/554
f 1082/346/555 1081/347/556 954/348/557
f 940/343/551 999/344/553 1082/346/555
f 1083/345/554 1079/342/550 964/339/547
f 1084/353/518 1086/351/558 915/349/518
f 1085/352/559 1084/353/518 947/354/518
f 1082/346/555 1085/352/559 940/343/551
f 954/348/557 1000/350/560 1082/346/555
f 921/250/518 1001/355/561 1087/356/518
f 1080/341/549 1029/249/520 967/255/524
f 940/343/551 1001/355/561 1080/341/549
f 947/354/518 1001/355/561 1085/352/559
f 1087/356/518 1090/358/538 921/250/518
f 1088/359/538 1087/356/518 947/354/518
f 941/360/539 1002/357/538 1088/359/538
f 1090/358/538 1089/362/539 968/361/539
f 915/349/518 1003/366/538 1084/353/518
f 951/365/539 1003/366/538 1091/363/538
f 1088/359/538 1092/364/539 941/360/539
f 1084/353/518 1088/359/538 947/354/518
f 1093/367/540 1095/368/541 930/107/540
f 1094/370/541 1093/367/540 974/109/540
f 941/360/539 1004/369/541 1094/370/541
f 1095/368/541 1092/364/539 951/365/539
f 932/110/540 1005/440/541 1097/372/540
f 1089/362/539 1096/371/541 968/361/539
f 941/360/539 1005/440/541 1089/362/539
f 974/109/540 1005/440/541 1094/370/541
f 1032/258/518 1042/280/538 922/259/518
f 956/252/518 1006/373/538 1032/258/518
f 942/374/539 1006/373/538 1098/375/538
f 969/283/539 1006/373/538 1099/376/539
f 921/250/518 1007/378/538 1026/248/518
f 968/361/539 1007/378/538 1090/358/538
f 1098/375/538 1100/377/539 942/374/539
f 1026/248/518 1098/375/538 956/252/518
f 1101/379/540 1096/371/541 932/110/540
f 1102/381/541 1101/379/540 975/112/540
f 942/374/539 1008/380/541 1102/381/541
f 1096/371/541 1100/377/539 968/361/539
f 1047/286/541 1103/383/540 933/80/540
f 1099/376/539 1047/286/541 969/283/539
f 942/374/539 1009/382/541 1099/376/539
f 975/112/540 1009/382/541 1102/381/541
f 1104/386/540 1048/288/541 934/83/540
f 977/115/540 1010/384/541 1104/386/540
f 943/388/539 1010/384/541 1105/385/541
f 1048/288/541 1106/387/539 970/279/539
f 1107/392/541 1109/390/540 931/114/540
f 1108/391/539 1107/392/541 952/393/539
f 1105/385/541 1108/391/539 943/388/539
f 1109/390/540 1105/385/541 977/115/540
f 1068/317/518 1111/395/538 916/315/518
f 1110/396/538 1068/317/518 958/309/518
f 943/388/539 1012/394/538 1110/396/538
f 952/393/539 1012/394/538 1108/391/539
f 1041/273/538 1062/307/518 923/271/518
f 970/279/539 1013/397/538 1041/273/538
f 943/388/539 1013/397/538 1106/387/539
f 1062/307/518 1110/396/538 958/309/518
f 1112/398/562 1115/399/563 926/119/564
f 961/117/565 1014/400/566 1112/398/562
f 1114/401/567 1113/402/568 944/403/569
f 971/404/570 1014/400/566 1114/401/567
f 918/62/571 1015/405/572 1118/406/573
f 1117/407/574 1116/408/575 950/121/576
f 944/403/569 1015/405/572 1117/407/574
f 1118/406/573 1113/402/568 961/117/565
f 1083/345/554 1120/409/577 920/100/552
f 964/339/547 1016/410/578 1083/345/554
f 1117/407/574 1119/411/579 944/403/569
f 950/121/576 1016/410/578 1117/407/574
f 929/267/534 1017/412/580 1078/338/546
f 1114/401/567 1121/413/581 971/404/570
f 944/403/569 1017/412/580 1114/401/567
f 1078/338/546 1119/411/579 964/339/547
f 925/88/542 1018/415/582 1054/297/543
f 960/123/583 1018/415/582 1122/414/584
f 1124/416/585 1123/417/586 945/418/587
f 972/87/544 1018/415/582 1124/416/585
f 926/119/564 1019/419/588 1126/420/589
f 1125/421/590 1115/399/563 971/404/570
f 945/418/587 1019/419/588 1125/421/590
f 1126/420/589 1123/417/586 960/123/583
f 1037/269/536 1121/413/581 929/267/534
f 963/75/531 1020/422/591 1037/269/536
f 1125/421/590 1127/423/592 945/418/587
f 971/404/570 1020/422/591 1125/421/590
f 928/72/530 1021/424/593 1033/263/528
f 1124/416/585 1059/302/545 972/87/544
f 945/418/587 1021/424/593 1124/416/585
f 1033/263/528 1127/423/592 963/75/531
f 927/90/530 1022/425/545 1060/305/545
f 955/325/530 1022/425/545 1073/327/530
f 1129/426/544 1128/427/545 946/428/544
f 1060/305/545 1129/426/544 973/85/544
f 1130/429/545 1069/324/530 919/320/530
f 1131/431/544 1130/429/545 953/126/544
f 1128/427/545 1131/431/544 946/428/544
f 955/325/530 1023/430/545 1128/427/545
f 1132/434/542 1134/433/543 917/5/542
f 1133/435/543 1132/434/542 949/125/542
f 946/428/544 1024/432/543 1133/435/543
f 953/126/544 1024/432/543 1131/431/544
f 1053/292/543 1135/437/542 924/86/542
f 973/85/544 1025/436/543 1053/292/543
f 946/428/544 1025/436/543 1129/426/544
f 1135/437/542 1133/435/543 949/125/542
s 40
f 1142/250/594 1199/256/595 1250/249/596
f 1248/251/597 1247/248/594 1177/252/594
f 1249/253/598 1248/251/597 1156/254/599
f 1188/255/600 1199/256/595 1249/253/598
f 1251/257/601 1253/258/594 1143/259/594
f 1252/260/602 1251/257/601 1187/261/603
f 1156/254/599 1200/262/601 1252/260/602
f 1177/252/594 1200/262/601 1248/251/597
f 1254/263/604 1256/264/605 1149/72/606
f 1184/75/607 1201/265/608 1254/263/604
f 1252/260/602 1255/266/609 1156/254/599
f 1187/261/603 1201/265/608 1252/260/602
f 1150/267/610 1202/268/611 1258/269/612
f 1249/253/598 1257/270/613 1188/255/600
f 1156/254/599 1202/268/611 1249/253/598
f 1258/269/612 1255/266/609 1184/75/607
f 1259/275/594 1262/273/614 1144/271/594
f 1178/276/594 1203/272/614 1259/275/594
f 1157/277/615 1203/272/614 1260/274/614
f 1262/273/614 1261/278/615 1191/279/615
f 1143/259/594 1204/284/614 1265/281/594
f 1264/282/615 1263/280/614 1190/283/615
f 1260/274/614 1264/282/615 1157/277/615
f 1265/281/594 1260/274/614 1178/276/594
f 1154/80/616 1205/201/540 1268/286/540
f 1267/287/540 1266/285/616 1197/82/616
f 1264/282/615 1267/287/540 1157/277/615
f 1268/286/540 1264/282/615 1190/283/615
f 1269/288/540 1270/289/616 1155/83/616
f 1261/278/615 1269/288/540 1191/279/615
f 1157/277/615 1206/290/540 1261/278/615
f 1197/82/616 1206/290/540 1267/287/540
f 1271/291/617 1274/292/618 1145/86/617
f 1180/294/617 1207/295/618 1271/291/617
f 1158/91/619 1207/295/618 1272/293/618
f 1194/85/619 1207/295/618 1273/296/619
f 1146/88/617 1208/299/618 1277/298/617
f 1276/300/619 1275/297/618 1193/87/619
f 1272/293/618 1276/300/619 1158/91/619
f 1180/294/617 1208/299/618 1272/293/618
f 1278/301/606 1280/302/620 1149/72/606
f 1279/303/620 1278/301/606 1183/304/606
f 1158/91/619 1209/438/620 1279/303/620
f 1280/302/620 1276/300/619 1193/87/619
f 1281/305/620 1282/306/606 1148/90/606
f 1273/296/619 1281/305/620 1194/85/619
f 1279/303/620 1273/296/619 1158/91/619
f 1282/306/606 1279/303/620 1183/304/606
f 1283/307/594 1286/308/601 1144/271/594
f 1179/309/594 1211/310/601 1283/307/594
f 1285/311/603 1284/312/601 1159/313/603
f 1286/308/601 1285/311/603 1186/314/603
f 1137/315/594 1212/316/601 1289/317/594
f 1288/318/603 1287/319/601 1169/228/603
f 1284/312/601 1288/318/603 1159/313/603
f 1179/309/594 1212/316/601 1284/312/601
f 1290/324/606 1292/322/605 1140/320/606
f 1291/323/605 1290/324/606 1176/325/606
f 1288/318/603 1291/323/605 1159/313/603
f 1292/322/605 1288/318/603 1169/228/603
f 1148/90/606 1214/328/605 1294/327/606
f 1285/311/603 1293/326/605 1186/314/603
f 1291/323/605 1285/311/603 1159/313/603
f 1176/325/606 1214/328/605 1291/323/605
f 1265/281/594 1251/257/601 1143/259/594
f 1295/331/601 1265/281/594 1178/276/594
f 1160/332/603 1215/329/601 1295/331/601
f 1251/257/601 1296/330/603 1187/261/603
f 1144/271/594 1216/333/601 1259/275/594
f 1297/334/603 1286/308/601 1186/314/603
f 1160/332/603 1216/333/601 1297/334/603
f 1178/276/594 1216/333/601 1295/331/601
f 1148/90/606 1217/335/605 1293/326/605
f 1183/304/606 1217/335/605 1282/306/606
f 1160/332/603 1217/335/605 1298/336/605
f 1293/326/605 1297/334/603 1186/314/603
f 1256/264/605 1278/301/606 1149/72/606
f 1187/261/603 1218/337/605 1256/264/605
f 1160/332/603 1218/337/605 1296/330/603
f 1183/304/606 1218/337/605 1298/336/605
f 1299/338/621 1257/270/613 1150/267/610
f 1185/339/622 1219/340/623 1299/338/621
f 1301/341/624 1300/342/625 1161/343/626
f 1188/255/600 1219/340/623 1301/341/624
f 1141/100/627 1220/344/628 1304/345/629
f 1303/346/630 1302/347/631 1175/348/632
f 1161/343/626 1220/344/628 1303/346/630
f 1304/345/629 1300/342/625 1185/339/622
f 1136/349/594 1221/350/633 1307/351/634
f 1168/354/594 1221/350/633 1305/353/594
f 1303/346/630 1306/352/635 1161/343/626
f 1175/348/632 1221/350/633 1303/346/630
f 1250/249/596 1308/356/594 1142/250/594
f 1301/341/624 1250/249/596 1188/255/600
f 1161/343/626 1222/355/636 1301/341/624
f 1168/354/594 1222/355/636 1306/352/635
f 1308/356/594 1311/358/614 1142/250/594
f 1168/354/594 1223/357/614 1308/356/594
f 1310/362/615 1309/359/614 1162/360/615
f 1311/358/614 1310/362/615 1189/361/615
f 1136/349/594 1224/366/614 1305/353/594
f 1172/365/615 1224/366/614 1312/363/614
f 1309/359/614 1313/364/615 1162/360/615
f 1305/353/594 1309/359/614 1168/354/594
f 1314/367/616 1316/368/540 1151/107/616
f 1195/109/616 1225/369/540 1314/367/616
f 1162/360/615 1225/369/540 1315/370/540
f 1316/368/540 1313/364/615 1172/365/615
f 1153/110/616 1226/440/540 1318/372/616
f 1189/361/615 1226/440/540 1317/371/540
f 1315/370/540 1310/362/615 1162/360/615
f 1318/372/616 1315/370/540 1195/109/616
f 1143/259/594 1227/373/614 1263/280/614
f 1177/252/594 1227/373/614 1253/258/594
f 1320/376/615 1319/375/614 1163/374/615
f 1263/280/614 1320/376/615 1190/283/615
f 1142/250/594 1228/378/614 1247/248/594
f 1189/361/615 1228/378/614 1311/358/614
f 1319/375/614 1321/377/615 1163/374/615
f 1247/248/594 1319/375/614 1177/252/594
f 1322/379/616 1317/371/540 1153/110/616
f 1196/112/616 1229/380/540 1322/379/616
f 1163/374/615 1229/380/540 1323/381/540
f 1317/371/540 1321/377/615 1189/361/615
f 1268/286/540 1324/383/616 1154/80/616
f 1190/283/615 1230/382/540 1268/286/540
f 1323/381/540 1320/376/615 1163/374/615
f 1324/383/616 1323/381/540 1196/112/616
f 1325/386/616 1269/288/540 1155/83/616
f 1326/385/540 1325/386/616 1198/115/616
f 1327/387/615 1326/385/540 1164/388/615
f 1269/288/540 1327/387/615 1191/279/615
f 1152/114/616 1232/389/540 1330/390/616
f 1173/393/615 1232/389/540 1328/392/540
f 1326/385/540 1329/391/615 1164/388/615
f 1330/390/616 1326/385/540 1198/115/616
f 1289/317/594 1332/395/614 1137/315/594
f 1331/396/614 1289/317/594 1179/309/594
f 1329/391/615 1331/396/614 1164/388/615
f 1173/393/615 1233/394/614 1329/391/615
f 1144/271/594 1234/397/614 1283/307/594
f 1191/279/615 1234/397/614 1262/273/614
f 1331/396/614 1327/387/615 1164/388/615
f 1283/307/594 1331/396/614 1179/309/594
f 1333/398/637 1336/399/638 1147/119/639
f 1182/117/640 1235/400/641 1333/398/637
f 1335/401/642 1334/402/643 1165/403/644
f 1192/404/645 1235/400/641 1335/401/642
f 1139/62/646 1236/405/647 1339/406/648
f 1338/407/649 1337/408/650 1171/121/651
f 1165/403/644 1236/405/647 1338/407/649
f 1339/406/648 1334/402/643 1182/117/640
f 1304/345/629 1341/409/652 1141/100/627
f 1185/339/622 1237/410/653 1304/345/629
f 1338/407/649 1340/411/654 1165/403/644
f 1171/121/651 1237/410/653 1338/407/649
f 1150/267/610 1238/412/655 1299/338/621
f 1335/401/642 1342/413/656 1192/404/645
f 1165/403/644 1238/412/655 1335/401/642
f 1299/338/621 1340/411/654 1185/339/622
f 1146/88/617 1239/415/657 1275/297/618
f 1181/123/658 1239/415/657 1343/414/659
f 1345/416/660 1344/417/661 1166/418/662
f 1193/87/619 1239/415/657 1345/416/660
f 1147/119/639 1240/419/663 1347/420/664
f 1346/421/665 1336/399/638 1192/404/645
f 1166/418/662 1240/419/663 1346/421/665
f 1347/420/664 1344/417/661 1181/123/658
f 1258/269/612 1342/413/656 1150/267/610
f 1184/75/607 1241/422/666 1258/269/612
f 1346/421/665 1348/423/667 1166/418/662
f 1192/404/645 1241/422/666 1346/421/665
f 1149/72/606 1242/424/668 1254/263/604
f 1193/87/619 1242/424/668 1280/302/620
f 1166/418/662 1242/424/668 1345/416/660
f 1254/263/604 1348/423/667 1184/75/607
f 1294/327/606 1281/305/620 1148/90/606
f 1176/325/606 1243/425/620 1294/327/606
f 1350/426/619 1349/427/620 1167/428/619
f 1194/85/619 1243/425/620 1350/426/619
f 1140/320/606 1244/430/620 1290/324/606
f 1352/431/619 1351/429/620 1174/126/619
f 1349/427/620 1352/431/619 1167/428/619
f 1176/325/606 1244/430/620 1349/427/620
f 1138/5/617 1245/432/618 1355/433/618
f 1170/125/617 1245/432/618 1353/434/617
f 1352/431/619 1354/435/618 1167/428/619
f 1174/126/619 1245/432/618 1352/431/619
f 1145/86/617 1246/436/618 1356/437/617
f 1350/426/619 1274/292/618 1194/85/619
f 1354/435/618 1350/426/619 1167/428/619
f 1356/437/617 1354/435/618 1170/125/617
s 41
f 1363/250/669 1420/256/670 1471/249/671
f 1469/251/672 1468/248/669 1398/252/669
f 1470/253/673 1469/251/672 1377/254/674
f 1409/255/675 1420/256/670 1470/253/673
f 1364/259/669 1421/262/676 1474/258/669
f 1473/260/677 1472/257/676 1408/261/678
f 1377/254/674 1421/262/676 1473/260/677
f 1398/252/669 1421/262/676 1469/251/672
f 1370/72/679 1422/265/680 1477/264/681
f 1405/75/682 1422/265/680 1475/263/683
f 1473/260/677 1476/266/684 1377/254/674
f 1477/264/681 1473/260/677 1408/261/678
f 1371/267/685 1423/268/686 1479/269/687
f 1470/253/673 1478/270/688 1409/255/675
f 1377/254/674 1423/268/686 1470/253/673
f 1479/269/687 1476/266/684 1405/75/682
f 1365/271/689 1424/272/690 1483/273/690
f 1399/276/669 1424/272/690 1480/275/669
f 1378/277/691 1424/272/690 1481/274/690
f 1412/279/691 1424/272/690 1482/278/691
f 1484/280/690 1486/281/669 1364/259/669
f 1411/283/691 1425/284/690 1484/280/690
f 1481/274/690 1485/282/691 1378/277/691
f 1486/281/669 1481/274/690 1399/276/669
f 1487/285/692 1489/286/693 1375/80/692
f 1488/287/693 1487/285/692 1418/82/692
f 1485/282/691 1488/287/693 1378/277/691
f 1411/283/691 1426/201/693 1485/282/691
f 1376/83/692 1427/290/693 1491/289/692
f 1412/279/691 1427/290/693 1490/288/693
f 1488/287/693 1482/278/691 1378/277/691
f 1491/289/692 1488/287/693 1418/82/692
f 1366/86/694 1428/295/695 1495/292/695
f 1493/293/695 1492/291/694 1401/294/694
f 1494/296/696 1493/293/695 1379/91/696
f 1415/85/696 1428/295/695 1494/296/696
f 1367/88/694 1429/299/695 1498/298/694
f 1497/300/696 1496/297/695 1414/87/696
f 1493/293/695 1497/300/696 1379/91/696
f 1401/294/694 1429/299/695 1493/293/695
f 1499/301/679 1501/302/697 1370/72/679
f 1404/304/679 1430/438/697 1499/301/679
f 1379/91/696 1430/438/697 1500/303/697
f 1414/87/696 1430/438/697 1497/300/696
f 1502/305/697 1503/306/679 1369/90/679
f 1494/296/696 1502/305/697 1415/85/696
f 1500/303/697 1494/296/696 1379/91/696
f 1404/304/679 1431/439/697 1500/303/697
f 1365/271/689 1432/310/698 1507/308/676
f 1505/312/676 1504/307/669 1400/309/669
f 1506/311/678 1505/312/676 1380/313/678
f 1507/308/676 1506/311/678 1407/314/678
f 1358/315/669 1433/316/698 1510/317/669
f 1509/318/678 1508/319/676 1390/228/678
f 1505/312/676 1509/318/678 1380/313/678
f 1510/317/669 1505/312/676 1400/309/669
f 1511/324/679 1513/322/681 1361/320/679
f 1512/323/681 1511/324/679 1397/325/679
f 1380/313/678 1434/321/681 1512/323/681
f 1390/228/678 1434/321/681 1509/318/678
f 1514/326/681 1515/327/679 1369/90/679
f 1407/314/678 1435/328/681 1514/326/681
f 1380/313/678 1435/328/681 1506/311/678
f 1515/327/679 1512/323/681 1397/325/679
f 1364/259/669 1436/329/698 1472/257/676
f 1399/276/669 1436/329/698 1486/281/669
f 1517/330/678 1516/331/698 1381/332/678
f 1472/257/676 1517/330/678 1408/261/678
f 1507/308/676 1480/275/669 1365/271/689
f 1518/334/678 1507/308/676 1407/314/678
f 1381/332/678 1437/333/676 1518/334/678
f 1480/275/669 1516/331/698 1399/276/669
f 1503/306/679 1514/326/681 1369/90/679
f 1519/336/681 1503/306/679 1404/304/679
f 1518/334/678 1519/336/681 1381/332/678
f 1514/326/681 1518/334/678 1407/314/678
f 1477/264/681 1499/301/679 1370/72/679
f 1408/261/678 1439/337/681 1477/264/681
f 1519/336/681 1517/330/678 1381/332/678
f 1499/301/679 1519/336/681 1404/304/679
f 1520/338/699 1478/270/688 1371/267/685
f 1406/339/700 1440/340/701 1520/338/699
f 1522/341/702 1521/342/703 1382/343/704
f 1409/255/675 1440/340/701 1522/341/702
f 1362/100/705 1441/344/706 1525/345/707
f 1524/346/708 1523/347/709 1396/348/710
f 1382/343/704 1441/344/706 1524/346/708
f 1525/345/707 1521/342/703 1406/339/700
f 1357/349/689 1442/350/711 1528/351/712
f 1527/352/713 1526/353/669 1389/354/669
f 1524/346/708 1527/352/713 1382/343/704
f 1396/348/710 1442/350/711 1524/346/708
f 1471/249/671 1529/356/669 1363/250/669
f 1522/341/702 1471/249/671 1409/255/675
f 1382/343/704 1443/355/714 1522/341/702
f 1389/354/669 1443/355/714 1527/352/713
f 1529/356/669 1532/358/690 1363/250/669
f 1389/354/669 1444/357/690 1529/356/669
f 1531/362/691 1530/359/690 1383/360/691
f 1410/361/691 1444/357/690 1531/362/691
f 1357/349/689 1445/366/690 1526/353/669
f 1393/365/691 1445/366/690 1533/363/690
f 1530/359/690 1534/364/691 1383/360/691
f 1526/353/669 1530/359/690 1389/354/669
f 1372/107/692 1446/369/693 1537/368/693
f 1416/109/692 1446/369/693 1535/367/692
f 1534/364/691 1536/370/693 1383/360/691
f 1393/365/691 1446/369/693 1534/364/691
f 1374/110/692 1447/440/693 1539/372/692
f 1410/361/691 1447/440/693 1538/371/693
f 1536/370/693 1531/362/691 1383/360/691
f 1539/372/692 1536/370/693 1416/109/692
f 1474/258/669 1484/280/690 1364/259/669
f 1398/252/669 1448/373/690 1474/258/669
f 1541/376/691 1540/375/690 1384/374/691
f 1411/283/691 1448/373/690 1541/376/691
f 1363/250/669 1449/378/690 1468/248/669
f 1542/377/691 1532/358/690 1410/361/691
f 1540/375/690 1542/377/691 1384/374/691
f 1468/248/669 1540/375/690 1398/252/669
f 1543/379/692 1538/371/693 1374/110/692
f 1417/112/692 1450/380/693 1543/379/692
f 1384/374/691 1450/380/693 1544/381/693
f 1538/371/693 1542/377/691 1410/361/691
f 1375/80/692 1451/382/693 1545/383/692
f 1411/283/691 1451/382/693 1489/286/693
f 1544/381/693 1541/376/691 1384/374/691
f 1545/383/692 1544/381/693 1417/112/692
f 1546/386/692 1490/288/693 1376/83/692
f 1547/385/693 1546/386/692 1419/115/692
f 1548/387/691 1547/385/693 1385/388/691
f 1490/288/693 1548/387/691 1412/279/691
f 1549/392/693 1551/390/692 1373/114/692
f 1550/391/691 1549/392/693 1394/393/691
f 1385/388/691 1453/389/693 1550/391/691
f 1419/115/692 1453/389/693 1547/385/693
f 1510/317/669 1553/395/690 1358/315/669
f 1400/309/669 1454/394/690 1510/317/669
f 1550/391/691 1552/396/690 1385/388/691
f 1553/395/690 1550/391/691 1394/393/691
f 1365/271/689 1455/397/690 1504/307/669
f 1412/279/691 1455/397/690 1483/273/690
f 1385/388/691 1455/397/690 1548/387/691
f 1504/307/669 1552/396/690 1400/309/669
f 1554/398/715 1557/399/716 1368/119/717
f 1403/117/718 1456/400/719 1554/398/715
f 1556/401/720 1555/402/721 1386/403/722
f 1413/404/723 1456/400/719 1556/401/720
f 1360/62/724 1457/405/725 1560/406/726
f 1559/407/727 1558/408/728 1392/121/729
f 1386/403/722 1457/405/725 1559/407/727
f 1560/406/726 1555/402/721 1403/117/718
f 1525/345/707 1562/409/730 1362/100/705
f 1406/339/700 1458/410/731 1525/345/707
f 1559/407/727 1561/411/732 1386/403/722
f 1392/121/729 1458/410/731 1559/407/727
f 1371/267/685 1459/412/733 1520/338/699
f 1556/401/720 1563/413/734 1413/404/723
f 1386/403/722 1459/412/733 1556/401/720
f 1520/338/699 1561/411/732 1406/339/700
f 1564/414/735 1496/297/695 1367/88/694
f 1402/123/736 1460/415/737 1564/414/735
f 1566/416/738 1565/417/739 1387/418/740
f 1496/297/695 1566/416/738 1414/87/696
f 1368/119/717 1461/419/741 1568/420/742
f 1567/421/743 1557/399/716 1413/404/723
f 1387/418/740 1461/419/741 1567/421/743
f 1568/420/742 1565/417/739 1402/123/736
f 1479/269/687 1563/413/734 1371/267/685
f 1405/75/682 1462/422/744 1479/269/687
f 1567/421/743 1569/423/745 1387/418/740
f 1413/404/723 1462/422/744 1567/421/743
f 1501/302/697 1475/263/683 1370/72/679
f 1414/87/696 1463/424/746 1501/302/697
f 1387/418/740 1463/424/746 1566/416/738
f 1475/263/683 1569/423/745 1405/75/682
f 1369/90/679 1464/425/697 1502/305/697
f 1397/325/679 1464/425/697 1515/327/679
f 1571/426/696 1570/427/697 1388/428/696
f 1502/305/697 1571/426/696 1415/85/696
f 1361/320/679 1465/430/697 1511/324/679
f 1395/126/696 1465/430/697 1572/429/697
f 1388/428/696 1465/430/697 1573/431/696
f 1397/325/679 1465/430/697 1570/427/697
f 1574/434/694 1576/433/695 1359/5/694
f 1391/125/694 1466/432/695 1574/434/694
f 1573/431/696 1575/435/695 1388/428/696
f 1576/433/695 1573/431/696 1395/126/696
f 1366/86/694 1467/436/695 1577/437/694
f 1415/85/696 1467/436/695 1495/292/695
f 1575/435/695 1571/426/696 1388/428/696
f 1391/125/694 1467/436/695 1575/435/695
s 42
f 1627/68/747 1616/67/748 1584/69/748
f 1616/67/748 1626/70/749 1585/71/748
f 1591/72/328 1595/73/750 1623/75/751
f 1592/74/752 1595/73/750 1627/68/747
f 1586/78/748 1596/81/753 1617/76/748
f 1617/76/748 1629/79/753 1585/71/748
f 1651/80/754 1596/81/753 1693/82/754
f 1693/82/754 1630/77/753 1652/83/754
f 1633/85/755 1619/84/756 1587/86/756
f 1619/84/756 1632/87/755 1588/88/756
f 1632/87/755 1622/89/328 1591/72/328
f 1590/90/328 1597/91/755 1633/85/755
f 1625/93/749 1618/92/748 1586/78/748
f 1618/92/748 1608/94/749 1579/95/748
f 1608/94/749 1615/96/328 1582/97/328
f 1615/96/328 1625/93/749 1590/90/328
f 1626/70/749 1617/76/748 1585/71/748
f 1586/78/748 1599/98/749 1625/93/749
f 1625/93/749 1622/89/328 1590/90/328
f 1622/89/328 1626/70/749 1591/72/328
f 1627/68/747 1624/99/757 1592/74/752
f 1583/100/758 1600/101/759 1614/103/760
f 1578/104/748 1600/101/759 1607/102/748
f 1607/102/748 1627/68/747 1584/69/748
f 1628/105/753 1607/102/748 1584/69/748
f 1607/102/748 1611/106/753 1578/104/748
f 1611/106/753 1634/109/754 1650/107/754
f 1594/110/754 1601/108/753 1628/105/753
f 1585/71/748 1602/111/753 1616/67/748
f 1584/69/748 1602/111/753 1628/105/753
f 1594/110/754 1602/111/753 1692/112/754
f 1692/112/754 1629/79/753 1651/80/754
f 1652/83/754 1603/113/753 1694/115/754
f 1694/115/754 1612/116/753 1593/114/754
f 1612/116/753 1618/92/748 1579/95/748
f 1618/92/748 1630/77/753 1586/78/748
f 1631/118/761 1621/117/762 1589/119/763
f 1581/62/764 1604/120/765 1610/121/766
f 1610/121/766 1624/99/757 1583/100/758
f 1592/74/752 1604/120/765 1631/118/761
f 1588/88/756 1605/122/767 1620/123/768
f 1589/119/763 1605/122/767 1631/118/761
f 1631/118/761 1623/75/751 1592/74/752
f 1623/75/751 1632/87/755 1591/72/328
f 1590/90/328 1606/124/755 1615/96/328
f 1582/97/328 1606/124/755 1613/126/755
f 1613/126/755 1609/125/756 1580/5/756
f 1609/125/756 1633/85/755 1587/86/756
s 43
f 1674/67/769 1685/68/770 1641/69/769
f 1684/70/771 1674/67/769 1642/71/769
f 1681/75/772 1684/70/771 1648/72/773
f 1649/74/774 1653/73/771 1681/75/772
f 1675/76/769 1688/77/775 1643/78/769
f 1687/79/775 1675/76/769 1642/71/769
f 1651/80/776 1654/81/775 1687/79/775
f 1688/77/775 1693/82/776 1652/83/776
f 1644/86/777 1655/91/778 1691/85/778
f 1690/87/778 1677/84/777 1645/88/777
f 1648/72/773 1655/91/778 1690/87/778
f 1691/85/778 1680/89/773 1647/90/773
f 1676/92/769 1683/93/771 1643/78/769
f 1666/94/771 1676/92/769 1636/95/769
f 1673/96/773 1666/94/771 1639/97/773
f 1683/93/771 1673/96/773 1647/90/773
f 1642/71/769 1657/98/771 1684/70/771
f 1683/93/771 1675/76/769 1643/78/769
f 1680/89/773 1683/93/771 1647/90/773
f 1684/70/771 1680/89/773 1648/72/773
f 1682/99/779 1685/68/770 1649/74/774
f 1640/100/780 1658/101/781 1682/99/779
f 1665/102/769 1672/103/782 1635/104/769
f 1685/68/770 1665/102/769 1641/69/769
f 1641/69/769 1659/108/775 1686/105/775
f 1669/106/775 1665/102/769 1635/104/769
f 1650/107/776 1659/108/775 1669/106/775
f 1686/105/775 1634/109/776 1594/110/776
f 1674/67/769 1687/79/775 1642/71/769
f 1686/105/775 1674/67/769 1641/69/769
f 1594/110/776 1660/111/775 1686/105/775
f 1687/79/775 1692/112/776 1651/80/776
f 1694/115/776 1688/77/775 1652/83/776
f 1670/116/775 1694/115/776 1593/114/776
f 1676/92/769 1670/116/775 1636/95/769
f 1643/78/769 1661/113/775 1676/92/769
f 1679/117/783 1689/118/784 1646/119/785
f 1638/62/786 1662/120/787 1679/117/783
f 1682/99/779 1668/121/788 1640/100/780
f 1649/74/774 1662/120/787 1682/99/779
f 1678/123/789 1690/87/778 1645/88/777
f 1646/119/785 1663/122/790 1678/123/789
f 1681/75/772 1689/118/784 1649/74/774
f 1690/87/778 1681/75/772 1648/72/773
f 1673/96/773 1691/85/778 1647/90/773
f 1671/126/778 1673/96/773 1639/97/773
f 1667/125/777 1671/126/778 1637/5/777
f 1644/86/777 1664/124/778 1667/125/777
s 44
f 1719/129/791 1715/128/792 1714/130/793
s 45
f 1725/132/794 1721/131/795 1720/133/796
s 44
f 1714/82/793 1727/134/797 1726/135/798
s 45
f 1720/137/796 1730/136/799 1729/138/800
s 44
f 1732/139/801 1727/140/797 1733/213/802
s 45
f 1735/142/803 1730/143/799 1736/216/804
s 44
f 1738/145/805 1733/146/802 1739/220/806
s 45
f 1741/148/807 1736/149/804 1742/223/808
s 44
f 1739/151/806 1746/152/809 1738/228/805
s 45
f 1749/154/810 1742/155/808 1748/231/811
s 46
f 1746/158/812 1754/157/812 1755/159/812
s 47
f 1749/161/812 1760/160/812 1761/162/812
s 46
f 1755/159/812 1751/163/812 1750/164/812
s 47
f 1761/162/812 1757/163/812 1756/165/812
s 46
f 1750/164/812 1763/166/812 1764/167/812
s 47
f 1756/165/812 1766/166/812 1767/168/812
s 46
f 1764/167/812 1769/169/812 1770/170/812
s 47
f 1767/168/812 1772/169/812 1773/171/812
s 46
f 1769/169/812 1776/172/813 1770/170/812
s 47
f 1772/169/812 1779/174/814 1773/171/812
s 46
f 1775/173/815 1785/175/816 1776/172/813
s 47
f 1778/173/817 1791/177/818 1779/174/814
s 46
f 1784/176/819 1780/178/820 1785/175/816
s 47
f 1790/176/821 1786/180/822 1791/177/818
s 46
f 1792/182/823 1781/179/824 1793/238/825
s 47
f 1795/183/826 1787/181/827 1796/238/828
s 48
f 1792/182/829 1799/184/830 1800/185/831
s 49
f 1795/183/832 1802/184/833 1803/186/834
s 48
f 1800/185/831 1808/187/835 1809/188/836
s 49
f 1803/186/834 1814/187/837 1815/189/838
s 48
f 1809/188/836 1805/190/839 1804/191/840
s 49
f 1815/189/838 1811/190/841 1810/192/842
s 48
f 1805/190/839 1816/193/843 1804/191/840
s 49
f 1811/190/841 1819/195/844 1810/192/842
s 48
f 1817/194/845 1822/196/846 1816/193/843
s 49
f 1820/194/847 1825/198/848 1819/195/844
s 50
f 1593/114/23 1724/200/849 1696/109/850
s 51
f 1650/107/851 1826/199/852 1611/106/853
s 50
f 1696/109/850 1718/201/854 1670/116/855
s 51
f 1650/107/851 1823/197/856 1713/63/857
s 52
f 1717/202/858 1695/85/859 1716/203/860
s 53
f 1715/128/861 1717/202/862 1716/203/863
s 54
f 1719/129/864 1636/82/865 1670/102/866
s 55
f 1723/205/867 1579/95/868 1722/206/869
s 56
f 1721/131/870 1723/205/871 1722/206/872
s 57
f 1725/132/873 1695/85/874 1696/109/875
s 52
f 1716/82/860 1697/112/876 1728/207/877
s 53
f 1727/134/878 1716/82/863 1728/207/879
s 54
f 1714/82/880 1666/113/881 1636/82/865
s 55
f 1722/208/869 1608/122/882 1731/209/883
s 56
f 1730/136/884 1722/208/872 1731/209/885
s 57
f 1720/137/886 1697/112/887 1695/82/874
s 52
f 1734/211/888 1697/210/876 1698/115/889
s 53
f 1733/213/890 1728/212/879 1734/211/891
s 54
f 1726/141/892 1639/95/893 1666/113/881
s 55
f 1737/214/894 1608/122/882 1582/97/895
s 56
f 1736/216/896 1731/215/885 1737/214/897
s 57
f 1729/144/898 1698/115/899 1697/210/887
s 52
f 1740/217/900 1698/218/889 1699/224/901
s 53
f 1739/220/902 1734/219/891 1740/217/903
s 54
f 1732/147/904 1671/94/905 1639/95/893
s 55
f 1743/221/906 1582/97/895 1613/121/907
s 56
f 1742/223/908 1737/222/897 1743/221/909
s 57
f 1735/150/910 1699/224/911 1698/218/899
s 52
f 1744/225/912 1699/226/901 1700/210/913
s 53
f 1739/151/902 1744/225/914 1745/153/915
s 54
f 1746/152/916 1671/94/905 1738/228/917
s 55
f 1747/229/918 1613/121/907 1580/5/919
s 56
f 1742/155/908 1747/229/920 1748/231/921
s 57
f 1749/154/922 1699/226/911 1741/156/923
s 58
f 1744/232/812 1702/63/812 1753/162/812
s 59
f 1744/232/924 1754/157/924 1745/441/924
s 60
f 1746/158/924 1667/125/924 1637/5/924
s 61
f 1747/233/812 1609/125/812 1759/234/812
s 62
f 1747/233/924 1760/160/924 1748/442/924
s 63
f 1749/161/924 1702/63/924 1700/63/924
s 58
f 1753/162/812 1701/63/812 1752/165/812
s 59
f 1753/162/924 1751/163/924 1754/157/924
s 60
f 1755/159/924 1644/86/924 1667/125/924
s 61
f 1759/234/812 1587/86/812 1758/164/812
s 62
f 1759/234/924 1757/163/924 1760/160/924
s 63
f 1761/162/924 1701/63/924 1702/63/924
s 58
f 1752/165/812 1703/63/812 1762/168/812
s 59
f 1752/165/924 1763/166/924 1751/163/924
s 60
f 1750/164/924 1677/84/924 1644/86/924
s 61
f 1758/164/812 1619/84/812 1765/167/812
s 62
f 1758/164/924 1766/166/924 1757/163/924
s 63
f 1756/165/924 1703/63/924 1701/63/924
s 58
f 1762/168/812 1704/63/812 1768/171/812
s 59
f 1762/168/924 1769/169/924 1763/166/924
s 60
f 1764/167/924 1645/88/924 1677/84/924
s 61
f 1765/167/812 1588/88/812 1771/170/812
s 62
f 1765/167/924 1772/169/924 1766/166/924
s 63
f 1767/168/924 1704/63/924 1703/63/924
s 58
f 1704/63/812 1774/174/925 1768/171/812
s 59
f 1769/169/924 1774/174/926 1775/173/927
s 60
f 1776/172/928 1645/88/924 1770/170/924
s 61
f 1588/88/812 1777/172/929 1771/170/812
s 62
f 1772/169/924 1777/172/930 1778/173/931
s 63
f 1779/174/932 1704/63/924 1773/171/924
s 58
f 1705/63/933 1783/177/934 1774/174/925
s 59
f 1775/173/927 1783/177/935 1784/176/936
s 60
f 1785/175/937 1678/123/938 1776/172/928
s 61
f 1620/123/939 1789/235/940 1777/172/929
s 62
f 1778/173/931 1789/235/941 1790/176/942
s 63
f 1791/177/943 1705/63/944 1779/174/932
s 58
f 1707/63/945 1782/236/946 1783/177/934
s 59
f 1784/176/936 1782/236/947 1781/179/948
s 60
f 1780/178/949 1646/119/950 1785/175/937
s 61
f 1589/119/951 1788/237/952 1789/235/940
s 62
f 1790/176/942 1788/237/953 1787/181/954
s 63
f 1786/180/955 1707/63/956 1791/177/943
s 58
f 1706/63/957 1794/183/958 1782/236/946
s 59
f 1781/179/948 1794/183/959 1793/238/960
s 60
f 1792/182/961 1679/117/962 1780/178/949
s 61
f 1621/117/963 1797/182/964 1788/237/952
s 62
f 1787/181/954 1797/182/965 1796/238/966
s 63
f 1795/183/967 1706/63/968 1786/180/955
s 64
f 1794/183/969 1709/63/970 1798/239/971
s 65
f 1794/183/972 1799/184/973 1793/238/974
s 66
f 1668/121/975 1792/182/976 1800/185/977
s 67
f 1797/182/978 1610/121/979 1801/240/980
s 68
f 1796/238/981 1801/240/982 1802/184/983
s 69
f 1709/63/984 1795/183/985 1803/186/986
s 64
f 1798/239/971 1711/63/987 1807/241/988
s 65
f 1799/184/973 1807/241/989 1808/187/990
s 66
f 1809/188/991 1668/121/975 1800/185/977
s 67
f 1801/240/980 1583/100/992 1813/242/993
s 68
f 1802/184/983 1813/242/994 1814/187/995
s 69
f 1815/189/996 1709/63/984 1803/186/986
s 64
f 1807/241/988 1710/63/997 1806/243/998
s 65
f 1808/187/990 1806/243/999 1805/190/1000
s 66
f 1804/191/1001 1640/100/1002 1809/188/991
s 67
f 1813/242/993 1614/103/1003 1812/244/1004
s 68
f 1814/187/995 1812/244/1005 1811/190/1006
s 69
f 1810/192/1007 1711/63/1008 1815/189/996
s 64
f 1710/63/997 1818/245/1009 1806/243/998
s 65
f 1805/190/1000 1818/245/1010 1817/194/1011
s 66
f 1816/193/1012 1672/103/1013 1804/191/1001
s 67
f 1614/103/1003 1821/246/1014 1812/244/1004
s 68
f 1811/190/1006 1821/246/1015 1820/194/1016
s 69
f 1819/195/1017 1710/63/1018 1810/192/1007
s 64
f 1712/63/1019 1824/198/1020 1818/245/1009
s 65
f 1817/194/1011 1824/198/1021 1823/197/1022
s 66
f 1822/196/1023 1635/104/1024 1816/193/1012
s 67
f 1578/104/1025 1827/247/1026 1821/246/1014
s 68
f 1820/194/1016 1827/247/1027 1826/199/1028
s 69
f 1825/198/1029 1712/63/1030 1819/195/1017
s 70
f 1942/249/1031 1939/248/1032 1834/250/1032
f 1939/248/1032 1940/251/1033 1869/252/1032
f 1940/251/1033 1941/253/1034 1848/254/1035
f 1880/255/1036 1891/256/1037 1942/249/1031
f 1945/258/1032 1943/257/1038 1835/259/1032
f 1943/257/1038 1944/260/1039 1879/261/1040
f 1848/254/1035 1892/262/1033 1940/251/1033
f 1940/251/1033 1945/258/1032 1869/252/1032
f 1948/264/1041 1946/263/1042 1841/72/1043
f 1876/75/1044 1893/265/1045 1947/266/1046
f 1947/266/1046 1944/260/1039 1848/254/1035
f 1944/260/1039 1948/264/1041 1879/261/1040
f 1842/267/1047 1894/268/1048 1949/270/1049
f 1949/270/1049 1941/253/1034 1880/255/1036
f 1848/254/1035 1894/268/1048 1947/266/1046
f 1947/266/1046 1950/269/1050 1876/75/1044
f 1954/273/1051 1951/275/1032 1836/271/1032
f 1870/276/1032 1895/272/1051 1952/274/1051
f 1849/277/1052 1895/272/1051 1953/278/1052
f 1953/278/1052 1954/273/1051 1883/279/1052
f 1957/281/1032 1955/280/1051 1835/259/1032
f 1882/283/1052 1896/284/1051 1956/282/1052
f 1956/282/1052 1952/274/1051 1849/277/1052
f 1870/276/1032 1896/284/1051 1957/281/1032
f 1960/286/1053 1958/285/1054 1846/80/1054
f 1958/285/1054 1959/287/1053 1889/82/1054
f 1849/277/1052 1897/201/1053 1956/282/1052
f 1956/282/1052 1960/286/1053 1882/283/1052
f 1962/289/1054 1961/288/1053 1847/83/1054
f 1883/279/1052 1898/290/1053 1953/278/1052
f 1953/278/1052 1959/287/1053 1849/277/1052
f 1889/82/1054 1898/290/1053 1962/289/1054
f 1966/292/1055 1963/291/1056 1837/86/1056
f 1963/291/1056 1964/293/1055 1872/294/1056
f 1850/91/1057 1899/295/1055 1965/296/1057
f 1886/85/1057 1899/295/1055 1966/292/1055
f 1969/298/1056 1967/297/1055 1838/88/1056
f 1885/87/1057 1900/299/1055 1968/300/1057
f 1850/91/1057 1900/299/1055 1964/293/1055
f 1872/294/1056 1900/299/1055 1969/298/1056
f 1972/302/1058 1970/301/1043 1841/72/1043
f 1970/301/1043 1971/303/1058 1875/304/1043
f 1850/91/1057 1901/438/1058 1968/300/1057
f 1968/300/1057 1972/302/1058 1885/87/1057
f 1974/306/1043 1973/305/1058 1840/90/1043
f 1886/85/1057 1902/439/1058 1965/296/1057
f 1965/296/1057 1971/303/1058 1850/91/1057
f 1875/304/1043 1902/439/1058 1974/306/1043
f 1978/308/1038 1975/307/1032 1836/271/1032
f 1975/307/1032 1976/312/1038 1871/309/1032
f 1976/312/1038 1977/311/1040 1851/313/1040
f 1878/314/1040 1903/310/1038 1978/308/1038
f 1981/317/1032 1979/319/1038 1829/315/1032
f 1979/319/1038 1980/318/1040 1861/228/1040
f 1980/318/1040 1976/312/1038 1851/313/1040
f 1976/312/1038 1981/317/1032 1871/309/1032
f 1984/322/1041 1982/324/1043 1832/320/1043
f 1982/324/1043 1983/323/1041 1868/325/1043
f 1983/323/1041 1980/318/1040 1851/313/1040
f 1861/228/1040 1905/321/1041 1984/322/1041
f 1840/90/1043 1906/328/1041 1985/326/1041
f 1985/326/1041 1977/311/1040 1878/314/1040
f 1977/311/1040 1983/323/1041 1851/313/1040
f 1983/323/1041 1986/327/1043 1868/325/1043
f 1943/257/1038 1957/281/1032 1835/259/1032
f 1957/281/1032 1987/331/1038 1870/276/1032
f 1852/332/1040 1907/329/1038 1988/330/1040
f 1988/330/1040 1943/257/1038 1879/261/1040
f 1836/271/1032 1908/333/1038 1978/308/1038
f 1978/308/1038 1989/334/1040 1878/314/1040
f 1989/334/1040 1987/331/1038 1852/332/1040
f 1987/331/1038 1951/275/1032 1870/276/1032
f 1840/90/1043 1909/335/1041 1974/306/1043
f 1974/306/1043 1990/336/1041 1875/304/1043
f 1990/336/1041 1989/334/1040 1852/332/1040
f 1989/334/1040 1985/326/1041 1878/314/1040
f 1841/72/1043 1910/337/1041 1948/264/1041
f 1948/264/1041 1988/330/1040 1879/261/1040
f 1988/330/1040 1990/336/1041 1852/332/1040
f 1875/304/1043 1910/337/1041 1970/301/1043
f 1949/270/1049 1991/338/1059 1842/267/1047
f 1877/339/1060 1911/340/1061 1992/342/1062
f 1992/342/1062 1993/341/1063 1853/343/1064
f 1880/255/1036 1911/340/1061 1949/270/1049
f 1833/100/1065 1912/344/1066 1994/347/1067
f 1994/347/1067 1995/346/1068 1867/348/1069
f 1853/343/1064 1912/344/1066 1992/342/1062
f 1992/342/1062 1996/345/1070 1877/339/1060
f 1828/349/1032 1913/350/1071 1997/353/1032
f 1997/353/1032 1998/352/1072 1860/354/1032
f 1998/352/1072 1995/346/1068 1853/343/1064
f 1867/348/1069 1913/350/1071 1999/351/1073
f 2000/356/1032 1942/249/1031 1834/250/1032
f 1942/249/1031 1993/341/1063 1880/255/1036
f 1853/343/1064 1914/355/1074 1998/352/1072
f 1860/354/1032 1914/355/1074 2000/356/1032
f 2003/358/1051 2000/356/1032 1834/250/1032
f 1860/354/1032 1915/357/1051 2001/359/1051
f 2001/359/1051 2002/362/1052 1854/360/1052
f 2002/362/1052 2003/358/1051 1881/361/1052
f 1997/353/1032 2004/363/1051 1828/349/1032
f 2004/363/1051 2005/364/1052 1864/365/1052
f 1854/360/1052 1916/366/1051 2001/359/1051
f 1860/354/1032 1916/366/1051 1997/353/1032
f 2008/368/1053 2006/367/1054 1843/107/1054
f 2006/367/1054 2007/370/1053 1887/109/1054
f 1854/360/1052 1917/369/1053 2005/364/1052
f 1864/365/1052 1917/369/1053 2008/368/1053
f 2010/372/1054 2009/371/1053 1845/110/1054
f 2009/371/1053 2002/362/1052 1881/361/1052
f 1854/360/1052 1918/440/1053 2007/370/1053
f 1887/109/1054 1918/440/1053 2010/372/1054
f 1955/280/1051 1945/258/1032 1835/259/1032
f 1945/258/1032 2011/375/1051 1869/252/1032
f 1855/374/1052 1919/373/1051 2012/376/1052
f 2012/376/1052 1955/280/1051 1882/283/1052
f 1834/250/1032 1920/378/1051 2003/358/1051
f 1881/361/1052 1920/378/1051 2013/377/1052
f 2013/377/1052 2011/375/1051 1855/374/1052
f 1869/252/1032 1920/378/1051 1939/248/1032
f 2009/371/1053 2014/379/1054 1845/110/1054
f 2014/379/1054 2015/381/1053 1888/112/1054
f 1855/374/1052 1921/380/1053 2013/377/1052
f 1881/361/1052 1921/380/1053 2009/371/1053
f 2016/383/1054 1960/286/1053 1846/80/1054
f 1882/283/1052 1922/382/1053 2012/376/1052
f 2012/376/1052 2015/381/1053 1855/374/1052
f 2015/381/1053 2016/383/1054 1888/112/1054
f 1961/288/1053 2017/386/1054 1847/83/1054
f 1890/115/1054 1923/384/1053 2018/385/1053
f 1856/388/1052 1923/384/1053 2019/387/1052
f 2019/387/1052 1961/288/1053 1883/279/1052
f 1844/114/1054 1924/389/1053 2020/392/1053
f 1865/393/1052 1924/389/1053 2021/391/1052
f 1856/388/1052 1924/389/1053 2018/385/1053
f 2018/385/1053 2022/390/1054 1890/115/1054
f 2024/395/1051 1981/317/1032 1829/315/1032
f 1981/317/1032 2023/396/1051 1871/309/1032
f 2023/396/1051 2021/391/1052 1856/388/1052
f 1865/393/1052 1925/394/1051 2024/395/1051
f 1975/307/1032 1954/273/1051 1836/271/1032
f 1954/273/1051 2019/387/1052 1883/279/1052
f 2019/387/1052 2023/396/1051 1856/388/1052
f 2023/396/1051 1975/307/1032 1871/309/1032
f 2028/399/1075 2025/398/1076 1839/119/1077
f 1874/117/1078 1927/400/1079 2026/402/1080
f 2026/402/1080 2027/401/1081 1857/403/1082
f 1884/404/1083 1927/400/1079 2028/399/1075
f 1831/62/1084 1928/405/1085 2029/408/1086
f 2029/408/1086 2030/407/1087 1863/121/1088
f 1857/403/1082 1928/405/1085 2026/402/1080
f 2026/402/1080 2031/406/1089 1874/117/1078
f 2033/409/1090 1996/345/1070 1833/100/1065
f 1877/339/1060 1929/410/1091 2032/411/1092
f 2032/411/1092 2030/407/1087 1857/403/1082
f 1863/121/1088 1929/410/1091 2033/409/1090
f 1842/267/1047 1930/412/1093 2034/413/1094
f 2034/413/1094 2027/401/1081 1884/404/1083
f 1857/403/1082 1930/412/1093 2032/411/1092
f 2032/411/1092 1991/338/1059 1877/339/1060
f 1838/88/1056 1931/415/1095 2035/414/1096
f 1873/123/1097 1931/415/1095 2036/417/1098
f 2036/417/1098 2037/416/1099 1858/418/1100
f 1885/87/1057 1931/415/1095 1967/297/1055
f 1839/119/1077 1932/419/1101 2028/399/1075
f 2028/399/1075 2038/421/1102 1884/404/1083
f 1858/418/1100 1932/419/1101 2036/417/1098
f 2036/417/1098 2039/420/1103 1873/123/1097
f 2034/413/1094 1950/269/1050 1842/267/1047
f 1876/75/1044 1933/422/1104 2040/423/1105
f 2040/423/1105 2038/421/1102 1858/418/1100
f 1884/404/1083 1933/422/1104 2034/413/1094
f 1841/72/1043 1934/424/1106 1972/302/1058
f 1972/302/1058 2037/416/1099 1885/87/1057
f 1858/418/1100 1934/424/1106 2040/423/1105
f 2040/423/1105 1946/263/1042 1876/75/1044
f 1840/90/1043 1935/425/1107 1986/327/1043
f 1868/325/1043 1935/425/1107 2041/427/1108
f 1859/428/1109 1935/425/1107 2042/426/1110
f 2042/426/1110 1973/305/1058 1886/85/1057
f 1982/324/1043 2043/429/1111 1832/320/1043
f 1866/126/1112 1936/430/1113 2044/431/1114
f 2044/431/1114 2041/427/1108 1859/428/1109
f 2041/427/1108 1982/324/1043 1868/325/1043
f 2047/433/1115 2045/434/1116 1830/5/1117
f 1862/125/1118 1937/432/1119 2046/435/1120
f 2046/435/1120 2044/431/1114 1859/428/1109
f 1866/126/1112 1937/432/1119 2047/433/1115
f 2048/437/1121 1966/292/1055 1837/86/1056
f 1966/292/1055 2042/426/1110 1886/85/1057
f 1859/428/1109 1938/436/1122 2046/435/1120
f 2046/435/1120 2048/437/1121 1862/125/1118
s 71
f 2163/249/1123 2160/248/1124 2055/250/1124
f 2160/248/1124 2161/251/1125 2090/252/1124
f 2161/251/1125 2162/253/1126 2069/254/1127
f 2101/255/1128 2112/256/1129 2163/249/1123
f 2166/258/1124 2164/257/1125 2056/259/1124
f 2164/257/1125 2165/260/1130 2100/261/1131
f 2069/254/1127 2113/262/1125 2161/251/1125
f 2161/251/1125 2166/258/1124 2090/252/1124
f 2062/72/1132 2114/265/1133 2167/263/1134
f 2097/75/1135 2114/265/1133 2168/266/1136
f 2168/266/1136 2165/260/1130 2069/254/1127
f 2165/260/1130 2169/264/1137 2100/261/1131
f 2063/267/1138 2115/268/1139 2170/270/1140
f 2170/270/1140 2162/253/1126 2101/255/1128
f 2069/254/1127 2115/268/1139 2168/266/1136
f 2168/266/1136 2171/269/1141 2097/75/1135
f 2057/271/1124 2116/272/1142 2172/275/1124
f 2172/275/1124 2173/274/1142 2091/276/1124
f 2070/277/1143 2116/272/1142 2174/278/1143
f 2104/279/1143 2116/272/1142 2175/273/1142
f 2178/281/1124 2176/280/1142 2056/259/1124
f 2103/283/1143 2117/284/1142 2177/282/1143
f 2177/282/1143 2173/274/1142 2070/277/1143
f 2173/274/1142 2178/281/1124 2091/276/1124
f 2067/80/1144 2118/201/1145 2179/285/1144
f 2179/285/1144 2180/287/1145 2110/82/1144
f 2180/287/1145 2177/282/1143 2070/277/1143
f 2177/282/1143 2181/286/1145 2103/283/1143
f 2183/289/1144 2182/288/1145 2068/83/1144
f 2182/288/1145 2174/278/1143 2104/279/1143
f 2174/278/1143 2180/287/1145 2070/277/1143
f 2180/287/1145 2183/289/1144 2110/82/1144
f 2187/292/1146 2184/291/1147 2058/86/1147
f 2184/291/1147 2185/293/1146 2093/294/1147
f 2071/91/1148 2120/295/1146 2186/296/1148
f 2186/296/1148 2187/292/1146 2107/85/1148
f 2059/88/1147 2121/299/1146 2188/297/1146
f 2106/87/1148 2121/299/1146 2189/300/1148
f 2189/300/1148 2185/293/1146 2071/91/1148
f 2093/294/1147 2121/299/1146 2190/298/1147
f 2193/302/1149 2191/301/1132 2062/72/1132
f 2191/301/1132 2192/303/1149 2096/304/1132
f 2071/91/1148 2122/438/1149 2189/300/1148
f 2189/300/1148 2193/302/1149 2106/87/1148
f 2061/90/1132 2123/439/1149 2194/305/1149
f 2194/305/1149 2186/296/1148 2107/85/1148
f 2186/296/1148 2192/303/1149 2071/91/1148
f 2096/304/1132 2123/439/1149 2195/306/1132
f 2199/308/1125 2196/307/1124 2057/271/1124
f 2196/307/1124 2197/312/1125 2092/309/1124
f 2072/313/1131 2124/310/1125 2198/311/1131
f 2198/311/1131 2199/308/1125 2099/314/1131
f 2050/315/1124 2125/316/1125 2200/319/1125
f 2200/319/1125 2201/318/1131 2082/228/1131
f 2201/318/1131 2197/312/1125 2072/313/1131
f 2197/312/1125 2202/317/1124 2092/309/1124
f 2053/320/1132 2126/321/1137 2203/324/1132
f 2203/324/1132 2204/323/1137 2089/325/1132
f 2204/323/1137 2201/318/1131 2072/313/1131
f 2082/228/1131 2126/321/1137 2205/322/1137
f 2207/327/1132 2206/326/1137 2061/90/1132
f 2206/326/1137 2198/311/1131 2099/314/1131
f 2198/311/1131 2204/323/1137 2072/313/1131
f 2204/323/1137 2207/327/1132 2089/325/1132
f 2056/259/1124 2128/329/1125 2178/281/1124
f 2178/281/1124 2208/331/1125 2091/276/1124
f 2073/332/1131 2128/329/1125 2209/330/1131
f 2209/330/1131 2164/257/1125 2100/261/1131
f 2172/275/1124 2199/308/1125 2057/271/1124
f 2199/308/1125 2210/334/1131 2099/314/1131
f 2210/334/1131 2208/331/1125 2073/332/1131
f 2091/276/1124 2129/333/1125 2172/275/1124
f 2206/326/1137 2195/306/1132 2061/90/1132
f 2195/306/1132 2211/336/1137 2096/304/1132
f 2073/332/1131 2130/335/1137 2210/334/1131
f 2210/334/1131 2206/326/1137 2099/314/1131
f 2062/72/1132 2131/337/1137 2169/264/1137
f 2100/261/1131 2131/337/1137 2209/330/1131
f 2209/330/1131 2211/336/1137 2073/332/1131
f 2096/304/1132 2131/337/1137 2191/301/1132
f 2170/270/1140 2212/338/1150 2063/267/1138
f 2098/339/1151 2132/340/1152 2213/342/1153
f 2213/342/1153 2214/341/1154 2074/343/1155
f 2101/255/1128 2132/340/1152 2170/270/1140
f 2054/100/1156 2133/344/1157 2215/347/1158
f 2215/347/1158 2216/346/1159 2088/348/1160
f 2074/343/1155 2133/344/1157 2213/342/1153
f 2213/342/1153 2217/345/1161 2098/339/1151
f 2220/351/1162 2218/353/1124 2049/349/1124
f 2081/354/1124 2134/350/1163 2219/352/1164
f 2219/352/1164 2216/346/1159 2074/343/1155
f 2088/348/1160 2134/350/1163 2220/351/1162
f 2221/356/1124 2163/249/1123 2055/250/1124
f 2163/249/1123 2214/341/1154 2101/255/1128
f 2074/343/1155 2135/355/1165 2219/352/1164
f 2219/352/1164 2221/356/1124 2081/354/1124
f 2224/358/1142 2221/356/1124 2055/250/1124
f 2221/356/1124 2222/359/1142 2081/354/1124
f 2222/359/1142 2223/362/1143 2075/360/1143
f 2223/362/1143 2224/358/1142 2102/361/1143
f 2049/349/1124 2137/366/1142 2225/363/1142
f 2085/365/1143 2137/366/1142 2226/364/1143
f 2075/360/1143 2137/366/1142 2222/359/1142
f 2222/359/1142 2218/353/1124 2081/354/1124
f 2229/368/1145 2227/367/1144 2064/107/1144
f 2227/367/1144 2228/370/1145 2108/109/1144
f 2228/370/1145 2226/364/1143 2075/360/1143
f 2226/364/1143 2229/368/1145 2085/365/1143
f 2066/110/1144 2139/440/1145 2230/371/1145
f 2102/361/1143 2139/440/1145 2223/362/1143
f 2223/362/1143 2228/370/1145 2075/360/1143
f 2228/370/1145 2231/372/1144 2108/109/1144
f 2176/280/1142 2166/258/1124 2056/259/1124
f 2166/258/1124 2232/375/1142 2090/252/1124
f 2076/374/1143 2140/373/1142 2233/376/1143
f 2233/376/1143 2176/280/1142 2103/283/1143
f 2055/250/1124 2141/378/1142 2224/358/1142
f 2224/358/1142 2234/377/1143 2102/361/1143
f 2234/377/1143 2232/375/1142 2076/374/1143
f 2232/375/1142 2160/248/1124 2090/252/1124
f 2230/371/1145 2235/379/1144 2066/110/1144
f 2109/112/1144 2142/380/1145 2236/381/1145
f 2076/374/1143 2142/380/1145 2234/377/1143
f 2234/377/1143 2230/371/1145 2102/361/1143
f 2237/383/1144 2181/286/1145 2067/80/1144
f 2103/283/1143 2143/382/1145 2233/376/1143
f 2233/376/1143 2236/381/1145 2076/374/1143
f 2236/381/1145 2237/383/1144 2109/112/1144
f 2182/288/1145 2238/386/1144 2068/83/1144
f 2238/386/1144 2239/385/1145 2111/115/1144
f 2239/385/1145 2240/387/1143 2077/388/1143
f 2104/279/1143 2144/384/1145 2182/288/1145
f 2065/114/1144 2145/389/1145 2241/392/1145
f 2241/392/1145 2242/391/1143 2086/393/1143
f 2077/388/1143 2145/389/1145 2239/385/1145
f 2239/385/1145 2243/390/1144 2111/115/1144
f 2245/395/1142 2202/317/1124 2050/315/1124
f 2202/317/1124 2244/396/1142 2092/309/1124
f 2077/388/1143 2146/394/1142 2242/391/1143
f 2242/391/1143 2245/395/1142 2086/393/1143
f 2196/307/1124 2175/273/1142 2057/271/1124
f 2175/273/1142 2240/387/1143 2104/279/1143
f 2240/387/1143 2244/396/1142 2077/388/1143
f 2244/396/1142 2196/307/1124 2092/309/1124
f 2249/399/1166 2246/398/1167 2060/119/1168
f 2095/117/1169 2148/400/1170 2247/402/1171
f 2247/402/1171 2248/401/1172 2078/403/1173
f 2105/404/1174 2148/400/1170 2249/399/1166
f 2052/62/1175 2149/405/1176 2250/408/1177
f 2250/408/1177 2251/407/1178 2084/121/1179
f 2078/403/1173 2149/405/1176 2247/402/1171
f 2247/402/1171 2252/406/1180 2095/117/1169
f 2254/409/1181 2217/345/1161 2054/100/1156
f 2098/339/1151 2150/410/1182 2253/411/1183
f 2253/411/1183 2251/407/1178 2078/403/1173
f 2084/121/1179 2150/410/1182 2254/409/1181
f 2063/267/1138 2151/412/1184 2255/413/1185
f 2255/413/1185 2248/401/1172 2105/404/1174
f 2078/403/1173 2151/412/1184 2253/411/1183
f 2253/411/1183 2212/338/1150 2098/339/1151
f 2059/88/1147 2152/415/1186 2256/414/1187
f 2094/123/1188 2152/415/1186 2257/417/1189
f 2257/417/1189 2258/416/1190 2079/418/1191
f 2106/87/1148 2152/415/1186 2188/297/1146
f 2060/119/1168 2153/419/1192 2249/399/1166
f 2249/399/1166 2259/421/1193 2105/404/1174
f 2079/418/1191 2153/419/1192 2257/417/1189
f 2257/417/1189 2260/420/1194 2094/123/1188
f 2255/413/1185 2171/269/1141 2063/267/1138
f 2097/75/1135 2154/422/1195 2261/423/1196
f 2261/423/1196 2259/421/1193 2079/418/1191
f 2105/404/1174 2154/422/1195 2255/413/1185
f 2167/263/1134 2193/302/1149 2062/72/1132
f 2193/302/1149 2258/416/1190 2106/87/1148
f 2079/418/1191 2155/424/1197 2261/423/1196
f 2261/423/1196 2167/263/1134 2097/75/1135
f 2061/90/1132 2156/425/1198 2207/327/1132
f 2207/327/1132 2262/427/1199 2089/325/1132
f 2080/428/1200 2156/425/1198 2263/426/1201
f 2263/426/1201 2194/305/1149 2107/85/1148
f 2203/324/1132 2264/429/1202 2053/320/1132
f 2087/126/1203 2157/430/1204 2265/431/1205
f 2265/431/1205 2262/427/1199 2080/428/1200
f 2262/427/1199 2203/324/1132 2089/325/1132
f 2268/433/1206 2266/434/1207 2051/5/1208
f 2083/125/1209 2158/432/1210 2267/435/1211
f 2267/435/1211 2265/431/1205 2080/428/1200
f 2087/126/1203 2158/432/1210 2268/433/1206
f 2269/437/1212 2187/292/1146 2058/86/1147
f 2187/292/1146 2263/426/1201 2107/85/1148
f 2080/428/1200 2159/436/1213 2267/435/1211
f 2267/435/1211 2269/437/1212 2083/125/1209
s 72
f 2384/249/1214 2381/248/1215 2276/250/1215
f 2381/248/1215 2382/251/1216 2311/252/1215
f 2382/251/1216 2383/253/1217 2290/254/1218
f 2322/255/1219 2333/256/1220 2384/249/1214
f 2387/258/1215 2385/257/1216 2277/259/1215
f 2321/261/1221 2334/262/1216 2386/260/1222
f 2290/254/1218 2334/262/1216 2382/251/1216
f 2382/251/1216 2387/258/1215 2311/252/1215
f 2283/72/1223 2335/265/1224 2388/263/1225
f 2318/75/1226 2335/265/1224 2389/266/1227
f 2389/266/1227 2386/260/1222 2290/254/1218
f 2386/260/1222 2390/264/1228 2321/261/1221
f 2284/267/1229 2336/268/1230 2391/270/1231
f 2391/270/1231 2383/253/1217 2322/255/1219
f 2290/254/1218 2336/268/1230 2389/266/1227
f 2389/266/1227 2392/269/1232 2318/75/1226
f 2278/271/1215 2337/272/1233 2393/275/1215
f 2393/275/1215 2394/274/1233 2312/276/1215
f 2394/274/1233 2395/278/1234 2291/277/1234
f 2395/278/1234 2396/273/1233 2325/279/1234
f 2399/281/1215 2397/280/1233 2277/259/1215
f 2324/283/1234 2338/284/1233 2398/282/1234
f 2398/282/1234 2394/274/1233 2291/277/1234
f 2394/274/1233 2399/281/1215 2312/276/1215
f 2288/80/1235 2339/201/1236 2400/285/1235
f 2400/285/1235 2401/287/1236 2331/82/1235
f 2291/277/1234 2339/201/1236 2398/282/1234
f 2398/282/1234 2402/286/1236 2324/283/1234
f 2404/289/1235 2403/288/1236 2289/83/1235
f 2403/288/1236 2395/278/1234 2325/279/1234
f 2395/278/1234 2401/287/1236 2291/277/1234
f 2401/287/1236 2404/289/1235 2331/82/1235
f 2408/292/1237 2405/291/1238 2279/86/1238
f 2314/294/1238 2341/295/1237 2406/293/1237
f 2406/293/1237 2407/296/1239 2292/91/1239
f 2407/296/1239 2408/292/1237 2328/85/1239
f 2411/298/1238 2409/297/1237 2280/88/1238
f 2409/297/1237 2410/300/1239 2327/87/1239
f 2410/300/1239 2406/293/1237 2292/91/1239
f 2314/294/1238 2342/299/1237 2411/298/1238
f 2283/72/1223 2343/438/1240 2412/301/1223
f 2412/301/1223 2413/303/1240 2317/304/1223
f 2292/91/1239 2343/438/1240 2410/300/1239
f 2327/87/1239 2343/438/1240 2414/302/1240
f 2416/306/1223 2415/305/1240 2282/90/1223
f 2415/305/1240 2407/296/1239 2328/85/1239
f 2407/296/1239 2413/303/1240 2292/91/1239
f 2317/304/1223 2344/439/1240 2416/306/1223
f 2420/308/1216 2417/307/1215 2278/271/1215
f 2313/309/1215 2345/310/1216 2418/312/1216
f 2293/313/1221 2345/310/1216 2419/311/1221
f 2419/311/1221 2420/308/1216 2320/314/1221
f 2423/317/1215 2421/319/1216 2271/315/1215
f 2303/228/1221 2346/316/1216 2422/318/1221
f 2422/318/1221 2418/312/1216 2293/313/1221
f 2418/312/1216 2423/317/1215 2313/309/1215
f 2274/320/1223 2347/321/1228 2424/324/1223
f 2310/325/1223 2347/321/1228 2425/323/1228
f 2425/323/1228 2422/318/1221 2293/313/1221
f 2422/318/1221 2426/322/1228 2303/228/1221
f 2428/327/1223 2427/326/1228 2282/90/1223
f 2427/326/1228 2419/311/1221 2320/314/1221
f 2419/311/1221 2425/323/1228 2293/313/1221
f 2425/323/1228 2428/327/1223 2310/325/1223
f 2277/259/1215 2349/329/1216 2399/281/1215
f 2399/281/1215 2429/331/1216 2312/276/1215
f 2294/332/1221 2349/329/1216 2430/330/1221
f 2430/330/1221 2385/257/1216 2321/261/1221
f 2393/275/1215 2420/308/1216 2278/271/1215
f 2420/308/1216 2431/334/1221 2320/314/1221
f 2431/334/1221 2429/331/1216 2294/332/1221
f 2429/331/1216 2393/275/1215 2312/276/1215
f 2282/90/1223 2351/335/1228 2416/306/1223
f 2416/306/1223 2432/336/1228 2317/304/1223
f 2294/332/1221 2351/335/1228 2431/334/1221
f 2431/334/1221 2427/326/1228 2320/314/1221
f 2412/301/1223 2390/264/1228 2283/72/1223
f 2390/264/1228 2430/330/1221 2321/261/1221
f 2430/330/1221 2432/336/1228 2294/332/1221
f 2432/336/1228 2412/301/1223 2317/304/1223
f 2391/270/1231 2433/338/1241 2284/267/1229
f 2319/339/1242 2353/340/1243 2434/342/1244
f 2434/342/1244 2435/341/1245 2295/343/1246
f 2322/255/1219 2353/340/1243 2391/270/1231
f 2275/100/1247 2354/344/1248 2436/347/1249
f 2436/347/1249 2437/346/1250 2309/348/1251
f 2295/343/1246 2354/344/1248 2434/342/1244
f 2434/342/1244 2438/345/1252 2319/339/1242
f 2441/351/1253 2439/353/1215 2270/349/1215
f 2439/353/1215 2440/352/1254 2302/354/1215
f 2440/352/1254 2437/346/1250 2295/343/1246
f 2309/348/1251 2355/350/1255 2441/351/1253
f 2442/356/1215 2384/249/1214 2276/250/1215
f 2384/249/1214 2435/341/1245 2322/255/1219
f 2295/343/1246 2356/355/1256 2440/352/1254
f 2440/352/1254 2442/356/1215 2302/354/1215
f 2276/250/1215 2357/357/1233 2442/356/1215
f 2302/354/1215 2357/357/1233 2443/359/1233
f 2296/360/1234 2357/357/1233 2444/362/1234
f 2444/362/1234 2445/358/1233 2323/361/1234
f 2439/353/1215 2446/363/1233 2270/349/1215
f 2306/365/1234 2358/366/1233 2447/364/1234
f 2447/364/1234 2443/359/1233 2296/360/1234
f 2443/359/1233 2439/353/1215 2302/354/1215
f 2450/368/1236 2448/367/1235 2285/107/1235
f 2448/367/1235 2449/370/1236 2329/109/1235
f 2449/370/1236 2447/364/1234 2296/360/1234
f 2306/365/1234 2359/369/1236 2450/368/1236
f 2287/110/1235 2360/440/1236 2451/371/1236
f 2323/361/1234 2360/440/1236 2444/362/1234
f 2296/360/1234 2360/440/1236 2449/370/1236
f 2449/370/1236 2452/372/1235 2329/109/1235
f 2397/280/1233 2387/258/1215 2277/259/1215
f 2387/258/1215 2453/375/1233 2311/252/1215
f 2297/374/1234 2361/373/1233 2454/376/1234
f 2454/376/1234 2397/280/1233 2324/283/1234
f 2381/248/1215 2445/358/1233 2276/250/1215
f 2445/358/1233 2455/377/1234 2323/361/1234
f 2455/377/1234 2453/375/1233 2297/374/1234
f 2453/375/1233 2381/248/1215 2311/252/1215
f 2287/110/1235 2363/380/1236 2456/379/1235
f 2456/379/1235 2457/381/1236 2330/112/1235
f 2297/374/1234 2363/380/1236 2455/377/1234
f 2455/377/1234 2451/371/1236 2323/361/1234
f 2458/383/1235 2402/286/1236 2288/80/1235
f 2324/283/1234 2364/382/1236 2454/376/1234
f 2297/374/1234 2364/382/1236 2457/381/1236
f 2330/112/1235 2364/382/1236 2458/383/1235
f 2403/288/1236 2459/386/1235 2289/83/1235
f 2332/115/1235 2365/384/1236 2460/385/1236
f 2460/385/1236 2461/387/1234 2298/388/1234
f 2461/387/1234 2403/288/1236 2325/279/1234
f 2286/114/1235 2366/389/1236 2462/392/1236
f 2462/392/1236 2463/391/1234 2307/393/1234
f 2298/388/1234 2366/389/1236 2460/385/1236
f 2460/385/1236 2464/390/1235 2332/115/1235
f 2466/395/1233 2423/317/1215 2271/315/1215
f 2423/317/1215 2465/396/1233 2313/309/1215
f 2465/396/1233 2463/391/1234 2298/388/1234
f 2463/391/1234 2466/395/1233 2307/393/1234
f 2417/307/1215 2396/273/1233 2278/271/1215
f 2325/279/1234 2368/397/1233 2461/387/1234
f 2461/387/1234 2465/396/1233 2298/388/1234
f 2465/396/1233 2417/307/1215 2313/309/1215
f 2470/399/1257 2467/398/1258 2281/119/1259
f 2316/117/1260 2369/400/1261 2468/402/1262
f 2468/402/1262 2469/401/1263 2299/403/1264
f 2326/404/1265 2369/400/1261 2470/399/1257
f 2273/62/1266 2370/405/1267 2471/408/1268
f 2471/408/1268 2472/407/1269 2305/121/1270
f 2299/403/1264 2370/405/1267 2468/402/1262
f 2468/402/1262 2473/406/1271 2316/117/1260
f 2475/409/1272 2438/345/1252 2275/100/1247
f 2319/339/1242 2371/410/1273 2474/411/1274
f 2474/411/1274 2472/407/1269 2299/403/1264
f 2305/121/1270 2371/410/1273 2475/409/1272
f 2284/267/1229 2372/412/1275 2476/413/1276
f 2476/413/1276 2469/401/1263 2326/404/1265
f 2299/403/1264 2372/412/1275 2474/411/1274
f 2474/411/1274 2433/338/1241 2319/339/1242
f 2280/88/1238 2373/415/1277 2477/414/1278
f 2315/123/1279 2373/415/1277 2478/417/1280
f 2478/417/1280 2479/416/1281 2300/418/1282
f 2479/416/1281 2409/297/1237 2327/87/1239
f 2281/119/1259 2374/419/1283 2470/399/1257
f 2470/399/1257 2480/421/1284 2326/404/1265
f 2300/418/1282 2374/419/1283 2478/417/1280
f 2478/417/1280 2481/420/1285 2315/123/1279
f 2476/413/1276 2392/269/1232 2284/267/1229
f 2318/75/1226 2375/422/1286 2482/423/1287
f 2482/423/1287 2480/421/1284 2300/418/1282
f 2326/404/1265 2375/422/1286 2476/413/1276
f 2388/263/1225 2414/302/1240 2283/72/1223
f 2327/87/1239 2376/424/1288 2479/416/1281
f 2300/418/1282 2376/424/1288 2482/423/1287
f 2482/423/1287 2388/263/1225 2318/75/1226
f 2415/305/1240 2428/327/1223 2282/90/1223
f 2310/325/1223 2377/425/1289 2483/427/1290
f 2301/428/1291 2377/425/1289 2484/426/1292
f 2328/85/1239 2377/425/1289 2415/305/1240
f 2424/324/1223 2485/429/1293 2274/320/1223
f 2308/126/1294 2378/430/1295 2486/431/1296
f 2486/431/1296 2483/427/1290 2301/428/1291
f 2483/427/1290 2424/324/1223 2310/325/1223
f 2489/433/1297 2487/434/1298 2272/5/1299
f 2304/125/1300 2379/432/1301 2488/435/1302
f 2488/435/1302 2486/431/1296 2301/428/1291
f 2308/126/1294 2379/432/1301 2489/433/1297
f 2490/437/1303 2408/292/1237 2279/86/1238
f 2408/292/1237 2484/426/1292 2328/85/1239
f 2301/428/1291 2380/436/1304 2488/435/1302
f 2488/435/1302 2490/437/1303 2304/125/1300
s 73
f 2605/249/1305 2602/248/1306 2497/250/1306
f 2602/248/1306 2603/251/1307 2532/252/1306
f 2603/251/1307 2604/253/1308 2511/254/1309
f 2543/255/1310 2554/256/1311 2605/249/1305
f 2608/258/1306 2606/257/1312 2498/259/1306
f 2542/261/1313 2555/262/1307 2607/260/1314
f 2511/254/1309 2555/262/1307 2603/251/1307
f 2532/252/1306 2555/262/1307 2608/258/1306
f 2504/72/1315 2556/265/1316 2609/263/1317
f 2539/75/1318 2556/265/1316 2610/266/1319
f 2610/266/1319 2607/260/1314 2511/254/1309
f 2607/260/1314 2611/264/1320 2542/261/1313
f 2505/267/1321 2557/268/1322 2612/270/1323
f 2612/270/1323 2604/253/1308 2543/255/1310
f 2511/254/1309 2557/268/1322 2610/266/1319
f 2610/266/1319 2613/269/1324 2539/75/1318
f 2617/273/1325 2614/275/1306 2499/271/1306
f 2614/275/1306 2615/274/1325 2533/276/1306
f 2512/277/1326 2558/272/1325 2616/278/1326
f 2616/278/1326 2617/273/1325 2546/279/1326
f 2620/281/1306 2618/280/1325 2498/259/1306
f 2545/283/1326 2559/284/1325 2619/282/1326
f 2619/282/1326 2615/274/1325 2512/277/1326
f 2615/274/1325 2620/281/1306 2533/276/1306
f 2623/286/1327 2621/285/1328 2509/80/1328
f 2621/285/1328 2622/287/1327 2552/82/1328
f 2622/287/1327 2619/282/1326 2512/277/1326
f 2619/282/1326 2623/286/1327 2545/283/1326
f 2625/289/1328 2624/288/1327 2510/83/1328
f 2546/279/1326 2561/290/1327 2616/278/1326
f 2616/278/1326 2622/287/1327 2512/277/1326
f 2622/287/1327 2625/289/1328 2552/82/1328
f 2629/292/1329 2626/291/1330 2500/86/1330
f 2626/291/1330 2627/293/1329 2535/294/1330
f 2513/91/1331 2562/295/1329 2628/296/1331
f 2549/85/1331 2562/295/1329 2629/292/1329
f 2632/298/1330 2630/297/1329 2501/88/1330
f 2548/87/1331 2563/299/1329 2631/300/1331
f 2631/300/1331 2627/293/1329 2513/91/1331
f 2627/293/1329 2632/298/1330 2535/294/1330
f 2635/302/1332 2633/301/1315 2504/72/1315
f 2633/301/1315 2634/303/1332 2538/304/1315
f 2634/303/1332 2631/300/1331 2513/91/1331
f 2631/300/1331 2635/302/1332 2548/87/1331
f 2637/306/1315 2636/305/1332 2503/90/1315
f 2636/305/1332 2628/296/1331 2549/85/1331
f 2628/296/1331 2634/303/1332 2513/91/1331
f 2538/304/1315 2565/439/1332 2637/306/1315
f 2499/271/1306 2566/310/1312 2638/307/1306
f 2638/307/1306 2639/312/1312 2534/309/1306
f 2514/313/1313 2566/310/1312 2640/311/1313
f 2541/314/1313 2566/310/1312 2641/308/1312
f 2644/317/1306 2642/319/1312 2492/315/1306
f 2642/319/1312 2643/318/1313 2524/228/1313
f 2643/318/1313 2639/312/1312 2514/313/1313
f 2534/309/1306 2567/316/1312 2644/317/1306
f 2647/322/1320 2645/324/1315 2495/320/1315
f 2531/325/1315 2568/321/1320 2646/323/1320
f 2646/323/1320 2643/318/1313 2514/313/1313
f 2643/318/1313 2647/322/1320 2524/228/1313
f 2649/327/1315 2648/326/1320 2503/90/1315
f 2648/326/1320 2640/311/1313 2541/314/1313
f 2640/311/1313 2646/323/1320 2514/313/1313
f 2646/323/1320 2649/327/1315 2531/325/1315
f 2606/257/1312 2620/281/1306 2498/259/1306
f 2620/281/1306 2650/331/1312 2533/276/1306
f 2515/332/1313 2570/329/1312 2651/330/1313
f 2651/330/1313 2606/257/1312 2542/261/1313
f 2499/271/1306 2571/333/1312 2641/308/1312
f 2541/314/1313 2571/333/1312 2652/334/1313
f 2515/332/1313 2571/333/1312 2650/331/1312
f 2533/276/1306 2571/333/1312 2614/275/1306
f 2648/326/1320 2637/306/1315 2503/90/1315
f 2637/306/1315 2653/336/1320 2538/304/1315
f 2653/336/1320 2652/334/1313 2515/332/1313
f 2652/334/1313 2648/326/1320 2541/314/1313
f 2633/301/1315 2611/264/1320 2504/72/1315
f 2542/261/1313 2573/337/1320 2651/330/1313
f 2651/330/1313 2653/336/1320 2515/332/1313
f 2538/304/1315 2573/337/1320 2633/301/1315
f 2612/270/1323 2654/338/1333 2505/267/1321
f 2540/339/1334 2574/340/1335 2655/342/1336
f 2655/342/1336 2656/341/1337 2516/343/1338
f 2543/255/1310 2574/340/1335 2612/270/1323
f 2496/100/1339 2575/344/1340 2657/347/1341
f 2657/347/1341 2658/346/1342 2530/348/1343
f 2516/343/1338 2575/344/1340 2655/342/1336
f 2655/342/1336 2659/345/1344 2540/339/1334
f 2491/349/1306 2576/350/1345 2660/353/1306
f 2660/353/1306 2661/352/1346 2523/354/1306
f 2661/352/1346 2658/346/1342 2516/343/1338
f 2530/348/1343 2576/350/1345 2662/351/1347
f 2663/356/1306 2605/249/1305 2497/250/1306
f 2605/249/1305 2656/341/1337 2543/255/1310
f 2516/343/1338 2577/355/1348 2661/352/1346
f 2523/354/1306 2577/355/1348 2663/356/1306
f 2666/358/1325 2663/356/1306 2497/250/1306
f 2663/356/1306 2664/359/1325 2523/354/1306
f 2664/359/1325 2665/362/1326 2517/360/1326
f 2665/362/1326 2666/358/1325 2544/361/1326
f 2491/349/1306 2579/366/1325 2667/363/1325
f 2667/363/1325 2668/364/1326 2527/365/1326
f 2668/364/1326 2664/359/1325 2517/360/1326
f 2664/359/1325 2660/353/1306 2523/354/1306
f 2671/368/1327 2669/367/1328 2506/107/1328
f 2669/367/1328 2670/370/1327 2550/109/1328
f 2670/370/1327 2668/364/1326 2517/360/1326
f 2527/365/1326 2580/369/1327 2671/368/1327
f 2673/372/1328 2672/371/1327 2508/110/1328
f 2544/361/1326 2581/440/1327 2665/362/1326
f 2517/360/1326 2581/440/1327 2670/370/1327
f 2670/370/1327 2673/372/1328 2550/109/1328
f 2618/280/1325 2608/258/1306 2498/259/1306
f 2532/252/1306 2582/373/1325 2674/375/1325
f 2518/374/1326 2582/373/1325 2675/376/1326
f 2675/376/1326 2618/280/1325 2545/283/1326
f 2497/250/1306 2583/378/1325 2666/358/1325
f 2544/361/1326 2583/378/1325 2676/377/1326
f 2676/377/1326 2674/375/1325 2518/374/1326
f 2674/375/1325 2602/248/1306 2532/252/1306
f 2672/371/1327 2677/379/1328 2508/110/1328
f 2677/379/1328 2678/381/1327 2551/112/1328
f 2518/374/1326 2584/380/1327 2676/377/1326
f 2544/361/1326 2584/380/1327 2672/371/1327
f 2679/383/1328 2623/286/1327 2509/80/1328
f 2623/286/1327 2675/376/1326 2545/283/1326
f 2675/376/1326 2678/381/1327 2518/374/1326
f 2678/381/1327 2679/383/1328 2551/112/1328
f 2624/288/1327 2680/386/1328 2510/83/1328
f 2680/386/1328 2681/385/1327 2553/115/1328
f 2681/385/1327 2682/387/1326 2519/388/1326
f 2682/387/1326 2624/288/1327 2546/279/1326
f 2507/114/1328 2587/389/1327 2683/392/1327
f 2683/392/1327 2684/391/1326 2528/393/1326
f 2684/391/1326 2681/385/1327 2519/388/1326
f 2681/385/1327 2685/390/1328 2553/115/1328
f 2687/395/1325 2644/317/1306 2492/315/1306
f 2534/309/1306 2588/394/1325 2686/396/1325
f 2519/388/1326 2588/394/1325 2684/391/1326
f 2684/391/1326 2687/395/1325 2528/393/1326
f 2638/307/1306 2617/273/1325 2499/271/1306
f 2546/279/1326 2589/397/1325 2682/387/1326
f 2682/387/1326 2686/396/1325 2519/388/1326
f 2686/396/1325 2638/307/1306 2534/309/1306
f 2691/399/1349 2688/398/1350 2502/119/1351
f 2537/117/1352 2590/400/1353 2689/402/1354
f 2689/402/1354 2690/401/1355 2520/403/1356
f 2547/404/1357 2590/400/1353 2691/399/1349
f 2494/62/1358 2591/405/1359 2692/408/1360
f 2692/408/1360 2693/407/1361 2526/121/1362
f 2520/403/1356 2591/405/1359 2689/402/1354
f 2689/402/1354 2694/406/1363 2537/117/1352
f 2696/409/1364 2659/345/1344 2496/100/1339
f 2540/339/1334 2592/410/1365 2695/411/1366
f 2695/411/1366 2693/407/1361 2520/403/1356
f 2526/121/1362 2592/410/1365 2696/409/1364
f 2505/267/1321 2593/412/1367 2697/413/1368
f 2697/413/1368 2690/401/1355 2547/404/1357
f 2520/403/1356 2593/412/1367 2695/411/1366
f 2695/411/1366 2654/338/1333 2540/339/1334
f 2501/88/1330 2594/415/1369 2698/414/1370
f 2536/123/1371 2594/415/1369 2699/417/1372
f 2699/417/1372 2700/416/1373 2521/418/1374
f 2548/87/1331 2594/415/1369 2630/297/1329
f 2502/119/1351 2595/419/1375 2691/399/1349
f 2691/399/1349 2701/421/1376 2547/404/1357
f 2521/418/1374 2595/419/1375 2699/417/1372
f 2699/417/1372 2702/420/1377 2536/123/1371
f 2697/413/1368 2613/269/1324 2505/267/1321
f 2539/75/1318 2596/422/1378 2703/423/1379
f 2703/423/1379 2701/421/1376 2521/418/1374
f 2547/404/1357 2596/422/1378 2697/413/1368
f 2504/72/1315 2597/424/1380 2635/302/1332
f 2635/302/1332 2700/416/1373 2548/87/1331
f 2521/418/1374 2597/424/1380 2703/423/1379
f 2703/423/1379 2609/263/1317 2539/75/1318
f 2503/90/1315 2598/425/1381 2649/327/1315
f 2531/325/1315 2598/425/1381 2704/427/1382
f 2522/428/1383 2598/425/1381 2705/426/1384
f 2549/85/1331 2598/425/1381 2636/305/1332
f 2495/320/1315 2599/430/1385 2706/429/1386
f 2529/126/1387 2599/430/1385 2707/431/1388
f 2707/431/1388 2704/427/1382 2522/428/1383
f 2704/427/1382 2645/324/1315 2531/325/1315
f 2710/433/1389 2708/434/1390 2493/5/1391
f 2525/125/1392 2600/432/1393 2709/435/1394
f 2709/435/1394 2707/431/1388 2522/428/1383
f 2529/126/1387 2600/432/1393 2710/433/1389
f 2711/437/1395 2629/292/1329 2500/86/1330
f 2629/292/1329 2705/426/1384 2549/85/1331
f 2522/428/1383 2601/436/1396 2709/435/1394
f 2709/435/1394 2711/437/1395 2525/125/1392
s 74
f 2826/249/1397 2823/248/1398 2718/250/1398
f 2753/252/1398 2775/256/1399 2824/251/1400
f 2824/251/1400 2825/253/1401 2732/254/1402
f 2764/255/1403 2775/256/1399 2826/249/1397
f 2719/259/1398 2776/262/1400 2827/257/1400
f 2827/257/1400 2828/260/1404 2763/261/1405
f 2732/254/1402 2776/262/1400 2824/251/1400
f 2824/251/1400 2829/258/1398 2753/252/1398
f 2832/264/1406 2830/263/1407 2725/72/1408
f 2760/75/1409 2777/265/1410 2831/266/1411
f 2831/266/1411 2828/260/1404 2732/254/1402
f 2763/261/1405 2777/265/1410 2832/264/1406
f 2726/267/1412 2778/268/1413 2833/270/1414
f 2833/270/1414 2825/253/1401 2764/255/1403
f 2732/254/1402 2778/268/1413 2831/266/1411
f 2831/266/1411 2834/269/1415 2760/75/1409
f 2838/273/1416 2835/275/1398 2720/271/1398
f 2835/275/1398 2836/274/1416 2754/276/1398
f 2733/277/1417 2779/272/1416 2837/278/1417
f 2837/278/1417 2838/273/1416 2767/279/1417
f 2841/281/1398 2839/280/1416 2719/259/1398
f 2839/280/1416 2840/282/1417 2766/283/1417
f 2840/282/1417 2836/274/1416 2733/277/1417
f 2836/274/1416 2841/281/1398 2754/276/1398
f 2730/80/1418 2781/201/1419 2842/285/1418
f 2842/285/1418 2843/287/1419 2773/82/1418
f 2733/277/1417 2781/201/1419 2840/282/1417
f 2840/282/1417 2844/286/1419 2766/283/1417
f 2731/83/1418 2782/290/1419 2845/288/1419
f 2767/279/1417 2782/290/1419 2837/278/1417
f 2837/278/1417 2843/287/1419 2733/277/1417
f 2773/82/1418 2782/290/1419 2846/289/1418
f 2850/292/1420 2847/291/1421 2721/86/1421
f 2756/294/1421 2783/295/1420 2848/293/1420
f 2734/91/1422 2783/295/1420 2849/296/1422
f 2849/296/1422 2850/292/1420 2770/85/1422
f 2853/298/1421 2851/297/1420 2722/88/1421
f 2769/87/1422 2784/299/1420 2852/300/1422
f 2852/300/1422 2848/293/1420 2734/91/1422
f 2756/294/1421 2784/299/1420 2853/298/1421
f 2725/72/1408 2785/438/1423 2854/301/1408
f 2854/301/1408 2855/303/1423 2759/304/1408
f 2734/91/1422 2785/438/1423 2852/300/1422
f 2852/300/1422 2856/302/1423 2769/87/1422
f 2858/306/1408 2857/305/1423 2724/90/1408
f 2857/305/1423 2849/296/1422 2770/85/1422
f 2849/296/1422 2855/303/1423 2734/91/1422
f 2759/304/1408 2786/439/1423 2858/306/1408
f 2862/308/1400 2859/307/1398 2720/271/1398
f 2859/307/1398 2860/312/1400 2755/309/1398
f 2860/312/1400 2861/311/1405 2735/313/1405
f 2861/311/1405 2862/308/1400 2762/314/1405
f 2865/317/1398 2863/319/1400 2713/315/1398
f 2863/319/1400 2864/318/1405 2745/228/1405
f 2864/318/1405 2860/312/1400 2735/313/1405
f 2755/309/1398 2788/316/1400 2865/317/1398
f 2868/322/1406 2866/324/1408 2716/320/1408
f 2866/324/1408 2867/323/1406 2752/325/1408
f 2735/313/1405 2789/321/1406 2864/318/1405
f 2745/228/1405 2789/321/1406 2868/322/1406
f 2870/327/1408 2869/326/1406 2724/90/1408
f 2762/314/1405 2790/328/1406 2861/311/1405
f 2735/313/1405 2790/328/1406 2867/323/1406
f 2867/323/1406 2870/327/1408 2752/325/1408
f 2719/259/1398 2791/329/1400 2841/281/1398
f 2841/281/1398 2871/331/1400 2754/276/1398
f 2871/331/1400 2872/330/1405 2736/332/1405
f 2872/330/1405 2827/257/1400 2763/261/1405
f 2720/271/1398 2792/333/1400 2862/308/1400
f 2862/308/1400 2873/334/1405 2762/314/1405
f 2873/334/1405 2871/331/1400 2736/332/1405
f 2871/331/1400 2835/275/1398 2754/276/1398
f 2869/326/1406 2858/306/1408 2724/90/1408
f 2858/306/1408 2874/336/1406 2759/304/1408
f 2874/336/1406 2873/334/1405 2736/332/1405
f 2762/314/1405 2793/335/1406 2869/326/1406
f 2854/301/1408 2832/264/1406 2725/72/1408
f 2763/261/1405 2794/337/1406 2872/330/1405
f 2872/330/1405 2874/336/1406 2736/332/1405
f 2874/336/1406 2854/301/1408 2759/304/1408
f 2833/270/1414 2875/338/1424 2726/267/1412
f 2761/339/1425 2795/340/1426 2876/342/1427
f 2876/342/1427 2877/341/1428 2737/343/1429
f 2764/255/1403 2795/340/1426 2833/270/1414
f 2717/100/1430 2796/344/1431 2878/347/1432
f 2878/347/1432 2879/346/1433 2751/348/1434
f 2737/343/1429 2796/344/1431 2876/342/1427
f 2876/342/1427 2880/345/1435 2761/339/1425
f 2883/351/1436 2881/353/1398 2712/349/1398
f 2881/353/1398 2882/352/1437 2744/354/1398
f 2882/352/1437 2879/346/1433 2737/343/1429
f 2751/348/1434 2797/350/1438 2883/351/1436
f 2884/356/1398 2826/249/1397 2718/250/1398
f 2826/249/1397 2877/341/1428 2764/255/1403
f 2737/343/1429 2798/355/1439 2882/352/1437
f 2744/354/1398 2798/355/1439 2884/356/1398
f 2887/358/1416 2884/356/1398 2718/250/1398
f 2884/356/1398 2885/359/1416 2744/354/1398
f 2885/359/1416 2886/362/1417 2738/360/1417
f 2765/361/1417 2799/357/1416 2887/358/1416
f 2881/353/1398 2888/363/1416 2712/349/1398
f 2748/365/1417 2800/366/1416 2889/364/1417
f 2889/364/1417 2885/359/1416 2738/360/1417
f 2885/359/1416 2881/353/1398 2744/354/1398
f 2892/368/1419 2890/367/1418 2727/107/1418
f 2771/109/1418 2801/369/1419 2891/370/1419
f 2891/370/1419 2889/364/1417 2738/360/1417
f 2748/365/1417 2801/369/1419 2892/368/1419
f 2894/372/1418 2893/371/1419 2729/110/1418
f 2765/361/1417 2802/440/1419 2886/362/1417
f 2738/360/1417 2802/440/1419 2891/370/1419
f 2891/370/1419 2894/372/1418 2771/109/1418
f 2719/259/1398 2803/373/1416 2829/258/1398
f 2829/258/1398 2895/375/1416 2753/252/1398
f 2739/374/1417 2803/373/1416 2896/376/1417
f 2896/376/1417 2839/280/1416 2766/283/1417
f 2823/248/1398 2887/358/1416 2718/250/1398
f 2765/361/1417 2804/378/1416 2897/377/1417
f 2897/377/1417 2895/375/1416 2739/374/1417
f 2895/375/1416 2823/248/1398 2753/252/1398
f 2893/371/1419 2898/379/1418 2729/110/1418
f 2898/379/1418 2899/381/1419 2772/112/1418
f 2899/381/1419 2897/377/1417 2739/374/1417
f 2897/377/1417 2893/371/1419 2765/361/1417
f 2900/383/1418 2844/286/1419 2730/80/1418
f 2766/283/1417 2806/382/1419 2896/376/1417
f 2896/376/1417 2899/381/1419 2739/374/1417
f 2899/381/1419 2900/383/1418 2772/112/1418
f 2845/288/1419 2901/386/1418 2731/83/1418
f 2901/386/1418 2902/385/1419 2774/115/1418
f 2902/385/1419 2903/387/1417 2740/388/1417
f 2903/387/1417 2845/288/1419 2767/279/1417
f 2906/390/1418 2904/392/1419 2728/114/1418
f 2904/392/1419 2905/391/1417 2749/393/1417
f 2905/391/1417 2902/385/1419 2740/388/1417
f 2902/385/1419 2906/390/1418 2774/115/1418
f 2908/395/1416 2865/317/1398 2713/315/1398
f 2755/309/1398 2809/394/1416 2907/396/1416
f 2907/396/1416 2905/391/1417 2740/388/1417
f 2749/393/1417 2809/394/1416 2908/395/1416
f 2859/307/1398 2838/273/1416 2720/271/1398
f 2838/273/1416 2903/387/1417 2767/279/1417
f 2903/387/1417 2907/396/1416 2740/388/1417
f 2755/309/1398 2810/397/1416 2859/307/1398
f 2912/399/1440 2909/398/1441 2723/119/1442
f 2758/117/1443 2811/400/1444 2910/402/1445
f 2910/402/1445 2911/401/1446 2741/403/1447
f 2768/404/1448 2811/400/1444 2912/399/1440
f 2715/62/1449 2812/405/1450 2913/408/1451
f 2913/408/1451 2914/407/1452 2747/121/1453
f 2741/403/1447 2812/405/1450 2910/402/1445
f 2910/402/1445 2915/406/1454 2758/117/1443
f 2917/409/1455 2880/345/1435 2717/100/1430
f 2761/339/1425 2813/410/1456 2916/411/1457
f 2916/411/1457 2914/407/1452 2741/403/1447
f 2747/121/1453 2813/410/1456 2917/409/1455
f 2726/267/1412 2814/412/1458 2918/413/1459
f 2918/413/1459 2911/401/1446 2768/404/1448
f 2741/403/1447 2814/412/1458 2916/411/1457
f 2916/411/1457 2875/338/1424 2761/339/1425
f 2851/297/1420 2919/414/1460 2722/88/1421
f 2757/123/1461 2815/415/1462 2920/417/1463
f 2920/417/1463 2921/416/1464 2742/418/1465
f 2921/416/1464 2851/297/1420 2769/87/1422
f 2723/119/1442 2816/419/1466 2912/399/1440
f 2912/399/1440 2922/421/1467 2768/404/1448
f 2742/418/1465 2816/419/1466 2920/417/1463
f 2920/417/1463 2923/420/1468 2757/123/1461
f 2918/413/1459 2834/269/1415 2726/267/1412
f 2760/75/1409 2817/422/1469 2924/423/1470
f 2924/423/1470 2922/421/1467 2742/418/1465
f 2768/404/1448 2817/422/1469 2918/413/1459
f 2725/72/1408 2818/424/1471 2856/302/1423
f 2856/302/1423 2921/416/1464 2769/87/1422
f 2742/418/1465 2818/424/1471 2924/423/1470
f 2924/423/1470 2830/263/1407 2760/75/1409
f 2724/90/1408 2819/425/1472 2870/327/1408
f 2752/325/1408 2819/425/1472 2925/427/1473
f 2743/428/1474 2819/425/1472 2926/426/1475
f 2926/426/1475 2857/305/1423 2770/85/1422
f 2866/324/1408 2927/429/1476 2716/320/1408
f 2750/126/1477 2820/430/1478 2928/431/1479
f 2928/431/1479 2925/427/1473 2743/428/1474
f 2752/325/1408 2820/430/1478 2866/324/1408
f 2931/433/1480 2929/434/1481 2714/5/1482
f 2746/125/1483 2821/432/1484 2930/435/1485
f 2930/435/1485 2928/431/1479 2743/428/1474
f 2750/126/1477 2821/432/1484 2931/433/1480
f 2721/86/1421 2822/436/1486 2850/292/1420
f 2850/292/1420 2926/426/1475 2770/85/1422
f 2743/428/1474 2822/436/1486 2930/435/1485
f 2930/435/1485 2932/437/1487 2746/125/1483
s 75
f 2939/250/1488 2996/256/1489 3044/248/1488
f 3044/248/1488 3045/251/1490 2974/252/1488
f 3045/251/1490 3046/253/1491 2953/254/1492
f 2985/255/1493 2996/256/1489 3047/249/1494
f 3050/258/1488 3048/257/1490 2940/259/1488
f 3048/257/1490 3049/260/1495 2984/261/1496
f 2953/254/1492 2997/262/1490 3045/251/1490
f 3045/251/1490 3050/258/1488 2974/252/1488
f 2946/72/1497 2998/265/714 3051/263/1498
f 2981/75/1499 2998/265/714 3052/266/1500
f 3052/266/1500 3049/260/1495 2953/254/1492
f 3049/260/1495 3053/264/1501 2984/261/1496
f 2947/267/1502 2999/268/1503 3054/270/1504
f 3054/270/1504 3046/253/1491 2985/255/1493
f 2953/254/1492 2999/268/1503 3052/266/1500
f 3052/266/1500 3055/269/1505 2981/75/1499
f 3059/273/1506 3056/275/1488 2941/271/1488
f 3056/275/1488 3057/274/1506 2975/276/1488
f 3057/274/1506 3058/278/1507 2954/277/1507
f 3058/278/1507 3059/273/1506 2988/279/1507
f 2940/259/1488 3001/284/1506 3060/280/1506
f 3060/280/1506 3061/282/1507 2987/283/1507
f 2954/277/1507 3001/284/1506 3057/274/1506
f 3057/274/1506 3062/281/1488 2975/276/1488
f 2951/80/1508 3002/201/1509 3063/285/1508
f 3063/285/1508 3064/287/1509 2994/82/1508
f 3064/287/1509 3061/282/1507 2954/277/1507
f 3061/282/1507 3065/286/1509 2987/283/1507
f 2952/83/1508 3003/290/1509 3066/288/1509
f 2988/279/1507 3003/290/1509 3058/278/1507
f 3058/278/1507 3064/287/1509 2954/277/1507
f 3064/287/1509 3067/289/1508 2994/82/1508
f 3071/292/1510 3068/291/1511 2942/86/1511
f 3068/291/1511 3069/293/1510 2977/294/1511
f 3069/293/1510 3070/296/1512 2955/91/1512
f 3070/296/1512 3071/292/1510 2991/85/1512
f 3074/298/1511 3072/297/1510 2943/88/1511
f 3072/297/1510 3073/300/1512 2990/87/1512
f 3073/300/1512 3069/293/1510 2955/91/1512
f 3069/293/1510 3074/298/1511 2977/294/1511
f 3077/302/1513 3075/301/1497 2946/72/1497
f 3075/301/1497 3076/303/1513 2980/304/1497
f 2955/91/1512 3006/438/1513 3073/300/1512
f 2990/87/1512 3006/438/1513 3077/302/1513
f 3079/306/1497 3078/305/1513 2945/90/1497
f 3078/305/1513 3070/296/1512 2991/85/1512
f 3070/296/1512 3076/303/1513 2955/91/1512
f 2980/304/1497 3007/439/1513 3079/306/1497
f 3083/308/1490 3080/307/1488 2941/271/1488
f 2976/309/1488 3008/310/1490 3081/312/1490
f 3081/312/1490 3082/311/1496 2956/313/1496
f 3082/311/1496 3083/308/1490 2983/314/1496
f 2934/315/1488 3009/316/1490 3084/319/1490
f 2966/228/1496 3009/316/1490 3085/318/1496
f 3085/318/1496 3081/312/1490 2956/313/1496
f 3081/312/1490 3086/317/1488 2976/309/1488
f 2937/320/1497 3010/321/1501 3087/324/1497
f 2973/325/1497 3010/321/1501 3088/323/1501
f 3088/323/1501 3085/318/1496 2956/313/1496
f 3085/318/1496 3089/322/1501 2966/228/1496
f 3091/327/1497 3090/326/1501 2945/90/1497
f 2983/314/1496 3011/328/1501 3082/311/1496
f 2956/313/1496 3011/328/1501 3088/323/1501
f 3088/323/1501 3091/327/1497 2973/325/1497
f 2940/259/1488 3012/329/1490 3062/281/1488
f 2975/276/1488 3012/329/1490 3092/331/1490
f 2957/332/1496 3012/329/1490 3093/330/1496
f 2984/261/1496 3012/329/1490 3048/257/1490
f 3056/275/1488 3083/308/1490 2941/271/1488
f 2983/314/1496 3013/333/1490 3094/334/1496
f 3094/334/1496 3092/331/1490 2957/332/1496
f 3092/331/1490 3056/275/1488 2975/276/1488
f 2945/90/1497 3014/335/1501 3079/306/1497
f 3079/306/1497 3095/336/1501 2980/304/1497
f 2957/332/1496 3014/335/1501 3094/334/1496
f 3094/334/1496 3090/326/1501 2983/314/1496
f 2946/72/1497 3015/337/1501 3053/264/1501
f 3053/264/1501 3093/330/1496 2984/261/1496
f 3093/330/1496 3095/336/1501 2957/332/1496
f 2980/304/1497 3015/337/1501 3075/301/1497
f 3054/270/1504 3096/338/1514 2947/267/1502
f 2982/339/1515 3016/340/1516 3097/342/1517
f 3097/342/1517 3098/341/1518 2958/343/1519
f 2985/255/1493 3016/340/1516 3054/270/1504
f 2938/100/1520 3017/344/1521 3099/347/1522
f 3099/347/1522 3100/346/1523 2972/348/1524
f 2958/343/1519 3017/344/1521 3097/342/1517
f 3097/342/1517 3101/345/1525 2982/339/1515
f 3104/351/1526 3102/353/1488 2933/349/1488
f 3102/353/1488 3103/352/1527 2965/354/1488
f 3103/352/1527 3100/346/1523 2958/343/1519
f 2972/348/1524 3018/350/1528 3104/351/1526
f 3105/356/1488 3047/249/1494 2939/250/1488
f 3047/249/1494 3098/341/1518 2985/255/1493
f 2958/343/1519 3019/355/1529 3103/352/1527
f 3103/352/1527 3105/356/1488 2965/354/1488
f 2939/250/1488 3020/357/1506 3105/356/1488
f 2965/354/1488 3020/357/1506 3106/359/1506
f 3106/359/1506 3107/362/1507 2959/360/1507
f 3107/362/1507 3108/358/1506 2986/361/1507
f 3102/353/1488 3109/363/1506 2933/349/1488
f 3109/363/1506 3110/364/1507 2969/365/1507
f 3110/364/1507 3106/359/1506 2959/360/1507
f 2965/354/1488 3021/366/1506 3102/353/1488
f 3113/368/1509 3111/367/1508 2948/107/1508
f 2992/109/1508 3022/369/1509 3112/370/1509
f 3112/370/1509 3110/364/1507 2959/360/1507
f 2969/365/1507 3022/369/1509 3113/368/1509
f 2950/110/1508 3023/440/1509 3114/371/1509
f 2986/361/1507 3023/440/1509 3107/362/1507
f 2959/360/1507 3023/440/1509 3112/370/1509
f 3112/370/1509 3115/372/1508 2992/109/1508
f 2940/259/1488 3024/373/1506 3050/258/1488
f 3050/258/1488 3116/375/1506 2974/252/1488
f 2960/374/1507 3024/373/1506 3117/376/1507
f 3117/376/1507 3060/280/1506 2987/283/1507
f 3044/248/1488 3108/358/1506 2939/250/1488
f 3108/358/1506 3118/377/1507 2986/361/1507
f 3118/377/1507 3116/375/1506 2960/374/1507
f 3116/375/1506 3044/248/1488 2974/252/1488
f 3114/371/1509 3119/379/1508 2950/110/1508
f 3119/379/1508 3120/381/1509 2993/112/1508
f 3120/381/1509 3118/377/1507 2960/374/1507
f 3118/377/1507 3114/371/1509 2986/361/1507
f 3121/383/1508 3065/286/1509 2951/80/1508
f 3065/286/1509 3117/376/1507 2987/283/1507
f 3117/376/1507 3120/381/1509 2960/374/1507
f 3120/381/1509 3121/383/1508 2993/112/1508
f 3066/288/1509 3122/386/1508 2952/83/1508
f 2995/115/1508 3028/384/1509 3123/385/1509
f 3123/385/1509 3124/387/1507 2961/388/1507
f 3124/387/1507 3066/288/1509 2988/279/1507
f 2949/114/1508 3029/389/1509 3125/392/1509
f 3125/392/1509 3126/391/1507 2970/393/1507
f 2961/388/1507 3029/389/1509 3123/385/1509
f 3123/385/1509 3127/390/1508 2995/115/1508
f 2934/315/1488 3030/394/1506 3086/317/1488
f 3086/317/1488 3128/396/1506 2976/309/1488
f 3128/396/1506 3126/391/1507 2961/388/1507
f 2970/393/1507 3030/394/1506 3129/395/1506
f 3080/307/1488 3059/273/1506 2941/271/1488
f 3059/273/1506 3124/387/1507 2988/279/1507
f 2961/388/1507 3031/397/1506 3128/396/1506
f 2976/309/1488 3031/397/1506 3080/307/1488
f 3133/399/1530 3130/398/1531 2944/119/1532
f 2979/117/1533 3032/400/1534 3131/402/1535
f 3131/402/1535 3132/401/1536 2962/403/1537
f 2989/404/1538 3032/400/1534 3133/399/1530
f 2936/62/1539 3033/405/1540 3134/408/1541
f 3134/408/1541 3135/407/1542 2968/121/1543
f 2962/403/1537 3033/405/1540 3131/402/1535
f 3131/402/1535 3136/406/1544 2979/117/1533
f 3138/409/1545 3101/345/1525 2938/100/1520
f 2982/339/1515 3034/410/1546 3137/411/1547
f 3137/411/1547 3135/407/1542 2962/403/1537
f 2968/121/1543 3034/410/1546 3138/409/1545
f 2947/267/1502 3035/412/1548 3139/413/1549
f 3139/413/1549 3132/401/1536 2989/404/1538
f 2962/403/1537 3035/412/1548 3137/411/1547
f 3137/411/1547 3096/338/1514 2982/339/1515
f 2943/88/1511 3036/415/1550 3140/414/1551
f 2978/123/1552 3036/415/1550 3141/417/1553
f 3141/417/1553 3142/416/1554 2963/418/1555
f 3142/416/1554 3072/297/1510 2990/87/1512
f 2944/119/1532 3037/419/1556 3133/399/1530
f 3133/399/1530 3143/421/1557 2989/404/1538
f 2963/418/1555 3037/419/1556 3141/417/1553
f 3141/417/1553 3144/420/1558 2978/123/1552
f 3139/413/1549 3055/269/1505 2947/267/1502
f 2981/75/1499 3038/422/1559 3145/423/1560
f 3145/423/1560 3143/421/1557 2963/418/1555
f 2989/404/1538 3038/422/1559 3139/413/1549
f 3051/263/1498 3077/302/1513 2946/72/1497
f 3077/302/1513 3142/416/1554 2990/87/1512
f 2963/418/1555 3039/424/1561 3145/423/1560
f 3145/423/1560 3051/263/1498 2981/75/1499
f 3078/305/1513 3091/327/1497 2945/90/1497
f 3091/327/1497 3146/427/1562 2973/325/1497
f 2964/428/1563 3040/425/1564 3147/426/1565
f 3147/426/1565 3078/305/1513 2991/85/1512
f 3087/324/1497 3148/429/1566 2937/320/1497
f 2971/126/1567 3041/430/1568 3149/431/1569
f 3149/431/1569 3146/427/1562 2964/428/1563
f 3146/427/1562 3087/324/1497 2973/325/1497
f 3152/433/1570 3150/434/1571 2935/5/1572
f 2967/125/1573 3042/432/1574 3151/435/1575
f 3151/435/1575 3149/431/1569 2964/428/1563
f 2971/126/1567 3042/432/1574 3152/433/1570
f 3153/437/1576 3071/292/1510 2942/86/1511
f 2991/85/1512 3043/436/1577 3147/426/1565
f 2964/428/1563 3043/436/1577 3151/435/1575
f 3151/435/1575 3153/437/1576 2967/125/1573
s 76
f 3268/249/1578 3265/248/1579 3160/250/1579
f 3195/252/1579 3217/256/1580 3266/251/1581
f 3266/251/1581 3267/253/1582 3174/254/1583
f 3206/255/1584 3217/256/1580 3268/249/1578
f 3271/258/1579 3269/257/1585 3161/259/1579
f 3205/261/1586 3218/262/1585 3270/260/1587
f 3174/254/1583 3218/262/1585 3266/251/1581
f 3266/251/1581 3271/258/1579 3195/252/1579
f 3167/72/1588 3219/265/1589 3272/263/1590
f 3202/75/1591 3219/265/1589 3273/266/1592
f 3273/266/1592 3270/260/1587 3174/254/1583
f 3270/260/1587 3274/264/1593 3205/261/1586
f 3168/267/1594 3220/268/1595 3275/270/1596
f 3275/270/1596 3267/253/1582 3206/255/1584
f 3174/254/1583 3220/268/1595 3273/266/1592
f 3273/266/1592 3276/269/1597 3202/75/1591
f 3162/271/1579 3221/272/1598 3277/275/1579
f 3196/276/1579 3221/272/1598 3278/274/1598
f 3278/274/1598 3279/278/1599 3175/277/1600
f 3279/278/1599 3280/273/1598 3209/279/1599
f 3161/259/1579 3222/284/1598 3281/280/1598
f 3281/280/1598 3282/282/1599 3208/283/1600
f 3282/282/1599 3278/274/1598 3175/277/1600
f 3278/274/1598 3283/281/1579 3196/276/1579
f 3286/286/1601 3284/285/1602 3172/80/1602
f 3284/285/1602 3285/287/1601 3215/82/1602
f 3175/277/1600 3223/201/1601 3282/282/1599
f 3282/282/1599 3286/286/1601 3208/283/1600
f 3173/83/1602 3224/290/1601 3287/288/1601
f 3209/279/1599 3224/290/1601 3279/278/1599
f 3279/278/1599 3285/287/1601 3175/277/1600
f 3285/287/1601 3288/289/1602 3215/82/1602
f 3163/86/1603 3225/295/1604 3289/291/1603
f 3198/294/1603 3225/295/1604 3290/293/1604
f 3176/91/1605 3225/295/1604 3291/296/1605
f 3212/85/1605 3225/295/1604 3292/292/1604
f 3295/298/1603 3293/297/1604 3164/88/1603
f 3211/87/1605 3226/299/1604 3294/300/1605
f 3176/91/1605 3226/299/1604 3290/293/1604
f 3290/293/1604 3295/298/1603 3198/294/1603
f 3298/302/1606 3296/301/1588 3167/72/1588
f 3296/301/1588 3297/303/1606 3201/304/1588
f 3176/91/1605 3227/438/1606 3294/300/1605
f 3294/300/1605 3298/302/1606 3211/87/1605
f 3300/306/1588 3299/305/1606 3166/90/1588
f 3299/305/1606 3291/296/1605 3212/85/1605
f 3291/296/1605 3297/303/1606 3176/91/1605
f 3201/304/1588 3228/439/1606 3300/306/1588
f 3304/308/1585 3301/307/1579 3162/271/1579
f 3301/307/1579 3302/312/1585 3197/309/1579
f 3177/313/1586 3229/310/1585 3303/311/1586
f 3204/314/1586 3229/310/1585 3304/308/1585
f 3307/317/1579 3305/319/1585 3155/315/1579
f 3305/319/1585 3306/318/1586 3187/228/1586
f 3306/318/1586 3302/312/1585 3177/313/1586
f 3197/309/1579 3230/316/1585 3307/317/1579
f 3310/322/1593 3308/324/1588 3158/320/1588
f 3194/325/1588 3231/321/1593 3309/323/1593
f 3177/313/1586 3231/321/1593 3306/318/1586
f 3306/318/1586 3310/322/1593 3187/228/1586
f 3166/90/1588 3232/328/1593 3311/326/1593
f 3204/314/1586 3232/328/1593 3303/311/1586
f 3177/313/1586 3232/328/1593 3309/323/1593
f 3309/323/1593 3312/327/1588 3194/325/1588
f 3269/257/1585 3283/281/1579 3161/259/1579
f 3283/281/1579 3313/331/1585 3196/276/1579
f 3178/332/1586 3233/329/1585 3314/330/1586
f 3205/261/1586 3233/329/1585 3269/257/1585
f 3277/275/1579 3304/308/1585 3162/271/1579
f 3304/308/1585 3315/334/1586 3204/314/1586
f 3315/334/1586 3313/331/1585 3178/332/1586
f 3313/331/1585 3277/275/1579 3196/276/1579
f 3166/90/1588 3235/335/1593 3300/306/1588
f 3300/306/1588 3316/336/1593 3201/304/1588
f 3178/332/1586 3235/335/1593 3315/334/1586
f 3204/314/1586 3235/335/1593 3311/326/1593
f 3296/301/1588 3274/264/1593 3167/72/1588
f 3274/264/1593 3314/330/1586 3205/261/1586
f 3314/330/1586 3316/336/1593 3178/332/1586
f 3201/304/1588 3236/337/1593 3296/301/1588
f 3275/270/1596 3317/338/1607 3168/267/1594
f 3203/339/1608 3237/340/1609 3318/342/1610
f 3318/342/1610 3319/341/1611 3179/343/1612
f 3206/255/1584 3237/340/1609 3275/270/1596
f 3159/100/1613 3238/344/1614 3320/347/1615
f 3320/347/1615 3321/346/1616 3193/348/1617
f 3179/343/1612 3238/344/1614 3318/342/1610
f 3318/342/1610 3322/345/1618 3203/339/1608
f 3325/351/1619 3323/353/1579 3154/349/1579
f 3323/353/1579 3324/352/1620 3186/354/1579
f 3324/352/1620 3321/346/1616 3179/343/1612
f 3193/348/1617 3239/350/1621 3325/351/1619
f 3326/356/1579 3268/249/1578 3160/250/1579
f 3268/249/1578 3319/341/1611 3206/255/1584
f 3179/343/1612 3240/355/1622 3324/352/1620
f 3324/352/1620 3326/356/1579 3186/354/1579
f 3160/250/1579 3241/357/1598 3326/356/1579
f 3326/356/1579 3327/359/1598 3186/354/1579
f 3327/359/1598 3328/362/1599 3180/360/1599
f 3207/361/1599 3241/357/1598 3329/358/1598
f 3154/349/1579 3242/366/1598 3330/363/1598
f 3330/363/1598 3331/364/1599 3190/365/1600
f 3180/360/1599 3242/366/1598 3327/359/1598
f 3327/359/1598 3323/353/1579 3186/354/1579
f 3334/368/1601 3332/367/1602 3169/107/1602
f 3213/109/1602 3243/369/1601 3333/370/1601
f 3333/370/1601 3331/364/1599 3180/360/1599
f 3190/365/1600 3243/369/1601 3334/368/1601
f 3171/110/1602 3244/440/1601 3335/371/1601
f 3207/361/1599 3244/440/1601 3328/362/1599
f 3180/360/1599 3244/440/1601 3333/370/1601
f 3333/370/1601 3336/372/1602 3213/109/1602
f 3161/259/1579 3245/373/1598 3271/258/1579
f 3271/258/1579 3337/375/1598 3195/252/1579
f 3181/374/1599 3245/373/1598 3338/376/1599
f 3338/376/1599 3281/280/1598 3208/283/1600
f 3160/250/1579 3246/378/1598 3329/358/1598
f 3329/358/1598 3339/377/1599 3207/361/1599
f 3339/377/1599 3337/375/1598 3181/374/1599
f 3337/375/1598 3265/248/1579 3195/252/1579
f 3335/371/1601 3340/379/1602 3171/110/1602
f 3340/379/1602 3341/381/1601 3214/112/1602
f 3341/381/1601 3339/377/1599 3181/374/1599
f 3339/377/1599 3335/371/1601 3207/361/1599
f 3342/383/1602 3286/286/1601 3172/80/1602
f 3208/283/1600 3248/382/1601 3338/376/1599
f 3338/376/1599 3341/381/1601 3181/374/1599
f 3341/381/1601 3342/383/1602 3214/112/1602
f 3287/288/1601 3343/386/1602 3173/83/1602
f 3216/115/1602 3249/384/1601 3344/385/1601
f 3344/385/1601 3345/387/1600 3182/388/1599
f 3345/387/1600 3287/288/1601 3209/279/1599
f 3170/114/1602 3250/389/1601 3346/392/1601
f 3346/392/1601 3347/391/1600 3191/393/1599
f 3347/391/1600 3344/385/1601 3182/388/1599
f 3344/385/1601 3348/390/1602 3216/115/1602
f 3350/395/1598 3307/317/1579 3155/315/1579
f 3307/317/1579 3349/396/1598 3197/309/1579
f 3182/388/1599 3251/394/1598 3347/391/1600
f 3347/391/1600 3350/395/1598 3191/393/1599
f 3301/307/1579 3280/273/1598 3162/271/1579
f 3280/273/1598 3345/387/1600 3209/279/1599
f 3182/388/1599 3252/397/1598 3349/396/1598
f 3349/396/1598 3301/307/1579 3197/309/1579
f 3354/399/1623 3351/398/1624 3165/119/1625
f 3200/117/1626 3253/400/1627 3352/402/1628
f 3352/402/1628 3353/401/1629 3183/403/1630
f 3210/404/1631 3253/400/1627 3354/399/1623
f 3157/62/1632 3254/405/1633 3355/408/1634
f 3355/408/1634 3356/407/1635 3189/121/1636
f 3183/403/1630 3254/405/1633 3352/402/1628
f 3352/402/1628 3357/406/1637 3200/117/1626
f 3359/409/1638 3322/345/1618 3159/100/1613
f 3203/339/1608 3255/410/1639 3358/411/1640
f 3358/411/1640 3356/407/1635 3183/403/1630
f 3189/121/1636 3255/410/1639 3359/409/1638
f 3168/267/1594 3256/412/1641 3360/413/1642
f 3360/413/1642 3353/401/1629 3210/404/1631
f 3183/403/1630 3256/412/1641 3358/411/1640
f 3358/411/1640 3317/338/1607 3203/339/1608
f 3164/88/1603 3257/415/1643 3361/414/1644
f 3199/123/1645 3257/415/1643 3362/417/1646
f 3362/417/1646 3363/416/1647 3184/418/1648
f 3363/416/1647 3293/297/1604 3211/87/1605
f 3165/119/1625 3258/419/1649 3354/399/1623
f 3354/399/1623 3364/421/1650 3210/404/1631
f 3184/418/1648 3258/419/1649 3362/417/1646
f 3362/417/1646 3365/420/1651 3199/123/1645
f 3360/413/1642 3276/269/1597 3168/267/1594
f 3202/75/1591 3259/422/1652 3366/423/1653
f 3366/423/1653 3364/421/1650 3184/418/1648
f 3210/404/1631 3259/422/1652 3360/413/1642
f 3272/263/1590 3298/302/1606 3167/72/1588
f 3298/302/1606 3363/416/1647 3211/87/1605
f 3184/418/1648 3260/424/1654 3366/423/1653
f 3366/423/1653 3272/263/1590 3202/75/1591
f 3299/305/1606 3312/327/1588 3166/90/1588
f 3312/327/1588 3367/427/1655 3194/325/1588
f 3185/428/1656 3261/425/1657 3368/426/1658
f 3368/426/1658 3299/305/1606 3212/85/1605
f 3158/320/1588 3262/430/1659 3369/429/1660
f 3192/126/1661 3262/430/1659 3370/431/1662
f 3370/431/1662 3367/427/1655 3185/428/1656
f 3367/427/1655 3308/324/1588 3194/325/1588
f 3373/433/1663 3371/434/1664 3156/5/1665
f 3188/125/1666 3263/432/1667 3372/435/1668
f 3372/435/1668 3370/431/1662 3185/428/1656
f 3192/126/1661 3263/432/1667 3373/433/1663
f 3374/437/1669 3292/292/1604 3163/86/1603
f 3212/85/1605 3264/436/1670 3368/426/1658
f 3185/428/1656 3264/436/1670 3372/435/1668
f 3372/435/1668 3374/437/1669 3188/125/1666
s 77
f 3381/250/1671 3438/256/1672 3489/249/1673
f 3487/251/1674 3486/248/1671 3416/252/1671
f 3395/254/1675 3438/256/1672 3487/251/1674
f 3427/255/1676 3438/256/1672 3488/253/1677
f 3490/257/1678 3492/258/1679 3382/259/1679
f 3426/261/1680 3439/262/1681 3490/257/1678
f 3487/251/1674 3491/260/1682 3395/254/1675
f 3416/252/1671 3439/262/1681 3487/251/1674
f 3493/263/1683 3495/264/1684 3388/72/1685
f 3423/75/1686 3440/265/1687 3493/263/1683
f 3395/254/1675 3440/265/1687 3494/266/1688
f 3495/264/1684 3491/260/1682 3426/261/1680
f 3389/267/1689 3441/268/1690 3497/269/1691
f 3488/253/1677 3496/270/1692 3427/255/1676
f 3395/254/1675 3441/268/1690 3488/253/1677
f 3497/269/1691 3494/266/1688 3423/75/1686
f 3498/275/1693 3501/273/1694 3383/271/1695
f 3499/274/1694 3498/275/1693 3417/276/1693
f 3396/277/1696 3442/272/1694 3499/274/1694
f 3501/273/1694 3500/278/1696 3430/279/1696
f 3502/280/1694 3504/281/1693 3382/259/1679
f 3503/282/1696 3502/280/1694 3429/283/1696
f 3499/274/1694 3503/282/1696 3396/277/1696
f 3417/276/1693 3443/284/1694 3499/274/1694
f 3393/80/1697 3444/201/1698 3507/286/1698
f 3506/287/1698 3505/285/1697 3436/82/1697
f 3396/277/1696 3444/201/1698 3506/287/1698
f 3507/286/1698 3503/282/1696 3429/283/1696
f 3508/288/1698 3509/289/1697 3394/83/1697
f 3430/279/1696 3445/290/1698 3508/288/1698
f 3506/287/1698 3500/278/1696 3396/277/1696
f 3509/289/1697 3506/287/1698 3436/82/1697
f 3384/86/1699 3446/295/1700 3513/292/1701
f 3511/293/1702 3510/291/1703 3419/294/1704
f 3397/91/1705 3446/295/1700 3511/293/1702
f 3513/292/1701 3512/296/1706 3433/85/1707
f 3514/297/1708 3516/298/1709 3385/88/1710
f 3432/87/1711 3447/299/1712 3514/297/1708
f 3511/293/1702 3515/300/1713 3397/91/1705
f 3419/294/1704 3447/299/1712 3511/293/1702
f 3517/301/1714 3519/302/1715 3388/72/1685
f 3422/304/1716 3448/438/1717 3517/301/1714
f 3515/300/1713 3518/303/1718 3397/91/1705
f 3432/87/1711 3448/438/1717 3515/300/1713
f 3387/90/1719 3449/439/1720 3521/306/1721
f 3512/296/1706 3520/305/1722 3433/85/1707
f 3397/91/1705 3449/439/1720 3512/296/1706
f 3521/306/1721 3518/303/1718 3422/304/1716
f 3383/271/1695 3450/310/1723 3525/308/1723
f 3523/312/1723 3522/307/1695 3418/309/1695
f 3398/313/1724 3450/310/1723 3523/312/1723
f 3525/308/1723 3524/311/1725 3425/314/1726
f 3526/319/1723 3528/317/1695 3376/315/1695
f 3408/228/1727 3451/316/1723 3526/319/1723
f 3523/312/1723 3527/318/1727 3398/313/1724
f 3418/309/1695 3451/316/1723 3523/312/1723
f 3529/324/1728 3531/322/1729 3379/320/1730
f 3415/325/1731 3452/321/1732 3529/324/1728
f 3398/313/1724 3452/321/1732 3530/323/1733
f 3531/322/1729 3527/318/1727 3408/228/1727
f 3387/90/1719 3453/328/1734 3533/327/1735
f 3425/314/1726 3453/328/1734 3532/326/1736
f 3530/323/1733 3524/311/1725 3398/313/1724
f 3533/327/1735 3530/323/1733 3415/325/1731
f 3382/259/1679 3454/329/1737 3490/257/1678
f 3534/331/1738 3504/281/1693 3417/276/1693
f 3399/332/1739 3454/329/1737 3534/331/1738
f 3490/257/1678 3535/330/1740 3426/261/1680
f 3525/308/1723 3498/275/1693 3383/271/1695
f 3425/314/1726 3455/333/1741 3525/308/1723
f 3534/331/1738 3536/334/1742 3399/332/1739
f 3417/276/1693 3455/333/1741 3534/331/1738
f 3521/306/1721 3532/326/1736 3387/90/1719
f 3422/304/1716 3456/335/1743 3521/306/1721
f 3399/332/1739 3456/335/1743 3537/336/1744
f 3532/326/1736 3536/334/1742 3425/314/1726
f 3388/72/1685 3457/337/1745 3517/301/1714
f 3426/261/1680 3457/337/1745 3495/264/1684
f 3537/336/1744 3535/330/1740 3399/332/1739
f 3517/301/1714 3537/336/1744 3422/304/1716
f 3538/338/1746 3496/270/1692 3389/267/1689
f 3424/339/1747 3458/340/1748 3538/338/1746
f 3540/341/1749 3539/342/1750 3400/343/1751
f 3427/255/1676 3458/340/1748 3540/341/1749
f 3380/100/1752 3459/344/1753 3543/345/1754
f 3542/346/1755 3541/347/1756 3414/348/1757
f 3400/343/1751 3459/344/1753 3542/346/1755
f 3543/345/1754 3539/342/1750 3424/339/1747
f 3375/349/1758 3460/350/1759 3546/351/1760
f 3545/352/1761 3544/353/1762 3407/354/1762
f 3542/346/1755 3545/352/1761 3400/343/1751
f 3414/348/1757 3460/350/1759 3542/346/1755
f 3489/249/1673 3547/356/1763 3381/250/1671
f 3540/341/1749 3489/249/1673 3427/255/1676
f 3400/343/1751 3461/355/1764 3540/341/1749
f 3407/354/1762 3461/355/1764 3545/352/1761
f 3547/356/1763 3550/358/1694 3381/250/1671
f 3407/354/1762 3462/357/1694 3547/356/1763
f 3549/362/1696 3548/359/1694 3401/360/1696
f 3428/361/1696 3462/357/1694 3549/362/1696
f 3375/349/1758 3463/366/1694 3544/353/1762
f 3411/365/1696 3463/366/1694 3551/363/1694
f 3548/359/1694 3552/364/1696 3401/360/1696
f 3544/353/1762 3548/359/1694 3407/354/1762
f 3553/367/1697 3555/368/1698 3390/107/1697
f 3434/109/1697 3464/369/1698 3553/367/1697
f 3552/364/1696 3554/370/1698 3401/360/1696
f 3411/365/1696 3464/369/1698 3552/364/1696
f 3556/371/1698 3557/372/1697 3392/110/1697
f 3428/361/1696 3465/440/1698 3556/371/1698
f 3401/360/1696 3465/440/1698 3549/362/1696
f 3557/372/1697 3554/370/1698 3434/109/1697
f 3382/259/1679 3466/373/1694 3502/280/1694
f 3416/252/1671 3466/373/1694 3492/258/1679
f 3402/374/1696 3466/373/1694 3558/375/1694
f 3502/280/1694 3559/376/1696 3429/283/1696
f 3550/358/1694 3486/248/1671 3381/250/1671
f 3428/361/1696 3467/378/1694 3550/358/1694
f 3558/375/1694 3560/377/1696 3402/374/1696
f 3486/248/1671 3558/375/1694 3416/252/1671
f 3561/379/1697 3556/371/1698 3392/110/1697
f 3562/381/1698 3561/379/1697 3435/112/1697
f 3560/377/1696 3562/381/1698 3402/374/1696
f 3556/371/1698 3560/377/1696 3428/361/1696
f 3507/286/1698 3563/383/1697 3393/80/1697
f 3429/283/1696 3469/382/1698 3507/286/1698
f 3562/381/1698 3559/376/1696 3402/374/1696
f 3563/383/1697 3562/381/1698 3435/112/1697
f 3564/386/1697 3508/288/1698 3394/83/1697
f 3565/385/1698 3564/386/1697 3437/115/1697
f 3566/387/1696 3565/385/1698 3403/388/1696
f 3508/288/1698 3566/387/1696 3430/279/1696
f 3567/392/1698 3569/390/1697 3391/114/1697
f 3568/391/1696 3567/392/1698 3412/393/1696
f 3565/385/1698 3568/391/1696 3403/388/1696
f 3569/390/1697 3565/385/1698 3437/115/1697
f 3528/317/1695 3571/395/1694 3376/315/1695
f 3570/396/1694 3528/317/1695 3418/309/1695
f 3568/391/1696 3570/396/1694 3403/388/1696
f 3571/395/1694 3568/391/1696 3412/393/1696
f 3501/273/1694 3522/307/1695 3383/271/1695
f 3430/279/1696 3473/397/1694 3501/273/1694
f 3570/396/1694 3566/387/1696 3403/388/1696
f 3418/309/1695 3473/397/1694 3570/396/1694
f 3386/119/1765 3474/400/1766 3575/399/1767
f 3573/402/1768 3572/398/1769 3421/117/1770
f 3404/403/1771 3474/400/1766 3573/402/1768
f 3575/399/1767 3574/401/1772 3431/404/1773
f 3576/408/1774 3578/406/1775 3378/62/1776
f 3410/121/1777 3475/405/1778 3576/408/1774
f 3404/403/1771 3475/405/1778 3577/407/1779
f 3421/117/1770 3475/405/1778 3573/402/1768
f 3543/345/1754 3580/409/1780 3380/100/1752
f 3424/339/1747 3476/410/1781 3543/345/1754
f 3577/407/1779 3579/411/1782 3404/403/1771
f 3410/121/1777 3476/410/1781 3577/407/1779
f 3389/267/1689 3477/412/1783 3538/338/1746
f 3574/401/1772 3581/413/1784 3431/404/1773
f 3404/403/1771 3477/412/1783 3574/401/1772
f 3538/338/1746 3579/411/1782 3424/339/1747
f 3385/88/1710 3478/415/1785 3514/297/1708
f 3583/417/1786 3582/414/1787 3420/123/1788
f 3405/418/1789 3478/415/1785 3583/417/1786
f 3514/297/1708 3584/416/1790 3432/87/1711
f 3575/399/1767 3586/420/1791 3386/119/1765
f 3431/404/1773 3479/419/1792 3575/399/1767
f 3583/417/1786 3585/421/1793 3405/418/1789
f 3420/123/1788 3479/419/1792 3583/417/1786
f 3497/269/1691 3581/413/1784 3389/267/1689
f 3423/75/1686 3480/422/1794 3497/269/1691
f 3585/421/1793 3587/423/1795 3405/418/1789
f 3431/404/1773 3480/422/1794 3585/421/1793
f 3388/72/1685 3481/424/1796 3493/263/1683
f 3584/416/1790 3519/302/1715 3432/87/1711
f 3405/418/1789 3481/424/1796 3584/416/1790
f 3493/263/1683 3587/423/1795 3423/75/1686
f 3533/327/1735 3520/305/1722 3387/90/1719
f 3415/325/1731 3482/425/1797 3533/327/1735
f 3406/428/1798 3482/425/1797 3588/427/1799
f 3433/85/1707 3482/425/1797 3589/426/1800
f 3379/320/1730 3483/430/1801 3529/324/1728
f 3413/126/1802 3483/430/1801 3590/429/1803
f 3588/427/1799 3591/431/1804 3406/428/1798
f 3529/324/1728 3588/427/1799 3415/325/1731
f 3592/434/1805 3594/433/1806 3377/5/1807
f 3409/125/1808 3484/432/1809 3592/434/1805
f 3591/431/1804 3593/435/1810 3406/428/1798
f 3413/126/1802 3484/432/1809 3591/431/1804
f 3513/292/1701 3595/437/1811 3384/86/1699
f 3433/85/1707 3485/436/1812 3513/292/1701
f 3406/428/1798 3485/436/1812 3589/426/1800
f 3595/437/1811 3593/435/1810 3409/125/1808
s 7
f 135/67/31 114/73/35 146/68/32
f 145/70/33 114/73/35 135/67/31
f 110/72/34 142/75/37 114/73/35
f 111/74/36 146/68/32 114/73/35
f 136/76/31 115/81/38 149/77/38
f 148/79/38 115/81/38 136/76/31
f 170/80/39 212/82/39 115/81/38
f 149/77/38 115/81/38 212/82/39
f 138/84/40 116/91/41 152/85/41
f 151/87/41 116/91/41 138/84/40
f 141/89/34 116/91/41 151/87/41
f 109/90/34 152/85/41 116/91/41
f 137/92/31 117/127/33 144/93/33
f 127/94/33 117/127/33 137/92/31
f 134/96/34 117/127/33 127/94/33
f 144/93/33 117/127/33 134/96/34
f 136/76/31 118/98/33 145/70/33
f 105/78/31 144/93/33 118/98/33
f 141/89/34 118/98/33 144/93/33
f 145/70/33 118/98/33 141/89/34
f 143/99/42 119/101/44 146/68/32
f 102/100/43 133/103/45 119/101/44
f 126/102/31 119/101/44 133/103/45
f 146/68/32 119/101/44 126/102/31
f 126/102/31 120/108/38 147/105/38
f 130/106/38 120/108/38 126/102/31
f 169/107/39 153/109/39 120/108/38
f 147/105/38 120/108/38 153/109/39
f 104/71/31 135/67/31 121/111/38
f 103/69/31 147/105/38 121/111/38
f 113/110/39 211/112/39 121/111/38
f 148/79/38 121/111/38 211/112/39
f 171/83/39 213/115/39 122/113/38
f 112/114/39 131/116/38 122/113/38
f 137/92/31 122/113/38 131/116/38
f 149/77/38 122/113/38 137/92/31
f 140/117/46 123/120/50 150/118/47
f 100/62/49 129/121/51 123/120/50
f 143/99/42 123/120/50 129/121/51
f 111/74/36 150/118/47 123/120/50
f 107/88/40 139/123/53 124/122/52
f 108/119/48 150/118/47 124/122/52
f 142/75/37 124/122/52 150/118/47
f 151/87/41 124/122/52 142/75/37
f 109/90/34 134/96/34 125/124/41
f 101/97/34 132/126/41 125/124/41
f 128/125/40 125/124/41 132/126/41
f 152/85/41 125/124/41 128/125/40
s 8
f 204/68/54 172/73/56 193/67/55
f 193/67/55 172/73/56 203/70/56
f 203/70/56 172/73/56 200/75/57
f 168/74/59 200/75/57 172/73/56
f 207/77/60 173/81/60 194/76/55
f 194/76/55 173/81/60 206/79/60
f 170/80/61 206/79/60 173/81/60
f 212/82/61 173/81/60 207/77/60
f 163/86/62 210/85/63 174/91/63
f 196/84/62 174/91/63 209/87/63
f 167/72/58 209/87/63 174/91/63
f 199/89/58 174/91/63 210/85/63
f 162/78/55 202/93/56 175/127/56
f 195/92/55 175/127/56 185/94/56
f 185/94/56 175/127/56 192/96/58
f 166/90/58 192/96/58 175/127/56
f 161/71/55 203/70/56 176/98/56
f 194/76/55 176/98/56 202/93/56
f 166/90/58 202/93/56 176/98/56
f 199/89/58 176/98/56 203/70/56
f 204/68/54 177/101/66 201/99/64
f 159/100/65 201/99/64 177/101/66
f 191/103/67 177/101/66 184/102/55
f 184/102/55 177/101/66 204/68/54
f 160/69/55 205/105/60 178/108/60
f 184/102/55 178/108/60 188/106/60
f 169/107/61 188/106/60 178/108/60
f 153/109/61 178/108/60 205/105/60
f 161/71/55 206/79/60 179/111/60
f 193/67/55 179/111/60 205/105/60
f 113/110/61 205/105/60 179/111/60
f 211/112/61 179/111/60 206/79/60
f 207/77/60 180/113/60 213/115/61
f 213/115/61 180/113/60 189/116/60
f 189/116/60 180/113/60 195/92/55
f 162/78/55 195/92/55 180/113/60
f 208/118/68 181/120/72 198/117/69
f 157/62/71 198/117/69 181/120/72
f 187/121/73 181/120/72 201/99/64
f 168/74/59 201/99/64 181/120/72
f 209/87/63 182/122/75 197/123/74
f 165/119/70 197/123/74 182/122/75
f 208/118/68 182/122/75 200/75/57
f 167/72/58 200/75/57 182/122/75
f 210/85/63 183/124/63 192/96/58
f 192/96/58 183/124/63 190/126/63
f 190/126/63 183/124/63 186/125/62
f 163/86/62 186/125/62 183/124/63
s 9
f 234/128/76 237/204/1813 238/129/77
s 10
f 240/131/79 243/200/1814 244/132/80
s 9
f 246/134/82 234/82/76 233/82/78
s 10
f 249/136/84 240/210/79 239/137/81
s 9
f 251/139/86 252/213/89 246/140/82
s 10
f 254/142/87 255/216/91 249/143/84
s 9
f 257/145/88 258/220/92 252/146/89
s 10
f 260/148/90 261/223/96 255/149/91
s 9
f 258/151/92 257/228/88 265/152/93
s 10
f 268/154/95 267/231/1815 261/155/96
s 11
f 273/157/97 264/441/97 265/158/97
s 12
f 279/160/97 267/442/97 268/161/97
s 11
f 270/163/97 273/157/97 274/159/97
s 12
f 276/163/97 279/160/97 280/162/97
s 11
f 282/166/97 270/163/97 269/164/97
s 12
f 285/166/97 276/163/97 275/165/97
s 11
f 288/169/97 282/166/97 283/167/97
s 12
f 291/169/97 285/166/97 286/168/97
s 11
f 288/169/97 289/170/97 295/172/98
s 12
f 291/169/97 292/171/97 298/174/100
s 11
f 294/173/99 295/172/98 304/175/102
s 12
f 297/173/101 298/174/100 310/177/104
s 11
f 303/176/103 304/175/102 299/178/106
s 12
f 309/176/105 310/177/104 305/180/108
s 11
f 311/182/110 312/238/1816 300/179/107
s 12
f 314/183/111 315/238/1817 306/181/109
s 13
f 318/184/112 312/238/1818 311/182/113
s 14
f 321/184/115 315/238/1819 314/183/116
s 13
f 327/187/118 318/184/112 319/185/114
s 14
f 333/187/120 321/184/115 322/186/117
s 13
f 324/190/122 327/187/118 328/188/119
s 14
f 330/190/124 333/187/120 334/189/121
s 13
f 324/190/122 323/191/123 335/193/126
s 14
f 330/190/124 329/192/125 338/195/128
s 13
f 336/194/127 335/193/126 341/196/130
s 14
f 339/194/129 338/195/128 344/198/132
s 15
f 112/114/134 215/109/142 244/132/1820
f 243/200/135 242/205/1821 131/125/136
f 112/114/134 244/132/1820 243/200/135
s 16
f 130/106/1822 346/247/1823 345/199/138
f 345/199/138 344/198/1824 232/63/139
f 169/107/137 130/106/1822 345/199/138
s 15
f 215/109/142 112/114/134 189/116/140
f 189/116/140 238/443/1825 237/201/141
f 237/201/141 236/444/1826 215/109/142
s 16
f 169/107/137 232/63/139 343/198/1827
f 342/197/143 341/196/1828 188/106/144
f 169/107/137 343/198/1827 342/197/143
s 17
f 214/85/145 215/109/1829 236/202/146
s 18
f 234/128/148 235/203/166 236/202/149
s 19
f 238/129/151 189/102/1830 155/82/152
s 20
f 98/95/154 131/125/1831 242/205/155
s 21
f 240/131/157 241/206/172 242/205/158
s 22
f 244/132/160 215/109/1832 214/85/161
s 17
f 216/112/163 214/82/145 235/82/147
s 18
f 246/134/165 247/207/177 235/82/166
s 19
f 233/82/153 155/82/152 185/113/167
s 20
f 127/122/169 98/95/154 241/208/156
s 21
f 249/136/171 250/209/182 241/208/172
s 22
f 239/137/162 214/82/161 216/112/173
s 17
f 253/211/175 217/115/186 216/210/163
s 18
f 252/213/176 253/211/188 247/212/177
s 19
f 245/141/168 185/113/167 158/95/178
s 20
f 256/214/180 101/97/192 127/122/169
s 21
f 255/216/181 256/214/194 250/215/182
s 22
f 248/144/174 216/210/173 217/115/183
s 17
f 259/217/185 218/224/198 217/218/186
s 18
f 258/220/187 259/217/1833 253/219/188
s 19
f 251/147/179 158/95/178 190/94/189
s 20
f 262/221/191 132/121/203 101/97/192
s 21
f 261/223/193 262/221/1834 256/222/194
s 22
f 254/150/184 217/218/183 218/224/195
s 17
f 263/225/197 219/210/1835 218/226/198
s 18
f 263/225/199 259/227/1833 258/151/187
s 19
f 190/94/189 156/115/1836 265/152/201
s 20
f 266/229/202 99/5/1837 132/121/203
s 21
f 266/229/204 262/230/1834 261/155/193
s 22
f 218/226/195 219/210/1838 268/154/206
s 23
f 221/63/97 219/63/97 263/232/97
s 24
f 263/232/207 264/441/207 273/157/207
s 25
f 265/158/207 156/5/207 186/125/207
s 26
f 128/125/97 99/5/97 266/233/97
s 27
f 266/233/207 267/442/207 279/160/207
s 28
f 268/161/207 219/63/207 221/63/207
s 23
f 220/63/97 221/63/97 272/162/97
s 24
f 272/162/207 273/157/207 270/163/207
s 25
f 274/159/207 186/125/207 163/86/207
s 26
f 106/86/97 128/125/97 278/234/97
s 27
f 278/234/207 279/160/207 276/163/207
s 28
f 280/162/207 221/63/207 220/63/207
s 23
f 222/63/97 220/63/97 271/165/97
s 24
f 271/165/207 270/163/207 282/166/207
s 25
f 269/164/207 163/86/207 196/84/207
s 26
f 138/84/97 106/86/97 277/164/97
s 27
f 277/164/207 276/163/207 285/166/207
s 28
f 275/165/207 220/63/207 222/63/207
s 23
f 223/63/97 222/63/97 281/168/97
s 24
f 281/168/207 282/166/207 288/169/207
s 25
f 283/167/207 196/84/207 164/88/207
s 26
f 107/88/97 138/84/97 284/167/97
s 27
f 284/167/207 285/166/207 291/169/207
s 28
f 286/168/207 222/63/207 223/63/207
s 23
f 223/63/97 287/171/97 293/174/208
s 24
f 293/174/210 287/171/207 288/169/207
s 25
f 164/88/207 197/123/222 295/172/212
s 26
f 107/88/97 290/170/97 296/172/213
s 27
f 296/172/215 290/170/207 291/169/207
s 28
f 223/63/207 224/63/228 298/174/217
s 23
f 224/63/209 293/174/208 302/177/218
s 24
f 302/177/220 293/174/210 294/173/211
s 25
f 197/123/222 165/119/234 304/175/223
s 26
f 139/123/214 296/172/213 308/235/224
s 27
f 308/235/226 296/172/215 297/173/216
s 28
f 224/63/228 226/63/240 310/177/229
s 23
f 226/63/219 302/177/218 301/236/230
s 24
f 301/236/232 302/177/220 303/176/221
s 25
f 165/119/234 198/117/246 299/178/235
s 26
f 108/119/225 308/235/224 307/237/236
s 27
f 307/237/238 308/235/226 309/176/227
s 28
f 226/63/240 225/63/252 305/180/241
s 23
f 225/63/231 301/236/230 313/183/242
s 24
f 313/183/244 301/236/232 300/179/233
s 25
f 198/117/246 157/62/1839 311/182/247
s 26
f 140/117/237 307/237/236 316/182/248
s 27
f 316/182/250 307/237/238 306/181/239
s 28
f 225/63/252 227/63/1840 314/183/253
s 29
f 228/63/254 227/63/1841 313/183/255
s 30
f 313/183/257 312/238/1842 318/184/258
s 31
f 187/121/260 319/185/277 311/182/261
s 32
f 129/121/263 100/62/1843 316/182/264
s 33
f 320/240/266 316/182/1844 315/238/267
s 34
f 228/63/269 322/186/283 314/183/270
s 29
f 230/63/272 228/63/254 317/239/256
s 30
f 326/241/274 317/239/259 318/184/258
s 31
f 187/121/260 159/100/288 328/188/276
s 32
f 102/100/278 129/121/263 320/240/265
s 33
f 332/242/280 320/240/266 321/184/268
s 34
f 228/63/269 230/63/294 334/189/282
s 29
f 229/63/284 230/63/272 326/241/273
s 30
f 325/243/286 326/241/274 327/187/275
s 31
f 159/100/288 191/103/300 323/191/289
s 32
f 133/103/290 102/100/278 332/242/279
s 33
f 331/244/292 332/242/280 333/187/281
s 34
f 230/63/294 229/63/306 329/192/295
s 29
f 229/63/284 325/243/285 337/245/296
s 30
f 337/245/298 325/243/286 324/190/287
s 31
f 191/103/300 154/104/312 335/193/301
s 32
f 133/103/290 331/244/291 340/246/302
s 33
f 340/246/304 331/244/292 330/190/293
s 34
f 229/63/306 231/63/318 338/195/307
s 29
f 231/63/297 337/245/296 343/198/308
s 30
f 343/198/310 337/245/298 336/194/299
s 31
f 154/104/312 188/106/1845 341/196/313
s 32
f 97/104/303 340/246/302 346/247/314
s 33
f 346/247/316 340/246/304 339/194/305
s 34
f 231/63/318 232/63/1846 344/198/319
s 35
f 388/67/320 367/73/323 399/68/321
f 398/70/322 367/73/323 388/67/320
f 360/72/34 395/75/325 367/73/323
f 361/74/324 399/68/321 367/73/323
f 355/78/320 389/76/320 368/81/326
f 401/79/326 368/81/326 389/76/320
f 408/82/327 368/81/326 401/79/326
f 402/77/326 368/81/326 408/82/327
f 391/84/328 369/91/329 405/85/329
f 404/87/329 369/91/329 391/84/328
f 360/72/34 394/89/34 369/91/329
f 405/85/329 369/91/329 394/89/34
f 390/92/320 370/127/322 397/93/322
f 380/94/322 370/127/322 390/92/320
f 351/97/34 387/96/34 370/127/322
f 359/90/34 397/93/322 370/127/322
f 389/76/320 371/98/322 398/70/322
f 397/93/322 371/98/322 389/76/320
f 394/89/34 371/98/322 397/93/322
f 398/70/322 371/98/322 394/89/34
f 396/99/330 372/101/332 399/68/321
f 352/100/331 386/103/333 372/101/332
f 347/104/320 379/102/320 372/101/332
f 353/69/320 399/68/321 372/101/332
f 353/69/320 379/102/320 373/108/326
f 347/104/320 383/106/326 373/108/326
f 362/107/327 406/109/327 373/108/326
f 400/105/326 373/108/326 406/109/327
f 354/71/320 388/67/320 374/111/326
f 400/105/326 374/111/326 388/67/320
f 364/110/327 407/112/327 374/111/326
f 401/79/326 374/111/326 407/112/327
f 366/83/327 409/115/327 375/113/326
f 384/116/326 375/113/326 409/115/327
f 348/95/320 390/92/320 375/113/326
f 355/78/320 402/77/326 375/113/326
f 393/117/334 376/120/338 403/118/335
f 350/62/337 382/121/339 376/120/338
f 396/99/330 376/120/338 382/121/339
f 361/74/324 403/118/335 376/120/338
f 357/88/328 392/123/341 377/122/340
f 358/119/336 403/118/335 377/122/340
f 395/75/325 377/122/340 403/118/335
f 360/72/34 404/87/329 377/122/340
f 387/96/34 378/124/329 405/85/329
f 385/126/329 378/124/329 387/96/34
f 381/125/328 378/124/329 385/126/329
f 356/86/328 405/85/329 378/124/329
s 36
f 451/67/342 430/73/346 462/68/343
f 461/70/344 430/73/346 451/67/342
f 423/72/345 458/75/348 430/73/346
f 424/74/347 462/68/343 430/73/346
f 418/78/342 452/76/342 431/81/349
f 464/79/349 431/81/349 452/76/342
f 471/82/350 431/81/349 464/79/349
f 465/77/349 431/81/349 471/82/350
f 454/84/351 432/91/352 468/85/352
f 467/87/352 432/91/352 454/84/351
f 423/72/345 457/89/345 432/91/352
f 468/85/352 432/91/352 457/89/345
f 453/92/342 433/127/344 460/93/344
f 443/94/344 433/127/344 453/92/342
f 414/97/345 450/96/345 433/127/344
f 422/90/345 460/93/344 433/127/344
f 452/76/342 434/98/344 461/70/344
f 418/78/342 460/93/344 434/98/344
f 457/89/345 434/98/344 460/93/344
f 461/70/344 434/98/344 457/89/345
f 459/99/353 435/101/355 462/68/343
f 415/100/354 449/103/356 435/101/355
f 410/104/342 442/102/342 435/101/355
f 462/68/343 435/101/355 442/102/342
f 416/69/342 442/102/342 436/108/349
f 446/106/349 436/108/349 442/102/342
f 469/109/350 436/108/349 446/106/349
f 427/110/350 463/105/349 436/108/349
f 417/71/342 451/67/342 437/111/349
f 416/69/342 463/105/349 437/111/349
f 470/112/350 437/111/349 463/105/349
f 464/79/349 437/111/349 470/112/350
f 472/115/350 438/113/349 465/77/349
f 426/114/350 447/116/349 438/113/349
f 411/95/342 453/92/342 438/113/349
f 465/77/349 438/113/349 453/92/342
f 456/117/357 439/120/361 466/118/358
f 413/62/360 445/121/362 439/120/361
f 459/99/353 439/120/361 445/121/362
f 424/74/347 466/118/358 439/120/361
f 455/123/363 440/122/364 467/87/352
f 421/119/359 466/118/358 440/122/364
f 458/75/348 440/122/364 466/118/358
f 467/87/352 440/122/364 458/75/348
f 450/96/345 441/124/352 468/85/352
f 448/126/352 441/124/352 450/96/345
f 444/125/351 441/124/352 448/126/352
f 468/85/352 441/124/352 444/125/351
s 37
f 584/248/365 536/256/371 587/249/366
f 585/251/367 536/256/371 584/248/365
f 586/253/368 536/256/371 585/251/367
f 525/255/370 587/249/366 536/256/371
f 588/257/372 537/262/372 590/258/365
f 589/260/373 537/262/372 588/257/372
f 493/254/369 585/251/367 537/262/372
f 514/252/365 590/258/365 537/262/372
f 591/263/375 538/265/379 593/264/376
f 521/75/378 592/266/380 538/265/379
f 589/260/373 538/265/379 592/266/380
f 524/261/374 593/264/376 538/265/379
f 487/267/381 594/270/384 539/268/382
f 586/253/368 539/268/382 594/270/384
f 493/254/369 592/266/380 539/268/382
f 595/269/383 539/268/382 592/266/380
f 481/271/365 596/275/365 540/272/385
f 597/274/385 540/272/385 596/275/365
f 494/277/386 598/278/386 540/272/385
f 599/273/385 540/272/385 598/278/386
f 600/280/385 541/284/385 602/281/365
f 601/282/386 541/284/385 600/280/385
f 597/274/385 541/284/385 601/282/386
f 515/276/365 602/281/365 541/284/385
f 603/285/387 542/201/388 605/286/388
f 604/287/388 542/201/388 603/285/387
f 601/282/386 542/201/388 604/287/388
f 605/286/388 542/201/388 601/282/386
f 606/288/388 543/290/388 607/289/387
f 598/278/386 543/290/388 606/288/388
f 494/277/386 604/287/388 543/290/388
f 534/82/387 607/289/387 543/290/388
f 608/291/389 544/295/390 611/292/390
f 609/293/390 544/295/390 608/291/389
f 495/91/391 610/296/391 544/295/390
f 531/85/391 611/292/390 544/295/390
f 612/297/390 545/299/390 614/298/389
f 530/87/391 613/300/391 545/299/390
f 495/91/391 609/293/390 545/299/390
f 614/298/389 545/299/390 609/293/390
f 615/301/377 546/438/392 617/302/392
f 616/303/392 546/438/392 615/301/377
f 613/300/391 546/438/392 616/303/392
f 617/302/392 546/438/392 613/300/391
f 618/305/392 547/439/392 619/306/377
f 610/296/391 547/439/392 618/305/392
f 616/303/392 547/439/392 610/296/391
f 619/306/377 547/439/392 616/303/392
f 620/307/365 548/310/372 623/308/372
f 516/309/365 621/312/372 548/310/372
f 622/311/374 548/310/372 621/312/372
f 523/314/374 623/308/372 548/310/372
f 474/315/365 624/319/372 549/316/372
f 625/318/374 549/316/372 624/319/372
f 621/312/372 549/316/372 625/318/374
f 516/309/365 626/317/365 549/316/372
f 477/320/377 627/324/377 550/321/376
f 628/323/376 550/321/376 627/324/377
f 496/313/374 625/318/374 550/321/376
f 506/228/374 629/322/376 550/321/376
f 630/326/376 551/328/376 631/327/377
f 622/311/374 551/328/376 630/326/376
f 496/313/374 628/323/376 551/328/376
f 631/327/377 551/328/376 628/323/376
f 602/281/365 552/329/372 588/257/372
f 515/276/365 632/331/372 552/329/372
f 633/330/374 552/329/372 632/331/372
f 588/257/372 552/329/372 633/330/374
f 481/271/365 623/308/372 553/333/372
f 634/334/374 553/333/372 623/308/372
f 497/332/374 632/331/372 553/333/372
f 515/276/365 596/275/365 553/333/372
f 485/90/377 619/306/377 554/335/376
f 635/336/376 554/335/376 619/306/377
f 634/334/374 554/335/376 635/336/376
f 630/326/376 554/335/376 634/334/374
f 486/72/377 593/264/376 555/337/376
f 524/261/374 633/330/374 555/337/376
f 635/336/376 555/337/376 633/330/374
f 520/304/377 615/301/377 555/337/376
f 636/338/393 556/340/395 594/270/384
f 522/339/394 637/342/397 556/340/395
f 638/341/396 556/340/395 637/342/397
f 525/255/370 594/270/384 556/340/395
f 478/100/399 639/347/403 557/344/400
f 640/346/402 557/344/400 639/347/403
f 498/343/398 637/342/397 557/344/400
f 641/345/401 557/344/400 637/342/397
f 473/349/365 642/353/365 558/350/405
f 643/352/407 558/350/405 642/353/365
f 640/346/402 558/350/405 643/352/407
f 512/348/404 644/351/406 558/350/405
f 479/250/365 587/249/366 559/355/408
f 638/341/396 559/355/408 587/249/366
f 498/343/398 643/352/407 559/355/408
f 645/356/365 559/355/408 643/352/407
f 479/250/365 645/356/365 560/357/385
f 646/359/385 560/357/385 645/356/365
f 499/360/386 647/362/386 560/357/385
f 526/361/386 648/358/385 560/357/385
f 649/363/385 561/366/385 642/353/365
f 650/364/386 561/366/385 649/363/385
f 499/360/386 646/359/385 561/366/385
f 505/354/365 642/353/365 561/366/385
f 651/367/387 562/369/388 653/368/388
f 532/109/387 652/370/388 562/369/388
f 499/360/386 650/364/386 562/369/388
f 653/368/388 562/369/388 650/364/386
f 654/371/388 563/440/388 655/372/387
f 647/362/386 563/440/388 654/371/388
f 652/370/388 563/440/388 647/362/386
f 655/372/387 563/440/388 652/370/388
f 590/258/365 564/373/385 600/280/385
f 514/252/365 656/375/385 564/373/385
f 500/374/386 657/376/386 564/373/385
f 527/283/386 600/280/385 564/373/385
f 648/358/385 565/378/385 584/248/365
f 658/377/386 565/378/385 648/358/385
f 500/374/386 656/375/385 565/378/385
f 584/248/365 565/378/385 656/375/385
f 659/379/387 566/380/388 654/371/388
f 533/112/387 660/381/388 566/380/388
f 500/374/386 658/377/386 566/380/388
f 654/371/388 566/380/388 658/377/386
f 491/80/387 605/286/388 567/382/388
f 657/376/386 567/382/388 605/286/388
f 500/374/386 660/381/388 567/382/388
f 661/383/387 567/382/388 660/381/388
f 492/83/387 662/386/387 568/384/388
f 663/385/388 568/384/388 662/386/387
f 664/387/386 568/384/388 663/385/388
f 606/288/388 568/384/388 664/387/386
f 489/114/387 665/392/388 569/389/388
f 666/391/386 569/389/388 665/392/388
f 501/388/386 663/385/388 569/389/388
f 535/115/387 667/390/387 569/389/388
f 474/315/365 626/317/365 570/394/385
f 668/396/385 570/394/385 626/317/365
f 666/391/386 570/394/385 668/396/385
f 510/393/386 669/395/385 570/394/385
f 599/273/385 571/397/385 620/307/365
f 528/279/386 664/387/386 571/397/385
f 668/396/385 571/397/385 664/387/386
f 620/307/365 571/397/385 668/396/385
f 670/398/409 572/400/413 673/399/410
f 519/117/412 671/402/415 572/400/413
f 672/401/414 572/400/413 671/402/415
f 529/404/417 673/399/410 572/400/413
f 476/62/418 674/408/422 573/405/419
f 675/407/421 573/405/419 674/408/422
f 502/403/416 671/402/415 573/405/419
f 676/406/420 573/405/419 671/402/415
f 641/345/401 574/410/425 678/409/424
f 522/339/394 677/411/426 574/410/425
f 675/407/421 574/410/425 677/411/426
f 508/121/423 678/409/424 574/410/425
f 487/267/381 679/413/428 575/412/427
f 672/401/414 575/412/427 679/413/428
f 502/403/416 677/411/426 575/412/427
f 636/338/393 575/412/427 677/411/426
f 680/414/429 576/415/431 612/297/390
f 518/123/430 681/417/433 576/415/431
f 682/416/432 576/415/431 681/417/433
f 530/87/391 612/297/390 576/415/431
f 484/119/411 673/399/410 577/419/435
f 683/421/437 577/419/435 673/399/410
f 503/418/434 681/417/433 577/419/435
f 684/420/436 577/419/435 681/417/433
f 595/269/383 578/422/438 679/413/428
f 521/75/378 685/423/439 578/422/438
f 683/421/437 578/422/438 685/423/439
f 529/404/417 679/413/428 578/422/438
f 617/302/392 579/424/440 591/263/375
f 682/416/432 579/424/440 617/302/392
f 503/418/434 685/423/439 579/424/440
f 591/263/375 579/424/440 685/423/439
f 631/327/377 580/425/392 618/305/392
f 513/325/377 686/427/392 580/425/392
f 687/426/391 580/425/392 686/427/392
f 618/305/392 580/425/392 687/426/391
f 688/429/392 581/430/392 627/324/377
f 511/126/391 689/431/391 581/430/392
f 686/427/392 581/430/392 689/431/391
f 627/324/377 581/430/392 686/427/392
f 475/5/389 690/434/389 582/432/390
f 507/125/389 691/435/390 582/432/390
f 689/431/391 582/432/390 691/435/390
f 511/126/391 692/433/390 582/432/390
f 482/86/389 611/292/390 583/436/390
f 687/426/391 583/436/390 611/292/390
f 691/435/390 583/436/390 687/426/391
f 507/125/389 693/437/389 583/436/390
s 38
f 700/250/441 805/248/441 757/256/442
f 806/251/444 757/256/442 805/248/441
f 807/253/445 757/256/442 806/251/444
f 746/255/447 808/249/443 757/256/442
f 701/259/441 809/257/448 758/262/448
f 810/260/449 758/262/448 809/257/448
f 714/254/446 806/251/444 758/262/448
f 811/258/441 758/262/448 806/251/444
f 707/72/451 812/263/455 759/265/452
f 742/75/454 813/266/456 759/265/452
f 810/260/449 759/265/452 813/266/456
f 814/264/453 759/265/452 810/260/449
f 708/267/457 815/270/460 760/268/458
f 807/253/445 760/268/458 815/270/460
f 714/254/446 813/266/456 760/268/458
f 816/269/459 760/268/458 813/266/456
f 702/271/441 817/275/441 761/272/461
f 736/276/441 818/274/461 761/272/461
f 715/277/462 819/278/462 761/272/461
f 820/273/461 761/272/461 819/278/462
f 821/280/461 762/284/461 823/281/441
f 822/282/462 762/284/461 821/280/461
f 818/274/461 762/284/461 822/282/462
f 736/276/441 823/281/441 762/284/461
f 824/285/463 763/201/464 826/286/464
f 825/287/464 763/201/464 824/285/463
f 822/282/462 763/201/464 825/287/464
f 826/286/464 763/201/464 822/282/462
f 713/83/463 827/288/464 764/290/464
f 749/279/462 819/278/462 764/290/464
f 715/277/462 825/287/464 764/290/464
f 755/82/463 828/289/463 764/290/464
f 703/86/465 829/291/465 765/295/466
f 830/293/466 765/295/466 829/291/465
f 716/91/467 831/296/467 765/295/466
f 752/85/467 832/292/466 765/295/466
f 704/88/465 833/297/466 766/299/466
f 751/87/467 834/300/467 766/299/466
f 716/91/467 830/293/466 766/299/466
f 835/298/465 766/299/466 830/293/466
f 707/72/451 836/301/451 767/438/468
f 837/303/468 767/438/468 836/301/451
f 716/91/467 834/300/467 767/438/468
f 838/302/468 767/438/468 834/300/467
f 706/90/451 839/305/468 768/439/468
f 831/296/467 768/439/468 839/305/468
f 837/303/468 768/439/468 831/296/467
f 741/304/451 840/306/451 768/439/468
f 702/271/441 841/307/441 769/310/448
f 737/309/441 842/312/448 769/310/448
f 843/311/450 769/310/448 842/312/448
f 844/308/448 769/310/448 843/311/450
f 695/315/441 845/319/448 770/316/448
f 727/228/450 846/318/450 770/316/448
f 842/312/448 770/316/448 846/318/450
f 847/317/441 770/316/448 842/312/448
f 848/324/451 771/321/453 850/322/453
f 849/323/453 771/321/453 848/324/451
f 846/318/450 771/321/453 849/323/453
f 850/322/453 771/321/453 846/318/450
f 851/326/453 772/328/453 852/327/451
f 843/311/450 772/328/453 851/326/453
f 849/323/453 772/328/453 843/311/450
f 852/327/451 772/328/453 849/323/453
f 823/281/441 773/329/448 809/257/448
f 853/331/448 773/329/448 823/281/441
f 718/332/450 854/330/450 773/329/448
f 809/257/448 773/329/448 854/330/450
f 702/271/441 844/308/448 774/333/448
f 855/334/450 774/333/448 844/308/448
f 853/331/448 774/333/448 855/334/450
f 736/276/441 817/275/441 774/333/448
f 840/306/451 775/335/453 851/326/453
f 856/336/453 775/335/453 840/306/451
f 855/334/450 775/335/453 856/336/453
f 744/314/450 851/326/453 775/335/453
f 814/264/453 776/337/453 836/301/451
f 745/261/450 854/330/450 776/337/453
f 718/332/450 856/336/453 776/337/453
f 741/304/451 836/301/451 776/337/453
f 857/338/469 777/340/471 815/270/460
f 743/339/470 858/342/473 777/340/471
f 859/341/472 777/340/471 858/342/473
f 746/255/447 815/270/460 777/340/471
f 699/100/475 860/347/479 778/344/476
f 861/346/478 778/344/476 860/347/479
f 719/343/474 858/342/473 778/344/476
f 862/345/477 778/344/476 858/342/473
f 694/349/441 863/353/441 779/350/481
f 864/352/483 779/350/481 863/353/441
f 861/346/478 779/350/481 864/352/483
f 733/348/480 865/351/482 779/350/481
f 700/250/441 808/249/443 780/355/484
f 859/341/472 780/355/484 808/249/443
f 719/343/474 864/352/483 780/355/484
f 866/356/441 780/355/484 864/352/483
f 866/356/441 781/357/461 869/358/461
f 726/354/441 867/359/461 781/357/461
f 720/360/462 868/362/462 781/357/461
f 869/358/461 781/357/461 868/362/462
f 694/349/441 870/363/461 782/366/461
f 730/365/462 871/364/462 782/366/461
f 867/359/461 782/366/461 871/364/462
f 863/353/441 782/366/461 867/359/461
f 872/367/463 783/369/464 874/368/464
f 753/109/463 873/370/464 783/369/464
f 720/360/462 871/364/462 783/369/464
f 874/368/464 783/369/464 871/364/462
f 711/110/463 875/371/464 784/440/464
f 747/361/462 868/362/462 784/440/464
f 873/370/464 784/440/464 868/362/462
f 876/372/463 784/440/464 873/370/464
f 701/259/441 811/258/441 785/373/461
f 877/375/461 785/373/461 811/258/441
f 878/376/462 785/373/461 877/375/461
f 821/280/461 785/373/461 878/376/462
f 700/250/441 869/358/461 786/378/461
f 879/377/462 786/378/461 869/358/461
f 721/374/462 877/375/461 786/378/461
f 805/248/441 786/378/461 877/375/461
f 880/379/463 787/380/464 875/371/464
f 881/381/485 787/380/464 880/379/463
f 721/374/462 879/377/462 787/380/464
f 875/371/464 787/380/464 879/377/462
f 712/80/463 826/286/464 788/382/464
f 748/283/462 878/376/462 788/382/464
f 881/381/485 788/382/464 878/376/462
f 882/383/463 788/382/464 881/381/485
f 883/386/463 789/384/485 827/288/464
f 756/115/463 884/385/464 789/384/485
f 885/387/462 789/384/485 884/385/464
f 827/288/464 789/384/485 885/387/462
f 710/114/463 886/392/464 790/389/464
f 731/393/462 887/391/462 790/389/464
f 884/385/464 790/389/464 887/391/462
f 888/390/463 790/389/464 884/385/464
f 847/317/441 791/394/461 890/395/461
f 737/309/441 889/396/461 791/394/461
f 722/388/462 887/391/462 791/394/461
f 890/395/461 791/394/461 887/391/462
f 702/271/441 820/273/461 792/397/461
f 885/387/462 792/397/461 820/273/461
f 722/388/462 889/396/461 792/397/461
f 737/309/441 841/307/441 792/397/461
f 891/398/486 793/400/490 894/399/487
f 740/117/489 892/402/492 793/400/490
f 893/401/491 793/400/490 892/402/492
f 750/404/494 894/399/487 793/400/490
f 697/62/495 895/408/499 794/405/496
f 896/407/498 794/405/496 895/408/499
f 723/403/493 892/402/492 794/405/496
f 897/406/497 794/405/496 892/402/492
f 862/345/477 795/410/502 899/409/501
f 743/339/470 898/411/503 795/410/502
f 896/407/498 795/410/502 898/411/503
f 729/121/500 899/409/501 795/410/502
f 708/267/457 900/413/505 796/412/504
f 893/401/491 796/412/504 900/413/505
f 723/403/493 898/411/503 796/412/504
f 857/338/469 796/412/504 898/411/503
f 704/88/465 901/414/508 797/415/506
f 739/123/507 902/417/510 797/415/506
f 903/416/509 797/415/506 902/417/510
f 833/297/466 797/415/506 903/416/509
f 705/119/488 894/399/487 798/419/512
f 904/421/514 798/419/512 894/399/487
f 724/418/511 902/417/510 798/419/512
f 905/420/513 798/419/512 902/417/510
f 816/269/459 799/422/515 900/413/505
f 742/75/454 906/423/516 799/422/515
f 904/421/514 799/422/515 906/423/516
f 750/404/494 900/413/505 799/422/515
f 838/302/468 800/424/517 812/263/455
f 903/416/509 800/424/517 838/302/468
f 724/418/511 906/423/516 800/424/517
f 812/263/455 800/424/517 906/423/516
f 852/327/451 801/425/468 839/305/468
f 907/427/468 801/425/468 852/327/451
f 725/428/467 908/426/467 801/425/468
f 752/85/467 839/305/468 801/425/468
f 909/429/468 802/430/468 848/324/451
f 732/126/467 910/431/467 802/430/468
f 907/427/468 802/430/468 910/431/467
f 848/324/451 802/430/468 907/427/468
f 696/5/465 911/434/465 803/432/466
f 728/125/465 912/435/466 803/432/466
f 910/431/467 803/432/466 912/435/466
f 913/433/466 803/432/466 910/431/467
f 832/292/466 804/436/466 914/437/465
f 908/426/467 804/436/466 832/292/466
f 725/428/467 912/435/466 804/436/466
f 914/437/465 804/436/466 912/435/466
s 39
f 921/250/518 1026/248/518 978/256/519
f 956/252/518 1027/251/522 978/256/519
f 1028/253/521 978/256/519 1027/251/522
f 967/255/524 1029/249/520 978/256/519
f 922/259/518 1030/257/525 979/262/525
f 1031/260/526 979/262/525 1030/257/525
f 935/254/523 1027/251/522 979/262/525
f 1032/258/518 979/262/525 1027/251/522
f 1033/263/528 980/265/532 1035/264/529
f 963/75/531 1034/266/533 980/265/532
f 1031/260/526 980/265/532 1034/266/533
f 1035/264/529 980/265/532 1031/260/526
f 929/267/534 1036/270/537 981/268/535
f 1028/253/521 981/268/535 1036/270/537
f 935/254/523 1034/266/533 981/268/535
f 1037/269/536 981/268/535 1034/266/533
f 1038/275/518 982/272/538 1041/273/538
f 957/276/518 1039/274/538 982/272/538
f 1040/278/539 982/272/538 1039/274/538
f 1041/273/538 982/272/538 1040/278/539
f 1042/280/538 983/284/538 1044/281/518
f 969/283/539 1043/282/539 983/284/538
f 936/277/539 1039/274/538 983/284/538
f 1044/281/518 983/284/538 1039/274/538
f 933/80/540 1045/285/540 984/201/541
f 1046/287/541 984/201/541 1045/285/540
f 1043/282/539 984/201/541 1046/287/541
f 969/283/539 1047/286/541 984/201/541
f 1048/288/541 985/290/541 1049/289/540
f 970/279/539 1040/278/539 985/290/541
f 936/277/539 1046/287/541 985/290/541
f 976/82/540 1049/289/540 985/290/541
f 924/86/542 1050/291/542 986/295/543
f 1051/293/543 986/295/543 1050/291/542
f 937/91/544 1052/296/544 986/295/543
f 973/85/544 1053/292/543 986/295/543
f 1054/297/543 987/299/543 1056/298/542
f 1055/300/544 987/299/543 1054/297/543
f 937/91/544 1051/293/543 987/299/543
f 1056/298/542 987/299/543 1051/293/543
f 928/72/530 1057/301/530 988/438/545
f 1058/303/545 988/438/545 1057/301/530
f 1055/300/544 988/438/545 1058/303/545
f 1059/302/545 988/438/545 1055/300/544
f 1060/305/545 989/439/545 1061/306/530
f 1052/296/544 989/439/545 1060/305/545
f 1058/303/545 989/439/545 1052/296/544
f 962/304/530 1061/306/530 989/439/545
f 923/271/518 1062/307/518 990/310/525
f 1063/312/525 990/310/525 1062/307/518
f 938/313/527 1064/311/527 990/310/525
f 1065/308/525 990/310/525 1064/311/527
f 1066/319/525 991/316/525 1068/317/518
f 948/228/527 1067/318/527 991/316/525
f 938/313/527 1063/312/525 991/316/525
f 1068/317/518 991/316/525 1063/312/525
f 919/320/530 1069/324/530 992/321/529
f 1070/323/529 992/321/529 1069/324/530
f 938/313/527 1067/318/527 992/321/529
f 1071/322/529 992/321/529 1067/318/527
f 927/90/530 1072/326/529 993/328/529
f 965/314/527 1064/311/527 993/328/529
f 938/313/527 1070/323/529 993/328/529
f 1073/327/530 993/328/529 1070/323/529
f 922/259/518 1044/281/518 994/329/525
f 957/276/518 1074/331/525 994/329/525
f 1075/330/527 994/329/525 1074/331/525
f 1030/257/525 994/329/525 1075/330/527
f 923/271/518 1065/308/525 995/333/525
f 965/314/527 1076/334/527 995/333/525
f 939/332/527 1074/331/525 995/333/525
f 957/276/518 1038/275/518 995/333/525
f 1061/306/530 996/335/529 1072/326/529
f 962/304/530 1077/336/529 996/335/529
f 939/332/527 1076/334/527 996/335/529
f 965/314/527 1072/326/529 996/335/529
f 1035/264/529 997/337/529 1057/301/530
f 966/261/527 1075/330/527 997/337/529
f 1077/336/529 997/337/529 1075/330/527
f 1057/301/530 997/337/529 1077/336/529
f 1078/338/546 998/340/548 1036/270/537
f 964/339/547 1079/342/550 998/340/548
f 1080/341/549 998/340/548 1079/342/550
f 967/255/524 1036/270/537 998/340/548
f 920/100/552 1081/347/556 999/344/553
f 1082/346/555 999/344/553 1081/347/556
f 940/343/551 1079/342/550 999/344/553
f 1083/345/554 999/344/553 1079/342/550
f 1084/353/518 1000/350/560 1086/351/558
f 1085/352/559 1000/350/560 1084/353/518
f 1082/346/555 1000/350/560 1085/352/559
f 954/348/557 1086/351/558 1000/350/560
f 921/250/518 1029/249/520 1001/355/561
f 1080/341/549 1001/355/561 1029/249/520
f 940/343/551 1085/352/559 1001/355/561
f 947/354/518 1087/356/518 1001/355/561
f 1087/356/518 1002/357/538 1090/358/538
f 1088/359/538 1002/357/538 1087/356/518
f 941/360/539 1089/362/539 1002/357/538
f 1090/358/538 1002/357/538 1089/362/539
f 915/349/518 1091/363/538 1003/366/538
f 951/365/539 1092/364/539 1003/366/538
f 1088/359/538 1003/366/538 1092/364/539
f 1084/353/518 1003/366/538 1088/359/538
f 1093/367/540 1004/369/541 1095/368/541
f 1094/370/541 1004/369/541 1093/367/540
f 941/360/539 1092/364/539 1004/369/541
f 1095/368/541 1004/369/541 1092/364/539
f 932/110/540 1096/371/541 1005/440/541
f 1089/362/539 1005/440/541 1096/371/541
f 941/360/539 1094/370/541 1005/440/541
f 974/109/540 1097/372/540 1005/440/541
f 1032/258/518 1006/373/538 1042/280/538
f 956/252/518 1098/375/538 1006/373/538
f 942/374/539 1099/376/539 1006/373/538
f 969/283/539 1042/280/538 1006/373/538
f 921/250/518 1090/358/538 1007/378/538
f 968/361/539 1100/377/539 1007/378/538
f 1098/375/538 1007/378/538 1100/377/539
f 1026/248/518 1007/378/538 1098/375/538
f 1101/379/540 1008/380/541 1096/371/541
f 1102/381/541 1008/380/541 1101/379/540
f 942/374/539 1100/377/539 1008/380/541
f 1096/371/541 1008/380/541 1100/377/539
f 1047/286/541 1009/382/541 1103/383/540
f 1099/376/539 1009/382/541 1047/286/541
f 942/374/539 1102/381/541 1009/382/541
f 975/112/540 1103/383/540 1009/382/541
f 1104/386/540 1010/384/541 1048/288/541
f 977/115/540 1105/385/541 1010/384/541
f 943/388/539 1106/387/539 1010/384/541
f 1048/288/541 1010/384/541 1106/387/539
f 1107/392/541 1011/389/541 1109/390/540
f 1108/391/539 1011/389/541 1107/392/541
f 1105/385/541 1011/389/541 1108/391/539
f 1109/390/540 1011/389/541 1105/385/541
f 1068/317/518 1012/394/538 1111/395/538
f 1110/396/538 1012/394/538 1068/317/518
f 943/388/539 1108/391/539 1012/394/538
f 952/393/539 1111/395/538 1012/394/538
f 1041/273/538 1013/397/538 1062/307/518
f 970/279/539 1106/387/539 1013/397/538
f 943/388/539 1110/396/538 1013/397/538
f 1062/307/518 1013/397/538 1110/396/538
f 1112/398/562 1014/400/566 1115/399/563
f 961/117/565 1113/402/568 1014/400/566
f 1114/401/567 1014/400/566 1113/402/568
f 971/404/570 1115/399/563 1014/400/566
f 918/62/571 1116/408/575 1015/405/572
f 1117/407/574 1015/405/572 1116/408/575
f 944/403/569 1113/402/568 1015/405/572
f 1118/406/573 1015/405/572 1113/402/568
f 1083/345/554 1016/410/578 1120/409/577
f 964/339/547 1119/411/579 1016/410/578
f 1117/407/574 1016/410/578 1119/411/579
f 950/121/576 1120/409/577 1016/410/578
f 929/267/534 1121/413/581 1017/412/580
f 1114/401/567 1017/412/580 1121/413/581
f 944/403/569 1119/411/579 1017/412/580
f 1078/338/546 1017/412/580 1119/411/579
f 925/88/542 1122/414/584 1018/415/582
f 960/123/583 1123/417/586 1018/415/582
f 1124/416/585 1018/415/582 1123/417/586
f 972/87/544 1054/297/543 1018/415/582
f 926/119/564 1115/399/563 1019/419/588
f 1125/421/590 1019/419/588 1115/399/563
f 945/418/587 1123/417/586 1019/419/588
f 1126/420/589 1019/419/588 1123/417/586
f 1037/269/536 1020/422/591 1121/413/581
f 963/75/531 1127/423/592 1020/422/591
f 1125/421/590 1020/422/591 1127/423/592
f 971/404/570 1121/413/581 1020/422/591
f 928/72/530 1059/302/545 1021/424/593
f 1124/416/585 1021/424/593 1059/302/545
f 945/418/587 1127/423/592 1021/424/593
f 1033/263/528 1021/424/593 1127/423/592
f 927/90/530 1073/327/530 1022/425/545
f 955/325/530 1128/427/545 1022/425/545
f 1129/426/544 1022/425/545 1128/427/545
f 1060/305/545 1022/425/545 1129/426/544
f 1130/429/545 1023/430/545 1069/324/530
f 1131/431/544 1023/430/545 1130/429/545
f 1128/427/545 1023/430/545 1131/431/544
f 955/325/530 1069/324/530 1023/430/545
f 1132/434/542 1024/432/543 1134/433/543
f 1133/435/543 1024/432/543 1132/434/542
f 946/428/544 1131/431/544 1024/432/543
f 953/126/544 1134/433/543 1024/432/543
f 1053/292/543 1025/436/543 1135/437/542
f 973/85/544 1129/426/544 1025/436/543
f 946/428/544 1133/435/543 1025/436/543
f 1135/437/542 1025/436/543 1133/435/543
s 40
f 1142/250/594 1247/248/594 1199/256/595
f 1248/251/597 1199/256/595 1247/248/594
f 1249/253/598 1199/256/595 1248/251/597
f 1188/255/600 1250/249/596 1199/256/595
f 1251/257/601 1200/262/601 1253/258/594
f 1252/260/602 1200/262/601 1251/257/601
f 1156/254/599 1248/251/597 1200/262/601
f 1177/252/594 1253/258/594 1200/262/601
f 1254/263/604 1201/265/608 1256/264/605
f 1184/75/607 1255/266/609 1201/265/608
f 1252/260/602 1201/265/608 1255/266/609
f 1187/261/603 1256/264/605 1201/265/608
f 1150/267/610 1257/270/613 1202/268/611
f 1249/253/598 1202/268/611 1257/270/613
f 1156/254/599 1255/266/609 1202/268/611
f 1258/269/612 1202/268/611 1255/266/609
f 1259/275/594 1203/272/614 1262/273/614
f 1178/276/594 1260/274/614 1203/272/614
f 1157/277/615 1261/278/615 1203/272/614
f 1262/273/614 1203/272/614 1261/278/615
f 1143/259/594 1263/280/614 1204/284/614
f 1264/282/615 1204/284/614 1263/280/614
f 1260/274/614 1204/284/614 1264/282/615
f 1265/281/594 1204/284/614 1260/274/614
f 1154/80/616 1266/285/616 1205/201/540
f 1267/287/540 1205/201/540 1266/285/616
f 1264/282/615 1205/201/540 1267/287/540
f 1268/286/540 1205/201/540 1264/282/615
f 1269/288/540 1206/290/540 1270/289/616
f 1261/278/615 1206/290/540 1269/288/540
f 1157/277/615 1267/287/540 1206/290/540
f 1197/82/616 1270/289/616 1206/290/540
f 1271/291/617 1207/295/618 1274/292/618
f 1180/294/617 1272/293/618 1207/295/618
f 1158/91/619 1273/296/619 1207/295/618
f 1194/85/619 1274/292/618 1207/295/618
f 1146/88/617 1275/297/618 1208/299/618
f 1276/300/619 1208/299/618 1275/297/618
f 1272/293/618 1208/299/618 1276/300/619
f 1180/294/617 1277/298/617 1208/299/618
f 1278/301/606 1209/438/620 1280/302/620
f 1279/303/620 1209/438/620 1278/301/606
f 1158/91/619 1276/300/619 1209/438/620
f 1280/302/620 1209/438/620 1276/300/619
f 1281/305/620 1210/439/620 1282/306/606
f 1273/296/619 1210/439/620 1281/305/620
f 1279/303/620 1210/439/620 1273/296/619
f 1282/306/606 1210/439/620 1279/303/620
f 1283/307/594 1211/310/601 1286/308/601
f 1179/309/594 1284/312/601 1211/310/601
f 1285/311/603 1211/310/601 1284/312/601
f 1286/308/601 1211/310/601 1285/311/603
f 1137/315/594 1287/319/601 1212/316/601
f 1288/318/603 1212/316/601 1287/319/601
f 1284/312/601 1212/316/601 1288/318/603
f 1179/309/594 1289/317/594 1212/316/601
f 1290/324/606 1213/321/605 1292/322/605
f 1291/323/605 1213/321/605 1290/324/606
f 1288/318/603 1213/321/605 1291/323/605
f 1292/322/605 1213/321/605 1288/318/603
f 1148/90/606 1293/326/605 1214/328/605
f 1285/311/603 1214/328/605 1293/326/605
f 1291/323/605 1214/328/605 1285/311/603
f 1176/325/606 1294/327/606 1214/328/605
f 1265/281/594 1215/329/601 1251/257/601
f 1295/331/601 1215/329/601 1265/281/594
f 1160/332/603 1296/330/603 1215/329/601
f 1251/257/601 1215/329/601 1296/330/603
f 1144/271/594 1286/308/601 1216/333/601
f 1297/334/603 1216/333/601 1286/308/601
f 1160/332/603 1295/331/601 1216/333/601
f 1178/276/594 1259/275/594 1216/333/601
f 1148/90/606 1282/306/606 1217/335/605
f 1183/304/606 1298/336/605 1217/335/605
f 1160/332/603 1297/334/603 1217/335/605
f 1293/326/605 1217/335/605 1297/334/603
f 1256/264/605 1218/337/605 1278/301/606
f 1187/261/603 1296/330/603 1218/337/605
f 1160/332/603 1298/336/605 1218/337/605
f 1183/304/606 1278/301/606 1218/337/605
f 1299/338/621 1219/340/623 1257/270/613
f 1185/339/622 1300/342/625 1219/340/623
f 1301/341/624 1219/340/623 1300/342/625
f 1188/255/600 1257/270/613 1219/340/623
f 1141/100/627 1302/347/631 1220/344/628
f 1303/346/630 1220/344/628 1302/347/631
f 1161/343/626 1300/342/625 1220/344/628
f 1304/345/629 1220/344/628 1300/342/625
f 1136/349/594 1305/353/594 1221/350/633
f 1168/354/594 1306/352/635 1221/350/633
f 1303/346/630 1221/350/633 1306/352/635
f 1175/348/632 1307/351/634 1221/350/633
f 1250/249/596 1222/355/636 1308/356/594
f 1301/341/624 1222/355/636 1250/249/596
f 1161/343/626 1306/352/635 1222/355/636
f 1168/354/594 1308/356/594 1222/355/636
f 1308/356/594 1223/357/614 1311/358/614
f 1168/354/594 1309/359/614 1223/357/614
f 1310/362/615 1223/357/614 1309/359/614
f 1311/358/614 1223/357/614 1310/362/615
f 1136/349/594 1312/363/614 1224/366/614
f 1172/365/615 1313/364/615 1224/366/614
f 1309/359/614 1224/366/614 1313/364/615
f 1305/353/594 1224/366/614 1309/359/614
f 1314/367/616 1225/369/540 1316/368/540
f 1195/109/616 1315/370/540 1225/369/540
f 1162/360/615 1313/364/615 1225/369/540
f 1316/368/540 1225/369/540 1313/364/615
f 1153/110/616 1317/371/540 1226/440/540
f 1189/361/615 1310/362/615 1226/440/540
f 1315/370/540 1226/440/540 1310/362/615
f 1318/372/616 1226/440/540 1315/370/540
f 1143/259/594 1253/258/594 1227/373/614
f 1177/252/594 1319/375/614 1227/373/614
f 1320/376/615 1227/373/614 1319/375/614
f 1263/280/614 1227/373/614 1320/376/615
f 1142/250/594 1311/358/614 1228/378/614
f 1189/361/615 1321/377/615 1228/378/614
f 1319/375/614 1228/378/614 1321/377/615
f 1247/248/594 1228/378/614 1319/375/614
f 1322/379/616 1229/380/540 1317/371/540
f 1196/112/616 1323/381/540 1229/380/540
f 1163/374/615 1321/377/615 1229/380/540
f 1317/371/540 1229/380/540 1321/377/615
f 1268/286/540 1230/382/540 1324/383/616
f 1190/283/615 1320/376/615 1230/382/540
f 1323/381/540 1230/382/540 1320/376/615
f 1324/383/616 1230/382/540 1323/381/540
f 1325/386/616 1231/384/540 1269/288/540
f 1326/385/540 1231/384/540 1325/386/616
f 1327/387/615 1231/384/540 1326/385/540
f 1269/288/540 1231/384/540 1327/387/615
f 1152/114/616 1328/392/540 1232/389/540
f 1173/393/615 1329/391/615 1232/389/540
f 1326/385/540 1232/389/540 1329/391/615
f 1330/390/616 1232/389/540 1326/385/540
f 1289/317/594 1233/394/614 1332/395/614
f 1331/396/614 1233/394/614 1289/317/594
f 1329/391/615 1233/394/614 1331/396/614
f 1173/393/615 1332/395/614 1233/394/614
f 1144/271/594 1262/273/614 1234/397/614
f 1191/279/615 1327/387/615 1234/397/614
f 1331/396/614 1234/397/614 1327/387/615
f 1283/307/594 1234/397/614 1331/396/614
f 1333/398/637 1235/400/641 1336/399/638
f 1182/117/640 1334/402/643 1235/400/641
f 1335/401/642 1235/400/641 1334/402/643
f 1192/404/645 1336/399/638 1235/400/641
f 1139/62/646 1337/408/650 1236/405/647
f 1338/407/649 1236/405/647 1337/408/650
f 1165/403/644 1334/402/643 1236/405/647
f 1339/406/648 1236/405/647 1334/402/643
f 1304/345/629 1237/410/653 1341/409/652
f 1185/339/622 1340/411/654 1237/410/653
f 1338/407/649 1237/410/653 1340/411/654
f 1171/121/651 1341/409/652 1237/410/653
f 1150/267/610 1342/413/656 1238/412/655
f 1335/401/642 1238/412/655 1342/413/656
f 1165/403/644 1340/411/654 1238/412/655
f 1299/338/621 1238/412/655 1340/411/654
f 1146/88/617 1343/414/659 1239/415/657
f 1181/123/658 1344/417/661 1239/415/657
f 1345/416/660 1239/415/657 1344/417/661
f 1193/87/619 1275/297/618 1239/415/657
f 1147/119/639 1336/399/638 1240/419/663
f 1346/421/665 1240/419/663 1336/399/638
f 1166/418/662 1344/417/661 1240/419/663
f 1347/420/664 1240/419/663 1344/417/661
f 1258/269/612 1241/422/666 1342/413/656
f 1184/75/607 1348/423/667 1241/422/666
f 1346/421/665 1241/422/666 1348/423/667
f 1192/404/645 1342/413/656 1241/422/666
f 1149/72/606 1280/302/620 1242/424/668
f 1193/87/619 1345/416/660 1242/424/668
f 1166/418/662 1348/423/667 1242/424/668
f 1254/263/604 1242/424/668 1348/423/667
f 1294/327/606 1243/425/620 1281/305/620
f 1176/325/606 1349/427/620 1243/425/620
f 1350/426/619 1243/425/620 1349/427/620
f 1194/85/619 1281/305/620 1243/425/620
f 1140/320/606 1351/429/620 1244/430/620
f 1352/431/619 1244/430/620 1351/429/620
f 1349/427/620 1244/430/620 1352/431/619
f 1176/325/606 1290/324/606 1244/430/620
f 1138/5/617 1353/434/617 1245/432/618
f 1170/125/617 1354/435/618 1245/432/618
f 1352/431/619 1245/432/618 1354/435/618
f 1174/126/619 1355/433/618 1245/432/618
f 1145/86/617 1274/292/618 1246/436/618
f 1350/426/619 1246/436/618 1274/292/618
f 1354/435/618 1246/436/618 1350/426/619
f 1356/437/617 1246/436/618 1354/435/618
s 41
f 1363/250/669 1468/248/669 1420/256/670
f 1469/251/672 1420/256/670 1468/248/669
f 1470/253/673 1420/256/670 1469/251/672
f 1409/255/675 1471/249/671 1420/256/670
f 1364/259/669 1472/257/676 1421/262/676
f 1473/260/677 1421/262/676 1472/257/676
f 1377/254/674 1469/251/672 1421/262/676
f 1398/252/669 1474/258/669 1421/262/676
f 1370/72/679 1475/263/683 1422/265/680
f 1405/75/682 1476/266/684 1422/265/680
f 1473/260/677 1422/265/680 1476/266/684
f 1477/264/681 1422/265/680 1473/260/677
f 1371/267/685 1478/270/688 1423/268/686
f 1470/253/673 1423/268/686 1478/270/688
f 1377/254/674 1476/266/684 1423/268/686
f 1479/269/687 1423/268/686 1476/266/684
f 1365/271/689 1480/275/669 1424/272/690
f 1399/276/669 1481/274/690 1424/272/690
f 1378/277/691 1482/278/691 1424/272/690
f 1412/279/691 1483/273/690 1424/272/690
f 1484/280/690 1425/284/690 1486/281/669
f 1411/283/691 1485/282/691 1425/284/690
f 1481/274/690 1425/284/690 1485/282/691
f 1486/281/669 1425/284/690 1481/274/690
f 1487/285/692 1426/201/693 1489/286/693
f 1488/287/693 1426/201/693 1487/285/692
f 1485/282/691 1426/201/693 1488/287/693
f 1411/283/691 1489/286/693 1426/201/693
f 1376/83/692 1490/288/693 1427/290/693
f 1412/279/691 1482/278/691 1427/290/693
f 1488/287/693 1427/290/693 1482/278/691
f 1491/289/692 1427/290/693 1488/287/693
f 1366/86/694 1492/291/694 1428/295/695
f 1493/293/695 1428/295/695 1492/291/694
f 1494/296/696 1428/295/695 1493/293/695
f 1415/85/696 1495/292/695 1428/295/695
f 1367/88/694 1496/297/695 1429/299/695
f 1497/300/696 1429/299/695 1496/297/695
f 1493/293/695 1429/299/695 1497/300/696
f 1401/294/694 1498/298/694 1429/299/695
f 1499/301/679 1430/438/697 1501/302/697
f 1404/304/679 1500/303/697 1430/438/697
f 1379/91/696 1497/300/696 1430/438/697
f 1414/87/696 1501/302/697 1430/438/697
f 1502/305/697 1431/439/697 1503/306/679
f 1494/296/696 1431/439/697 1502/305/697
f 1500/303/697 1431/439/697 1494/296/696
f 1404/304/679 1503/306/679 1431/439/697
f 1365/271/689 1504/307/669 1432/310/698
f 1505/312/676 1432/310/698 1504/307/669
f 1506/311/678 1432/310/698 1505/312/676
f 1507/308/676 1432/310/698 1506/311/678
f 1358/315/669 1508/319/676 1433/316/698
f 1509/318/678 1433/316/698 1508/319/676
f 1505/312/676 1433/316/698 1509/318/678
f 1510/317/669 1433/316/698 1505/312/676
f 1511/324/679 1434/321/681 1513/322/681
f 1512/323/681 1434/321/681 1511/324/679
f 1380/313/678 1509/318/678 1434/321/681
f 1390/228/678 1513/322/681 1434/321/681
f 1514/326/681 1435/328/681 1515/327/679
f 1407/314/678 1506/311/678 1435/328/681
f 1380/313/678 1512/323/681 1435/328/681
f 1515/327/679 1435/328/681 1512/323/681
f 1364/259/669 1486/281/669 1436/329/698
f 1399/276/669 1516/331/698 1436/329/698
f 1517/330/678 1436/329/698 1516/331/698
f 1472/257/676 1436/329/698 1517/330/678
f 1507/308/676 1437/333/676 1480/275/669
f 1518/334/678 1437/333/676 1507/308/676
f 1381/332/678 1516/331/698 1437/333/676
f 1480/275/669 1437/333/676 1516/331/698
f 1503/306/679 1438/335/681 1514/326/681
f 1519/336/681 1438/335/681 1503/306/679
f 1518/334/678 1438/335/681 1519/336/681
f 1514/326/681 1438/335/681 1518/334/678
f 1477/264/681 1439/337/681 1499/301/679
f 1408/261/678 1517/330/678 1439/337/681
f 1519/336/681 1439/337/681 1517/330/678
f 1499/301/679 1439/337/681 1519/336/681
f 1520/338/699 1440/340/701 1478/270/688
f 1406/339/700 1521/342/703 1440/340/701
f 1522/341/702 1440/340/701 1521/342/703
f 1409/255/675 1478/270/688 1440/340/701
f 1362/100/705 1523/347/709 1441/344/706
f 1524/346/708 1441/344/706 1523/347/709
f 1382/343/704 1521/342/703 1441/344/706
f 1525/345/707 1441/344/706 1521/342/703
f 1357/349/689 1526/353/669 1442/350/711
f 1527/352/713 1442/350/711 1526/353/669
f 1524/346/708 1442/350/711 1527/352/713
f 1396/348/710 1528/351/712 1442/350/711
f 1471/249/671 1443/355/714 1529/356/669
f 1522/341/702 1443/355/714 1471/249/671
f 1382/343/704 1527/352/713 1443/355/714
f 1389/354/669 1529/356/669 1443/355/714
f 1529/356/669 1444/357/690 1532/358/690
f 1389/354/669 1530/359/690 1444/357/690
f 1531/362/691 1444/357/690 1530/359/690
f 1410/361/691 1532/358/690 1444/357/690
f 1357/349/689 1533/363/690 1445/366/690
f 1393/365/691 1534/364/691 1445/366/690
f 1530/359/690 1445/366/690 1534/364/691
f 1526/353/669 1445/366/690 1530/359/690
f 1372/107/692 1535/367/692 1446/369/693
f 1416/109/692 1536/370/693 1446/369/693
f 1534/364/691 1446/369/693 1536/370/693
f 1393/365/691 1537/368/693 1446/369/693
f 1374/110/692 1538/371/693 1447/440/693
f 1410/361/691 1531/362/691 1447/440/693
f 1536/370/693 1447/440/693 1531/362/691
f 1539/372/692 1447/440/693 1536/370/693
f 1474/258/669 1448/373/690 1484/280/690
f 1398/252/669 1540/375/690 1448/373/690
f 1541/376/691 1448/373/690 1540/375/690
f 1411/283/691 1484/280/690 1448/373/690
f 1363/250/669 1532/358/690 1449/378/690
f 1542/377/691 1449/378/690 1532/358/690
f 1540/375/690 1449/378/690 1542/377/691
f 1468/248/669 1449/378/690 1540/375/690
f 1543/379/692 1450/380/693 1538/371/693
f 1417/112/692 1544/381/693 1450/380/693
f 1384/374/691 1542/377/691 1450/380/693
f 1538/371/693 1450/380/693 1542/377/691
f 1375/80/692 1489/286/693 1451/382/693
f 1411/283/691 1541/376/691 1451/382/693
f 1544/381/693 1451/382/693 1541/376/691
f 1545/383/692 1451/382/693 1544/381/693
f 1546/386/692 1452/384/693 1490/288/693
f 1547/385/693 1452/384/693 1546/386/692
f 1548/387/691 1452/384/693 1547/385/693
f 1490/288/693 1452/384/693 1548/387/691
f 1549/392/693 1453/389/693 1551/390/692
f 1550/391/691 1453/389/693 1549/392/693
f 1385/388/691 1547/385/693 1453/389/693
f 1419/115/692 1551/390/692 1453/389/693
f 1510/317/669 1454/394/690 1553/395/690
f 1400/309/669 1552/396/690 1454/394/690
f 1550/391/691 1454/394/690 1552/396/690
f 1553/395/690 1454/394/690 1550/391/691
f 1365/271/689 1483/273/690 1455/397/690
f 1412/279/691 1548/387/691 1455/397/690
f 1385/388/691 1552/396/690 1455/397/690
f 1504/307/669 1455/397/690 1552/396/690
f 1554/398/715 1456/400/719 1557/399/716
f 1403/117/718 1555/402/721 1456/400/719
f 1556/401/720 1456/400/719 1555/402/721
f 1413/404/723 1557/399/716 1456/400/719
f 1360/62/724 1558/408/728 1457/405/725
f 1559/407/727 1457/405/725 1558/408/728
f 1386/403/722 1555/402/721 1457/405/725
f 1560/406/726 1457/405/725 1555/402/721
f 1525/345/707 1458/410/731 1562/409/730
f 1406/339/700 1561/411/732 1458/410/731
f 1559/407/727 1458/410/731 1561/411/732
f 1392/121/729 1562/409/730 1458/410/731
f 1371/267/685 1563/413/734 1459/412/733
f 1556/401/720 1459/412/733 1563/413/734
f 1386/403/722 1561/411/732 1459/412/733
f 1520/338/699 1459/412/733 1561/411/732
f 1564/414/735 1460/415/737 1496/297/695
f 1402/123/736 1565/417/739 1460/415/737
f 1566/416/738 1460/415/737 1565/417/739
f 1496/297/695 1460/415/737 1566/416/738
f 1368/119/717 1557/399/716 1461/419/741
f 1567/421/743 1461/419/741 1557/399/716
f 1387/418/740 1565/417/739 1461/419/741
f 1568/420/742 1461/419/741 1565/417/739
f 1479/269/687 1462/422/744 1563/413/734
f 1405/75/682 1569/423/745 1462/422/744
f 1567/421/743 1462/422/744 1569/423/745
f 1413/404/723 1563/413/734 1462/422/744
f 1501/302/697 1463/424/746 1475/263/683
f 1414/87/696 1566/416/738 1463/424/746
f 1387/418/740 1569/423/745 1463/424/746
f 1475/263/683 1463/424/746 1569/423/745
f 1369/90/679 1515/327/679 1464/425/697
f 1397/325/679 1570/427/697 1464/425/697
f 1571/426/696 1464/425/697 1570/427/697
f 1502/305/697 1464/425/697 1571/426/696
f 1361/320/679 1572/429/697 1465/430/697
f 1395/126/696 1573/431/696 1465/430/697
f 1388/428/696 1570/427/697 1465/430/697
f 1397/325/679 1511/324/679 1465/430/697
f 1574/434/694 1466/432/695 1576/433/695
f 1391/125/694 1575/435/695 1466/432/695
f 1573/431/696 1466/432/695 1575/435/695
f 1576/433/695 1466/432/695 1573/431/696
f 1366/86/694 1495/292/695 1467/436/695
f 1415/85/696 1571/426/696 1467/436/695
f 1575/435/695 1467/436/695 1571/426/696
f 1391/125/694 1577/437/694 1467/436/695
s 42
f 1627/68/747 1595/73/750 1616/67/748
f 1616/67/748 1595/73/750 1626/70/749
f 1591/72/328 1626/70/749 1595/73/750
f 1592/74/752 1623/75/751 1595/73/750
f 1586/78/748 1630/77/753 1596/81/753
f 1617/76/748 1596/81/753 1629/79/753
f 1651/80/754 1629/79/753 1596/81/753
f 1693/82/754 1596/81/753 1630/77/753
f 1633/85/755 1597/91/755 1619/84/756
f 1619/84/756 1597/91/755 1632/87/755
f 1632/87/755 1597/91/755 1622/89/328
f 1590/90/328 1622/89/328 1597/91/755
f 1625/93/749 1598/127/749 1618/92/748
f 1618/92/748 1598/127/749 1608/94/749
f 1608/94/749 1598/127/749 1615/96/328
f 1615/96/328 1598/127/749 1625/93/749
f 1626/70/749 1599/98/749 1617/76/748
f 1586/78/748 1617/76/748 1599/98/749
f 1625/93/749 1599/98/749 1622/89/328
f 1622/89/328 1599/98/749 1626/70/749
f 1627/68/747 1600/101/759 1624/99/757
f 1583/100/758 1624/99/757 1600/101/759
f 1578/104/748 1614/103/760 1600/101/759
f 1607/102/748 1600/101/759 1627/68/747
f 1628/105/753 1601/108/753 1607/102/748
f 1607/102/748 1601/108/753 1611/106/753
f 1611/106/753 1601/108/753 1634/109/754
f 1594/110/754 1634/109/754 1601/108/753
f 1585/71/748 1629/79/753 1602/111/753
f 1584/69/748 1616/67/748 1602/111/753
f 1594/110/754 1628/105/753 1602/111/753
f 1692/112/754 1602/111/753 1629/79/753
f 1652/83/754 1630/77/753 1603/113/753
f 1694/115/754 1603/113/753 1612/116/753
f 1612/116/753 1603/113/753 1618/92/748
f 1618/92/748 1603/113/753 1630/77/753
f 1631/118/761 1604/120/765 1621/117/762
f 1581/62/764 1621/117/762 1604/120/765
f 1610/121/766 1604/120/765 1624/99/757
f 1592/74/752 1624/99/757 1604/120/765
f 1588/88/756 1632/87/755 1605/122/767
f 1589/119/763 1620/123/768 1605/122/767
f 1631/118/761 1605/122/767 1623/75/751
f 1623/75/751 1605/122/767 1632/87/755
f 1590/90/328 1633/85/755 1606/124/755
f 1582/97/328 1615/96/328 1606/124/755
f 1613/126/755 1606/124/755 1609/125/756
f 1609/125/756 1606/124/755 1633/85/755
s 43
f 1674/67/769 1653/73/771 1685/68/770
f 1684/70/771 1653/73/771 1674/67/769
f 1681/75/772 1653/73/771 1684/70/771
f 1649/74/774 1685/68/770 1653/73/771
f 1675/76/769 1654/81/775 1688/77/775
f 1687/79/775 1654/81/775 1675/76/769
f 1651/80/776 1693/82/776 1654/81/775
f 1688/77/775 1654/81/775 1693/82/776
f 1644/86/777 1677/84/777 1655/91/778
f 1690/87/778 1655/91/778 1677/84/777
f 1648/72/773 1680/89/773 1655/91/778
f 1691/85/778 1655/91/778 1680/89/773
f 1676/92/769 1656/127/771 1683/93/771
f 1666/94/771 1656/127/771 1676/92/769
f 1673/96/773 1656/127/771 1666/94/771
f 1683/93/771 1656/127/771 1673/96/773
f 1642/71/769 1675/76/769 1657/98/771
f 1683/93/771 1657/98/771 1675/76/769
f 1680/89/773 1657/98/771 1683/93/771
f 1684/70/771 1657/98/771 1680/89/773
f 1682/99/779 1658/101/781 1685/68/770
f 1640/100/780 1672/103/782 1658/101/781
f 1665/102/769 1658/101/781 1672/103/782
f 1685/68/770 1658/101/781 1665/102/769
f 1641/69/769 1665/102/769 1659/108/775
f 1669/106/775 1659/108/775 1665/102/769
f 1650/107/776 1634/109/776 1659/108/775
f 1686/105/775 1659/108/775 1634/109/776
f 1674/67/769 1660/111/775 1687/79/775
f 1686/105/775 1660/111/775 1674/67/769
f 1594/110/776 1692/112/776 1660/111/775
f 1687/79/775 1660/111/775 1692/112/776
f 1694/115/776 1661/113/775 1688/77/775
f 1670/116/775 1661/113/775 1694/115/776
f 1676/92/769 1661/113/775 1670/116/775
f 1643/78/769 1688/77/775 1661/113/775
f 1679/117/783 1662/120/787 1689/118/784
f 1638/62/786 1668/121/788 1662/120/787
f 1682/99/779 1662/120/787 1668/121/788
f 1649/74/774 1689/118/784 1662/120/787
f 1678/123/789 1663/122/790 1690/87/778
f 1646/119/785 1689/118/784 1663/122/790
f 1681/75/772 1663/122/790 1689/118/784
f 1690/87/778 1663/122/790 1681/75/772
f 1673/96/773 1664/124/778 1691/85/778
f 1671/126/778 1664/124/778 1673/96/773
f 1667/125/777 1664/124/778 1671/126/778
f 1644/86/777 1691/85/778 1664/124/778
s 44
f 1719/129/791 1718/204/1847 1715/128/792
s 45
f 1725/132/794 1724/200/1848 1721/131/795
s 44
f 1714/82/793 1715/82/792 1727/134/797
s 45
f 1720/137/796 1721/210/795 1730/136/799
s 44
f 1732/139/801 1726/141/798 1727/140/797
s 45
f 1735/142/803 1729/144/800 1730/143/799
s 44
f 1738/145/805 1732/147/801 1733/146/802
s 45
f 1741/148/807 1735/150/803 1736/149/804
s 44
f 1739/151/806 1745/153/1849 1746/152/809
s 45
f 1749/154/810 1741/156/807 1742/155/808
s 46
f 1746/158/812 1745/441/812 1754/157/812
s 47
f 1749/161/812 1748/442/812 1760/160/812
s 46
f 1755/159/812 1754/157/812 1751/163/812
s 47
f 1761/162/812 1760/160/812 1757/163/812
s 46
f 1750/164/812 1751/163/812 1763/166/812
s 47
f 1756/165/812 1757/163/812 1766/166/812
s 46
f 1764/167/812 1763/166/812 1769/169/812
s 47
f 1767/168/812 1766/166/812 1772/169/812
s 46
f 1769/169/812 1775/173/815 1776/172/813
s 47
f 1772/169/812 1778/173/817 1779/174/814
s 46
f 1775/173/815 1784/176/819 1785/175/816
s 47
f 1778/173/817 1790/176/821 1791/177/818
s 46
f 1784/176/819 1781/179/824 1780/178/820
s 47
f 1790/176/821 1787/181/827 1786/180/822
s 46
f 1792/182/823 1780/178/820 1781/179/824
s 47
f 1795/183/826 1786/180/822 1787/181/827
s 48
f 1792/182/829 1793/238/1850 1799/184/830
s 49
f 1795/183/832 1796/238/1851 1802/184/833
s 48
f 1800/185/831 1799/184/830 1808/187/835
s 49
f 1803/186/834 1802/184/833 1814/187/837
s 48
f 1809/188/836 1808/187/835 1805/190/839
s 49
f 1815/189/838 1814/187/837 1811/190/841
s 48
f 1805/190/839 1817/194/845 1816/193/843
s 49
f 1811/190/841 1820/194/847 1819/195/844
s 48
f 1817/194/845 1823/197/1852 1822/196/846
s 49
f 1820/194/847 1826/199/1853 1825/198/848
s 50
f 1612/125/1854 1723/205/1855 1724/200/849
f 1724/200/849 1725/132/1856 1696/109/850
f 1593/114/23 1612/125/1854 1724/200/849
s 51
f 1650/107/851 1713/63/857 1825/198/1857
f 1826/199/852 1827/247/1858 1611/106/853
f 1650/107/851 1825/198/1857 1826/199/852
s 50
f 1670/116/855 1593/114/23 1696/109/850
f 1696/109/850 1717/444/1859 1718/201/854
f 1718/201/854 1719/443/1860 1670/116/855
s 51
f 1650/107/851 1669/106/1861 1822/196/1862
f 1823/197/856 1824/198/1863 1713/63/857
f 1650/107/851 1822/196/1862 1823/197/856
s 52
f 1717/202/858 1696/109/1864 1695/85/859
s 53
f 1715/128/861 1718/204/1865 1717/202/862
s 54
f 1719/129/864 1714/130/880 1636/82/865
s 55
f 1723/205/867 1612/125/1866 1579/95/868
s 56
f 1721/131/870 1724/200/1867 1723/205/871
s 57
f 1725/132/873 1720/133/886 1695/85/874
s 52
f 1716/82/860 1695/82/859 1697/112/876
s 53
f 1727/134/878 1715/82/861 1716/82/863
s 54
f 1714/82/880 1726/135/892 1666/113/881
s 55
f 1722/208/869 1579/95/868 1608/122/882
s 56
f 1730/136/884 1721/210/870 1722/208/872
s 57
f 1720/137/886 1729/138/898 1697/112/887
s 52
f 1734/211/888 1728/212/877 1697/210/876
s 53
f 1733/213/890 1727/140/878 1728/212/879
s 54
f 1726/141/892 1732/139/904 1639/95/893
s 55
f 1737/214/894 1731/215/883 1608/122/882
s 56
f 1736/216/896 1730/143/884 1731/215/885
s 57
f 1729/144/898 1735/142/910 1698/115/899
s 52
f 1740/217/900 1734/219/888 1698/218/889
s 53
f 1739/220/902 1733/146/890 1734/219/891
s 54
f 1732/147/904 1738/145/917 1671/94/905
s 55
f 1743/221/906 1737/222/894 1582/97/895
s 56
f 1742/223/908 1736/149/896 1737/222/897
s 57
f 1735/150/910 1741/148/923 1699/224/911
s 52
f 1744/225/912 1740/227/900 1699/226/901
s 53
f 1739/151/902 1740/227/903 1744/225/914
s 54
f 1746/152/916 1637/115/1868 1671/94/905
s 55
f 1747/229/918 1743/230/906 1613/121/907
s 56
f 1742/155/908 1743/230/909 1747/229/920
s 57
f 1749/154/922 1700/210/1869 1699/226/911
s 58
f 1744/232/812 1700/63/812 1702/63/812
s 59
f 1744/232/924 1753/162/924 1754/157/924
s 60
f 1746/158/924 1755/159/924 1667/125/924
s 61
f 1747/233/812 1580/5/812 1609/125/812
s 62
f 1747/233/924 1759/234/924 1760/160/924
s 63
f 1749/161/924 1761/162/924 1702/63/924
s 58
f 1753/162/812 1702/63/812 1701/63/812
s 59
f 1753/162/924 1752/165/924 1751/163/924
s 60
f 1755/159/924 1750/164/924 1644/86/924
s 61
f 1759/234/812 1609/125/812 1587/86/812
s 62
f 1759/234/924 1758/164/924 1757/163/924
s 63
f 1761/162/924 1756/165/924 1701/63/924
s 58
f 1752/165/812 1701/63/812 1703/63/812
s 59
f 1752/165/924 1762/168/924 1763/166/924
s 60
f 1750/164/924 1764/167/924 1677/84/924
s 61
f 1758/164/812 1587/86/812 1619/84/812
s 62
f 1758/164/924 1765/167/924 1766/166/924
s 63
f 1756/165/924 1767/168/924 1703/63/924
s 58
f 1762/168/812 1703/63/812 1704/63/812
s 59
f 1762/168/924 1768/171/924 1769/169/924
s 60
f 1764/167/924 1770/170/924 1645/88/924
s 61
f 1765/167/812 1619/84/812 1588/88/812
s 62
f 1765/167/924 1771/170/924 1772/169/924
s 63
f 1767/168/924 1773/171/924 1704/63/924
s 58
f 1704/63/812 1705/63/933 1774/174/925
s 59
f 1769/169/924 1768/171/924 1774/174/926
s 60
f 1776/172/928 1678/123/938 1645/88/924
s 61
f 1588/88/812 1620/123/939 1777/172/929
s 62
f 1772/169/924 1771/170/924 1777/172/930
s 63
f 1779/174/932 1705/63/944 1704/63/924
s 58
f 1705/63/933 1707/63/945 1783/177/934
s 59
f 1775/173/927 1774/174/926 1783/177/935
s 60
f 1785/175/937 1646/119/950 1678/123/938
s 61
f 1620/123/939 1589/119/951 1789/235/940
s 62
f 1778/173/931 1777/172/930 1789/235/941
s 63
f 1791/177/943 1707/63/956 1705/63/944
s 58
f 1707/63/945 1706/63/957 1782/236/946
s 59
f 1784/176/936 1783/177/935 1782/236/947
s 60
f 1780/178/949 1679/117/962 1646/119/950
s 61
f 1589/119/951 1621/117/963 1788/237/952
s 62
f 1790/176/942 1789/235/941 1788/237/953
s 63
f 1786/180/955 1706/63/968 1707/63/956
s 58
f 1706/63/957 1708/63/1870 1794/183/958
s 59
f 1781/179/948 1782/236/947 1794/183/959
s 60
f 1792/182/961 1638/62/1871 1679/117/962
s 61
f 1621/117/963 1581/62/1872 1797/182/964
s 62
f 1787/181/954 1788/237/953 1797/182/965
s 63
f 1795/183/967 1708/63/1873 1706/63/968
s 64
f 1794/183/969 1708/63/1874 1709/63/970
s 65
f 1794/183/972 1798/239/1875 1799/184/973
s 66
f 1668/121/975 1638/62/1876 1792/182/976
s 67
f 1797/182/978 1581/62/1877 1610/121/979
s 68
f 1796/238/981 1797/182/1878 1801/240/982
s 69
f 1709/63/984 1708/63/1879 1795/183/985
s 64
f 1798/239/971 1709/63/970 1711/63/987
s 65
f 1799/184/973 1798/239/1875 1807/241/989
s 66
f 1809/188/991 1640/100/1002 1668/121/975
s 67
f 1801/240/980 1610/121/979 1583/100/992
s 68
f 1802/184/983 1801/240/982 1813/242/994
s 69
f 1815/189/996 1711/63/1008 1709/63/984
s 64
f 1807/241/988 1711/63/987 1710/63/997
s 65
f 1808/187/990 1807/241/989 1806/243/999
s 66
f 1804/191/1001 1672/103/1013 1640/100/1002
s 67
f 1813/242/993 1583/100/992 1614/103/1003
s 68
f 1814/187/995 1813/242/994 1812/244/1005
s 69
f 1810/192/1007 1710/63/1018 1711/63/1008
s 64
f 1710/63/997 1712/63/1019 1818/245/1009
s 65
f 1805/190/1000 1806/243/999 1818/245/1010
s 66
f 1816/193/1012 1635/104/1024 1672/103/1013
s 67
f 1614/103/1003 1578/104/1025 1821/246/1014
s 68
f 1811/190/1006 1812/244/1005 1821/246/1015
s 69
f 1819/195/1017 1712/63/1030 1710/63/1018
s 64
f 1712/63/1019 1713/63/1880 1824/198/1020
s 65
f 1817/194/1011 1818/245/1010 1824/198/1021
s 66
f 1822/196/1023 1669/106/1881 1635/104/1024
s 67
f 1578/104/1025 1611/106/1882 1827/247/1026
s 68
f 1820/194/1016 1821/246/1015 1827/247/1027
s 69
f 1825/198/1029 1713/63/1883 1712/63/1030
s 70
f 1942/249/1031 1891/256/1037 1939/248/1032
f 1939/248/1032 1891/256/1037 1940/251/1033
f 1940/251/1033 1891/256/1037 1941/253/1034
f 1880/255/1036 1941/253/1034 1891/256/1037
f 1945/258/1032 1892/262/1033 1943/257/1038
f 1943/257/1038 1892/262/1033 1944/260/1039
f 1848/254/1035 1944/260/1039 1892/262/1033
f 1940/251/1033 1892/262/1033 1945/258/1032
f 1948/264/1041 1893/265/1045 1946/263/1042
f 1876/75/1044 1946/263/1042 1893/265/1045
f 1947/266/1046 1893/265/1045 1944/260/1039
f 1944/260/1039 1893/265/1045 1948/264/1041
f 1842/267/1047 1950/269/1050 1894/268/1048
f 1949/270/1049 1894/268/1048 1941/253/1034
f 1848/254/1035 1941/253/1034 1894/268/1048
f 1947/266/1046 1894/268/1048 1950/269/1050
f 1954/273/1051 1895/272/1051 1951/275/1032
f 1870/276/1032 1951/275/1032 1895/272/1051
f 1849/277/1052 1952/274/1051 1895/272/1051
f 1953/278/1052 1895/272/1051 1954/273/1051
f 1957/281/1032 1896/284/1051 1955/280/1051
f 1882/283/1052 1955/280/1051 1896/284/1051
f 1956/282/1052 1896/284/1051 1952/274/1051
f 1870/276/1032 1952/274/1051 1896/284/1051
f 1960/286/1053 1897/201/1053 1958/285/1054
f 1958/285/1054 1897/201/1053 1959/287/1053
f 1849/277/1052 1959/287/1053 1897/201/1053
f 1956/282/1052 1897/201/1053 1960/286/1053
f 1962/289/1054 1898/290/1053 1961/288/1053
f 1883/279/1052 1961/288/1053 1898/290/1053
f 1953/278/1052 1898/290/1053 1959/287/1053
f 1889/82/1054 1959/287/1053 1898/290/1053
f 1966/292/1055 1899/295/1055 1963/291/1056
f 1963/291/1056 1899/295/1055 1964/293/1055
f 1850/91/1057 1964/293/1055 1899/295/1055
f 1886/85/1057 1965/296/1057 1899/295/1055
f 1969/298/1056 1900/299/1055 1967/297/1055
f 1885/87/1057 1967/297/1055 1900/299/1055
f 1850/91/1057 1968/300/1057 1900/299/1055
f 1872/294/1056 1964/293/1055 1900/299/1055
f 1972/302/1058 1901/438/1058 1970/301/1043
f 1970/301/1043 1901/438/1058 1971/303/1058
f 1850/91/1057 1971/303/1058 1901/438/1058
f 1968/300/1057 1901/438/1058 1972/302/1058
f 1974/306/1043 1902/439/1058 1973/305/1058
f 1886/85/1057 1973/305/1058 1902/439/1058
f 1965/296/1057 1902/439/1058 1971/303/1058
f 1875/304/1043 1971/303/1058 1902/439/1058
f 1978/308/1038 1903/310/1038 1975/307/1032
f 1975/307/1032 1903/310/1038 1976/312/1038
f 1976/312/1038 1903/310/1038 1977/311/1040
f 1878/314/1040 1977/311/1040 1903/310/1038
f 1981/317/1032 1904/316/1038 1979/319/1038
f 1979/319/1038 1904/316/1038 1980/318/1040
f 1980/318/1040 1904/316/1038 1976/312/1038
f 1976/312/1038 1904/316/1038 1981/317/1032
f 1984/322/1041 1905/321/1041 1982/324/1043
f 1982/324/1043 1905/321/1041 1983/323/1041
f 1983/323/1041 1905/321/1041 1980/318/1040
f 1861/228/1040 1980/318/1040 1905/321/1041
f 1840/90/1043 1986/327/1043 1906/328/1041
f 1985/326/1041 1906/328/1041 1977/311/1040
f 1977/311/1040 1906/328/1041 1983/323/1041
f 1983/323/1041 1906/328/1041 1986/327/1043
f 1943/257/1038 1907/329/1038 1957/281/1032
f 1957/281/1032 1907/329/1038 1987/331/1038
f 1852/332/1040 1987/331/1038 1907/329/1038
f 1988/330/1040 1907/329/1038 1943/257/1038
f 1836/271/1032 1951/275/1032 1908/333/1038
f 1978/308/1038 1908/333/1038 1989/334/1040
f 1989/334/1040 1908/333/1038 1987/331/1038
f 1987/331/1038 1908/333/1038 1951/275/1032
f 1840/90/1043 1985/326/1041 1909/335/1041
f 1974/306/1043 1909/335/1041 1990/336/1041
f 1990/336/1041 1909/335/1041 1989/334/1040
f 1989/334/1040 1909/335/1041 1985/326/1041
f 1841/72/1043 1970/301/1043 1910/337/1041
f 1948/264/1041 1910/337/1041 1988/330/1040
f 1988/330/1040 1910/337/1041 1990/336/1041
f 1875/304/1043 1990/336/1041 1910/337/1041
f 1949/270/1049 1911/340/1061 1991/338/1059
f 1877/339/1060 1991/338/1059 1911/340/1061
f 1992/342/1062 1911/340/1061 1993/341/1063
f 1880/255/1036 1993/341/1063 1911/340/1061
f 1833/100/1065 1996/345/1070 1912/344/1066
f 1994/347/1067 1912/344/1066 1995/346/1068
f 1853/343/1064 1995/346/1068 1912/344/1066
f 1992/342/1062 1912/344/1066 1996/345/1070
f 1828/349/1032 1999/351/1073 1913/350/1071
f 1997/353/1032 1913/350/1071 1998/352/1072
f 1998/352/1072 1913/350/1071 1995/346/1068
f 1867/348/1069 1995/346/1068 1913/350/1071
f 2000/356/1032 1914/355/1074 1942/249/1031
f 1942/249/1031 1914/355/1074 1993/341/1063
f 1853/343/1064 1993/341/1063 1914/355/1074
f 1860/354/1032 1998/352/1072 1914/355/1074
f 2003/358/1051 1915/357/1051 2000/356/1032
f 1860/354/1032 2000/356/1032 1915/357/1051
f 2001/359/1051 1915/357/1051 2002/362/1052
f 2002/362/1052 1915/357/1051 2003/358/1051
f 1997/353/1032 1916/366/1051 2004/363/1051
f 2004/363/1051 1916/366/1051 2005/364/1052
f 1854/360/1052 2005/364/1052 1916/366/1051
f 1860/354/1032 2001/359/1051 1916/366/1051
f 2008/368/1053 1917/369/1053 2006/367/1054
f 2006/367/1054 1917/369/1053 2007/370/1053
f 1854/360/1052 2007/370/1053 1917/369/1053
f 1864/365/1052 2005/364/1052 1917/369/1053
f 2010/372/1054 1918/440/1053 2009/371/1053
f 2009/371/1053 1918/440/1053 2002/362/1052
f 1854/360/1052 2002/362/1052 1918/440/1053
f 1887/109/1054 2007/370/1053 1918/440/1053
f 1955/280/1051 1919/373/1051 1945/258/1032
f 1945/258/1032 1919/373/1051 2011/375/1051
f 1855/374/1052 2011/375/1051 1919/373/1051
f 2012/376/1052 1919/373/1051 1955/280/1051
f 1834/250/1032 1939/248/1032 1920/378/1051
f 1881/361/1052 2003/358/1051 1920/378/1051
f 2013/377/1052 1920/378/1051 2011/375/1051
f 1869/252/1032 2011/375/1051 1920/378/1051
f 2009/371/1053 1921/380/1053 2014/379/1054
f 2014/379/1054 1921/380/1053 2015/381/1053
f 1855/374/1052 2015/381/1053 1921/380/1053
f 1881/361/1052 2013/377/1052 1921/380/1053
f 2016/383/1054 1922/382/1053 1960/286/1053
f 1882/283/1052 1960/286/1053 1922/382/1053
f 2012/376/1052 1922/382/1053 2015/381/1053
f 2015/381/1053 1922/382/1053 2016/383/1054
f 1961/288/1053 1923/384/1053 2017/386/1054
f 1890/115/1054 2017/386/1054 1923/384/1053
f 1856/388/1052 2018/385/1053 1923/384/1053
f 2019/387/1052 1923/384/1053 1961/288/1053
f 1844/114/1054 2022/390/1054 1924/389/1053
f 1865/393/1052 2020/392/1053 1924/389/1053
f 1856/388/1052 2021/391/1052 1924/389/1053
f 2018/385/1053 1924/389/1053 2022/390/1054
f 2024/395/1051 1925/394/1051 1981/317/1032
f 1981/317/1032 1925/394/1051 2023/396/1051
f 2023/396/1051 1925/394/1051 2021/391/1052
f 1865/393/1052 2021/391/1052 1925/394/1051
f 1975/307/1032 1926/397/1051 1954/273/1051
f 1954/273/1051 1926/397/1051 2019/387/1052
f 2019/387/1052 1926/397/1051 2023/396/1051
f 2023/396/1051 1926/397/1051 1975/307/1032
f 2028/399/1075 1927/400/1079 2025/398/1076
f 1874/117/1078 2025/398/1076 1927/400/1079
f 2026/402/1080 1927/400/1079 2027/401/1081
f 1884/404/1083 2027/401/1081 1927/400/1079
f 1831/62/1084 2031/406/1089 1928/405/1085
f 2029/408/1086 1928/405/1085 2030/407/1087
f 1857/403/1082 2030/407/1087 1928/405/1085
f 2026/402/1080 1928/405/1085 2031/406/1089
f 2033/409/1090 1929/410/1091 1996/345/1070
f 1877/339/1060 1996/345/1070 1929/410/1091
f 2032/411/1092 1929/410/1091 2030/407/1087
f 1863/121/1088 2030/407/1087 1929/410/1091
f 1842/267/1047 1991/338/1059 1930/412/1093
f 2034/413/1094 1930/412/1093 2027/401/1081
f 1857/403/1082 2027/401/1081 1930/412/1093
f 2032/411/1092 1930/412/1093 1991/338/1059
f 1838/88/1056 1967/297/1055 1931/415/1095
f 1873/123/1097 2035/414/1096 1931/415/1095
f 2036/417/1098 1931/415/1095 2037/416/1099
f 1885/87/1057 2037/416/1099 1931/415/1095
f 1839/119/1077 2039/420/1103 1932/419/1101
f 2028/399/1075 1932/419/1101 2038/421/1102
f 1858/418/1100 2038/421/1102 1932/419/1101
f 2036/417/1098 1932/419/1101 2039/420/1103
f 2034/413/1094 1933/422/1104 1950/269/1050
f 1876/75/1044 1950/269/1050 1933/422/1104
f 2040/423/1105 1933/422/1104 2038/421/1102
f 1884/404/1083 2038/421/1102 1933/422/1104
f 1841/72/1043 1946/263/1042 1934/424/1106
f 1972/302/1058 1934/424/1106 2037/416/1099
f 1858/418/1100 2037/416/1099 1934/424/1106
f 2040/423/1105 1934/424/1106 1946/263/1042
f 1840/90/1043 1973/305/1058 1935/425/1107
f 1868/325/1043 1986/327/1043 1935/425/1107
f 1859/428/1109 2041/427/1108 1935/425/1107
f 2042/426/1110 1935/425/1107 1973/305/1058
f 1982/324/1043 1936/430/1113 2043/429/1111
f 1866/126/1112 2043/429/1111 1936/430/1113
f 2044/431/1114 1936/430/1113 2041/427/1108
f 2041/427/1108 1936/430/1113 1982/324/1043
f 2047/433/1115 1937/432/1119 2045/434/1116
f 1862/125/1118 2045/434/1116 1937/432/1119
f 2046/435/1120 1937/432/1119 2044/431/1114
f 1866/126/1112 2044/431/1114 1937/432/1119
f 2048/437/1121 1938/436/1122 1966/292/1055
f 1966/292/1055 1938/436/1122 2042/426/1110
f 1859/428/1109 2042/426/1110 1938/436/1122
f 2046/435/1120 1938/436/1122 2048/437/1121
s 71
f 2163/249/1123 2112/256/1129 2160/248/1124
f 2160/248/1124 2112/256/1129 2161/251/1125
f 2161/251/1125 2112/256/1129 2162/253/1126
f 2101/255/1128 2162/253/1126 2112/256/1129
f 2166/258/1124 2113/262/1125 2164/257/1125
f 2164/257/1125 2113/262/1125 2165/260/1130
f 2069/254/1127 2165/260/1130 2113/262/1125
f 2161/251/1125 2113/262/1125 2166/258/1124
f 2062/72/1132 2169/264/1137 2114/265/1133
f 2097/75/1135 2167/263/1134 2114/265/1133
f 2168/266/1136 2114/265/1133 2165/260/1130
f 2165/260/1130 2114/265/1133 2169/264/1137
f 2063/267/1138 2171/269/1141 2115/268/1139
f 2170/270/1140 2115/268/1139 2162/253/1126
f 2069/254/1127 2162/253/1126 2115/268/1139
f 2168/266/1136 2115/268/1139 2171/269/1141
f 2057/271/1124 2175/273/1142 2116/272/1142
f 2172/275/1124 2116/272/1142 2173/274/1142
f 2070/277/1143 2173/274/1142 2116/272/1142
f 2104/279/1143 2174/278/1143 2116/272/1142
f 2178/281/1124 2117/284/1142 2176/280/1142
f 2103/283/1143 2176/280/1142 2117/284/1142
f 2177/282/1143 2117/284/1142 2173/274/1142
f 2173/274/1142 2117/284/1142 2178/281/1124
f 2067/80/1144 2181/286/1145 2118/201/1145
f 2179/285/1144 2118/201/1145 2180/287/1145
f 2180/287/1145 2118/201/1145 2177/282/1143
f 2177/282/1143 2118/201/1145 2181/286/1145
f 2183/289/1144 2119/290/1145 2182/288/1145
f 2182/288/1145 2119/290/1145 2174/278/1143
f 2174/278/1143 2119/290/1145 2180/287/1145
f 2180/287/1145 2119/290/1145 2183/289/1144
f 2187/292/1146 2120/295/1146 2184/291/1147
f 2184/291/1147 2120/295/1146 2185/293/1146
f 2071/91/1148 2185/293/1146 2120/295/1146
f 2186/296/1148 2120/295/1146 2187/292/1146
f 2059/88/1147 2190/298/1147 2121/299/1146
f 2106/87/1148 2188/297/1146 2121/299/1146
f 2189/300/1148 2121/299/1146 2185/293/1146
f 2093/294/1147 2185/293/1146 2121/299/1146
f 2193/302/1149 2122/438/1149 2191/301/1132
f 2191/301/1132 2122/438/1149 2192/303/1149
f 2071/91/1148 2192/303/1149 2122/438/1149
f 2189/300/1148 2122/438/1149 2193/302/1149
f 2061/90/1132 2195/306/1132 2123/439/1149
f 2194/305/1149 2123/439/1149 2186/296/1148
f 2186/296/1148 2123/439/1149 2192/303/1149
f 2096/304/1132 2192/303/1149 2123/439/1149
f 2199/308/1125 2124/310/1125 2196/307/1124
f 2196/307/1124 2124/310/1125 2197/312/1125
f 2072/313/1131 2197/312/1125 2124/310/1125
f 2198/311/1131 2124/310/1125 2199/308/1125
f 2050/315/1124 2202/317/1124 2125/316/1125
f 2200/319/1125 2125/316/1125 2201/318/1131
f 2201/318/1131 2125/316/1125 2197/312/1125
f 2197/312/1125 2125/316/1125 2202/317/1124
f 2053/320/1132 2205/322/1137 2126/321/1137
f 2203/324/1132 2126/321/1137 2204/323/1137
f 2204/323/1137 2126/321/1137 2201/318/1131
f 2082/228/1131 2201/318/1131 2126/321/1137
f 2207/327/1132 2127/328/1137 2206/326/1137
f 2206/326/1137 2127/328/1137 2198/311/1131
f 2198/311/1131 2127/328/1137 2204/323/1137
f 2204/323/1137 2127/328/1137 2207/327/1132
f 2056/259/1124 2164/257/1125 2128/329/1125
f 2178/281/1124 2128/329/1125 2208/331/1125
f 2073/332/1131 2208/331/1125 2128/329/1125
f 2209/330/1131 2128/329/1125 2164/257/1125
f 2172/275/1124 2129/333/1125 2199/308/1125
f 2199/308/1125 2129/333/1125 2210/334/1131
f 2210/334/1131 2129/333/1125 2208/331/1125
f 2091/276/1124 2208/331/1125 2129/333/1125
f 2206/326/1137 2130/335/1137 2195/306/1132
f 2195/306/1132 2130/335/1137 2211/336/1137
f 2073/332/1131 2211/336/1137 2130/335/1137
f 2210/334/1131 2130/335/1137 2206/326/1137
f 2062/72/1132 2191/301/1132 2131/337/1137
f 2100/261/1131 2169/264/1137 2131/337/1137
f 2209/330/1131 2131/337/1137 2211/336/1137
f 2096/304/1132 2211/336/1137 2131/337/1137
f 2170/270/1140 2132/340/1152 2212/338/1150
f 2098/339/1151 2212/338/1150 2132/340/1152
f 2213/342/1153 2132/340/1152 2214/341/1154
f 2101/255/1128 2214/341/1154 2132/340/1152
f 2054/100/1156 2217/345/1161 2133/344/1157
f 2215/347/1158 2133/344/1157 2216/346/1159
f 2074/343/1155 2216/346/1159 2133/344/1157
f 2213/342/1153 2133/344/1157 2217/345/1161
f 2220/351/1162 2134/350/1163 2218/353/1124
f 2081/354/1124 2218/353/1124 2134/350/1163
f 2219/352/1164 2134/350/1163 2216/346/1159
f 2088/348/1160 2216/346/1159 2134/350/1163
f 2221/356/1124 2135/355/1165 2163/249/1123
f 2163/249/1123 2135/355/1165 2214/341/1154
f 2074/343/1155 2214/341/1154 2135/355/1165
f 2219/352/1164 2135/355/1165 2221/356/1124
f 2224/358/1142 2136/357/1142 2221/356/1124
f 2221/356/1124 2136/357/1142 2222/359/1142
f 2222/359/1142 2136/357/1142 2223/362/1143
f 2223/362/1143 2136/357/1142 2224/358/1142
f 2049/349/1124 2218/353/1124 2137/366/1142
f 2085/365/1143 2225/363/1142 2137/366/1142
f 2075/360/1143 2226/364/1143 2137/366/1142
f 2222/359/1142 2137/366/1142 2218/353/1124
f 2229/368/1145 2138/369/1145 2227/367/1144
f 2227/367/1144 2138/369/1145 2228/370/1145
f 2228/370/1145 2138/369/1145 2226/364/1143
f 2226/364/1143 2138/369/1145 2229/368/1145
f 2066/110/1144 2231/372/1144 2139/440/1145
f 2102/361/1143 2230/371/1145 2139/440/1145
f 2223/362/1143 2139/440/1145 2228/370/1145
f 2228/370/1145 2139/440/1145 2231/372/1144
f 2176/280/1142 2140/373/1142 2166/258/1124
f 2166/258/1124 2140/373/1142 2232/375/1142
f 2076/374/1143 2232/375/1142 2140/373/1142
f 2233/376/1143 2140/373/1142 2176/280/1142
f 2055/250/1124 2160/248/1124 2141/378/1142
f 2224/358/1142 2141/378/1142 2234/377/1143
f 2234/377/1143 2141/378/1142 2232/375/1142
f 2232/375/1142 2141/378/1142 2160/248/1124
f 2230/371/1145 2142/380/1145 2235/379/1144
f 2109/112/1144 2235/379/1144 2142/380/1145
f 2076/374/1143 2236/381/1145 2142/380/1145
f 2234/377/1143 2142/380/1145 2230/371/1145
f 2237/383/1144 2143/382/1145 2181/286/1145
f 2103/283/1143 2181/286/1145 2143/382/1145
f 2233/376/1143 2143/382/1145 2236/381/1145
f 2236/381/1145 2143/382/1145 2237/383/1144
f 2182/288/1145 2144/384/1145 2238/386/1144
f 2238/386/1144 2144/384/1145 2239/385/1145
f 2239/385/1145 2144/384/1145 2240/387/1143
f 2104/279/1143 2240/387/1143 2144/384/1145
f 2065/114/1144 2243/390/1144 2145/389/1145
f 2241/392/1145 2145/389/1145 2242/391/1143
f 2077/388/1143 2242/391/1143 2145/389/1145
f 2239/385/1145 2145/389/1145 2243/390/1144
f 2245/395/1142 2146/394/1142 2202/317/1124
f 2202/317/1124 2146/394/1142 2244/396/1142
f 2077/388/1143 2244/396/1142 2146/394/1142
f 2242/391/1143 2146/394/1142 2245/395/1142
f 2196/307/1124 2147/397/1142 2175/273/1142
f 2175/273/1142 2147/397/1142 2240/387/1143
f 2240/387/1143 2147/397/1142 2244/396/1142
f 2244/396/1142 2147/397/1142 2196/307/1124
f 2249/399/1166 2148/400/1170 2246/398/1167
f 2095/117/1169 2246/398/1167 2148/400/1170
f 2247/402/1171 2148/400/1170 2248/401/1172
f 2105/404/1174 2248/401/1172 2148/400/1170
f 2052/62/1175 2252/406/1180 2149/405/1176
f 2250/408/1177 2149/405/1176 2251/407/1178
f 2078/403/1173 2251/407/1178 2149/405/1176
f 2247/402/1171 2149/405/1176 2252/406/1180
f 2254/409/1181 2150/410/1182 2217/345/1161
f 2098/339/1151 2217/345/1161 2150/410/1182
f 2253/411/1183 2150/410/1182 2251/407/1178
f 2084/121/1179 2251/407/1178 2150/410/1182
f 2063/267/1138 2212/338/1150 2151/412/1184
f 2255/413/1185 2151/412/1184 2248/401/1172
f 2078/403/1173 2248/401/1172 2151/412/1184
f 2253/411/1183 2151/412/1184 2212/338/1150
f 2059/88/1147 2188/297/1146 2152/415/1186
f 2094/123/1188 2256/414/1187 2152/415/1186
f 2257/417/1189 2152/415/1186 2258/416/1190
f 2106/87/1148 2258/416/1190 2152/415/1186
f 2060/119/1168 2260/420/1194 2153/419/1192
f 2249/399/1166 2153/419/1192 2259/421/1193
f 2079/418/1191 2259/421/1193 2153/419/1192
f 2257/417/1189 2153/419/1192 2260/420/1194
f 2255/413/1185 2154/422/1195 2171/269/1141
f 2097/75/1135 2171/269/1141 2154/422/1195
f 2261/423/1196 2154/422/1195 2259/421/1193
f 2105/404/1174 2259/421/1193 2154/422/1195
f 2167/263/1134 2155/424/1197 2193/302/1149
f 2193/302/1149 2155/424/1197 2258/416/1190
f 2079/418/1191 2258/416/1190 2155/424/1197
f 2261/423/1196 2155/424/1197 2167/263/1134
f 2061/90/1132 2194/305/1149 2156/425/1198
f 2207/327/1132 2156/425/1198 2262/427/1199
f 2080/428/1200 2262/427/1199 2156/425/1198
f 2263/426/1201 2156/425/1198 2194/305/1149
f 2203/324/1132 2157/430/1204 2264/429/1202
f 2087/126/1203 2264/429/1202 2157/430/1204
f 2265/431/1205 2157/430/1204 2262/427/1199
f 2262/427/1199 2157/430/1204 2203/324/1132
f 2268/433/1206 2158/432/1210 2266/434/1207
f 2083/125/1209 2266/434/1207 2158/432/1210
f 2267/435/1211 2158/432/1210 2265/431/1205
f 2087/126/1203 2265/431/1205 2158/432/1210
f 2269/437/1212 2159/436/1213 2187/292/1146
f 2187/292/1146 2159/436/1213 2263/426/1201
f 2080/428/1200 2263/426/1201 2159/436/1213
f 2267/435/1211 2159/436/1213 2269/437/1212
s 72
f 2384/249/1214 2333/256/1220 2381/248/1215
f 2381/248/1215 2333/256/1220 2382/251/1216
f 2382/251/1216 2333/256/1220 2383/253/1217
f 2322/255/1219 2383/253/1217 2333/256/1220
f 2387/258/1215 2334/262/1216 2385/257/1216
f 2321/261/1221 2385/257/1216 2334/262/1216
f 2290/254/1218 2386/260/1222 2334/262/1216
f 2382/251/1216 2334/262/1216 2387/258/1215
f 2283/72/1223 2390/264/1228 2335/265/1224
f 2318/75/1226 2388/263/1225 2335/265/1224
f 2389/266/1227 2335/265/1224 2386/260/1222
f 2386/260/1222 2335/265/1224 2390/264/1228
f 2284/267/1229 2392/269/1232 2336/268/1230
f 2391/270/1231 2336/268/1230 2383/253/1217
f 2290/254/1218 2383/253/1217 2336/268/1230
f 2389/266/1227 2336/268/1230 2392/269/1232
f 2278/271/1215 2396/273/1233 2337/272/1233
f 2393/275/1215 2337/272/1233 2394/274/1233
f 2394/274/1233 2337/272/1233 2395/278/1234
f 2395/278/1234 2337/272/1233 2396/273/1233
f 2399/281/1215 2338/284/1233 2397/280/1233
f 2324/283/1234 2397/280/1233 2338/284/1233
f 2398/282/1234 2338/284/1233 2394/274/1233
f 2394/274/1233 2338/284/1233 2399/281/1215
f 2288/80/1235 2402/286/1236 2339/201/1236
f 2400/285/1235 2339/201/1236 2401/287/1236
f 2291/277/1234 2401/287/1236 2339/201/1236
f 2398/282/1234 2339/201/1236 2402/286/1236
f 2404/289/1235 2340/290/1236 2403/288/1236
f 2403/288/1236 2340/290/1236 2395/278/1234
f 2395/278/1234 2340/290/1236 2401/287/1236
f 2401/287/1236 2340/290/1236 2404/289/1235
f 2408/292/1237 2341/295/1237 2405/291/1238
f 2314/294/1238 2405/291/1238 2341/295/1237
f 2406/293/1237 2341/295/1237 2407/296/1239
f 2407/296/1239 2341/295/1237 2408/292/1237
f 2411/298/1238 2342/299/1237 2409/297/1237
f 2409/297/1237 2342/299/1237 2410/300/1239
f 2410/300/1239 2342/299/1237 2406/293/1237
f 2314/294/1238 2406/293/1237 2342/299/1237
f 2283/72/1223 2414/302/1240 2343/438/1240
f 2412/301/1223 2343/438/1240 2413/303/1240
f 2292/91/1239 2413/303/1240 2343/438/1240
f 2327/87/1239 2410/300/1239 2343/438/1240
f 2416/306/1223 2344/439/1240 2415/305/1240
f 2415/305/1240 2344/439/1240 2407/296/1239
f 2407/296/1239 2344/439/1240 2413/303/1240
f 2317/304/1223 2413/303/1240 2344/439/1240
f 2420/308/1216 2345/310/1216 2417/307/1215
f 2313/309/1215 2417/307/1215 2345/310/1216
f 2293/313/1221 2418/312/1216 2345/310/1216
f 2419/311/1221 2345/310/1216 2420/308/1216
f 2423/317/1215 2346/316/1216 2421/319/1216
f 2303/228/1221 2421/319/1216 2346/316/1216
f 2422/318/1221 2346/316/1216 2418/312/1216
f 2418/312/1216 2346/316/1216 2423/317/1215
f 2274/320/1223 2426/322/1228 2347/321/1228
f 2310/325/1223 2424/324/1223 2347/321/1228
f 2425/323/1228 2347/321/1228 2422/318/1221
f 2422/318/1221 2347/321/1228 2426/322/1228
f 2428/327/1223 2348/328/1228 2427/326/1228
f 2427/326/1228 2348/328/1228 2419/311/1221
f 2419/311/1221 2348/328/1228 2425/323/1228
f 2425/323/1228 2348/328/1228 2428/327/1223
f 2277/259/1215 2385/257/1216 2349/329/1216
f 2399/281/1215 2349/329/1216 2429/331/1216
f 2294/332/1221 2429/331/1216 2349/329/1216
f 2430/330/1221 2349/329/1216 2385/257/1216
f 2393/275/1215 2350/333/1216 2420/308/1216
f 2420/308/1216 2350/333/1216 2431/334/1221
f 2431/334/1221 2350/333/1216 2429/331/1216
f 2429/331/1216 2350/333/1216 2393/275/1215
f 2282/90/1223 2427/326/1228 2351/335/1228
f 2416/306/1223 2351/335/1228 2432/336/1228
f 2294/332/1221 2432/336/1228 2351/335/1228
f 2431/334/1221 2351/335/1228 2427/326/1228
f 2412/301/1223 2352/337/1228 2390/264/1228
f 2390/264/1228 2352/337/1228 2430/330/1221
f 2430/330/1221 2352/337/1228 2432/336/1228
f 2432/336/1228 2352/337/1228 2412/301/1223
f 2391/270/1231 2353/340/1243 2433/338/1241
f 2319/339/1242 2433/338/1241 2353/340/1243
f 2434/342/1244 2353/340/1243 2435/341/1245
f 2322/255/1219 2435/341/1245 2353/340/1243
f 2275/100/1247 2438/345/1252 2354/344/1248
f 2436/347/1249 2354/344/1248 2437/346/1250
f 2295/343/1246 2437/346/1250 2354/344/1248
f 2434/342/1244 2354/344/1248 2438/345/1252
f 2441/351/1253 2355/350/1255 2439/353/1215
f 2439/353/1215 2355/350/1255 2440/352/1254
f 2440/352/1254 2355/350/1255 2437/346/1250
f 2309/348/1251 2437/346/1250 2355/350/1255
f 2442/356/1215 2356/355/1256 2384/249/1214
f 2384/249/1214 2356/355/1256 2435/341/1245
f 2295/343/1246 2435/341/1245 2356/355/1256
f 2440/352/1254 2356/355/1256 2442/356/1215
f 2276/250/1215 2445/358/1233 2357/357/1233
f 2302/354/1215 2442/356/1215 2357/357/1233
f 2296/360/1234 2443/359/1233 2357/357/1233
f 2444/362/1234 2357/357/1233 2445/358/1233
f 2439/353/1215 2358/366/1233 2446/363/1233
f 2306/365/1234 2446/363/1233 2358/366/1233
f 2447/364/1234 2358/366/1233 2443/359/1233
f 2443/359/1233 2358/366/1233 2439/353/1215
f 2450/368/1236 2359/369/1236 2448/367/1235
f 2448/367/1235 2359/369/1236 2449/370/1236
f 2449/370/1236 2359/369/1236 2447/364/1234
f 2306/365/1234 2447/364/1234 2359/369/1236
f 2287/110/1235 2452/372/1235 2360/440/1236
f 2323/361/1234 2451/371/1236 2360/440/1236
f 2296/360/1234 2444/362/1234 2360/440/1236
f 2449/370/1236 2360/440/1236 2452/372/1235
f 2397/280/1233 2361/373/1233 2387/258/1215
f 2387/258/1215 2361/373/1233 2453/375/1233
f 2297/374/1234 2453/375/1233 2361/373/1233
f 2454/376/1234 2361/373/1233 2397/280/1233
f 2381/248/1215 2362/378/1233 2445/358/1233
f 2445/358/1233 2362/378/1233 2455/377/1234
f 2455/377/1234 2362/378/1233 2453/375/1233
f 2453/375/1233 2362/378/1233 2381/248/1215
f 2287/110/1235 2451/371/1236 2363/380/1236
f 2456/379/1235 2363/380/1236 2457/381/1236
f 2297/374/1234 2457/381/1236 2363/380/1236
f 2455/377/1234 2363/380/1236 2451/371/1236
f 2458/383/1235 2364/382/1236 2402/286/1236
f 2324/283/1234 2402/286/1236 2364/382/1236
f 2297/374/1234 2454/376/1234 2364/382/1236
f 2330/112/1235 2457/381/1236 2364/382/1236
f 2403/288/1236 2365/384/1236 2459/386/1235
f 2332/115/1235 2459/386/1235 2365/384/1236
f 2460/385/1236 2365/384/1236 2461/387/1234
f 2461/387/1234 2365/384/1236 2403/288/1236
f 2286/114/1235 2464/390/1235 2366/389/1236
f 2462/392/1236 2366/389/1236 2463/391/1234
f 2298/388/1234 2463/391/1234 2366/389/1236
f 2460/385/1236 2366/389/1236 2464/390/1235
f 2466/395/1233 2367/394/1233 2423/317/1215
f 2423/317/1215 2367/394/1233 2465/396/1233
f 2465/396/1233 2367/394/1233 2463/391/1234
f 2463/391/1234 2367/394/1233 2466/395/1233
f 2417/307/1215 2368/397/1233 2396/273/1233
f 2325/279/1234 2396/273/1233 2368/397/1233
f 2461/387/1234 2368/397/1233 2465/396/1233
f 2465/396/1233 2368/397/1233 2417/307/1215
f 2470/399/1257 2369/400/1261 2467/398/1258
f 2316/117/1260 2467/398/1258 2369/400/1261
f 2468/402/1262 2369/400/1261 2469/401/1263
f 2326/404/1265 2469/401/1263 2369/400/1261
f 2273/62/1266 2473/406/1271 2370/405/1267
f 2471/408/1268 2370/405/1267 2472/407/1269
f 2299/403/1264 2472/407/1269 2370/405/1267
f 2468/402/1262 2370/405/1267 2473/406/1271
f 2475/409/1272 2371/410/1273 2438/345/1252
f 2319/339/1242 2438/345/1252 2371/410/1273
f 2474/411/1274 2371/410/1273 2472/407/1269
f 2305/121/1270 2472/407/1269 2371/410/1273
f 2284/267/1229 2433/338/1241 2372/412/1275
f 2476/413/1276 2372/412/1275 2469/401/1263
f 2299/403/1264 2469/401/1263 2372/412/1275
f 2474/411/1274 2372/412/1275 2433/338/1241
f 2280/88/1238 2409/297/1237 2373/415/1277
f 2315/123/1279 2477/414/1278 2373/415/1277
f 2478/417/1280 2373/415/1277 2479/416/1281
f 2479/416/1281 2373/415/1277 2409/297/1237
f 2281/119/1259 2481/420/1285 2374/419/1283
f 2470/399/1257 2374/419/1283 2480/421/1284
f 2300/418/1282 2480/421/1284 2374/419/1283
f 2478/417/1280 2374/419/1283 2481/420/1285
f 2476/413/1276 2375/422/1286 2392/269/1232
f 2318/75/1226 2392/269/1232 2375/422/1286
f 2482/423/1287 2375/422/1286 2480/421/1284
f 2326/404/1265 2480/421/1284 2375/422/1286
f 2388/263/1225 2376/424/1288 2414/302/1240
f 2327/87/1239 2414/302/1240 2376/424/1288
f 2300/418/1282 2479/416/1281 2376/424/1288
f 2482/423/1287 2376/424/1288 2388/263/1225
f 2415/305/1240 2377/425/1289 2428/327/1223
f 2310/325/1223 2428/327/1223 2377/425/1289
f 2301/428/1291 2483/427/1290 2377/425/1289
f 2328/85/1239 2484/426/1292 2377/425/1289
f 2424/324/1223 2378/430/1295 2485/429/1293
f 2308/126/1294 2485/429/1293 2378/430/1295
f 2486/431/1296 2378/430/1295 2483/427/1290
f 2483/427/1290 2378/430/1295 2424/324/1223
f 2489/433/1297 2379/432/1301 2487/434/1298
f 2304/125/1300 2487/434/1298 2379/432/1301
f 2488/435/1302 2379/432/1301 2486/431/1296
f 2308/126/1294 2486/431/1296 2379/432/1301
f 2490/437/1303 2380/436/1304 2408/292/1237
f 2408/292/1237 2380/436/1304 2484/426/1292
f 2301/428/1291 2484/426/1292 2380/436/1304
f 2488/435/1302 2380/436/1304 2490/437/1303
s 73
f 2605/249/1305 2554/256/1311 2602/248/1306
f 2602/248/1306 2554/256/1311 2603/251/1307
f 2603/251/1307 2554/256/1311 2604/253/1308
f 2543/255/1310 2604/253/1308 2554/256/1311
f 2608/258/1306 2555/262/1307 2606/257/1312
f 2542/261/1313 2606/257/1312 2555/262/1307
f 2511/254/1309 2607/260/1314 2555/262/1307
f 2532/252/1306 2603/251/1307 2555/262/1307
f 2504/72/1315 2611/264/1320 2556/265/1316
f 2539/75/1318 2609/263/1317 2556/265/1316
f 2610/266/1319 2556/265/1316 2607/260/1314
f 2607/260/1314 2556/265/1316 2611/264/1320
f 2505/267/1321 2613/269/1324 2557/268/1322
f 2612/270/1323 2557/268/1322 2604/253/1308
f 2511/254/1309 2604/253/1308 2557/268/1322
f 2610/266/1319 2557/268/1322 2613/269/1324
f 2617/273/1325 2558/272/1325 2614/275/1306
f 2614/275/1306 2558/272/1325 2615/274/1325
f 2512/277/1326 2615/274/1325 2558/272/1325
f 2616/278/1326 2558/272/1325 2617/273/1325
f 2620/281/1306 2559/284/1325 2618/280/1325
f 2545/283/1326 2618/280/1325 2559/284/1325
f 2619/282/1326 2559/284/1325 2615/274/1325
f 2615/274/1325 2559/284/1325 2620/281/1306
f 2623/286/1327 2560/201/1327 2621/285/1328
f 2621/285/1328 2560/201/1327 2622/287/1327
f 2622/287/1327 2560/201/1327 2619/282/1326
f 2619/282/1326 2560/201/1327 2623/286/1327
f 2625/289/1328 2561/290/1327 2624/288/1327
f 2546/279/1326 2624/288/1327 2561/290/1327
f 2616/278/1326 2561/290/1327 2622/287/1327
f 2622/287/1327 2561/290/1327 2625/289/1328
f 2629/292/1329 2562/295/1329 2626/291/1330
f 2626/291/1330 2562/295/1329 2627/293/1329
f 2513/91/1331 2627/293/1329 2562/295/1329
f 2549/85/1331 2628/296/1331 2562/295/1329
f 2632/298/1330 2563/299/1329 2630/297/1329
f 2548/87/1331 2630/297/1329 2563/299/1329
f 2631/300/1331 2563/299/1329 2627/293/1329
f 2627/293/1329 2563/299/1329 2632/298/1330
f 2635/302/1332 2564/438/1332 2633/301/1315
f 2633/301/1315 2564/438/1332 2634/303/1332
f 2634/303/1332 2564/438/1332 2631/300/1331
f 2631/300/1331 2564/438/1332 2635/302/1332
f 2637/306/1315 2565/439/1332 2636/305/1332
f 2636/305/1332 2565/439/1332 2628/296/1331
f 2628/296/1331 2565/439/1332 2634/303/1332
f 2538/304/1315 2634/303/1332 2565/439/1332
f 2499/271/1306 2641/308/1312 2566/310/1312
f 2638/307/1306 2566/310/1312 2639/312/1312
f 2514/313/1313 2639/312/1312 2566/310/1312
f 2541/314/1313 2640/311/1313 2566/310/1312
f 2644/317/1306 2567/316/1312 2642/319/1312
f 2642/319/1312 2567/316/1312 2643/318/1313
f 2643/318/1313 2567/316/1312 2639/312/1312
f 2534/309/1306 2639/312/1312 2567/316/1312
f 2647/322/1320 2568/321/1320 2645/324/1315
f 2531/325/1315 2645/324/1315 2568/321/1320
f 2646/323/1320 2568/321/1320 2643/318/1313
f 2643/318/1313 2568/321/1320 2647/322/1320
f 2649/327/1315 2569/328/1320 2648/326/1320
f 2648/326/1320 2569/328/1320 2640/311/1313
f 2640/311/1313 2569/328/1320 2646/323/1320
f 2646/323/1320 2569/328/1320 2649/327/1315
f 2606/257/1312 2570/329/1312 2620/281/1306
f 2620/281/1306 2570/329/1312 2650/331/1312
f 2515/332/1313 2650/331/1312 2570/329/1312
f 2651/330/1313 2570/329/1312 2606/257/1312
f 2499/271/1306 2614/275/1306 2571/333/1312
f 2541/314/1313 2641/308/1312 2571/333/1312
f 2515/332/1313 2652/334/1313 2571/333/1312
f 2533/276/1306 2650/331/1312 2571/333/1312
f 2648/326/1320 2572/335/1320 2637/306/1315
f 2637/306/1315 2572/335/1320 2653/336/1320
f 2653/336/1320 2572/335/1320 2652/334/1313
f 2652/334/1313 2572/335/1320 2648/326/1320
f 2633/301/1315 2573/337/1320 2611/264/1320
f 2542/261/1313 2611/264/1320 2573/337/1320
f 2651/330/1313 2573/337/1320 2653/336/1320
f 2538/304/1315 2653/336/1320 2573/337/1320
f 2612/270/1323 2574/340/1335 2654/338/1333
f 2540/339/1334 2654/338/1333 2574/340/1335
f 2655/342/1336 2574/340/1335 2656/341/1337
f 2543/255/1310 2656/341/1337 2574/340/1335
f 2496/100/1339 2659/345/1344 2575/344/1340
f 2657/347/1341 2575/344/1340 2658/346/1342
f 2516/343/1338 2658/346/1342 2575/344/1340
f 2655/342/1336 2575/344/1340 2659/345/1344
f 2491/349/1306 2662/351/1347 2576/350/1345
f 2660/353/1306 2576/350/1345 2661/352/1346
f 2661/352/1346 2576/350/1345 2658/346/1342
f 2530/348/1343 2658/346/1342 2576/350/1345
f 2663/356/1306 2577/355/1348 2605/249/1305
f 2605/249/1305 2577/355/1348 2656/341/1337
f 2516/343/1338 2656/341/1337 2577/355/1348
f 2523/354/1306 2661/352/1346 2577/355/1348
f 2666/358/1325 2578/357/1325 2663/356/1306
f 2663/356/1306 2578/357/1325 2664/359/1325
f 2664/359/1325 2578/357/1325 2665/362/1326
f 2665/362/1326 2578/357/1325 2666/358/1325
f 2491/349/1306 2660/353/1306 2579/366/1325
f 2667/363/1325 2579/366/1325 2668/364/1326
f 2668/364/1326 2579/366/1325 2664/359/1325
f 2664/359/1325 2579/366/1325 2660/353/1306
f 2671/368/1327 2580/369/1327 2669/367/1328
f 2669/367/1328 2580/369/1327 2670/370/1327
f 2670/370/1327 2580/369/1327 2668/364/1326
f 2527/365/1326 2668/364/1326 2580/369/1327
f 2673/372/1328 2581/440/1327 2672/371/1327
f 2544/361/1326 2672/371/1327 2581/440/1327
f 2517/360/1326 2665/362/1326 2581/440/1327
f 2670/370/1327 2581/440/1327 2673/372/1328
f 2618/280/1325 2582/373/1325 2608/258/1306
f 2532/252/1306 2608/258/1306 2582/373/1325
f 2518/374/1326 2674/375/1325 2582/373/1325
f 2675/376/1326 2582/373/1325 2618/280/1325
f 2497/250/1306 2602/248/1306 2583/378/1325
f 2544/361/1326 2666/358/1325 2583/378/1325
f 2676/377/1326 2583/378/1325 2674/375/1325
f 2674/375/1325 2583/378/1325 2602/248/1306
f 2672/371/1327 2584/380/1327 2677/379/1328
f 2677/379/1328 2584/380/1327 2678/381/1327
f 2518/374/1326 2678/381/1327 2584/380/1327
f 2544/361/1326 2676/377/1326 2584/380/1327
f 2679/383/1328 2585/382/1327 2623/286/1327
f 2623/286/1327 2585/382/1327 2675/376/1326
f 2675/376/1326 2585/382/1327 2678/381/1327
f 2678/381/1327 2585/382/1327 2679/383/1328
f 2624/288/1327 2586/384/1327 2680/386/1328
f 2680/386/1328 2586/384/1327 2681/385/1327
f 2681/385/1327 2586/384/1327 2682/387/1326
f 2682/387/1326 2586/384/1327 2624/288/1327
f 2507/114/1328 2685/390/1328 2587/389/1327
f 2683/392/1327 2587/389/1327 2684/391/1326
f 2684/391/1326 2587/389/1327 2681/385/1327
f 2681/385/1327 2587/389/1327 2685/390/1328
f 2687/395/1325 2588/394/1325 2644/317/1306
f 2534/309/1306 2644/317/1306 2588/394/1325
f 2519/388/1326 2686/396/1325 2588/394/1325
f 2684/391/1326 2588/394/1325 2687/395/1325
f 2638/307/1306 2589/397/1325 2617/273/1325
f 2546/279/1326 2617/273/1325 2589/397/1325
f 2682/387/1326 2589/397/1325 2686/396/1325
f 2686/396/1325 2589/397/1325 2638/307/1306
f 2691/399/1349 2590/400/1353 2688/398/1350
f 2537/117/1352 2688/398/1350 2590/400/1353
f 2689/402/1354 2590/400/1353 2690/401/1355
f 2547/404/1357 2690/401/1355 2590/400/1353
f 2494/62/1358 2694/406/1363 2591/405/1359
f 2692/408/1360 2591/405/1359 2693/407/1361
f 2520/403/1356 2693/407/1361 2591/405/1359
f 2689/402/1354 2591/405/1359 2694/406/1363
f 2696/409/1364 2592/410/1365 2659/345/1344
f 2540/339/1334 2659/345/1344 2592/410/1365
f 2695/411/1366 2592/410/1365 2693/407/1361
f 2526/121/1362 2693/407/1361 2592/410/1365
f 2505/267/1321 2654/338/1333 2593/412/1367
f 2697/413/1368 2593/412/1367 2690/401/1355
f 2520/403/1356 2690/401/1355 2593/412/1367
f 2695/411/1366 2593/412/1367 2654/338/1333
f 2501/88/1330 2630/297/1329 2594/415/1369
f 2536/123/1371 2698/414/1370 2594/415/1369
f 2699/417/1372 2594/415/1369 2700/416/1373
f 2548/87/1331 2700/416/1373 2594/415/1369
f 2502/119/1351 2702/420/1377 2595/419/1375
f 2691/399/1349 2595/419/1375 2701/421/1376
f 2521/418/1374 2701/421/1376 2595/419/1375
f 2699/417/1372 2595/419/1375 2702/420/1377
f 2697/413/1368 2596/422/1378 2613/269/1324
f 2539/75/1318 2613/269/1324 2596/422/1378
f 2703/423/1379 2596/422/1378 2701/421/1376
f 2547/404/1357 2701/421/1376 2596/422/1378
f 2504/72/1315 2609/263/1317 2597/424/1380
f 2635/302/1332 2597/424/1380 2700/416/1373
f 2521/418/1374 2700/416/1373 2597/424/1380
f 2703/423/1379 2597/424/1380 2609/263/1317
f 2503/90/1315 2636/305/1332 2598/425/1381
f 2531/325/1315 2649/327/1315 2598/425/1381
f 2522/428/1383 2704/427/1382 2598/425/1381
f 2549/85/1331 2705/426/1384 2598/425/1381
f 2495/320/1315 2645/324/1315 2599/430/1385
f 2529/126/1387 2706/429/1386 2599/430/1385
f 2707/431/1388 2599/430/1385 2704/427/1382
f 2704/427/1382 2599/430/1385 2645/324/1315
f 2710/433/1389 2600/432/1393 2708/434/1390
f 2525/125/1392 2708/434/1390 2600/432/1393
f 2709/435/1394 2600/432/1393 2707/431/1388
f 2529/126/1387 2707/431/1388 2600/432/1393
f 2711/437/1395 2601/436/1396 2629/292/1329
f 2629/292/1329 2601/436/1396 2705/426/1384
f 2522/428/1383 2705/426/1384 2601/436/1396
f 2709/435/1394 2601/436/1396 2711/437/1395
s 74
f 2826/249/1397 2775/256/1399 2823/248/1398
f 2753/252/1398 2823/248/1398 2775/256/1399
f 2824/251/1400 2775/256/1399 2825/253/1401
f 2764/255/1403 2825/253/1401 2775/256/1399
f 2719/259/1398 2829/258/1398 2776/262/1400
f 2827/257/1400 2776/262/1400 2828/260/1404
f 2732/254/1402 2828/260/1404 2776/262/1400
f 2824/251/1400 2776/262/1400 2829/258/1398
f 2832/264/1406 2777/265/1410 2830/263/1407
f 2760/75/1409 2830/263/1407 2777/265/1410
f 2831/266/1411 2777/265/1410 2828/260/1404
f 2763/261/1405 2828/260/1404 2777/265/1410
f 2726/267/1412 2834/269/1415 2778/268/1413
f 2833/270/1414 2778/268/1413 2825/253/1401
f 2732/254/1402 2825/253/1401 2778/268/1413
f 2831/266/1411 2778/268/1413 2834/269/1415
f 2838/273/1416 2779/272/1416 2835/275/1398
f 2835/275/1398 2779/272/1416 2836/274/1416
f 2733/277/1417 2836/274/1416 2779/272/1416
f 2837/278/1417 2779/272/1416 2838/273/1416
f 2841/281/1398 2780/284/1416 2839/280/1416
f 2839/280/1416 2780/284/1416 2840/282/1417
f 2840/282/1417 2780/284/1416 2836/274/1416
f 2836/274/1416 2780/284/1416 2841/281/1398
f 2730/80/1418 2844/286/1419 2781/201/1419
f 2842/285/1418 2781/201/1419 2843/287/1419
f 2733/277/1417 2843/287/1419 2781/201/1419
f 2840/282/1417 2781/201/1419 2844/286/1419
f 2731/83/1418 2846/289/1418 2782/290/1419
f 2767/279/1417 2845/288/1419 2782/290/1419
f 2837/278/1417 2782/290/1419 2843/287/1419
f 2773/82/1418 2843/287/1419 2782/290/1419
f 2850/292/1420 2783/295/1420 2847/291/1421
f 2756/294/1421 2847/291/1421 2783/295/1420
f 2734/91/1422 2848/293/1420 2783/295/1420
f 2849/296/1422 2783/295/1420 2850/292/1420
f 2853/298/1421 2784/299/1420 2851/297/1420
f 2769/87/1422 2851/297/1420 2784/299/1420
f 2852/300/1422 2784/299/1420 2848/293/1420
f 2756/294/1421 2848/293/1420 2784/299/1420
f 2725/72/1408 2856/302/1423 2785/438/1423
f 2854/301/1408 2785/438/1423 2855/303/1423
f 2734/91/1422 2855/303/1423 2785/438/1423
f 2852/300/1422 2785/438/1423 2856/302/1423
f 2858/306/1408 2786/439/1423 2857/305/1423
f 2857/305/1423 2786/439/1423 2849/296/1422
f 2849/296/1422 2786/439/1423 2855/303/1423
f 2759/304/1408 2855/303/1423 2786/439/1423
f 2862/308/1400 2787/310/1400 2859/307/1398
f 2859/307/1398 2787/310/1400 2860/312/1400
f 2860/312/1400 2787/310/1400 2861/311/1405
f 2861/311/1405 2787/310/1400 2862/308/1400
f 2865/317/1398 2788/316/1400 2863/319/1400
f 2863/319/1400 2788/316/1400 2864/318/1405
f 2864/318/1405 2788/316/1400 2860/312/1400
f 2755/309/1398 2860/312/1400 2788/316/1400
f 2868/322/1406 2789/321/1406 2866/324/1408
f 2866/324/1408 2789/321/1406 2867/323/1406
f 2735/313/1405 2867/323/1406 2789/321/1406
f 2745/228/1405 2864/318/1405 2789/321/1406
f 2870/327/1408 2790/328/1406 2869/326/1406
f 2762/314/1405 2869/326/1406 2790/328/1406
f 2735/313/1405 2861/311/1405 2790/328/1406
f 2867/323/1406 2790/328/1406 2870/327/1408
f 2719/259/1398 2827/257/1400 2791/329/1400
f 2841/281/1398 2791/329/1400 2871/331/1400
f 2871/331/1400 2791/329/1400 2872/330/1405
f 2872/330/1405 2791/329/1400 2827/257/1400
f 2720/271/1398 2835/275/1398 2792/333/1400
f 2862/308/1400 2792/333/1400 2873/334/1405
f 2873/334/1405 2792/333/1400 2871/331/1400
f 2871/331/1400 2792/333/1400 2835/275/1398
f 2869/326/1406 2793/335/1406 2858/306/1408
f 2858/306/1408 2793/335/1406 2874/336/1406
f 2874/336/1406 2793/335/1406 2873/334/1405
f 2762/314/1405 2873/334/1405 2793/335/1406
f 2854/301/1408 2794/337/1406 2832/264/1406
f 2763/261/1405 2832/264/1406 2794/337/1406
f 2872/330/1405 2794/337/1406 2874/336/1406
f 2874/336/1406 2794/337/1406 2854/301/1408
f 2833/270/1414 2795/340/1426 2875/338/1424
f 2761/339/1425 2875/338/1424 2795/340/1426
f 2876/342/1427 2795/340/1426 2877/341/1428
f 2764/255/1403 2877/341/1428 2795/340/1426
f 2717/100/1430 2880/345/1435 2796/344/1431
f 2878/347/1432 2796/344/1431 2879/346/1433
f 2737/343/1429 2879/346/1433 2796/344/1431
f 2876/342/1427 2796/344/1431 2880/345/1435
f 2883/351/1436 2797/350/1438 2881/353/1398
f 2881/353/1398 2797/350/1438 2882/352/1437
f 2882/352/1437 2797/350/1438 2879/346/1433
f 2751/348/1434 2879/346/1433 2797/350/1438
f 2884/356/1398 2798/355/1439 2826/249/1397
f 2826/249/1397 2798/355/1439 2877/341/1428
f 2737/343/1429 2877/341/1428 2798/355/1439
f 2744/354/1398 2882/352/1437 2798/355/1439
f 2887/358/1416 2799/357/1416 2884/356/1398
f 2884/356/1398 2799/357/1416 2885/359/1416
f 2885/359/1416 2799/357/1416 2886/362/1417
f 2765/361/1417 2886/362/1417 2799/357/1416
f 2881/353/1398 2800/366/1416 2888/363/1416
f 2748/365/1417 2888/363/1416 2800/366/1416
f 2889/364/1417 2800/366/1416 2885/359/1416
f 2885/359/1416 2800/366/1416 2881/353/1398
f 2892/368/1419 2801/369/1419 2890/367/1418
f 2771/109/1418 2890/367/1418 2801/369/1419
f 2891/370/1419 2801/369/1419 2889/364/1417
f 2748/365/1417 2889/364/1417 2801/369/1419
f 2894/372/1418 2802/440/1419 2893/371/1419
f 2765/361/1417 2893/371/1419 2802/440/1419
f 2738/360/1417 2886/362/1417 2802/440/1419
f 2891/370/1419 2802/440/1419 2894/372/1418
f 2719/259/1398 2839/280/1416 2803/373/1416
f 2829/258/1398 2803/373/1416 2895/375/1416
f 2739/374/1417 2895/375/1416 2803/373/1416
f 2896/376/1417 2803/373/1416 2839/280/1416
f 2823/248/1398 2804/378/1416 2887/358/1416
f 2765/361/1417 2887/358/1416 2804/378/1416
f 2897/377/1417 2804/378/1416 2895/375/1416
f 2895/375/1416 2804/378/1416 2823/248/1398
f 2893/371/1419 2805/380/1419 2898/379/1418
f 2898/379/1418 2805/380/1419 2899/381/1419
f 2899/381/1419 2805/380/1419 2897/377/1417
f 2897/377/1417 2805/380/1419 2893/371/1419
f 2900/383/1418 2806/382/1419 2844/286/1419
f 2766/283/1417 2844/286/1419 2806/382/1419
f 2896/376/1417 2806/382/1419 2899/381/1419
f 2899/381/1419 2806/382/1419 2900/383/1418
f 2845/288/1419 2807/384/1419 2901/386/1418
f 2901/386/1418 2807/384/1419 2902/385/1419
f 2902/385/1419 2807/384/1419 2903/387/1417
f 2903/387/1417 2807/384/1419 2845/288/1419
f 2906/390/1418 2808/389/1419 2904/392/1419
f 2904/392/1419 2808/389/1419 2905/391/1417
f 2905/391/1417 2808/389/1419 2902/385/1419
f 2902/385/1419 2808/389/1419 2906/390/1418
f 2908/395/1416 2809/394/1416 2865/317/1398
f 2755/309/1398 2865/317/1398 2809/394/1416
f 2907/396/1416 2809/394/1416 2905/391/1417
f 2749/393/1417 2905/391/1417 2809/394/1416
f 2859/307/1398 2810/397/1416 2838/273/1416
f 2838/273/1416 2810/397/1416 2903/387/1417
f 2903/387/1417 2810/397/1416 2907/396/1416
f 2755/309/1398 2907/396/1416 2810/397/1416
f 2912/399/1440 2811/400/1444 2909/398/1441
f 2758/117/1443 2909/398/1441 2811/400/1444
f 2910/402/1445 2811/400/1444 2911/401/1446
f 2768/404/1448 2911/401/1446 2811/400/1444
f 2715/62/1449 2915/406/1454 2812/405/1450
f 2913/408/1451 2812/405/1450 2914/407/1452
f 2741/403/1447 2914/407/1452 2812/405/1450
f 2910/402/1445 2812/405/1450 2915/406/1454
f 2917/409/1455 2813/410/1456 2880/345/1435
f 2761/339/1425 2880/345/1435 2813/410/1456
f 2916/411/1457 2813/410/1456 2914/407/1452
f 2747/121/1453 2914/407/1452 2813/410/1456
f 2726/267/1412 2875/338/1424 2814/412/1458
f 2918/413/1459 2814/412/1458 2911/401/1446
f 2741/403/1447 2911/401/1446 2814/412/1458
f 2916/411/1457 2814/412/1458 2875/338/1424
f 2851/297/1420 2815/415/1462 2919/414/1460
f 2757/123/1461 2919/414/1460 2815/415/1462
f 2920/417/1463 2815/415/1462 2921/416/1464
f 2921/416/1464 2815/415/1462 2851/297/1420
f 2723/119/1442 2923/420/1468 2816/419/1466
f 2912/399/1440 2816/419/1466 2922/421/1467
f 2742/418/1465 2922/421/1467 2816/419/1466
f 2920/417/1463 2816/419/1466 2923/420/1468
f 2918/413/1459 2817/422/1469 2834/269/1415
f 2760/75/1409 2834/269/1415 2817/422/1469
f 2924/423/1470 2817/422/1469 2922/421/1467
f 2768/404/1448 2922/421/1467 2817/422/1469
f 2725/72/1408 2830/263/1407 2818/424/1471
f 2856/302/1423 2818/424/1471 2921/416/1464
f 2742/418/1465 2921/416/1464 2818/424/1471
f 2924/423/1470 2818/424/1471 2830/263/1407
f 2724/90/1408 2857/305/1423 2819/425/1472
f 2752/325/1408 2870/327/1408 2819/425/1472
f 2743/428/1474 2925/427/1473 2819/425/1472
f 2926/426/1475 2819/425/1472 2857/305/1423
f 2866/324/1408 2820/430/1478 2927/429/1476
f 2750/126/1477 2927/429/1476 2820/430/1478
f 2928/431/1479 2820/430/1478 2925/427/1473
f 2752/325/1408 2925/427/1473 2820/430/1478
f 2931/433/1480 2821/432/1484 2929/434/1481
f 2746/125/1483 2929/434/1481 2821/432/1484
f 2930/435/1485 2821/432/1484 2928/431/1479
f 2750/126/1477 2928/431/1479 2821/432/1484
f 2721/86/1421 2932/437/1487 2822/436/1486
f 2850/292/1420 2822/436/1486 2926/426/1475
f 2743/428/1474 2926/426/1475 2822/436/1486
f 2930/435/1485 2822/436/1486 2932/437/1487
s 75
f 2939/250/1488 3047/249/1494 2996/256/1489
f 3044/248/1488 2996/256/1489 3045/251/1490
f 3045/251/1490 2996/256/1489 3046/253/1491
f 2985/255/1493 3046/253/1491 2996/256/1489
f 3050/258/1488 2997/262/1490 3048/257/1490
f 3048/257/1490 2997/262/1490 3049/260/1495
f 2953/254/1492 3049/260/1495 2997/262/1490
f 3045/251/1490 2997/262/1490 3050/258/1488
f 2946/72/1497 3053/264/1501 2998/265/714
f 2981/75/1499 3051/263/1498 2998/265/714
f 3052/266/1500 2998/265/714 3049/260/1495
f 3049/260/1495 2998/265/714 3053/264/1501
f 2947/267/1502 3055/269/1505 2999/268/1503
f 3054/270/1504 2999/268/1503 3046/253/1491
f 2953/254/1492 3046/253/1491 2999/268/1503
f 3052/266/1500 2999/268/1503 3055/269/1505
f 3059/273/1506 3000/272/1506 3056/275/1488
f 3056/275/1488 3000/272/1506 3057/274/1506
f 3057/274/1506 3000/272/1506 3058/278/1507
f 3058/278/1507 3000/272/1506 3059/273/1506
f 2940/259/1488 3062/281/1488 3001/284/1506
f 3060/280/1506 3001/284/1506 3061/282/1507
f 2954/277/1507 3061/282/1507 3001/284/1506
f 3057/274/1506 3001/284/1506 3062/281/1488
f 2951/80/1508 3065/286/1509 3002/201/1509
f 3063/285/1508 3002/201/1509 3064/287/1509
f 3064/287/1509 3002/201/1509 3061/282/1507
f 3061/282/1507 3002/201/1509 3065/286/1509
f 2952/83/1508 3067/289/1508 3003/290/1509
f 2988/279/1507 3066/288/1509 3003/290/1509
f 3058/278/1507 3003/290/1509 3064/287/1509
f 3064/287/1509 3003/290/1509 3067/289/1508
f 3071/292/1510 3004/295/1510 3068/291/1511
f 3068/291/1511 3004/295/1510 3069/293/1510
f 3069/293/1510 3004/295/1510 3070/296/1512
f 3070/296/1512 3004/295/1510 3071/292/1510
f 3074/298/1511 3005/299/1510 3072/297/1510
f 3072/297/1510 3005/299/1510 3073/300/1512
f 3073/300/1512 3005/299/1510 3069/293/1510
f 3069/293/1510 3005/299/1510 3074/298/1511
f 3077/302/1513 3006/438/1513 3075/301/1497
f 3075/301/1497 3006/438/1513 3076/303/1513
f 2955/91/1512 3076/303/1513 3006/438/1513
f 2990/87/1512 3073/300/1512 3006/438/1513
f 3079/306/1497 3007/439/1513 3078/305/1513
f 3078/305/1513 3007/439/1513 3070/296/1512
f 3070/296/1512 3007/439/1513 3076/303/1513
f 2980/304/1497 3076/303/1513 3007/439/1513
f 3083/308/1490 3008/310/1490 3080/307/1488
f 2976/309/1488 3080/307/1488 3008/310/1490
f 3081/312/1490 3008/310/1490 3082/311/1496
f 3082/311/1496 3008/310/1490 3083/308/1490
f 2934/315/1488 3086/317/1488 3009/316/1490
f 2966/228/1496 3084/319/1490 3009/316/1490
f 3085/318/1496 3009/316/1490 3081/312/1490
f 3081/312/1490 3009/316/1490 3086/317/1488
f 2937/320/1497 3089/322/1501 3010/321/1501
f 2973/325/1497 3087/324/1497 3010/321/1501
f 3088/323/1501 3010/321/1501 3085/318/1496
f 3085/318/1496 3010/321/1501 3089/322/1501
f 3091/327/1497 3011/328/1501 3090/326/1501
f 2983/314/1496 3090/326/1501 3011/328/1501
f 2956/313/1496 3082/311/1496 3011/328/1501
f 3088/323/1501 3011/328/1501 3091/327/1497
f 2940/259/1488 3048/257/1490 3012/329/1490
f 2975/276/1488 3062/281/1488 3012/329/1490
f 2957/332/1496 3092/331/1490 3012/329/1490
f 2984/261/1496 3093/330/1496 3012/329/1490
f 3056/275/1488 3013/333/1490 3083/308/1490
f 2983/314/1496 3083/308/1490 3013/333/1490
f 3094/334/1496 3013/333/1490 3092/331/1490
f 3092/331/1490 3013/333/1490 3056/275/1488
f 2945/90/1497 3090/326/1501 3014/335/1501
f 3079/306/1497 3014/335/1501 3095/336/1501
f 2957/332/1496 3095/336/1501 3014/335/1501
f 3094/334/1496 3014/335/1501 3090/326/1501
f 2946/72/1497 3075/301/1497 3015/337/1501
f 3053/264/1501 3015/337/1501 3093/330/1496
f 3093/330/1496 3015/337/1501 3095/336/1501
f 2980/304/1497 3095/336/1501 3015/337/1501
f 3054/270/1504 3016/340/1516 3096/338/1514
f 2982/339/1515 3096/338/1514 3016/340/1516
f 3097/342/1517 3016/340/1516 3098/341/1518
f 2985/255/1493 3098/341/1518 3016/340/1516
f 2938/100/1520 3101/345/1525 3017/344/1521
f 3099/347/1522 3017/344/1521 3100/346/1523
f 2958/343/1519 3100/346/1523 3017/344/1521
f 3097/342/1517 3017/344/1521 3101/345/1525
f 3104/351/1526 3018/350/1528 3102/353/1488
f 3102/353/1488 3018/350/1528 3103/352/1527
f 3103/352/1527 3018/350/1528 3100/346/1523
f 2972/348/1524 3100/346/1523 3018/350/1528
f 3105/356/1488 3019/355/1529 3047/249/1494
f 3047/249/1494 3019/355/1529 3098/341/1518
f 2958/343/1519 3098/341/1518 3019/355/1529
f 3103/352/1527 3019/355/1529 3105/356/1488
f 2939/250/1488 3108/358/1506 3020/357/1506
f 2965/354/1488 3105/356/1488 3020/357/1506
f 3106/359/1506 3020/357/1506 3107/362/1507
f 3107/362/1507 3020/357/1506 3108/358/1506
f 3102/353/1488 3021/366/1506 3109/363/1506
f 3109/363/1506 3021/366/1506 3110/364/1507
f 3110/364/1507 3021/366/1506 3106/359/1506
f 2965/354/1488 3106/359/1506 3021/366/1506
f 3113/368/1509 3022/369/1509 3111/367/1508
f 2992/109/1508 3111/367/1508 3022/369/1509
f 3112/370/1509 3022/369/1509 3110/364/1507
f 2969/365/1507 3110/364/1507 3022/369/1509
f 2950/110/1508 3115/372/1508 3023/440/1509
f 2986/361/1507 3114/371/1509 3023/440/1509
f 2959/360/1507 3107/362/1507 3023/440/1509
f 3112/370/1509 3023/440/1509 3115/372/1508
f 2940/259/1488 3060/280/1506 3024/373/1506
f 3050/258/1488 3024/373/1506 3116/375/1506
f 2960/374/1507 3116/375/1506 3024/373/1506
f 3117/376/1507 3024/373/1506 3060/280/1506
f 3044/248/1488 3025/378/1506 3108/358/1506
f 3108/358/1506 3025/378/1506 3118/377/1507
f 3118/377/1507 3025/378/1506 3116/375/1506
f 3116/375/1506 3025/378/1506 3044/248/1488
f 3114/371/1509 3026/380/1509 3119/379/1508
f 3119/379/1508 3026/380/1509 3120/381/1509
f 3120/381/1509 3026/380/1509 3118/377/1507
f 3118/377/1507 3026/380/1509 3114/371/1509
f 3121/383/1508 3027/382/1509 3065/286/1509
f 3065/286/1509 3027/382/1509 3117/376/1507
f 3117/376/1507 3027/382/1509 3120/381/1509
f 3120/381/1509 3027/382/1509 3121/383/1508
f 3066/288/1509 3028/384/1509 3122/386/1508
f 2995/115/1508 3122/386/1508 3028/384/1509
f 3123/385/1509 3028/384/1509 3124/387/1507
f 3124/387/1507 3028/384/1509 3066/288/1509
f 2949/114/1508 3127/390/1508 3029/389/1509
f 3125/392/1509 3029/389/1509 3126/391/1507
f 2961/388/1507 3126/391/1507 3029/389/1509
f 3123/385/1509 3029/389/1509 3127/390/1508
f 2934/315/1488 3129/395/1506 3030/394/1506
f 3086/317/1488 3030/394/1506 3128/396/1506
f 3128/396/1506 3030/394/1506 3126/391/1507
f 2970/393/1507 3126/391/1507 3030/394/1506
f 3080/307/1488 3031/397/1506 3059/273/1506
f 3059/273/1506 3031/397/1506 3124/387/1507
f 2961/388/1507 3124/387/1507 3031/397/1506
f 2976/309/1488 3128/396/1506 3031/397/1506
f 3133/399/1530 3032/400/1534 3130/398/1531
f 2979/117/1533 3130/398/1531 3032/400/1534
f 3131/402/1535 3032/400/1534 3132/401/1536
f 2989/404/1538 3132/401/1536 3032/400/1534
f 2936/62/1539 3136/406/1544 3033/405/1540
f 3134/408/1541 3033/405/1540 3135/407/1542
f 2962/403/1537 3135/407/1542 3033/405/1540
f 3131/402/1535 3033/405/1540 3136/406/1544
f 3138/409/1545 3034/410/1546 3101/345/1525
f 2982/339/1515 3101/345/1525 3034/410/1546
f 3137/411/1547 3034/410/1546 3135/407/1542
f 2968/121/1543 3135/407/1542 3034/410/1546
f 2947/267/1502 3096/338/1514 3035/412/1548
f 3139/413/1549 3035/412/1548 3132/401/1536
f 2962/403/1537 3132/401/1536 3035/412/1548
f 3137/411/1547 3035/412/1548 3096/338/1514
f 2943/88/1511 3072/297/1510 3036/415/1550
f 2978/123/1552 3140/414/1551 3036/415/1550
f 3141/417/1553 3036/415/1550 3142/416/1554
f 3142/416/1554 3036/415/1550 3072/297/1510
f 2944/119/1532 3144/420/1558 3037/419/1556
f 3133/399/1530 3037/419/1556 3143/421/1557
f 2963/418/1555 3143/421/1557 3037/419/1556
f 3141/417/1553 3037/419/1556 3144/420/1558
f 3139/413/1549 3038/422/1559 3055/269/1505
f 2981/75/1499 3055/269/1505 3038/422/1559
f 3145/423/1560 3038/422/1559 3143/421/1557
f 2989/404/1538 3143/421/1557 3038/422/1559
f 3051/263/1498 3039/424/1561 3077/302/1513
f 3077/302/1513 3039/424/1561 3142/416/1554
f 2963/418/1555 3142/416/1554 3039/424/1561
f 3145/423/1560 3039/424/1561 3051/263/1498
f 3078/305/1513 3040/425/1564 3091/327/1497
f 3091/327/1497 3040/425/1564 3146/427/1562
f 2964/428/1563 3146/427/1562 3040/425/1564
f 3147/426/1565 3040/425/1564 3078/305/1513
f 3087/324/1497 3041/430/1568 3148/429/1566
f 2971/126/1567 3148/429/1566 3041/430/1568
f 3149/431/1569 3041/430/1568 3146/427/1562
f 3146/427/1562 3041/430/1568 3087/324/1497
f 3152/433/1570 3042/432/1574 3150/434/1571
f 2967/125/1573 3150/434/1571 3042/432/1574
f 3151/435/1575 3042/432/1574 3149/431/1569
f 2971/126/1567 3149/431/1569 3042/432/1574
f 3153/437/1576 3043/436/1577 3071/292/1510
f 2991/85/1512 3071/292/1510 3043/436/1577
f 2964/428/1563 3147/426/1565 3043/436/1577
f 3151/435/1575 3043/436/1577 3153/437/1576
s 76
f 3268/249/1578 3217/256/1580 3265/248/1579
f 3195/252/1579 3265/248/1579 3217/256/1580
f 3266/251/1581 3217/256/1580 3267/253/1582
f 3206/255/1584 3267/253/1582 3217/256/1580
f 3271/258/1579 3218/262/1585 3269/257/1585
f 3205/261/1586 3269/257/1585 3218/262/1585
f 3174/254/1583 3270/260/1587 3218/262/1585
f 3266/251/1581 3218/262/1585 3271/258/1579
f 3167/72/1588 3274/264/1593 3219/265/1589
f 3202/75/1591 3272/263/1590 3219/265/1589
f 3273/266/1592 3219/265/1589 3270/260/1587
f 3270/260/1587 3219/265/1589 3274/264/1593
f 3168/267/1594 3276/269/1597 3220/268/1595
f 3275/270/1596 3220/268/1595 3267/253/1582
f 3174/254/1583 3267/253/1582 3220/268/1595
f 3273/266/1592 3220/268/1595 3276/269/1597
f 3162/271/1579 3280/273/1598 3221/272/1598
f 3196/276/1579 3277/275/1579 3221/272/1598
f 3278/274/1598 3221/272/1598 3279/278/1599
f 3279/278/1599 3221/272/1598 3280/273/1598
f 3161/259/1579 3283/281/1579 3222/284/1598
f 3281/280/1598 3222/284/1598 3282/282/1599
f 3282/282/1599 3222/284/1598 3278/274/1598
f 3278/274/1598 3222/284/1598 3283/281/1579
f 3286/286/1601 3223/201/1601 3284/285/1602
f 3284/285/1602 3223/201/1601 3285/287/1601
f 3175/277/1600 3285/287/1601 3223/201/1601
f 3282/282/1599 3223/201/1601 3286/286/1601
f 3173/83/1602 3288/289/1602 3224/290/1601
f 3209/279/1599 3287/288/1601 3224/290/1601
f 3279/278/1599 3224/290/1601 3285/287/1601
f 3285/287/1601 3224/290/1601 3288/289/1602
f 3163/86/1603 3292/292/1604 3225/295/1604
f 3198/294/1603 3289/291/1603 3225/295/1604
f 3176/91/1605 3290/293/1604 3225/295/1604
f 3212/85/1605 3291/296/1605 3225/295/1604
f 3295/298/1603 3226/299/1604 3293/297/1604
f 3211/87/1605 3293/297/1604 3226/299/1604
f 3176/91/1605 3294/300/1605 3226/299/1604
f 3290/293/1604 3226/299/1604 3295/298/1603
f 3298/302/1606 3227/438/1606 3296/301/1588
f 3296/301/1588 3227/438/1606 3297/303/1606
f 3176/91/1605 3297/303/1606 3227/438/1606
f 3294/300/1605 3227/438/1606 3298/302/1606
f 3300/306/1588 3228/439/1606 3299/305/1606
f 3299/305/1606 3228/439/1606 3291/296/1605
f 3291/296/1605 3228/439/1606 3297/303/1606
f 3201/304/1588 3297/303/1606 3228/439/1606
f 3304/308/1585 3229/310/1585 3301/307/1579
f 3301/307/1579 3229/310/1585 3302/312/1585
f 3177/313/1586 3302/312/1585 3229/310/1585
f 3204/314/1586 3303/311/1586 3229/310/1585
f 3307/317/1579 3230/316/1585 3305/319/1585
f 3305/319/1585 3230/316/1585 3306/318/1586
f 3306/318/1586 3230/316/1585 3302/312/1585
f 3197/309/1579 3302/312/1585 3230/316/1585
f 3310/322/1593 3231/321/1593 3308/324/1588
f 3194/325/1588 3308/324/1588 3231/321/1593
f 3177/313/1586 3309/323/1593 3231/321/1593
f 3306/318/1586 3231/321/1593 3310/322/1593
f 3166/90/1588 3312/327/1588 3232/328/1593
f 3204/314/1586 3311/326/1593 3232/328/1593
f 3177/313/1586 3303/311/1586 3232/328/1593
f 3309/323/1593 3232/328/1593 3312/327/1588
f 3269/257/1585 3233/329/1585 3283/281/1579
f 3283/281/1579 3233/329/1585 3313/331/1585
f 3178/332/1586 3313/331/1585 3233/329/1585
f 3205/261/1586 3314/330/1586 3233/329/1585
f 3277/275/1579 3234/333/1585 3304/308/1585
f 3304/308/1585 3234/333/1585 3315/334/1586
f 3315/334/1586 3234/333/1585 3313/331/1585
f 3313/331/1585 3234/333/1585 3277/275/1579
f 3166/90/1588 3311/326/1593 3235/335/1593
f 3300/306/1588 3235/335/1593 3316/336/1593
f 3178/332/1586 3316/336/1593 3235/335/1593
f 3204/314/1586 3315/334/1586 3235/335/1593
f 3296/301/1588 3236/337/1593 3274/264/1593
f 3274/264/1593 3236/337/1593 3314/330/1586
f 3314/330/1586 3236/337/1593 3316/336/1593
f 3201/304/1588 3316/336/1593 3236/337/1593
f 3275/270/1596 3237/340/1609 3317/338/1607
f 3203/339/1608 3317/338/1607 3237/340/1609
f 3318/342/1610 3237/340/1609 3319/341/1611
f 3206/255/1584 3319/341/1611 3237/340/1609
f 3159/100/1613 3322/345/1618 3238/344/1614
f 3320/347/1615 3238/344/1614 3321/346/1616
f 3179/343/1612 3321/346/1616 3238/344/1614
f 3318/342/1610 3238/344/1614 3322/345/1618
f 3325/351/1619 3239/350/1621 3323/353/1579
f 3323/353/1579 3239/350/1621 3324/352/1620
f 3324/352/1620 3239/350/1621 3321/346/1616
f 3193/348/1617 3321/346/1616 3239/350/1621
f 3326/356/1579 3240/355/1622 3268/249/1578
f 3268/249/1578 3240/355/1622 3319/341/1611
f 3179/343/1612 3319/341/1611 3240/355/1622
f 3324/352/1620 3240/355/1622 3326/356/1579
f 3160/250/1579 3329/358/1598 3241/357/1598
f 3326/356/1579 3241/357/1598 3327/359/1598
f 3327/359/1598 3241/357/1598 3328/362/1599
f 3207/361/1599 3328/362/1599 3241/357/1598
f 3154/349/1579 3323/353/1579 3242/366/1598
f 3330/363/1598 3242/366/1598 3331/364/1599
f 3180/360/1599 3331/364/1599 3242/366/1598
f 3327/359/1598 3242/366/1598 3323/353/1579
f 3334/368/1601 3243/369/1601 3332/367/1602
f 3213/109/1602 3332/367/1602 3243/369/1601
f 3333/370/1601 3243/369/1601 3331/364/1599
f 3190/365/1600 3331/364/1599 3243/369/1601
f 3171/110/1602 3336/372/1602 3244/440/1601
f 3207/361/1599 3335/371/1601 3244/440/1601
f 3180/360/1599 3328/362/1599 3244/440/1601
f 3333/370/1601 3244/440/1601 3336/372/1602
f 3161/259/1579 3281/280/1598 3245/373/1598
f 3271/258/1579 3245/373/1598 3337/375/1598
f 3181/374/1599 3337/375/1598 3245/373/1598
f 3338/376/1599 3245/373/1598 3281/280/1598
f 3160/250/1579 3265/248/1579 3246/378/1598
f 3329/358/1598 3246/378/1598 3339/377/1599
f 3339/377/1599 3246/378/1598 3337/375/1598
f 3337/375/1598 3246/378/1598 3265/248/1579
f 3335/371/1601 3247/380/1601 3340/379/1602
f 3340/379/1602 3247/380/1601 3341/381/1601
f 3341/381/1601 3247/380/1601 3339/377/1599
f 3339/377/1599 3247/380/1601 3335/371/1601
f 3342/383/1602 3248/382/1601 3286/286/1601
f 3208/283/1600 3286/286/1601 3248/382/1601
f 3338/376/1599 3248/382/1601 3341/381/1601
f 3341/381/1601 3248/382/1601 3342/383/1602
f 3287/288/1601 3249/384/1601 3343/386/1602
f 3216/115/1602 3343/386/1602 3249/384/1601
f 3344/385/1601 3249/384/1601 3345/387/1600
f 3345/387/1600 3249/384/1601 3287/288/1601
f 3170/114/1602 3348/390/1602 3250/389/1601
f 3346/392/1601 3250/389/1601 3347/391/1600
f 3347/391/1600 3250/389/1601 3344/385/1601
f 3344/385/1601 3250/389/1601 3348/390/1602
f 3350/395/1598 3251/394/1598 3307/317/1579
f 3307/317/1579 3251/394/1598 3349/396/1598
f 3182/388/1599 3349/396/1598 3251/394/1598
f 3347/391/1600 3251/394/1598 3350/395/1598
f 3301/307/1579 3252/397/1598 3280/273/1598
f 3280/273/1598 3252/397/1598 3345/387/1600
f 3182/388/1599 3345/387/1600 3252/397/1598
f 3349/396/1598 3252/397/1598 3301/307/1579
f 3354/399/1623 3253/400/1627 3351/398/1624
f 3200/117/1626 3351/398/1624 3253/400/1627
f 3352/402/1628 3253/400/1627 3353/401/1629
f 3210/404/1631 3353/401/1629 3253/400/1627
f 3157/62/1632 3357/406/1637 3254/405/1633
f 3355/408/1634 3254/405/1633 3356/407/1635
f 3183/403/1630 3356/407/1635 3254/405/1633
f 3352/402/1628 3254/405/1633 3357/406/1637
f 3359/409/1638 3255/410/1639 3322/345/1618
f 3203/339/1608 3322/345/1618 3255/410/1639
f 3358/411/1640 3255/410/1639 3356/407/1635
f 3189/121/1636 3356/407/1635 3255/410/1639
f 3168/267/1594 3317/338/1607 3256/412/1641
f 3360/413/1642 3256/412/1641 3353/401/1629
f 3183/403/1630 3353/401/1629 3256/412/1641
f 3358/411/1640 3256/412/1641 3317/338/1607
f 3164/88/1603 3293/297/1604 3257/415/1643
f 3199/123/1645 3361/414/1644 3257/415/1643
f 3362/417/1646 3257/415/1643 3363/416/1647
f 3363/416/1647 3257/415/1643 3293/297/1604
f 3165/119/1625 3365/420/1651 3258/419/1649
f 3354/399/1623 3258/419/1649 3364/421/1650
f 3184/418/1648 3364/421/1650 3258/419/1649
f 3362/417/1646 3258/419/1649 3365/420/1651
f 3360/413/1642 3259/422/1652 3276/269/1597
f 3202/75/1591 3276/269/1597 3259/422/1652
f 3366/423/1653 3259/422/1652 3364/421/1650
f 3210/404/1631 3364/421/1650 3259/422/1652
f 3272/263/1590 3260/424/1654 3298/302/1606
f 3298/302/1606 3260/424/1654 3363/416/1647
f 3184/418/1648 3363/416/1647 3260/424/1654
f 3366/423/1653 3260/424/1654 3272/263/1590
f 3299/305/1606 3261/425/1657 3312/327/1588
f 3312/327/1588 3261/425/1657 3367/427/1655
f 3185/428/1656 3367/427/1655 3261/425/1657
f 3368/426/1658 3261/425/1657 3299/305/1606
f 3158/320/1588 3308/324/1588 3262/430/1659
f 3192/126/1661 3369/429/1660 3262/430/1659
f 3370/431/1662 3262/430/1659 3367/427/1655
f 3367/427/1655 3262/430/1659 3308/324/1588
f 3373/433/1663 3263/432/1667 3371/434/1664
f 3188/125/1666 3371/434/1664 3263/432/1667
f 3372/435/1668 3263/432/1667 3370/431/1662
f 3192/126/1661 3370/431/1662 3263/432/1667
f 3374/437/1669 3264/436/1670 3292/292/1604
f 3212/85/1605 3292/292/1604 3264/436/1670
f 3185/428/1656 3368/426/1658 3264/436/1670
f 3372/435/1668 3264/436/1670 3374/437/1669
s 77
f 3381/250/1671 3486/248/1671 3438/256/1672
f 3487/251/1674 3438/256/1672 3486/248/1671
f 3395/254/1675 3488/253/1677 3438/256/1672
f 3427/255/1676 3489/249/1673 3438/256/1672
f 3490/257/1678 3439/262/1681 3492/258/1679
f 3426/261/1680 3491/260/1682 3439/262/1681
f 3487/251/1674 3439/262/1681 3491/260/1682
f 3416/252/1671 3492/258/1679 3439/262/1681
f 3493/263/1683 3440/265/1687 3495/264/1684
f 3423/75/1686 3494/266/1688 3440/265/1687
f 3395/254/1675 3491/260/1682 3440/265/1687
f 3495/264/1684 3440/265/1687 3491/260/1682
f 3389/267/1689 3496/270/1692 3441/268/1690
f 3488/253/1677 3441/268/1690 3496/270/1692
f 3395/254/1675 3494/266/1688 3441/268/1690
f 3497/269/1691 3441/268/1690 3494/266/1688
f 3498/275/1693 3442/272/1694 3501/273/1694
f 3499/274/1694 3442/272/1694 3498/275/1693
f 3396/277/1696 3500/278/1696 3442/272/1694
f 3501/273/1694 3442/272/1694 3500/278/1696
f 3502/280/1694 3443/284/1694 3504/281/1693
f 3503/282/1696 3443/284/1694 3502/280/1694
f 3499/274/1694 3443/284/1694 3503/282/1696
f 3417/276/1693 3504/281/1693 3443/284/1694
f 3393/80/1697 3505/285/1697 3444/201/1698
f 3506/287/1698 3444/201/1698 3505/285/1697
f 3396/277/1696 3503/282/1696 3444/201/1698
f 3507/286/1698 3444/201/1698 3503/282/1696
f 3508/288/1698 3445/290/1698 3509/289/1697
f 3430/279/1696 3500/278/1696 3445/290/1698
f 3506/287/1698 3445/290/1698 3500/278/1696
f 3509/289/1697 3445/290/1698 3506/287/1698
f 3384/86/1699 3510/291/1703 3446/295/1700
f 3511/293/1702 3446/295/1700 3510/291/1703
f 3397/91/1705 3512/296/1706 3446/295/1700
f 3513/292/1701 3446/295/1700 3512/296/1706
f 3514/297/1708 3447/299/1712 3516/298/1709
f 3432/87/1711 3515/300/1713 3447/299/1712
f 3511/293/1702 3447/299/1712 3515/300/1713
f 3419/294/1704 3516/298/1709 3447/299/1712
f 3517/301/1714 3448/438/1717 3519/302/1715
f 3422/304/1716 3518/303/1718 3448/438/1717
f 3515/300/1713 3448/438/1717 3518/303/1718
f 3432/87/1711 3519/302/1715 3448/438/1717
f 3387/90/1719 3520/305/1722 3449/439/1720
f 3512/296/1706 3449/439/1720 3520/305/1722
f 3397/91/1705 3518/303/1718 3449/439/1720
f 3521/306/1721 3449/439/1720 3518/303/1718
f 3383/271/1695 3522/307/1695 3450/310/1723
f 3523/312/1723 3450/310/1723 3522/307/1695
f 3398/313/1724 3524/311/1725 3450/310/1723
f 3525/308/1723 3450/310/1723 3524/311/1725
f 3526/319/1723 3451/316/1723 3528/317/1695
f 3408/228/1727 3527/318/1727 3451/316/1723
f 3523/312/1723 3451/316/1723 3527/318/1727
f 3418/309/1695 3528/317/1695 3451/316/1723
f 3529/324/1728 3452/321/1732 3531/322/1729
f 3415/325/1731 3530/323/1733 3452/321/1732
f 3398/313/1724 3527/318/1727 3452/321/1732
f 3531/322/1729 3452/321/1732 3527/318/1727
f 3387/90/1719 3532/326/1736 3453/328/1734
f 3425/314/1726 3524/311/1725 3453/328/1734
f 3530/323/1733 3453/328/1734 3524/311/1725
f 3533/327/1735 3453/328/1734 3530/323/1733
f 3382/259/1679 3504/281/1693 3454/329/1737
f 3534/331/1738 3454/329/1737 3504/281/1693
f 3399/332/1739 3535/330/1740 3454/329/1737
f 3490/257/1678 3454/329/1737 3535/330/1740
f 3525/308/1723 3455/333/1741 3498/275/1693
f 3425/314/1726 3536/334/1742 3455/333/1741
f 3534/331/1738 3455/333/1741 3536/334/1742
f 3417/276/1693 3498/275/1693 3455/333/1741
f 3521/306/1721 3456/335/1743 3532/326/1736
f 3422/304/1716 3537/336/1744 3456/335/1743
f 3399/332/1739 3536/334/1742 3456/335/1743
f 3532/326/1736 3456/335/1743 3536/334/1742
f 3388/72/1685 3495/264/1684 3457/337/1745
f 3426/261/1680 3535/330/1740 3457/337/1745
f 3537/336/1744 3457/337/1745 3535/330/1740
f 3517/301/1714 3457/337/1745 3537/336/1744
f 3538/338/1746 3458/340/1748 3496/270/1692
f 3424/339/1747 3539/342/1750 3458/340/1748
f 3540/341/1749 3458/340/1748 3539/342/1750
f 3427/255/1676 3496/270/1692 3458/340/1748
f 3380/100/1752 3541/347/1756 3459/344/1753
f 3542/346/1755 3459/344/1753 3541/347/1756
f 3400/343/1751 3539/342/1750 3459/344/1753
f 3543/345/1754 3459/344/1753 3539/342/1750
f 3375/349/1758 3544/353/1762 3460/350/1759
f 3545/352/1761 3460/350/1759 3544/353/1762
f 3542/346/1755 3460/350/1759 3545/352/1761
f 3414/348/1757 3546/351/1760 3460/350/1759
f 3489/249/1673 3461/355/1764 3547/356/1763
f 3540/341/1749 3461/355/1764 3489/249/1673
f 3400/343/1751 3545/352/1761 3461/355/1764
f 3407/354/1762 3547/356/1763 3461/355/1764
f 3547/356/1763 3462/357/1694 3550/358/1694
f 3407/354/1762 3548/359/1694 3462/357/1694
f 3549/362/1696 3462/357/1694 3548/359/1694
f 3428/361/1696 3550/358/1694 3462/357/1694
f 3375/349/1758 3551/363/1694 3463/366/1694
f 3411/365/1696 3552/364/1696 3463/366/1694
f 3548/359/1694 3463/366/1694 3552/364/1696
f 3544/353/1762 3463/366/1694 3548/359/1694
f 3553/367/1697 3464/369/1698 3555/368/1698
f 3434/109/1697 3554/370/1698 3464/369/1698
f 3552/364/1696 3464/369/1698 3554/370/1698
f 3411/365/1696 3555/368/1698 3464/369/1698
f 3556/371/1698 3465/440/1698 3557/372/1697
f 3428/361/1696 3549/362/1696 3465/440/1698
f 3401/360/1696 3554/370/1698 3465/440/1698
f 3557/372/1697 3465/440/1698 3554/370/1698
f 3382/259/1679 3492/258/1679 3466/373/1694
f 3416/252/1671 3558/375/1694 3466/373/1694
f 3402/374/1696 3559/376/1696 3466/373/1694
f 3502/280/1694 3466/373/1694 3559/376/1696
f 3550/358/1694 3467/378/1694 3486/248/1671
f 3428/361/1696 3560/377/1696 3467/378/1694
f 3558/375/1694 3467/378/1694 3560/377/1696
f 3486/248/1671 3467/378/1694 3558/375/1694
f 3561/379/1697 3468/380/1698 3556/371/1698
f 3562/381/1698 3468/380/1698 3561/379/1697
f 3560/377/1696 3468/380/1698 3562/381/1698
f 3556/371/1698 3468/380/1698 3560/377/1696
f 3507/286/1698 3469/382/1698 3563/383/1697
f 3429/283/1696 3559/376/1696 3469/382/1698
f 3562/381/1698 3469/382/1698 3559/376/1696
f 3563/383/1697 3469/382/1698 3562/381/1698
f 3564/386/1697 3470/384/1698 3508/288/1698
f 3565/385/1698 3470/384/1698 3564/386/1697
f 3566/387/1696 3470/384/1698 3565/385/1698
f 3508/288/1698 3470/384/1698 3566/387/1696
f 3567/392/1698 3471/389/1698 3569/390/1697
f 3568/391/1696 3471/389/1698 3567/392/1698
f 3565/385/1698 3471/389/1698 3568/391/1696
f 3569/390/1697 3471/389/1698 3565/385/1698
f 3528/317/1695 3472/394/1694 3571/395/1694
f 3570/396/1694 3472/394/1694 3528/317/1695
f 3568/391/1696 3472/394/1694 3570/396/1694
f 3571/395/1694 3472/394/1694 3568/391/1696
f 3501/273/1694 3473/397/1694 3522/307/1695
f 3430/279/1696 3566/387/1696 3473/397/1694
f 3570/396/1694 3473/397/1694 3566/387/1696
f 3418/309/1695 3522/307/1695 3473/397/1694
f 3386/119/1765 3572/398/1769 3474/400/1766
f 3573/402/1768 3474/400/1766 3572/398/1769
f 3404/403/1771 3574/401/1772 3474/400/1766
f 3575/399/1767 3474/400/1766 3574/401/1772
f 3576/408/1774 3475/405/1778 3578/406/1775
f 3410/121/1777 3577/407/1779 3475/405/1778
f 3404/403/1771 3573/402/1768 3475/405/1778
f 3421/117/1770 3578/406/1775 3475/405/1778
f 3543/345/1754 3476/410/1781 3580/409/1780
f 3424/339/1747 3579/411/1782 3476/410/1781
f 3577/407/1779 3476/410/1781 3579/411/1782
f 3410/121/1777 3580/409/1780 3476/410/1781
f 3389/267/1689 3581/413/1784 3477/412/1783
f 3574/401/1772 3477/412/1783 3581/413/1784
f 3404/403/1771 3579/411/1782 3477/412/1783
f 3538/338/1746 3477/412/1783 3579/411/1782
f 3385/88/1710 3582/414/1787 3478/415/1785
f 3583/417/1786 3478/415/1785 3582/414/1787
f 3405/418/1789 3584/416/1790 3478/415/1785
f 3514/297/1708 3478/415/1785 3584/416/1790
f 3575/399/1767 3479/419/1792 3586/420/1791
f 3431/404/1773 3585/421/1793 3479/419/1792
f 3583/417/1786 3479/419/1792 3585/421/1793
f 3420/123/1788 3586/420/1791 3479/419/1792
f 3497/269/1691 3480/422/1794 3581/413/1784
f 3423/75/1686 3587/423/1795 3480/422/1794
f 3585/421/1793 3480/422/1794 3587/423/1795
f 3431/404/1773 3581/413/1784 3480/422/1794
f 3388/72/1685 3519/302/1715 3481/424/1796
f 3584/416/1790 3481/424/1796 3519/302/1715
f 3405/418/1789 3587/423/1795 3481/424/1796
f 3493/263/1683 3481/424/1796 3587/423/1795
f 3533/327/1735 3482/425/1797 3520/305/1722
f 3415/325/1731 3588/427/1799 3482/425/1797
f 3406/428/1798 3589/426/1800 3482/425/1797
f 3433/85/1707 3520/305/1722 3482/425/1797
f 3379/320/1730 3590/429/1803 3483/430/1801
f 3413/126/1802 3591/431/1804 3483/430/1801
f 3588/427/1799 3483/430/1801 3591/431/1804
f 3529/324/1728 3483/430/1801 3588/427/1799
f 3592/434/1805 3484/432/1809 3594/433/1806
f 3409/125/1808 3593/435/1810 3484/432/1809
f 3591/431/1804 3484/432/1809 3593/435/1810
f 3413/126/1802 3594/433/1806 3484/432/1809
f 3513/292/1701 3485/436/1812 3595/437/1811
f 3433/85/1707 3589/426/1800 3485/436/1812
f 3406/428/1798 3593/435/1810 3485/436/1812
f 3595/437/1811 3485/436/1812 3593/435/1810
