# Blender 5.1.0
# www.blender.org
mtllib DjSpit.mtl
o Torso.001
v 0.023666 0.706095 0.022727
v 0.031479 0.706096 0.010906
v 0.030892 0.721025 0.010689
v 0.023443 0.720812 0.023389
v 0.034555 0.706731 -0.002707
v 0.033865 0.721250 -0.003842
v 0.034140 0.735831 -0.004822
v 0.031290 0.735602 0.011157
v 0.023815 0.735285 0.025292
v -0.000001 0.706369 -0.039240
v -0.000001 0.720953 -0.040894
v 0.008404 0.720953 -0.038719
v 0.009040 0.705702 -0.036806
v -0.000001 0.735606 -0.042692
v 0.008503 0.735606 -0.040692
v 0.015953 0.735606 -0.038135
v 0.015762 0.720958 -0.035987
v 0.016478 0.706272 -0.033914
v 0.021018 0.865000 0.095973
v 0.024282 0.868688 0.102538
v 0.013498 0.865874 0.112010
v 0.012892 0.860951 0.100995
v 0.025370 0.877052 0.106292
v 0.014102 0.874880 0.116336
v -0.000001 0.874485 0.122156
v -0.000001 0.864296 0.117526
v -0.000001 0.857841 0.105548
v 0.026191 0.903161 -0.015231
v 0.031600 0.902750 -0.007563
v 0.032493 0.890691 -0.011690
v 0.026794 0.890665 -0.020139
v 0.034731 0.902127 0.002180
v 0.035721 0.890728 -0.000842
v 0.036503 0.878750 -0.003205
v 0.033266 0.878083 -0.015035
v 0.027306 0.877621 -0.024145
v -0.000001 0.920216 0.027728
v -0.000001 0.920003 0.046361
v 0.013490 0.917852 0.046477
v 0.013205 0.919666 0.028350
v -0.000001 0.917299 0.067732
v 0.014089 0.914091 0.067039
v 0.025352 0.908983 0.066525
v 0.024272 0.913689 0.046451
v 0.023697 0.916813 0.028687
v 0.026130 0.878993 0.026460
v 0.029956 0.889516 0.027038
v 0.030211 0.885656 0.044763
v 0.025130 0.877167 0.044249
v 0.030238 0.899514 0.027840
v 0.031112 0.895441 0.045569
v 0.032387 0.889689 0.065884
v 0.031104 0.880154 0.064383
v 0.025567 0.871986 0.063065
v 0.021018 0.896626 0.098935
v 0.012892 0.898127 0.104470
v 0.013498 0.886454 0.113935
v 0.024282 0.888239 0.104275
v -0.000001 0.898625 0.109598
v -0.000001 0.886434 0.119828
v 0.023949 0.917313 -0.006133
v 0.026110 0.918822 -0.001246
v 0.030582 0.912504 -0.003130
v 0.025454 0.912875 -0.009849
v 0.028339 0.918541 0.006804
v 0.033425 0.911878 0.005345
v 0.028764 0.909354 0.028453
v 0.029639 0.905502 0.046140
v 0.030961 0.900074 0.066369
v 0.013490 0.861627 0.083324
v 0.024272 0.866980 0.082529
v -0.000001 0.857094 0.085828
v -0.000001 0.860368 0.063893
v 0.014232 0.865706 0.063133
v 0.030969 0.882774 0.087800
v 0.029639 0.873973 0.085151
v 0.029639 0.893549 0.087084
v 0.024272 0.902900 0.086015
v 0.014750 0.920489 0.015087
v -0.000001 0.920498 0.013147
v 0.026294 0.918151 0.016127
v 0.016007 0.920674 0.004709
v -0.000001 0.920562 0.001705
v 0.012597 0.720705 0.030361
v 0.012653 0.705609 0.028996
v 0.012794 0.735064 0.033120
v -0.000001 0.734893 0.037794
v -0.000001 0.720614 0.034469
v -0.000001 0.706152 0.032422
v 0.021766 0.890657 -0.025738
v 0.021230 0.903257 -0.020503
v 0.022213 0.877467 -0.029961
v 0.016525 0.877467 -0.033574
v 0.016112 0.890657 -0.029353
v 0.015615 0.903196 -0.024045
v 0.014062 0.870994 0.044553
v 0.013592 0.875349 0.028110
v -0.000001 0.865978 0.045267
v -0.000001 0.871259 0.029706
v 0.020604 0.912835 -0.014600
v 0.018833 0.918772 -0.008715
v 0.015085 0.912589 -0.017913
v 0.014484 0.916922 -0.013079
v 0.013490 0.907428 0.087604
v -0.000001 0.909543 0.090522
v 0.027518 0.834611 -0.031267
v 0.033568 0.834750 -0.020525
v 0.032294 0.820959 -0.021180
v 0.026739 0.820691 -0.031980
v 0.036800 0.834498 -0.005692
v 0.035205 0.820755 -0.005782
v 0.034104 0.809091 -0.007704
v 0.030950 0.808761 -0.021629
v 0.025901 0.808402 -0.032369
v -0.000001 0.834566 -0.045679
v 0.008869 0.834566 -0.043737
v 0.008701 0.820601 -0.044469
v -0.000001 0.820601 -0.046411
v 0.016685 0.834565 -0.041238
v 0.016350 0.820601 -0.041970
v 0.015985 0.808282 -0.042340
v 0.008519 0.808282 -0.044838
v -0.000001 0.808282 -0.046780
v 0.023358 0.814947 0.032314
v 0.024656 0.822250 0.030554
v 0.013301 0.822644 0.037868
v 0.012897 0.815360 0.038118
v 0.025247 0.832984 0.028727
v 0.013503 0.831959 0.036953
v -0.000001 0.830617 0.041399
v -0.000001 0.821822 0.042659
v -0.000001 0.814915 0.043072
v 0.024999 0.779674 -0.031882
v 0.024801 0.784287 -0.032084
v 0.029501 0.784731 -0.020768
v 0.029762 0.780071 -0.020413
v 0.024801 0.787017 -0.032216
v 0.029501 0.787424 -0.021097
v 0.032725 0.788116 -0.008131
v 0.032682 0.784672 -0.006069
v 0.032765 0.779983 -0.004730
v -0.000001 0.786817 -0.046648
v 0.008251 0.786817 -0.044706
v 0.008251 0.784075 -0.044640
v -0.000001 0.784075 -0.046582
v 0.015449 0.786817 -0.042207
v 0.015449 0.784075 -0.042141
v 0.015545 0.779477 -0.041990
v 0.008299 0.779477 -0.044488
v -0.000001 0.779477 -0.046430
v 0.020205 0.780980 0.047007
v 0.018299 0.783909 0.044390
v 0.010174 0.782837 0.048453
v 0.011118 0.779663 0.051692
v 0.018017 0.786358 0.038859
v 0.009606 0.785213 0.042425
v 0.000001 0.784858 0.044702
v 0.000001 0.782484 0.050965
v 0.000001 0.779252 0.054633
v 0.024924 0.798843 -0.032532
v 0.029651 0.798984 -0.022064
v 0.029501 0.796079 -0.022093
v 0.024801 0.795936 -0.032519
v 0.032883 0.799177 -0.009347
v 0.032738 0.796272 -0.009558
v 0.032743 0.793453 -0.009144
v 0.029501 0.793331 -0.021988
v 0.024801 0.793082 -0.032463
v -0.000001 0.798796 -0.046852
v 0.008282 0.798796 -0.044910
v 0.008251 0.795888 -0.044883
v -0.000001 0.795888 -0.046825
v 0.015511 0.798796 -0.042412
v 0.015449 0.795888 -0.042384
v 0.015449 0.792999 -0.042345
v 0.008251 0.792999 -0.044843
v -0.000001 0.792999 -0.046785
v 0.030544 0.771321 -0.020009
v 0.025594 0.771009 -0.031532
v 0.033122 0.771262 -0.002480
v 0.034020 0.759700 -0.002659
v 0.031307 0.760223 -0.019525
v 0.026141 0.760026 -0.030905
v 0.008444 0.770842 -0.044156
v -0.000001 0.770842 -0.046098
v 0.015836 0.770842 -0.041658
v 0.016095 0.759896 -0.040983
v 0.008574 0.759896 -0.043482
v -0.000001 0.759896 -0.045424
v 0.024016 0.757025 0.036277
v 0.023555 0.766528 0.040522
v 0.012750 0.764976 0.050705
v 0.012955 0.756246 0.045681
v 0.022390 0.773476 0.044950
v 0.012363 0.772341 0.052326
v 0.000001 0.771735 0.055429
v 0.000001 0.764469 0.054264
v 0.000000 0.755908 0.050215
v 0.028033 0.855902 -0.028658
v 0.034293 0.856105 -0.018478
v 0.034204 0.845963 -0.019619
v 0.027950 0.845850 -0.030150
v 0.037593 0.856290 -0.004940
v 0.037530 0.845856 -0.005393
v -0.000001 0.855834 -0.042882
v 0.008990 0.855834 -0.040940
v 0.008968 0.845813 -0.042550
v -0.000001 0.845813 -0.044491
v 0.016928 0.855834 -0.038441
v 0.016883 0.845813 -0.040051
v 0.025400 0.844146 0.027215
v 0.013520 0.842635 0.035028
v 0.025324 0.855696 0.025404
v 0.013462 0.854015 0.032478
v -0.000001 0.851799 0.036041
v -0.000001 0.840914 0.039129
v 0.031510 0.748519 -0.018929
v 0.026199 0.748454 -0.029872
v 0.034323 0.748592 -0.004408
v 0.031290 0.735787 -0.018185
v 0.025941 0.735651 -0.028282
v 0.008576 0.748369 -0.042303
v -0.000001 0.748369 -0.044245
v 0.016100 0.748369 -0.039805
v 0.012941 0.747155 0.038189
v 0.024054 0.747515 0.029614
v -0.000001 0.746921 0.043043
v 0.030102 0.802324 -0.021917
v 0.025294 0.802059 -0.032518
v 0.033334 0.802674 -0.008811
v 0.008375 0.801971 -0.044941
v -0.000001 0.801971 -0.046882
v 0.015698 0.801971 -0.042442
v 0.021220 0.806342 0.032529
v 0.011432 0.807195 0.037467
v 0.010369 0.803167 0.036200
v 0.018852 0.802801 0.032935
v -0.000001 0.806745 0.041701
v -0.000001 0.803208 0.039615
v -0.000001 0.800280 0.035567
v 0.009699 0.799803 0.032803
v 0.018183 0.799437 0.030278
v 0.024801 0.790029 -0.032352
v 0.029501 0.790464 -0.021738
v 0.032742 0.790792 -0.008754
v 0.008251 0.789884 -0.044779
v -0.000001 0.789884 -0.046721
v 0.015449 0.789884 -0.042280
v 0.026746 0.706712 -0.023616
v 0.025722 0.721102 -0.025983
v 0.031090 0.721249 -0.016308
v 0.032029 0.706895 -0.014397
v 0.032861 0.901395 0.013679
v 0.033334 0.890771 0.011951
v 0.033425 0.879521 0.010773
v 0.031423 0.911154 0.015364
v 0.014858 0.920573 -0.004767
v 0.009523 0.918158 -0.012797
v -0.000001 0.917738 -0.014945
v -0.000001 0.920090 -0.007205
v 0.033472 0.833376 0.012941
v 0.032116 0.818356 0.018616
v 0.028831 0.812210 0.025976
v 0.032973 0.809123 0.008206
v 0.020452 0.784749 0.040144
v 0.021443 0.786033 0.036532
v 0.023788 0.783308 0.037915
v 0.024792 0.786345 0.032626
v 0.025121 0.799720 0.025025
v 0.022202 0.799530 0.028309
v 0.022662 0.796769 0.027104
v 0.025438 0.796678 0.023865
v 0.021426 0.796494 0.026851
v 0.021962 0.793165 0.027173
v 0.022996 0.793608 0.027916
v 0.025503 0.793495 0.025000
v 0.030475 0.770263 0.022148
v 0.027749 0.775701 0.034411
v 0.031291 0.758730 0.018526
v 0.031797 0.778712 0.014435
v 0.030032 0.783194 0.023343
v 0.033718 0.867882 0.010733
v 0.037189 0.867263 -0.004391
v 0.025229 0.867590 0.024826
v 0.033985 0.856303 0.011309
v 0.031510 0.748126 0.013593
v 0.021362 0.801777 0.029969
v 0.024598 0.803389 0.027681
v 0.021429 0.789000 0.032313
v 0.022516 0.789492 0.032446
v 0.025273 0.789570 0.028696
v 0.021689 0.795906 0.020190
v 0.022488 0.792878 0.020005
v 0.017971 0.797949 0.022971
v 0.018349 0.796277 0.014329
v 0.022126 0.794488 0.011448
v 0.022938 0.791681 0.011000
v 0.010037 0.798502 0.025833
v -0.000001 0.798926 0.028578
v -0.000001 0.796631 0.018840
v 0.010251 0.796738 0.016773
v 0.021667 0.789138 0.024876
v 0.017939 0.786889 0.029600
v 0.022145 0.788701 0.014980
v 0.018378 0.786790 0.019288
v 0.010016 0.785910 0.033115
v 0.000001 0.785455 0.035893
v 0.010271 0.785677 0.022303
v 0.000000 0.785054 0.024523
v 0.019752 0.792135 0.004952
v 0.020421 0.790529 0.003479
v 0.016454 0.793238 0.006763
v 0.013721 0.790457 0.001888
v 0.015586 0.789742 0.000082
v 0.015699 0.788341 -0.000714
v 0.009210 0.792539 0.007101
v -0.000001 0.791034 0.006545
v -0.000001 0.786046 0.000157
v 0.008734 0.788671 -0.000372
v 0.019779 0.788148 0.006739
v 0.016495 0.786484 0.009762
v 0.015604 0.787473 0.000503
v 0.013748 0.786968 0.002376
v 0.009237 0.785337 0.010354
v 0.000000 0.784356 0.009880
v 0.008753 0.785026 0.001356
v 0.033924 0.866683 -0.017124
v 0.027769 0.866263 -0.026820
v -0.000001 0.877467 -0.038015
v 0.008777 0.877467 -0.036073
v 0.008928 0.866123 -0.038941
v -0.000001 0.866123 -0.040883
v 0.016803 0.866123 -0.036443
v 0.013439 0.865439 0.029990
v -0.000001 0.862358 0.032627
v 0.033999 0.845235 0.011980
v 0.024837 0.692680 0.022442
v 0.033357 0.692897 0.010823
v 0.026382 0.681742 0.023514
v 0.031910 0.681585 0.016234
v 0.035463 0.681976 0.010912
v 0.044008 0.680165 -0.003920
v 0.037192 0.693549 -0.002429
v 0.038421 0.681862 0.005351
v -0.000001 0.691208 0.030586
v 0.013397 0.691789 0.028423
v -0.000001 0.681302 0.030694
v 0.014853 0.681854 0.029018
v 0.029771 0.693782 -0.021872
v 0.024215 0.693580 -0.028092
v 0.021956 0.706546 -0.029819
v 0.036660 0.679792 -0.020974
v 0.026771 0.681663 -0.027291
v 0.020942 0.681511 -0.031820
v 0.018445 0.692954 -0.032469
v 0.035372 0.694103 -0.013354
v 0.041776 0.682793 -0.012814
v 0.037837 0.519817 0.010474
v 0.037784 0.532151 0.010628
v 0.029194 0.530028 0.021805
v 0.030689 0.519773 0.022112
v 0.041794 0.532285 -0.003208
v 0.042070 0.519878 -0.003496
v 0.038379 0.569550 0.012780
v 0.038530 0.560507 0.012526
v 0.040724 0.558811 -0.002470
v 0.040331 0.570974 -0.002074
v 0.031531 0.568128 0.026252
v 0.031546 0.559662 0.024597
v 0.002414 0.521131 0.033886
v 0.009424 0.520368 0.033205
v 0.009068 0.530695 0.033358
v 0.002921 0.529389 0.033977
v 0.016956 0.530594 0.031868
v 0.017532 0.520732 0.031760
v 0.016265 0.567474 0.034790
v 0.008785 0.567387 0.036474
v 0.009001 0.559205 0.034250
v 0.016578 0.559255 0.032634
v 0.003479 0.560886 0.034672
v 0.000831 0.567319 0.036071
v 0.033569 0.519753 -0.024601
v 0.027275 0.519694 -0.030491
v 0.026942 0.531819 -0.030248
v 0.033265 0.531490 -0.024289
v 0.019834 0.531705 -0.033557
v 0.019982 0.519648 -0.033699
v 0.025226 0.569708 -0.029533
v 0.025762 0.557783 -0.029749
v 0.019018 0.557885 -0.033509
v 0.018730 0.569529 -0.033620
v 0.031691 0.558127 -0.023534
v 0.031065 0.570154 -0.023143
v 0.039684 0.519836 -0.015395
v 0.039280 0.532170 -0.015060
v 0.037246 0.570875 -0.013773
v 0.037830 0.558664 -0.014220
v 0.032394 0.451487 0.022228
v 0.038998 0.451488 0.010430
v 0.039160 0.468909 0.010427
v 0.031750 0.471240 0.022187
v 0.043160 0.468921 -0.003712
v 0.042610 0.451500 -0.003845
v 0.038438 0.503909 0.010441
v 0.042821 0.503946 -0.003574
v 0.031126 0.503898 0.022120
v -0.000001 0.451632 0.032018
v 0.010202 0.451588 0.030573
v 0.009898 0.469181 0.030290
v 0.001410 0.472662 0.031747
v 0.018818 0.469077 0.028787
v 0.019332 0.451547 0.029045
v 0.017759 0.517134 0.032465
v 0.009471 0.516653 0.033911
v 0.010015 0.505665 0.033905
v 0.018382 0.506078 0.032444
v 0.001240 0.508441 0.034612
v 0.001097 0.517078 0.034592
v 0.026656 0.451520 -0.031884
v 0.027416 0.468941 -0.031408
v 0.034267 0.468594 -0.025469
v 0.032947 0.451518 -0.025902
v 0.019469 0.451520 -0.035209
v 0.020078 0.468941 -0.034674
v 0.027648 0.503858 -0.030556
v 0.020222 0.503835 -0.033763
v 0.034081 0.503888 -0.024688
v 0.039462 0.451511 -0.016268
v 0.040281 0.468931 -0.015960
v 0.040359 0.503928 -0.015490
v 0.039643 0.395299 0.010404
v 0.039414 0.410143 0.010422
v 0.033197 0.410133 0.022306
v 0.033469 0.395289 0.022333
v 0.042213 0.410155 -0.004187
v 0.042263 0.395311 -0.004263
v 0.038977 0.437148 0.010430
v 0.042076 0.437160 -0.003758
v 0.032677 0.437143 0.022256
v 0.008389 0.395286 0.031078
v 0.009059 0.410130 0.030972
v -0.000001 0.410130 0.032192
v -0.000001 0.395286 0.032192
v 0.016875 0.395286 0.029694
v 0.017807 0.410130 0.029534
v 0.009908 0.437193 0.030726
v 0.018954 0.437172 0.029221
v -0.000001 0.437215 0.032103
v 0.027734 0.395331 -0.035270
v 0.027194 0.410175 -0.034441
v 0.033337 0.410173 -0.028330
v 0.033898 0.395328 -0.027440
v 0.017314 0.395331 -0.040842
v 0.016943 0.410175 -0.039931
v 0.026464 0.437180 -0.032273
v 0.019394 0.437180 -0.035666
v 0.032582 0.437178 -0.026248
v 0.039540 0.395321 -0.017350
v 0.039256 0.410165 -0.017238
v 0.038875 0.437171 -0.016367
v 0.032121 0.608026 0.024698
v 0.039087 0.618037 0.012749
v 0.037985 0.617999 0.018690
v 0.042928 0.625675 -0.000141
v 0.041833 0.628386 0.006630
v 0.038399 0.614675 0.012811
v 0.041238 0.628017 0.011968
v 0.015533 0.611550 0.035210
v 0.024724 0.611670 0.033456
v 0.024006 0.618185 0.033968
v 0.015362 0.617907 0.035595
v 0.033075 0.614415 0.029786
v 0.031838 0.620801 0.030317
v 0.029394 0.629731 0.029437
v 0.022562 0.627968 0.032852
v 0.014934 0.627820 0.034449
v 0.032824 0.621039 -0.023073
v 0.026478 0.619959 -0.031101
v 0.028098 0.635532 -0.030784
v 0.036351 0.637232 -0.022175
v 0.021333 0.620174 -0.035976
v 0.020456 0.634325 -0.036259
v 0.019427 0.643683 -0.036043
v 0.028754 0.645366 -0.030214
v 0.038123 0.647220 -0.021414
v 0.038920 0.623285 -0.012754
v 0.041097 0.639132 -0.012095
v 0.043110 0.640054 -0.002903
v 0.041804 0.648492 -0.011810
v 0.042846 0.648758 -0.003558
v 0.027166 0.655507 0.024188
v 0.032015 0.659308 0.018348
v 0.031238 0.669975 0.018201
v 0.026569 0.669651 0.023825
v 0.036321 0.659557 0.012211
v 0.035680 0.670454 0.011197
v 0.014371 0.655834 0.029294
v 0.020714 0.655911 0.027665
v 0.020928 0.669406 0.026990
v 0.014469 0.669199 0.028584
v 0.040581 0.660789 -0.020337
v 0.029283 0.660852 -0.028396
v 0.027924 0.670521 -0.027568
v 0.036396 0.670313 -0.022522
v 0.019946 0.660530 -0.033993
v 0.020869 0.670534 -0.032609
v -0.027699 0.683640 0.289459
v -0.024948 0.682576 0.290789
v -0.025172 0.687195 0.291222
v -0.028877 0.687035 0.289568
v -0.021940 0.683796 0.290758
v -0.021108 0.687247 0.291346
v -0.022007 0.690559 0.290266
v -0.025038 0.691706 0.290124
v -0.027765 0.690403 0.288967
v 0.043510 0.660155 -0.002614
v 0.044000 0.659106 -0.011774
v 0.046613 0.656603 0.025616
v 0.040579 0.659068 0.024260
v 0.052673 0.659112 0.026305
v 0.045424 0.660842 0.044615
v 0.040197 0.658508 0.043542
v 0.034847 0.660377 0.042054
v 0.053132 0.673745 0.023927
v 0.055091 0.666477 0.025000
v 0.045188 0.673405 0.043184
v 0.047043 0.667259 0.044369
v 0.040310 0.673527 0.023610
v 0.046792 0.675994 0.023515
v 0.034522 0.672911 0.040888
v 0.039825 0.675229 0.041798
v 0.038295 0.666366 0.023835
v 0.044250 0.671289 -0.001894
v 0.032910 0.666585 0.041093
v -0.024393 0.680893 0.288606
v -0.020518 0.682519 0.289355
v -0.028300 0.682310 0.287636
v -0.023285 0.680972 0.269178
v -0.019297 0.679525 0.270130
v -0.015343 0.681178 0.270855
v -0.019265 0.687118 0.289310
v -0.020607 0.691648 0.288691
v -0.014061 0.685862 0.270798
v -0.015432 0.690476 0.270179
v 0.019733 0.675893 0.085673
v 0.024882 0.678337 0.087154
v 0.004693 0.683421 0.152262
v 0.009409 0.685464 0.153146
v 0.014140 0.683618 0.154332
v 0.030177 0.676607 0.089053
v -0.029642 0.686840 0.287016
v -0.028390 0.691440 0.286971
v -0.023375 0.690268 0.268501
v -0.024653 0.685585 0.268560
v -0.009506 0.677342 0.219828
v -0.004975 0.675694 0.220898
v 0.004917 0.671806 0.153223
v 0.009693 0.669966 0.154414
v 0.014476 0.672047 0.155383
v -0.000470 0.677575 0.221715
v 0.000985 0.682911 0.221644
v 0.015923 0.677887 0.155246
v -0.000576 0.688169 0.220942
v -0.024513 0.693066 0.287720
v -0.019419 0.691922 0.269227
v -0.009613 0.687928 0.219054
v -0.011066 0.682597 0.219127
v 0.003126 0.677531 0.152305
v -0.005116 0.689812 0.219868
v 0.020164 0.663373 0.086921
v 0.025456 0.661637 0.088816
v 0.030607 0.664080 0.090301
v 0.032134 0.670462 0.090241
v 0.018209 0.669516 0.085734
v 0.032385 0.783646 0.010080
v 0.032555 0.787055 0.007262
v 0.030414 0.786553 0.019571
v 0.032622 0.790317 0.005161
v 0.030579 0.790084 0.016473
v 0.032627 0.793734 0.003287
v 0.030607 0.793549 0.014324
v 0.032607 0.796469 0.003022
v 0.030581 0.796645 0.013501
v 0.032685 0.799379 0.003668
v 0.030549 0.799563 0.014606
v 0.032985 0.803018 0.005014
v 0.030558 0.803330 0.016862
v -0.000001 0.810277 0.042803
v 0.012275 0.810759 0.038045
v 0.022378 0.810092 0.033547
v 0.025574 0.808705 0.029572
v 0.027555 0.803995 0.024322
v 0.027965 0.799704 0.021091
v 0.028134 0.796580 0.020048
v 0.028136 0.793366 0.021191
v 0.028044 0.789951 0.023601
v 0.027724 0.786333 0.027530
v 0.027045 0.783030 0.032386
v 0.024895 0.778767 0.040739
v 0.021227 0.777339 0.046564
v 0.011833 0.776723 0.052661
v 0.000001 0.776189 0.055756
v 0.026992 0.641012 0.027336
v 0.031736 0.640963 0.024394
v 0.033057 0.647539 0.021381
v 0.034650 0.633743 0.024526
v 0.038609 0.641179 0.018019
v 0.032442 0.611588 0.028177
v 0.024257 0.608849 0.031748
v 0.023239 0.602916 0.029803
v 0.015350 0.608966 0.033582
v 0.014975 0.603316 0.031862
v 0.038232 0.618691 0.022325
v 0.041646 0.627261 0.015624
v 0.041692 0.628484 0.017803
v 0.038621 0.620845 0.024208
v 0.042941 0.638989 0.003299
v 0.042658 0.647633 0.001404
v 0.042145 0.646876 0.004016
v 0.042503 0.637448 0.007373
v 0.042434 0.636695 0.010102
v 0.042090 0.646127 0.005876
v 0.042036 0.645845 0.007703
v 0.042435 0.636753 0.012127
v 0.041911 0.637736 0.014084
v 0.040672 0.632684 0.018768
v 0.041252 0.644385 0.011638
v 0.041082 0.598613 -0.000449
v 0.037788 0.588776 0.012747
v 0.031009 0.584820 0.027117
v 0.023340 0.583610 0.032825
v 0.024015 0.567596 0.032148
v 0.015442 0.583772 0.035376
v -0.000001 0.568462 -0.034217
v -0.000001 0.594527 -0.034444
v 0.009213 0.595287 -0.035536
v 0.009526 0.568887 -0.034934
v -0.000001 0.616927 -0.035486
v 0.008604 0.617900 -0.036346
v 0.015418 0.619331 -0.036220
v 0.019393 0.596931 -0.034353
v 0.031603 0.597371 -0.022919
v 0.037486 0.598852 -0.013092
v 0.021147 0.641100 0.029983
v 0.014503 0.641246 0.031693
v -0.000001 0.640928 -0.035444
v -0.000001 0.649685 -0.035050
v 0.006492 0.650432 -0.034798
v 0.006763 0.641725 -0.035293
v 0.006797 0.659639 -0.034601
v 0.012407 0.660165 -0.034564
v 0.011954 0.651091 -0.035008
v 0.012421 0.642360 -0.035534
v 0.038857 0.654295 -0.020757
v 0.042146 0.655021 -0.011690
v 0.042832 0.654804 -0.004207
v 0.037261 0.626580 0.024767
v 0.042692 0.653048 -0.000184
v 0.042445 0.653473 0.000957
v 0.042231 0.652163 0.002607
v 0.041944 0.653103 0.003576
v 0.034277 0.651974 0.018296
v 0.037925 0.650730 0.014129
v 0.007359 0.669007 0.029490
v -0.000001 0.668879 0.030051
v -0.000001 0.655736 0.029982
v 0.007340 0.655769 0.029895
v 0.007378 0.641374 0.031796
v -0.000001 0.641493 0.031070
v -0.000001 0.628601 0.032553
v 0.007425 0.628181 0.033949
v 0.007478 0.618591 0.035077
v -0.000001 0.619514 0.033666
v -0.000001 0.613880 0.034361
v 0.007476 0.612557 0.035158
v 0.007422 0.610029 0.034293
v -0.000001 0.611342 0.034593
v -0.000001 0.605138 0.033942
v 0.007334 0.604167 0.033346
v 0.007974 0.584016 0.037144
v -0.000001 0.584307 0.035203
v 0.040555 0.651869 0.008300
v 0.039945 0.660478 0.005312
v 0.039983 0.671007 0.003905
v 0.021297 0.735606 -0.034465
v 0.021068 0.721002 -0.032142
v 0.008537 0.890657 -0.031853
v -0.000001 0.890657 -0.033795
v -0.000001 0.903073 -0.028463
v 0.008246 0.903134 -0.026520
v 0.007947 0.912344 -0.020314
v -0.000001 0.912098 -0.022260
v 0.022396 0.834566 -0.037627
v 0.021893 0.820601 -0.038358
v 0.021346 0.808282 -0.038728
v 0.020541 0.786817 -0.038595
v 0.020541 0.784075 -0.038530
v 0.020686 0.779477 -0.038378
v 0.020635 0.798796 -0.038800
v 0.020541 0.795888 -0.038773
v 0.020541 0.792999 -0.038733
v 0.021121 0.770842 -0.038046
v 0.021511 0.759896 -0.037372
v 0.022760 0.855834 -0.034830
v 0.022693 0.845813 -0.036439
v 0.021518 0.748369 -0.036193
v 0.020915 0.801971 -0.038831
v 0.020541 0.789884 -0.038669
v 0.010646 0.787627 -0.002835
v 0.009538 0.786539 -0.003846
v 0.010658 0.786298 -0.002767
v 0.022573 0.866123 -0.032831
v 0.016728 0.680940 -0.034030
v 0.011117 0.691103 -0.035376
v 0.013582 0.677535 -0.034559
v 0.009024 0.681133 -0.035480
v 0.010553 0.518523 -0.034850
v 0.010595 0.531593 -0.034839
v -0.000001 0.531482 -0.033055
v -0.000001 0.519559 -0.032738
v 0.009872 0.557180 -0.034876
v -0.000001 0.556872 -0.033777
v 0.010199 0.451520 -0.036849
v 0.010584 0.468943 -0.036135
v -0.000001 0.468944 -0.034227
v -0.000001 0.451520 -0.035188
v 0.010632 0.503065 -0.034975
v -0.000001 0.503789 -0.032550
v 0.020502 0.395286 0.028517
v 0.022736 0.410130 0.028264
v 0.027100 0.410131 0.026329
v 0.024977 0.395286 0.026664
v 0.027247 0.451515 0.025621
v 0.028208 0.437150 0.025971
v 0.025865 0.437158 0.027384
v 0.006791 0.395331 -0.041392
v 0.005697 0.408722 -0.040962
v -0.000001 0.410175 -0.036550
v -0.000001 0.395331 -0.037900
v 0.010225 0.437180 -0.037507
v -0.000001 0.437180 -0.035513
v 0.007632 0.632446 -0.035846
v 0.013788 0.633125 -0.035983
v -0.000001 0.631496 -0.035306
v 0.007620 0.670229 -0.035048
v 0.013819 0.670337 -0.034419
v 0.025834 0.596725 -0.030045
v 0.029357 0.653121 -0.029349
v 0.019398 0.651975 -0.035225
v 0.017273 0.670460 -0.034258
v 0.015659 0.660395 -0.035203
v 0.015075 0.651492 -0.036112
v 0.015485 0.642903 -0.036775
v 0.017015 0.633670 -0.037042
v 0.018652 0.621676 -0.036928
v 0.025830 0.471658 0.027195
v 0.024827 0.517698 0.029089
v 0.025444 0.509425 0.029077
v 0.024713 0.523619 0.028417
v 0.024363 0.530523 0.028257
v 0.024185 0.559335 0.030262
v 0.038906 0.486152 0.010405
v 0.043146 0.486164 -0.003664
v 0.031779 0.486179 0.022127
v 0.010194 0.488450 0.032691
v 0.018907 0.489121 0.031213
v 0.018002 0.501329 0.031236
v 0.009634 0.500945 0.032696
v 0.002134 0.491483 0.033431
v 0.001236 0.501083 0.033407
v 0.027639 0.486184 -0.030734
v 0.020266 0.486185 -0.033940
v 0.034092 0.486181 -0.024860
v 0.040527 0.486175 -0.015604
v 0.010758 0.485043 -0.035252
v -0.000001 0.486188 -0.032917
v 0.025936 0.492387 0.028397
v 0.025075 0.501217 0.028412
v 0.037454 0.546201 0.010795
v 0.030378 0.545869 0.021439
v 0.041259 0.546417 -0.002889
v 0.007776 0.545654 0.030513
v -0.000001 0.545650 0.031783
v 0.002033 0.530817 0.032756
v 0.008181 0.532125 0.030227
v 0.015466 0.545671 0.028967
v 0.016125 0.532025 0.028735
v 0.026376 0.545628 -0.029980
v 0.032399 0.545870 -0.023944
v 0.019430 0.545439 -0.033406
v 0.038533 0.546219 -0.014691
v 0.010332 0.545250 -0.034832
v -0.000001 0.545062 -0.033556
v 0.023038 0.545717 0.026872
v 0.023576 0.531951 0.026954
v 0.037138 0.557985 0.011060
v 0.030125 0.556905 0.023129
v 0.015132 0.556386 0.031166
v 0.007556 0.556321 0.032781
v 0.002745 0.558472 0.033202
v 0.022739 0.556488 0.028795
v 0.010105 0.483351 0.032419
v 0.001694 0.486168 0.033159
v 0.001919 0.474631 0.033442
v 0.010407 0.471602 0.032717
v 0.018822 0.484054 0.030940
v 0.019319 0.471526 0.031214
v 0.025851 0.483946 0.028283
v 0.026312 0.474133 0.028446
v 0.039271 0.422083 0.010430
v 0.042232 0.422095 -0.003950
v 0.032997 0.422073 0.022285
v 0.009598 0.422070 0.030886
v 0.018553 0.422070 0.029406
v -0.000001 0.422070 0.032192
v 0.026812 0.422115 -0.033186
v 0.019621 0.422115 -0.036649
v 0.032946 0.422112 -0.026958
v 0.039093 0.422105 -0.016881
v 0.028270 0.422070 0.026118
v 0.024183 0.422070 0.028023
v 0.008407 0.422115 -0.039548
v -0.000001 0.422115 -0.036457
v 0.000567 0.489743 0.031454
v 0.009596 0.485456 0.029984
v 0.018356 0.486431 0.028507
v 0.025388 0.489653 0.027018
v 0.024510 0.507463 0.027017
v 0.017409 0.504158 0.028519
v 0.009037 0.503599 0.029981
v -0.000001 0.506709 0.031415
v 0.000123 0.499220 0.031431
v 0.008536 0.519164 0.029976
v -0.000001 0.520327 0.032565
v -0.000001 0.515746 0.032229
v 0.023910 0.522414 0.027016
v 0.016647 0.520040 0.028529
v 0.000558 0.521800 0.032604
v 0.000268 0.480026 0.031621
v -0.000001 0.566697 0.034596
v -0.000001 0.475403 0.031742
v -0.000001 0.490516 0.031450
v -0.000001 0.532218 0.032752
v -0.000001 0.558472 0.033201
v 0.024279 0.410167 0.025843
v 0.022039 0.395337 0.025938
v 0.026606 0.437169 0.025707
v 0.025486 0.422095 0.025784
v -0.023668 0.706095 0.022727
v -0.023445 0.720812 0.023389
v -0.030894 0.721025 0.010689
v -0.031481 0.706096 0.010906
v -0.034564 0.706725 -0.002707
v -0.033867 0.721250 -0.003842
v -0.034142 0.735831 -0.004822
v -0.031292 0.735602 0.011157
v -0.023817 0.735285 0.025292
v -0.009042 0.705702 -0.036806
v -0.008406 0.720953 -0.038719
v -0.008505 0.735606 -0.040692
v -0.015955 0.735606 -0.038135
v -0.015764 0.720958 -0.035987
v -0.016480 0.706272 -0.033914
v -0.021020 0.865000 0.095973
v -0.012894 0.860951 0.100995
v -0.013500 0.865874 0.112010
v -0.024284 0.868688 0.102538
v -0.025372 0.877052 0.106292
v -0.014104 0.874880 0.116336
v -0.026193 0.903161 -0.015231
v -0.026796 0.890665 -0.020139
v -0.032495 0.890691 -0.011690
v -0.031602 0.902750 -0.007563
v -0.034733 0.902127 0.002180
v -0.035723 0.890728 -0.000842
v -0.036505 0.878750 -0.003205
v -0.033268 0.878083 -0.015035
v -0.027308 0.877621 -0.024145
v -0.013207 0.919666 0.028350
v -0.013492 0.917852 0.046477
v -0.014091 0.914091 0.067039
v -0.025354 0.908983 0.066525
v -0.024274 0.913689 0.046451
v -0.023699 0.916813 0.028687
v -0.026132 0.878993 0.026460
v -0.025132 0.877167 0.044249
v -0.030213 0.885656 0.044763
v -0.029958 0.889516 0.027038
v -0.030240 0.899514 0.027840
v -0.031114 0.895441 0.045569
v -0.032389 0.889689 0.065884
v -0.031106 0.880154 0.064383
v -0.025569 0.871986 0.063065
v -0.021020 0.896626 0.098935
v -0.024284 0.888239 0.104275
v -0.013500 0.886454 0.113935
v -0.012894 0.898127 0.104470
v -0.023951 0.917313 -0.006133
v -0.025456 0.912875 -0.009849
v -0.030584 0.912504 -0.003130
v -0.026112 0.918822 -0.001246
v -0.028341 0.918541 0.006804
v -0.033427 0.911878 0.005345
v -0.029641 0.905502 0.046140
v -0.028766 0.909354 0.028453
v -0.030963 0.900074 0.066369
v -0.024274 0.866980 0.082529
v -0.013492 0.861627 0.083324
v -0.014234 0.865706 0.063133
v -0.029641 0.873973 0.085151
v -0.030971 0.882774 0.087800
v -0.024274 0.902900 0.086015
v -0.029641 0.893549 0.087084
v -0.014752 0.920489 0.015087
v -0.026296 0.918151 0.016127
v -0.016009 0.920674 0.004709
v -0.012655 0.705609 0.028996
v -0.012599 0.720705 0.030361
v -0.012796 0.735064 0.033120
v -0.021232 0.903257 -0.020503
v -0.021768 0.890657 -0.025738
v -0.022215 0.877467 -0.029961
v -0.016527 0.877467 -0.033574
v -0.016114 0.890657 -0.029353
v -0.015617 0.903196 -0.024045
v -0.013594 0.875349 0.028110
v -0.014064 0.870994 0.044553
v -0.018835 0.918772 -0.008715
v -0.020606 0.912835 -0.014600
v -0.015087 0.912589 -0.017913
v -0.014486 0.916922 -0.013079
v -0.013492 0.907428 0.087604
v -0.027520 0.834611 -0.031267
v -0.026741 0.820691 -0.031980
v -0.032296 0.820959 -0.021180
v -0.033570 0.834750 -0.020525
v -0.036802 0.834498 -0.005692
v -0.035207 0.820755 -0.005782
v -0.034106 0.809091 -0.007704
v -0.030952 0.808761 -0.021629
v -0.025903 0.808402 -0.032369
v -0.008703 0.820601 -0.044469
v -0.008871 0.834566 -0.043737
v -0.016687 0.834565 -0.041238
v -0.016352 0.820601 -0.041970
v -0.015987 0.808282 -0.042340
v -0.008521 0.808282 -0.044838
v -0.023360 0.814947 0.032314
v -0.012899 0.815360 0.038118
v -0.013303 0.822644 0.037868
v -0.024658 0.822250 0.030554
v -0.025249 0.832984 0.028727
v -0.013505 0.831959 0.036953
v -0.025001 0.779674 -0.031882
v -0.029764 0.780071 -0.020413
v -0.029503 0.784731 -0.020768
v -0.024803 0.784287 -0.032084
v -0.024803 0.787017 -0.032216
v -0.029503 0.787424 -0.021097
v -0.032727 0.788116 -0.008131
v -0.032684 0.784672 -0.006069
v -0.032767 0.779983 -0.004730
v -0.008253 0.784075 -0.044640
v -0.008253 0.786817 -0.044706
v -0.015451 0.786817 -0.042207
v -0.015451 0.784075 -0.042141
v -0.015547 0.779477 -0.041990
v -0.008301 0.779477 -0.044488
v -0.020203 0.780980 0.047008
v -0.011116 0.779663 0.051692
v -0.010172 0.782837 0.048454
v -0.018297 0.783909 0.044391
v -0.018015 0.786356 0.038862
v -0.009604 0.785212 0.042426
v -0.024926 0.798843 -0.032532
v -0.024803 0.795936 -0.032519
v -0.029503 0.796079 -0.022093
v -0.029653 0.798984 -0.022064
v -0.032885 0.799177 -0.009347
v -0.032740 0.796272 -0.009558
v -0.032745 0.793453 -0.009144
v -0.029503 0.793331 -0.021988
v -0.024803 0.793082 -0.032463
v -0.008253 0.795888 -0.044883
v -0.008284 0.798796 -0.044910
v -0.015513 0.798796 -0.042412
v -0.015451 0.795888 -0.042384
v -0.015451 0.792999 -0.042345
v -0.008253 0.792999 -0.044843
v -0.025596 0.771009 -0.031532
v -0.030546 0.771321 -0.020009
v -0.033124 0.771262 -0.002480
v -0.034022 0.759700 -0.002659
v -0.031309 0.760223 -0.019525
v -0.026143 0.760026 -0.030905
v -0.008446 0.770842 -0.044156
v -0.015838 0.770842 -0.041658
v -0.016097 0.759896 -0.040983
v -0.008576 0.759896 -0.043482
v -0.024016 0.757002 0.036314
v -0.012955 0.756236 0.045697
v -0.012748 0.764969 0.050716
v -0.023555 0.766514 0.040544
v -0.022388 0.773471 0.044959
v -0.012361 0.772338 0.052330
v -0.028035 0.855902 -0.028658
v -0.027952 0.845850 -0.030150
v -0.034206 0.845963 -0.019619
v -0.034295 0.856105 -0.018478
v -0.037595 0.856290 -0.004940
v -0.037532 0.845856 -0.005393
v -0.008970 0.845813 -0.042550
v -0.008992 0.855834 -0.040940
v -0.016930 0.855834 -0.038441
v -0.016885 0.845813 -0.040051
v -0.013522 0.842635 0.035028
v -0.025402 0.844146 0.027215
v -0.025326 0.855696 0.025404
v -0.013464 0.854015 0.032478
v -0.026201 0.748454 -0.029872
v -0.031512 0.748519 -0.018929
v -0.034325 0.748592 -0.004408
v -0.031292 0.735787 -0.018185
v -0.025943 0.735651 -0.028282
v -0.008578 0.748369 -0.042303
v -0.016102 0.748369 -0.039805
v -0.024056 0.747515 0.029614
v -0.012943 0.747155 0.038189
v -0.025296 0.802059 -0.032518
v -0.030104 0.802324 -0.021917
v -0.033336 0.802674 -0.008811
v -0.008377 0.801971 -0.044941
v -0.015700 0.801971 -0.042442
v -0.021222 0.806342 0.032529
v -0.018854 0.802801 0.032935
v -0.010371 0.803167 0.036200
v -0.011434 0.807195 0.037467
v -0.009701 0.799803 0.032803
v -0.018185 0.799437 0.030278
v -0.029503 0.790464 -0.021738
v -0.024803 0.790029 -0.032352
v -0.032744 0.790792 -0.008754
v -0.008253 0.789884 -0.044779
v -0.015451 0.789884 -0.042280
v -0.026748 0.706712 -0.023616
v -0.032031 0.706895 -0.014397
v -0.031092 0.721249 -0.016308
v -0.025724 0.721102 -0.025983
v -0.033336 0.890771 0.011951
v -0.032863 0.901395 0.013679
v -0.033427 0.879521 0.010773
v -0.031425 0.911154 0.015364
v -0.014860 0.920573 -0.004767
v -0.009525 0.918158 -0.012797
v -0.032118 0.818356 0.018616
v -0.033474 0.833376 0.012941
v -0.028833 0.812210 0.025976
v -0.032975 0.809123 0.008206
v -0.021441 0.786030 0.036536
v -0.020450 0.784748 0.040146
v -0.023786 0.783307 0.037916
v -0.024790 0.786341 0.032633
v -0.025123 0.799720 0.025025
v -0.025440 0.796678 0.023865
v -0.022664 0.796769 0.027104
v -0.022204 0.799530 0.028309
v -0.021428 0.796494 0.026851
v -0.021964 0.793165 0.027173
v -0.022998 0.793608 0.027916
v -0.025505 0.793495 0.025000
v -0.027747 0.775694 0.034423
v -0.030475 0.770245 0.022178
v -0.031291 0.758697 0.018580
v -0.031797 0.778700 0.014454
v -0.030030 0.783188 0.023355
v -0.037191 0.867263 -0.004391
v -0.033720 0.867882 0.010733
v -0.025231 0.867590 0.024826
v -0.033987 0.856303 0.011309
v -0.031512 0.748126 0.013593
v -0.024600 0.803389 0.027681
v -0.021364 0.801777 0.029969
v -0.022516 0.789485 0.032458
v -0.021429 0.788994 0.032324
v -0.025273 0.789563 0.028707
v -0.022490 0.792878 0.020005
v -0.021691 0.795906 0.020190
v -0.017973 0.797949 0.022971
v -0.018351 0.796277 0.014329
v -0.022128 0.794488 0.011448
v -0.022940 0.791681 0.011000
v -0.010039 0.798502 0.025833
v -0.010253 0.796738 0.016773
v -0.017937 0.786884 0.029608
v -0.021667 0.789127 0.024894
v -0.022145 0.788689 0.015000
v -0.018378 0.786777 0.019309
v -0.010014 0.785908 0.033119
v -0.010271 0.785665 0.022322
v -0.020423 0.790529 0.003479
v -0.019754 0.792135 0.004952
v -0.016456 0.793238 0.006763
v -0.013723 0.790457 0.001888
v -0.015588 0.789742 0.000082
v -0.015701 0.788341 -0.000714
v -0.009212 0.792539 0.007101
v -0.008736 0.788671 -0.000372
v -0.016495 0.786467 0.009791
v -0.019779 0.788127 0.006774
v -0.015606 0.787473 0.000503
v -0.013750 0.786968 0.002376
v -0.009237 0.785308 0.010401
v -0.008755 0.785026 0.001356
v -0.027771 0.866263 -0.026820
v -0.033926 0.866683 -0.017124
v -0.008930 0.866123 -0.038941
v -0.008779 0.877467 -0.036073
v -0.016805 0.866123 -0.036443
v -0.013441 0.865439 0.029990
v -0.034001 0.845235 0.011980
v -0.033390 0.692890 0.010834
v -0.024841 0.692678 0.022442
v -0.026384 0.681740 0.023514
v -0.031931 0.681586 0.016244
v -0.035482 0.681972 0.010921
v -0.044056 0.680140 -0.003897
v -0.038436 0.681851 0.005360
v -0.037251 0.693533 -0.002402
v -0.013399 0.691788 0.028423
v -0.014855 0.681855 0.029018
v -0.021958 0.706546 -0.029819
v -0.024222 0.693577 -0.028092
v -0.029783 0.693785 -0.021843
v -0.036606 0.679801 -0.020905
v -0.026741 0.681688 -0.027237
v -0.020944 0.681509 -0.031820
v -0.018448 0.692954 -0.032469
v -0.035420 0.694100 -0.013304
v -0.041787 0.682776 -0.012762
v -0.037839 0.519831 0.010450
v -0.030691 0.519784 0.022094
v -0.029196 0.530039 0.021788
v -0.037786 0.532165 0.010605
v -0.041796 0.532300 -0.003233
v -0.042072 0.519894 -0.003522
v -0.038381 0.569551 0.012778
v -0.040333 0.570975 -0.002076
v -0.040726 0.558819 -0.002482
v -0.038532 0.560513 0.012516
v -0.031533 0.568131 0.026248
v -0.031548 0.559667 0.024588
v -0.002416 0.521132 0.033884
v -0.002923 0.529390 0.033976
v -0.009070 0.530699 0.033353
v -0.009426 0.520372 0.033199
v -0.016958 0.530600 0.031858
v -0.017534 0.520738 0.031749
v -0.016267 0.567476 0.034786
v -0.016580 0.559258 0.032629
v -0.009003 0.559207 0.034246
v -0.008787 0.567389 0.036471
v -0.003481 0.560887 0.034669
v -0.000833 0.567319 0.036071
v -0.033571 0.519766 -0.024623
v -0.033267 0.531503 -0.024310
v -0.026944 0.531830 -0.030266
v -0.027277 0.519706 -0.030511
v -0.019836 0.531714 -0.033572
v -0.019984 0.519658 -0.033714
v -0.025228 0.569708 -0.029532
v -0.018732 0.569528 -0.033618
v -0.019020 0.557887 -0.033513
v -0.025764 0.557786 -0.029754
v -0.031693 0.558132 -0.023543
v -0.031067 0.570155 -0.023144
v -0.039282 0.532185 -0.015085
v -0.039686 0.519851 -0.015420
v -0.037832 0.558671 -0.014231
v -0.037248 0.570876 -0.013774
v -0.032396 0.451487 0.022228
v -0.031752 0.471242 0.022184
v -0.039162 0.468910 0.010425
v -0.039000 0.451488 0.010430
v -0.043162 0.468922 -0.003714
v -0.042612 0.451500 -0.003845
v -0.042823 0.503960 -0.003597
v -0.038440 0.503922 0.010420
v -0.031128 0.503908 0.022102
v -0.001412 0.472662 0.031747
v -0.009900 0.469181 0.030290
v -0.010204 0.451588 0.030573
v -0.018820 0.469077 0.028787
v -0.019334 0.451547 0.029045
v -0.017761 0.517141 0.032455
v -0.018384 0.506084 0.032434
v -0.010017 0.505669 0.033898
v -0.009473 0.516657 0.033905
v -0.001242 0.508441 0.034611
v -0.001099 0.517079 0.034591
v -0.026658 0.451520 -0.031884
v -0.032949 0.451518 -0.025902
v -0.034269 0.468595 -0.025471
v -0.027418 0.468942 -0.031411
v -0.019471 0.451520 -0.035209
v -0.020080 0.468944 -0.034679
v -0.020224 0.503843 -0.033777
v -0.027650 0.503869 -0.030573
v -0.034083 0.503900 -0.024707
v -0.039464 0.451511 -0.016268
v -0.040283 0.468932 -0.015961
v -0.040361 0.503941 -0.015512
v -0.039645 0.395299 0.010404
v -0.033471 0.395289 0.022333
v -0.033199 0.410133 0.022306
v -0.039416 0.410143 0.010422
v -0.042215 0.410155 -0.004187
v -0.042265 0.395311 -0.004263
v -0.042078 0.437160 -0.003758
v -0.038979 0.437148 0.010430
v -0.032679 0.437143 0.022256
v -0.008391 0.395286 0.031078
v -0.009061 0.410130 0.030972
v -0.016877 0.395286 0.029694
v -0.017809 0.410130 0.029534
v -0.018956 0.437172 0.029221
v -0.009910 0.437193 0.030726
v -0.027736 0.395331 -0.035270
v -0.033900 0.395328 -0.027440
v -0.033339 0.410173 -0.028330
v -0.027196 0.410175 -0.034441
v -0.017316 0.395331 -0.040842
v -0.016945 0.410175 -0.039931
v -0.019396 0.437180 -0.035666
v -0.026466 0.437180 -0.032273
v -0.032584 0.437178 -0.026248
v -0.039542 0.395321 -0.017350
v -0.039258 0.410165 -0.017238
v -0.038877 0.437171 -0.016367
v -0.032123 0.608026 0.024698
v -0.037987 0.617999 0.018690
v -0.039089 0.618037 0.012749
v -0.042930 0.625675 -0.000141
v -0.038401 0.614675 0.012811
v -0.041835 0.628386 0.006629
v -0.041240 0.628017 0.011968
v -0.015535 0.611550 0.035210
v -0.015364 0.617907 0.035595
v -0.024008 0.618185 0.033968
v -0.024726 0.611670 0.033456
v -0.033077 0.614415 0.029786
v -0.031840 0.620801 0.030317
v -0.029396 0.629731 0.029437
v -0.022564 0.627968 0.032852
v -0.014936 0.627820 0.034449
v -0.032826 0.621039 -0.023073
v -0.036353 0.637232 -0.022175
v -0.028100 0.635532 -0.030784
v -0.026480 0.619959 -0.031101
v -0.021335 0.620174 -0.035976
v -0.020458 0.634325 -0.036259
v -0.019429 0.643683 -0.036043
v -0.028756 0.645366 -0.030214
v -0.038108 0.647220 -0.021409
v -0.043111 0.640053 -0.002903
v -0.041099 0.639132 -0.012095
v -0.038922 0.623285 -0.012754
v -0.041788 0.648491 -0.011805
v -0.042838 0.648757 -0.003553
v -0.027168 0.655507 0.024188
v -0.026571 0.669651 0.023825
v -0.031246 0.669975 0.018205
v -0.032019 0.659310 0.018348
v -0.036329 0.659559 0.012216
v -0.035696 0.670455 0.011206
v -0.014373 0.655834 0.029294
v -0.014471 0.669199 0.028584
v -0.020930 0.669406 0.026990
v -0.020716 0.655911 0.027665
v -0.040497 0.660791 -0.020308
v -0.036302 0.670330 -0.022458
v -0.027882 0.670539 -0.027529
v -0.029238 0.660866 -0.028367
v -0.019948 0.660530 -0.033993
v -0.020870 0.670533 -0.032609
v -0.043630 0.673823 0.269392
v -0.042620 0.677220 0.269995
v -0.046633 0.677234 0.270610
v -0.046604 0.672646 0.269883
v -0.049529 0.673827 0.269118
v -0.050585 0.677226 0.269650
v -0.049526 0.680608 0.269029
v -0.046600 0.681800 0.269762
v -0.043628 0.680604 0.269303
v -0.043513 0.660156 -0.002606
v -0.040585 0.663835 -0.004932
v -0.046576 0.661209 -0.005426
v -0.043953 0.659104 -0.011759
v -0.052601 0.663564 -0.006359
v -0.051485 0.664498 0.013179
v -0.046090 0.662291 0.013503
v -0.040588 0.664299 0.013647
v -0.054731 0.670968 -0.007860
v -0.052768 0.678330 -0.007928
v -0.051168 0.677126 0.012453
v -0.053140 0.670899 0.012784
v -0.046679 0.680700 -0.006478
v -0.040562 0.678314 -0.004788
v -0.040263 0.676877 0.013194
v -0.045666 0.679083 0.012701
v -0.044271 0.671276 -0.001879
v -0.038549 0.671177 -0.004376
v -0.038608 0.670571 0.013546
v -0.050493 0.672618 0.267320
v -0.046512 0.671090 0.267543
v -0.042530 0.672613 0.267725
v -0.042436 0.672316 0.248554
v -0.046490 0.670764 0.248331
v -0.050544 0.672320 0.248066
v -0.050489 0.681772 0.267200
v -0.051818 0.677195 0.267193
v -0.051894 0.676982 0.247924
v -0.050540 0.681642 0.247943
v -0.044082 0.680112 0.060464
v -0.038664 0.677806 0.060367
v -0.039820 0.681605 0.128767
v -0.044795 0.683579 0.128501
v -0.049783 0.681656 0.128310
v -0.049651 0.678230 0.060738
v -0.041201 0.677189 0.267732
v -0.042526 0.681766 0.267605
v -0.042432 0.681637 0.248431
v -0.041084 0.676976 0.248574
v -0.047189 0.669711 0.196937
v -0.042578 0.671477 0.197201
v -0.040264 0.670095 0.129281
v -0.045301 0.668180 0.129086
v -0.050113 0.670072 0.128695
v -0.051794 0.671481 0.196622
v -0.053323 0.676791 0.196453
v -0.051495 0.675824 0.128357
v -0.051775 0.682101 0.196476
v -0.046486 0.683193 0.248167
v -0.046508 0.683295 0.267382
v -0.041032 0.676784 0.197224
v -0.042555 0.682089 0.197053
v -0.038282 0.675797 0.129023
v -0.047162 0.683863 0.196740
v -0.044679 0.663350 0.061158
v -0.039111 0.665239 0.060889
v -0.050099 0.665654 0.061258
v -0.051708 0.672013 0.061059
v -0.037057 0.671452 0.060567
v -0.032385 0.783638 0.010094
v -0.032555 0.787042 0.007283
v -0.030414 0.786544 0.019585
v -0.030579 0.790070 0.016497
v -0.032624 0.790298 0.005191
v -0.032629 0.793734 0.003287
v -0.030609 0.793549 0.014324
v -0.030583 0.796645 0.013501
v -0.032609 0.796469 0.003022
v -0.032687 0.799379 0.003668
v -0.030551 0.799563 0.014606
v -0.030560 0.803330 0.016862
v -0.032987 0.803018 0.005014
v -0.012277 0.810759 0.038045
v -0.022380 0.810092 0.033547
v -0.025576 0.808705 0.029572
v -0.027557 0.803995 0.024322
v -0.027967 0.799704 0.021091
v -0.028136 0.796580 0.020048
v -0.028138 0.793366 0.021191
v -0.028044 0.789940 0.023618
v -0.027724 0.786328 0.027539
v -0.027043 0.783028 0.032391
v -0.024893 0.778766 0.040742
v -0.021225 0.777338 0.046566
v -0.011831 0.776723 0.052662
v -0.033059 0.647539 0.021381
v -0.031738 0.640963 0.024394
v -0.026994 0.641012 0.027336
v -0.034652 0.633743 0.024526
v -0.038611 0.641179 0.018019
v -0.023241 0.602916 0.029803
v -0.024259 0.608849 0.031748
v -0.032444 0.611588 0.028177
v -0.015352 0.608966 0.033582
v -0.014977 0.603316 0.031862
v -0.038234 0.618691 0.022325
v -0.041648 0.627261 0.015624
v -0.041694 0.628484 0.017803
v -0.038623 0.620845 0.024208
v -0.042943 0.638989 0.003299
v -0.042655 0.647632 0.001408
v -0.042143 0.646875 0.004019
v -0.042505 0.637448 0.007373
v -0.042436 0.636695 0.010102
v -0.042088 0.646125 0.005880
v -0.042036 0.645843 0.007705
v -0.042437 0.636753 0.012127
v -0.040674 0.632684 0.018768
v -0.041913 0.637736 0.014084
v -0.041253 0.644386 0.011638
v -0.037790 0.588776 0.012747
v -0.041084 0.598613 -0.000449
v -0.031011 0.584816 0.027124
v -0.024017 0.567599 0.032144
v -0.023342 0.583615 0.032817
v -0.015444 0.583776 0.035369
v -0.009528 0.568885 -0.034932
v -0.009215 0.595287 -0.035536
v -0.008606 0.617900 -0.036346
v -0.015420 0.619331 -0.036220
v -0.019395 0.596931 -0.034353
v -0.037488 0.598852 -0.013092
v -0.031605 0.597371 -0.022919
v -0.021149 0.641100 0.029983
v -0.014505 0.641246 0.031693
v -0.006765 0.641725 -0.035293
v -0.006494 0.650432 -0.034798
v -0.000001 0.659035 -0.034969
v -0.006799 0.659639 -0.034601
v -0.012409 0.660165 -0.034564
v -0.011956 0.651091 -0.035008
v -0.012423 0.642360 -0.035534
v -0.042120 0.655022 -0.011679
v -0.038813 0.654298 -0.020742
v -0.042827 0.654805 -0.004200
v -0.037263 0.626580 0.024767
v -0.042694 0.653048 -0.000179
v -0.042447 0.653474 0.000961
v -0.042234 0.652163 0.002610
v -0.041947 0.653104 0.003580
v -0.037927 0.650730 0.014129
v -0.034282 0.651976 0.018296
v -0.007361 0.669007 0.029490
v -0.007342 0.655769 0.029895
v -0.007380 0.641374 0.031796
v -0.007427 0.628181 0.033949
v -0.007480 0.618591 0.035077
v -0.007478 0.612557 0.035158
v -0.007424 0.610029 0.034293
v -0.007336 0.604167 0.033346
v -0.007976 0.584020 0.037137
v -0.040558 0.651869 0.008304
v -0.039957 0.660479 0.005321
v -0.039984 0.671001 0.003909
v -0.021070 0.721002 -0.032142
v -0.021299 0.735606 -0.034465
v -0.008539 0.890657 -0.031853
v -0.008248 0.903134 -0.026520
v -0.007949 0.912344 -0.020314
v -0.021895 0.820601 -0.038358
v -0.022398 0.834566 -0.037627
v -0.021348 0.808282 -0.038728
v -0.020543 0.784075 -0.038530
v -0.020543 0.786817 -0.038595
v -0.020688 0.779477 -0.038378
v -0.020543 0.795888 -0.038773
v -0.020637 0.798796 -0.038800
v -0.020543 0.792999 -0.038733
v -0.021123 0.770842 -0.038046
v -0.021513 0.759896 -0.037372
v -0.022695 0.845813 -0.036439
v -0.022762 0.855834 -0.034830
v -0.021520 0.748369 -0.036193
v -0.020917 0.801971 -0.038831
v -0.020543 0.789884 -0.038669
v -0.010648 0.787627 -0.002835
v -0.009540 0.786539 -0.003846
v -0.010660 0.786298 -0.002767
v -0.022575 0.866123 -0.032831
v -0.011119 0.691103 -0.035376
v -0.016730 0.680940 -0.034030
v -0.013584 0.677535 -0.034559
v -0.009026 0.681133 -0.035480
v -0.000001 0.682220 -0.037138
v -0.000001 0.693869 -0.038118
v -0.010597 0.531599 -0.034848
v -0.010555 0.518528 -0.034858
v -0.009874 0.557182 -0.034879
v -0.010201 0.451520 -0.036850
v -0.010586 0.468944 -0.036137
v -0.010634 0.503069 -0.034983
v -0.020504 0.395286 0.028517
v -0.022738 0.410130 0.028264
v -0.024979 0.395286 0.026664
v -0.027102 0.410131 0.026329
v -0.027249 0.451515 0.025621
v -0.028210 0.437150 0.025971
v -0.025867 0.437158 0.027384
v -0.006793 0.395331 -0.041392
v -0.005699 0.408722 -0.040962
v -0.010227 0.437180 -0.037507
v -0.013790 0.633125 -0.035983
v -0.007634 0.632446 -0.035846
v -0.013821 0.670337 -0.034419
v -0.007622 0.670229 -0.035048
v -0.000001 0.670194 -0.035911
v -0.025836 0.596725 -0.030045
v -0.019400 0.651975 -0.035225
v -0.029357 0.653122 -0.029348
v -0.017275 0.670459 -0.034258
v -0.015661 0.660395 -0.035203
v -0.015077 0.651492 -0.036112
v -0.015487 0.642903 -0.036775
v -0.017017 0.633670 -0.037042
v -0.018654 0.621676 -0.036928
v -0.025832 0.471658 0.027194
v -0.025446 0.509434 0.029062
v -0.024829 0.517706 0.029074
v -0.024365 0.530531 0.028243
v -0.024715 0.523628 0.028403
v -0.024187 0.559339 0.030255
v -0.038908 0.486161 0.010390
v -0.043148 0.486173 -0.003679
v -0.031781 0.486186 0.022115
v -0.010196 0.488452 0.032687
v -0.009636 0.500948 0.032691
v -0.018004 0.501336 0.031225
v -0.018909 0.489125 0.031206
v -0.002136 0.491484 0.033430
v -0.001238 0.501083 0.033407
v -0.020268 0.486190 -0.033949
v -0.027641 0.486191 -0.030745
v -0.034094 0.486188 -0.024873
v -0.040529 0.486183 -0.015618
v -0.010760 0.485046 -0.035256
v -0.025938 0.492394 0.028385
v -0.025077 0.501225 0.028399
v -0.030380 0.545878 0.021426
v -0.037456 0.546212 0.010777
v -0.041261 0.546429 -0.002909
v -0.007778 0.545656 0.030509
v -0.008183 0.532129 0.030221
v -0.002035 0.530818 0.032755
v -0.015468 0.545676 0.028960
v -0.016127 0.532031 0.028726
v -0.026378 0.545636 -0.029993
v -0.032401 0.545880 -0.023962
v -0.019432 0.545445 -0.033416
v -0.038535 0.546231 -0.014711
v -0.010334 0.545254 -0.034839
v -0.023040 0.545724 0.026862
v -0.023578 0.531959 0.026941
v -0.037140 0.557992 0.011048
v -0.030127 0.556911 0.023119
v -0.007558 0.556323 0.032779
v -0.015134 0.556388 0.031162
v -0.002747 0.558472 0.033201
v -0.022741 0.556492 0.028787
v -0.010107 0.483352 0.032417
v -0.010409 0.471602 0.032716
v -0.001921 0.474631 0.033442
v -0.001696 0.486168 0.033159
v -0.018824 0.484058 0.030935
v -0.019321 0.471527 0.031213
v -0.025853 0.483951 0.028275
v -0.026314 0.474135 0.028444
v -0.039273 0.422083 0.010430
v -0.042234 0.422095 -0.003950
v -0.032999 0.422073 0.022285
v -0.018555 0.422070 0.029406
v -0.009600 0.422070 0.030886
v -0.019623 0.422115 -0.036649
v -0.026814 0.422115 -0.033186
v -0.032948 0.422112 -0.026958
v -0.039095 0.422105 -0.016881
v -0.028272 0.422070 0.026118
v -0.024185 0.422070 0.028023
v -0.008409 0.422115 -0.039548
v -0.000569 0.489744 0.031451
v -0.009598 0.485458 0.029981
v -0.018358 0.486435 0.028500
v -0.025390 0.489659 0.027007
v -0.024512 0.507472 0.027003
v -0.017411 0.504164 0.028509
v -0.009039 0.503604 0.029973
v -0.000125 0.499220 0.031430
v -0.008538 0.519167 0.029971
v -0.023912 0.522423 0.027002
v -0.016649 0.520047 0.028519
v -0.000560 0.521800 0.032604
v -0.000270 0.480026 0.031621
v -0.024281 0.410167 0.025843
v -0.022041 0.395337 0.025938
v -0.026608 0.437169 0.025707
v -0.025488 0.422095 0.025784
v -0.001751 0.651477 0.035560
v 0.001751 0.651477 0.035560
v 0.001751 0.656367 0.034697
v -0.001751 0.656367 0.034697
v -0.001751 0.639996 0.037584
v 0.001751 0.639996 0.037584
v 0.001751 0.648979 0.036000
v -0.001751 0.648979 0.036000
v 0.006120 0.648979 0.036000
v 0.006120 0.651477 0.035560
v -0.006120 0.651477 0.035560
v -0.006120 0.648979 0.036000
v 0.001751 0.656211 0.033811
v 0.001751 0.651320 0.034673
v -0.001751 0.651320 0.034673
v -0.001751 0.656211 0.033811
v 0.001751 0.648823 0.035114
v 0.001751 0.639839 0.036698
v -0.001751 0.639839 0.036698
v -0.001751 0.648823 0.035114
v 0.006120 0.648823 0.035114
v 0.006120 0.651320 0.034673
v -0.006120 0.651320 0.034673
v -0.006120 0.648823 0.035114
v 0.010798 0.918561 0.033455
v 0.006109 0.917992 0.028272
v 0.006352 0.917321 0.029767
v 0.011102 0.917074 0.034560
v 0.011922 0.916702 0.037228
v 0.006930 0.915725 0.033324
v 0.007191 0.915005 0.034931
v 0.012236 0.916628 0.039190
v 0.006629 0.916554 0.031476
v 0.011570 0.916548 0.035441
v 0.031180 0.900116 0.035789
v 0.031385 0.900402 0.035486
v 0.030962 0.903878 0.040653
v 0.030744 0.903434 0.041099
v 0.019105 0.915139 0.043015
v 0.019100 0.915825 0.042108
v 0.018919 0.915946 0.042563
v 0.018909 0.916482 0.041857
v 0.030485 0.903842 0.031251
v 0.030683 0.904179 0.030914
v 0.030518 0.907051 0.036191
v 0.030316 0.906671 0.036573
v 0.007382 0.915720 0.028882
v 0.007139 0.916391 0.027386
v 0.012007 0.916874 0.032742
v 0.011931 0.916570 0.034367
v 0.008221 0.913404 0.034045
v 0.007960 0.914124 0.032439
v 0.012751 0.916103 0.036734
v 0.013065 0.915341 0.038478
v 0.007660 0.914953 0.030590
v 0.012780 0.914861 0.034729
v 0.018850 0.914345 0.042416
v 0.018852 0.913618 0.043379
v 0.018845 0.915030 0.041509
v 0.018694 0.915812 0.041351
v 0.018705 0.915276 0.042058
v 0.018687 0.916404 0.040569
v 0.030909 0.900089 0.035582
v 0.031114 0.900375 0.035278
v 0.030364 0.903292 0.040767
v 0.030252 0.906534 0.036709
v 0.029932 0.906431 0.036438
v 0.030215 0.903792 0.031043
v 0.030414 0.904129 0.030705
v 0.018902 0.916821 0.041100
v 0.029633 0.907688 0.044190
v 0.025118 0.912844 0.045729
v 0.024931 0.912158 0.046518
v 0.029401 0.907085 0.044778
v 0.029790 0.908107 0.043786
v 0.031041 0.904087 0.040451
v 0.029113 0.909558 0.040535
v 0.029241 0.909832 0.040264
v 0.029446 0.910256 0.039837
v 0.025491 0.914542 0.042521
v 0.025331 0.913932 0.043216
v 0.029144 0.907431 0.043734
v 0.030582 0.903736 0.040321
v 0.028912 0.906828 0.044322
v 0.029301 0.907850 0.043330
v 0.030661 0.903946 0.040119
v 0.028870 0.909677 0.039932
v 0.029996 0.906568 0.036303
v 0.028742 0.909403 0.040203
v 0.029075 0.910101 0.039505
v 0.030198 0.906948 0.035920
v 0.024440 0.911656 0.045974
v 0.025207 0.913467 0.043760
v 0.024765 0.913015 0.043271
v 0.025272 0.913399 0.045074
v 0.024627 0.912342 0.045186
v 0.024781 0.912897 0.044530
v 0.024888 0.913480 0.042726
v 0.025049 0.914089 0.042032
v 0.019106 0.914412 0.043978
v -0.010798 0.915589 0.054192
v -0.006109 0.915020 0.049009
v -0.006352 0.914349 0.050505
v -0.011102 0.914102 0.055298
v -0.011922 0.913730 0.057966
v -0.006930 0.912754 0.054062
v -0.007191 0.912033 0.055668
v -0.012236 0.913657 0.059928
v -0.006629 0.913583 0.052213
v -0.011570 0.913576 0.056178
v -0.031180 0.897144 0.056526
v -0.031385 0.897430 0.056223
v -0.030962 0.900906 0.061391
v -0.030744 0.900462 0.061836
v -0.019105 0.912167 0.063752
v -0.019100 0.912853 0.062846
v -0.018919 0.912974 0.063301
v -0.018909 0.913510 0.062594
v -0.030485 0.900870 0.051989
v -0.030683 0.901207 0.051651
v -0.030518 0.904079 0.056928
v -0.030316 0.903699 0.057310
v -0.007382 0.912748 0.049619
v -0.007139 0.913419 0.048124
v -0.012007 0.913902 0.053480
v -0.011931 0.913599 0.055104
v -0.008221 0.910432 0.054782
v -0.007960 0.911153 0.053176
v -0.012751 0.913131 0.057472
v -0.013065 0.912369 0.059215
v -0.007660 0.911982 0.051328
v -0.012780 0.911889 0.055466
v -0.018850 0.911373 0.063153
v -0.018852 0.910646 0.064116
v -0.018845 0.912059 0.062246
v -0.018694 0.912840 0.062089
v -0.018705 0.912304 0.062795
v -0.018687 0.913432 0.061307
v -0.030909 0.897117 0.056319
v -0.031114 0.897403 0.056016
v -0.030364 0.900320 0.061504
v -0.030252 0.903562 0.057446
v -0.029932 0.903459 0.057175
v -0.030215 0.900820 0.051780
v -0.030414 0.901157 0.051442
v -0.018902 0.913850 0.061837
v -0.029633 0.904716 0.064928
v -0.025118 0.909872 0.066466
v -0.024931 0.909187 0.067255
v -0.029401 0.904114 0.065516
v -0.029790 0.905135 0.064524
v -0.031041 0.901116 0.061188
v -0.029113 0.906587 0.061272
v -0.029241 0.906860 0.061002
v -0.029446 0.907284 0.060574
v -0.025491 0.911570 0.063258
v -0.025331 0.910960 0.063953
v -0.029144 0.904459 0.064472
v -0.030582 0.900765 0.061059
v -0.028912 0.903857 0.065059
v -0.029301 0.904878 0.064067
v -0.030661 0.900974 0.060857
v -0.028870 0.906705 0.060670
v -0.029996 0.903596 0.057040
v -0.028742 0.906431 0.060940
v -0.029075 0.907129 0.060242
v -0.030198 0.903977 0.056657
v -0.024440 0.908684 0.066712
v -0.025207 0.910495 0.064497
v -0.024765 0.910043 0.064008
v -0.025272 0.910428 0.065811
v -0.024627 0.909370 0.065923
v -0.024781 0.909925 0.065268
v -0.024888 0.910508 0.063464
v -0.025049 0.911118 0.062769
v -0.019106 0.911440 0.064716
v 0.018326 0.980507 0.021731
v -0.001575 0.964279 0.023210
v -0.000625 0.962921 0.023210
v 0.019395 0.979064 0.021731
v 0.021922 0.975621 0.021731
v 0.001636 0.959693 0.023210
v 0.002657 0.958235 0.023210
v 0.023057 0.974062 0.021731
v 0.000461 0.961370 0.023210
v 0.020616 0.977415 0.021731
v 0.047270 0.990892 0.019259
v 0.046533 0.991946 0.019259
v 0.043311 0.996547 0.019259
v 0.042496 0.997712 0.019259
v -0.000625 0.962921 0.021110
v -0.001575 0.964279 0.021110
v 0.018326 0.980507 0.020042
v 0.019395 0.979064 0.020042
v 0.002657 0.958235 0.021110
v 0.001636 0.959693 0.021110
v 0.021922 0.975621 0.020042
v 0.023057 0.974062 0.020042
v 0.000461 0.961370 0.021110
v 0.020616 0.977415 0.020042
v 0.047270 0.990892 0.018310
v 0.046533 0.991946 0.018310
v 0.043311 0.996547 0.018310
v 0.042496 0.997712 0.018310
v -0.006596 0.983947 0.022839
v -0.007898 0.982711 0.022839
v 0.009013 0.963337 0.024588
v 0.010185 0.964509 0.024588
v -0.010985 0.979759 0.022839
v -0.012374 0.978421 0.022839
v 0.004968 0.959292 0.024588
v 0.006227 0.960550 0.024588
v -0.009387 0.981299 0.022839
v 0.007675 0.961998 0.024588
v -0.032388 1.000109 0.019881
v -0.033297 0.999200 0.019881
v -0.028416 1.004081 0.019881
v -0.027410 1.005086 0.019881
v 0.009013 0.963337 0.022488
v -0.007898 0.982711 0.021150
v -0.006596 0.983947 0.021150
v 0.010185 0.964509 0.022488
v 0.004968 0.959292 0.022488
v -0.012374 0.978421 0.021150
v -0.010985 0.979759 0.021150
v 0.006227 0.960550 0.022488
v 0.007675 0.961998 0.022488
v -0.009387 0.981299 0.021150
v -0.033297 0.999200 0.018933
v -0.032388 1.000109 0.018933
v -0.028416 1.004081 0.018933
v -0.027410 1.005086 0.018933
v -0.031971 0.936896 0.076083
v -0.027922 0.936896 0.075884
v -0.028000 0.937686 0.075884
v -0.028231 0.938445 0.075884
v -0.028605 0.939145 0.075884
v -0.029108 0.939759 0.075884
v -0.029722 0.940262 0.075884
v -0.030421 0.940636 0.075884
v -0.031181 0.940867 0.075884
v -0.031971 0.940944 0.075884
v -0.032760 0.940867 0.075884
v -0.033520 0.940636 0.075884
v -0.034220 0.940262 0.075884
v -0.034833 0.939759 0.075884
v -0.035337 0.939145 0.075884
v -0.035711 0.938445 0.075884
v -0.035941 0.937686 0.075884
v -0.036019 0.936896 0.075884
v -0.035941 0.936106 0.075884
v -0.035711 0.935347 0.075884
v -0.035337 0.934647 0.075884
v -0.034833 0.934034 0.075884
v -0.034220 0.933530 0.075884
v -0.033520 0.933156 0.075884
v -0.032760 0.932926 0.075884
v -0.031971 0.932848 0.075884
v -0.031181 0.932926 0.075884
v -0.030421 0.933156 0.075884
v -0.029722 0.933530 0.075884
v -0.029108 0.934034 0.075884
v -0.028605 0.934647 0.075884
v -0.028231 0.935347 0.075884
v -0.028000 0.936106 0.075884
v -0.024068 0.938468 0.075290
v -0.023913 0.936896 0.075290
v -0.024527 0.939980 0.075290
v -0.025271 0.941373 0.075290
v -0.026273 0.942594 0.075290
v -0.027494 0.943596 0.075290
v -0.028887 0.944340 0.075290
v -0.030399 0.944799 0.075290
v -0.031971 0.944954 0.075290
v -0.033542 0.944799 0.075290
v -0.035054 0.944340 0.075290
v -0.036447 0.943596 0.075290
v -0.037668 0.942594 0.075290
v -0.038670 0.941373 0.075290
v -0.039415 0.939980 0.075290
v -0.039873 0.938468 0.075290
v -0.040028 0.936896 0.075290
v -0.039873 0.935324 0.075290
v -0.039415 0.933813 0.075290
v -0.038670 0.932420 0.075290
v -0.037668 0.931199 0.075290
v -0.036447 0.930197 0.075290
v -0.035054 0.929452 0.075290
v -0.033542 0.928994 0.075290
v -0.031971 0.928839 0.075290
v -0.030399 0.928994 0.075290
v -0.028887 0.929452 0.075290
v -0.027494 0.930197 0.075290
v -0.026273 0.931199 0.075290
v -0.025271 0.932420 0.075290
v -0.024526 0.933813 0.075290
v -0.024068 0.935324 0.075290
v -0.020212 0.939235 0.074305
v -0.019982 0.936896 0.074305
v -0.020894 0.941484 0.074305
v -0.022002 0.943557 0.074305
v -0.023493 0.945374 0.074305
v -0.025310 0.946865 0.074305
v -0.027383 0.947973 0.074305
v -0.029632 0.948655 0.074305
v -0.031971 0.948885 0.074305
v -0.034309 0.948655 0.074305
v -0.036559 0.947973 0.074305
v -0.038631 0.946865 0.074305
v -0.040448 0.945374 0.074305
v -0.041939 0.943557 0.074305
v -0.043047 0.941484 0.074305
v -0.043729 0.939235 0.074305
v -0.043960 0.936896 0.074305
v -0.043729 0.934557 0.074305
v -0.043047 0.932308 0.074305
v -0.041939 0.930235 0.074305
v -0.040448 0.928419 0.074305
v -0.038631 0.926928 0.074305
v -0.036559 0.925820 0.074305
v -0.034309 0.925138 0.074305
v -0.031971 0.924907 0.074305
v -0.029632 0.925138 0.074305
v -0.027383 0.925820 0.074305
v -0.025310 0.926928 0.074305
v -0.023493 0.928419 0.074305
v -0.022002 0.930235 0.074305
v -0.020894 0.932308 0.074305
v -0.020212 0.934557 0.074305
v -0.016469 0.939980 0.072940
v -0.016165 0.936896 0.072940
v -0.017369 0.942945 0.072940
v -0.018829 0.945677 0.072940
v -0.020795 0.948072 0.072940
v -0.023190 0.950038 0.072940
v -0.025922 0.951498 0.072940
v -0.028887 0.952398 0.072940
v -0.031971 0.952701 0.072940
v -0.035054 0.952398 0.072940
v -0.038019 0.951498 0.072940
v -0.040751 0.950038 0.072940
v -0.043146 0.948072 0.072940
v -0.045112 0.945677 0.072940
v -0.046573 0.942945 0.072940
v -0.047472 0.939980 0.072940
v -0.047776 0.936896 0.072940
v -0.047472 0.933813 0.072940
v -0.046573 0.930848 0.072940
v -0.045112 0.928115 0.072940
v -0.043146 0.925720 0.072940
v -0.040751 0.923755 0.072940
v -0.038019 0.922294 0.072940
v -0.035054 0.921395 0.072940
v -0.031971 0.921091 0.072940
v -0.028887 0.921395 0.072940
v -0.025922 0.922294 0.072940
v -0.023190 0.923755 0.072940
v -0.020795 0.925720 0.072940
v -0.018829 0.928115 0.072940
v -0.017369 0.930848 0.072940
v -0.016469 0.933813 0.072940
v -0.012876 0.940694 0.071207
v -0.012501 0.936896 0.071207
v -0.013983 0.944347 0.071207
v -0.015783 0.947713 0.071207
v -0.018204 0.950663 0.071207
v -0.021154 0.953084 0.071207
v -0.024520 0.954883 0.071207
v -0.028172 0.955991 0.071207
v -0.031971 0.956365 0.071207
v -0.035769 0.955991 0.071207
v -0.039421 0.954883 0.071207
v -0.042787 0.953084 0.071207
v -0.045737 0.950663 0.071207
v -0.048159 0.947713 0.071207
v -0.049958 0.944347 0.071207
v -0.051066 0.940694 0.071207
v -0.051440 0.936896 0.071207
v -0.051066 0.933098 0.071207
v -0.049958 0.929446 0.071207
v -0.048158 0.926080 0.071207
v -0.045737 0.923129 0.071207
v -0.042787 0.920708 0.071207
v -0.039421 0.918909 0.071207
v -0.035769 0.917801 0.071207
v -0.031971 0.917427 0.071207
v -0.028172 0.917801 0.071207
v -0.024520 0.918909 0.071207
v -0.021154 0.920708 0.071207
v -0.018204 0.923129 0.071207
v -0.015783 0.926080 0.071207
v -0.013983 0.929446 0.071207
v -0.012876 0.933098 0.071207
v -0.009466 0.941373 0.069123
v -0.009025 0.936896 0.069123
v -0.010772 0.945677 0.069123
v -0.012892 0.949644 0.069123
v -0.015746 0.953121 0.069123
v -0.019223 0.955975 0.069123
v -0.023190 0.958095 0.069123
v -0.027494 0.959401 0.069123
v -0.031971 0.959842 0.069123
v -0.036447 0.959401 0.069123
v -0.040751 0.958095 0.069123
v -0.044718 0.955975 0.069123
v -0.048195 0.953121 0.069123
v -0.051049 0.949644 0.069123
v -0.053169 0.945677 0.069123
v -0.054475 0.941373 0.069123
v -0.054916 0.936896 0.069123
v -0.054475 0.932420 0.069123
v -0.053169 0.928115 0.069123
v -0.051049 0.924148 0.069123
v -0.048195 0.920671 0.069123
v -0.044718 0.917818 0.069123
v -0.040751 0.915697 0.069123
v -0.036447 0.914392 0.069123
v -0.031971 0.913951 0.069123
v -0.027494 0.914392 0.069123
v -0.023190 0.915697 0.069123
v -0.019223 0.917818 0.069123
v -0.015746 0.920671 0.069123
v -0.012892 0.924148 0.069123
v -0.010772 0.928115 0.069123
v -0.009466 0.932420 0.069123
v -0.006273 0.942008 0.066708
v -0.005770 0.936896 0.066708
v -0.007764 0.946923 0.066708
v -0.010185 0.951453 0.066708
v -0.013444 0.955423 0.066708
v -0.017414 0.958681 0.066708
v -0.021944 0.961103 0.066708
v -0.026859 0.962594 0.066708
v -0.031971 0.963097 0.066708
v -0.037082 0.962594 0.066708
v -0.041997 0.961103 0.066708
v -0.046527 0.958681 0.066708
v -0.050497 0.955423 0.066708
v -0.053756 0.951453 0.066708
v -0.056177 0.946923 0.066708
v -0.057668 0.942008 0.066708
v -0.058172 0.936896 0.066708
v -0.057668 0.931785 0.066708
v -0.056177 0.926869 0.066708
v -0.053756 0.922340 0.066708
v -0.050497 0.918369 0.066708
v -0.046527 0.915111 0.066708
v -0.041997 0.912690 0.066708
v -0.037082 0.911199 0.066708
v -0.031971 0.910695 0.066708
v -0.026859 0.911199 0.066708
v -0.021944 0.912690 0.066708
v -0.017414 0.915111 0.066708
v -0.013444 0.918369 0.066708
v -0.010185 0.922340 0.066708
v -0.007764 0.926870 0.066708
v -0.006273 0.931785 0.066708
v -0.003328 0.942594 0.063987
v -0.002766 0.936896 0.063987
v -0.004990 0.948072 0.063987
v -0.007688 0.953121 0.063987
v -0.011320 0.957547 0.063987
v -0.015746 0.961178 0.063987
v -0.020795 0.963877 0.063987
v -0.026273 0.965539 0.063987
v -0.031971 0.966100 0.063987
v -0.037668 0.965539 0.063987
v -0.043146 0.963877 0.063987
v -0.048195 0.961178 0.063987
v -0.052621 0.957547 0.063987
v -0.056253 0.953121 0.063987
v -0.058952 0.948072 0.063987
v -0.060614 0.942594 0.063987
v -0.061175 0.936896 0.063987
v -0.060613 0.931199 0.063987
v -0.058952 0.925720 0.063987
v -0.056253 0.920671 0.063987
v -0.052621 0.916246 0.063987
v -0.048195 0.912614 0.063987
v -0.043146 0.909915 0.063987
v -0.037668 0.908253 0.063987
v -0.031971 0.907692 0.063987
v -0.026273 0.908253 0.063987
v -0.020795 0.909915 0.063987
v -0.015746 0.912614 0.063987
v -0.011320 0.916246 0.063987
v -0.007688 0.920671 0.063987
v -0.004989 0.925720 0.063987
v -0.003328 0.931199 0.063987
v -0.000658 0.943125 0.060983
v -0.000045 0.936896 0.060983
v -0.002475 0.949114 0.060983
v -0.005425 0.954633 0.060983
v -0.009395 0.959471 0.060983
v -0.014233 0.963442 0.060983
v -0.019753 0.966392 0.060983
v -0.025742 0.968209 0.060983
v -0.031971 0.968822 0.060983
v -0.038199 0.968209 0.060983
v -0.044188 0.966392 0.060983
v -0.049708 0.963442 0.060983
v -0.054546 0.959471 0.060983
v -0.058516 0.954633 0.060983
v -0.061466 0.949114 0.060983
v -0.063283 0.943125 0.060983
v -0.063897 0.936896 0.060983
v -0.063283 0.930668 0.060983
v -0.061466 0.924679 0.060983
v -0.058516 0.919159 0.060983
v -0.054546 0.914321 0.060983
v -0.049708 0.910351 0.060983
v -0.044188 0.907400 0.060983
v -0.038199 0.905584 0.060983
v -0.031971 0.904970 0.060983
v -0.025742 0.905584 0.060983
v -0.019753 0.907400 0.060983
v -0.014233 0.910351 0.060983
v -0.009395 0.914321 0.060983
v -0.005425 0.919159 0.060983
v -0.002475 0.924679 0.060983
v -0.000658 0.930668 0.060983
v 0.001710 0.943596 0.057728
v 0.002370 0.936896 0.057728
v -0.000244 0.950038 0.057728
v -0.003418 0.955975 0.057728
v -0.007688 0.961178 0.057728
v -0.012892 0.965449 0.057728
v -0.018829 0.968623 0.057728
v -0.025271 0.970577 0.057728
v -0.031971 0.971237 0.057728
v -0.038670 0.970577 0.057728
v -0.045112 0.968623 0.057728
v -0.051049 0.965449 0.057728
v -0.056253 0.961178 0.057728
v -0.060524 0.955975 0.057728
v -0.063697 0.950038 0.057728
v -0.065651 0.943596 0.057728
v -0.066311 0.936896 0.057728
v -0.065651 0.930197 0.057728
v -0.063697 0.923755 0.057728
v -0.060524 0.917818 0.057728
v -0.056253 0.912614 0.057728
v -0.051049 0.908343 0.057728
v -0.045112 0.905170 0.057728
v -0.038670 0.903216 0.057728
v -0.031971 0.902556 0.057728
v -0.025271 0.903216 0.057728
v -0.018829 0.905170 0.057728
v -0.012892 0.908343 0.057728
v -0.007688 0.912614 0.057728
v -0.003418 0.917818 0.057728
v -0.000244 0.923755 0.057728
v 0.001710 0.930197 0.057728
v 0.003754 0.944002 0.054252
v 0.004454 0.936896 0.054252
v 0.001681 0.950835 0.054252
v -0.001685 0.957132 0.054252
v -0.006215 0.962652 0.054252
v -0.011734 0.967182 0.054252
v -0.018032 0.970548 0.054252
v -0.024865 0.972620 0.054252
v -0.031971 0.973320 0.054252
v -0.039077 0.972620 0.054252
v -0.045909 0.970548 0.054252
v -0.052207 0.967182 0.054252
v -0.057726 0.962652 0.054252
v -0.062256 0.957132 0.054252
v -0.065622 0.950835 0.054252
v -0.067695 0.944002 0.054252
v -0.068395 0.936896 0.054252
v -0.067695 0.929790 0.054252
v -0.065622 0.922957 0.054252
v -0.062256 0.916660 0.054252
v -0.057726 0.911140 0.054252
v -0.052207 0.906611 0.054252
v -0.045909 0.903245 0.054252
v -0.039077 0.901172 0.054252
v -0.031971 0.900472 0.054252
v -0.024865 0.901172 0.054252
v -0.018032 0.903245 0.054252
v -0.011734 0.906611 0.054252
v -0.006215 0.911140 0.054252
v -0.001685 0.916660 0.054252
v 0.001681 0.922957 0.054252
v 0.003754 0.929790 0.054252
v 0.005453 0.944340 0.050588
v 0.006186 0.936896 0.050588
v 0.003282 0.951498 0.050588
v -0.000244 0.958095 0.050588
v -0.004990 0.963877 0.050588
v -0.010772 0.968623 0.050588
v -0.017369 0.972149 0.050588
v -0.024527 0.974320 0.050588
v -0.031971 0.975053 0.050588
v -0.039415 0.974320 0.050588
v -0.046573 0.972149 0.050588
v -0.053169 0.968623 0.050588
v -0.058952 0.963877 0.050588
v -0.063697 0.958095 0.050588
v -0.067223 0.951498 0.050588
v -0.069394 0.944340 0.050588
v -0.070128 0.936896 0.050588
v -0.069394 0.929452 0.050588
v -0.067223 0.922294 0.050588
v -0.063697 0.915697 0.050588
v -0.058952 0.909915 0.050588
v -0.053169 0.905170 0.050588
v -0.046573 0.901644 0.050588
v -0.039415 0.899472 0.050588
v -0.031971 0.898739 0.050588
v -0.024526 0.899472 0.050588
v -0.017368 0.901644 0.050588
v -0.010772 0.905170 0.050588
v -0.004989 0.909915 0.050588
v -0.000244 0.915697 0.050588
v 0.003282 0.922294 0.050588
v 0.005453 0.929452 0.050588
v 0.006792 0.944607 0.046772
v 0.007552 0.936896 0.046772
v 0.004543 0.952021 0.046772
v 0.000891 0.958854 0.046772
v -0.004024 0.964843 0.046772
v -0.010013 0.969758 0.046772
v -0.016846 0.973410 0.046772
v -0.024260 0.975659 0.046772
v -0.031971 0.976419 0.046772
v -0.039681 0.975659 0.046772
v -0.047095 0.973410 0.046772
v -0.053928 0.969758 0.046772
v -0.059917 0.964843 0.046772
v -0.064832 0.958854 0.046772
v -0.068485 0.952021 0.046772
v -0.070734 0.944607 0.046772
v -0.071493 0.936896 0.046772
v -0.070734 0.929186 0.046772
v -0.068485 0.921772 0.046772
v -0.064832 0.914939 0.046772
v -0.059917 0.908950 0.046772
v -0.053928 0.904034 0.046772
v -0.047095 0.900382 0.046772
v -0.039681 0.898133 0.046772
v -0.031971 0.897374 0.046772
v -0.024260 0.898133 0.046772
v -0.016846 0.900382 0.046772
v -0.010013 0.904034 0.046772
v -0.004024 0.908950 0.046772
v 0.000891 0.914939 0.046772
v 0.004543 0.921772 0.046772
v 0.006792 0.929186 0.046772
v 0.007758 0.944799 0.042840
v 0.008537 0.936896 0.042840
v 0.005453 0.952398 0.042840
v 0.001710 0.959401 0.042840
v -0.003328 0.965539 0.042840
v -0.009466 0.970577 0.042840
v -0.016469 0.974320 0.042840
v -0.024068 0.976625 0.042840
v -0.031971 0.977403 0.042840
v -0.039873 0.976625 0.042840
v -0.047472 0.974320 0.042840
v -0.054475 0.970577 0.042840
v -0.060613 0.965539 0.042840
v -0.065651 0.959401 0.042840
v -0.069394 0.952398 0.042840
v -0.071699 0.944799 0.042840
v -0.072478 0.936896 0.042840
v -0.071699 0.928994 0.042840
v -0.069394 0.921395 0.042840
v -0.065651 0.914392 0.042840
v -0.060613 0.908253 0.042840
v -0.054475 0.903216 0.042840
v -0.047472 0.899472 0.042840
v -0.039873 0.897167 0.042840
v -0.031971 0.896389 0.042840
v -0.024068 0.897167 0.042840
v -0.016469 0.899472 0.042840
v -0.009466 0.903216 0.042840
v -0.003328 0.908253 0.042840
v 0.001710 0.914392 0.042840
v 0.005453 0.921395 0.042840
v 0.007758 0.928994 0.042840
v 0.008342 0.944915 0.038831
v 0.009131 0.936896 0.038831
v 0.006003 0.952625 0.038831
v 0.002204 0.959731 0.038831
v -0.002907 0.965960 0.038831
v -0.009136 0.971071 0.038831
v -0.016242 0.974869 0.038831
v -0.023952 0.977208 0.038831
v -0.031971 0.977998 0.038831
v -0.039989 0.977208 0.038831
v -0.047700 0.974869 0.038831
v -0.054806 0.971071 0.038831
v -0.061034 0.965960 0.038831
v -0.066146 0.959731 0.038831
v -0.069944 0.952625 0.038831
v -0.072283 0.944915 0.038831
v -0.073072 0.936896 0.038831
v -0.072283 0.928878 0.038831
v -0.069944 0.921167 0.038831
v -0.066146 0.914061 0.038831
v -0.061034 0.907833 0.038831
v -0.054806 0.902721 0.038831
v -0.047700 0.898923 0.038831
v -0.039989 0.896584 0.038831
v -0.031971 0.895794 0.038831
v -0.023952 0.896584 0.038831
v -0.016241 0.898923 0.038831
v -0.009136 0.902721 0.038831
v -0.002907 0.907833 0.038831
v 0.002204 0.914061 0.038831
v 0.006003 0.921167 0.038831
v 0.008342 0.928878 0.038831
v 0.008537 0.944954 0.034745
v 0.009330 0.936896 0.034745
v 0.006186 0.952701 0.034745
v 0.002370 0.959842 0.034745
v -0.002766 0.966100 0.034745
v -0.009025 0.971237 0.034745
v -0.016165 0.975053 0.034745
v -0.023913 0.977403 0.034745
v -0.031971 0.978197 0.034745
v -0.040028 0.977403 0.034745
v -0.047776 0.975053 0.034745
v -0.054916 0.971237 0.034745
v -0.061175 0.966100 0.034745
v -0.066311 0.959842 0.034745
v -0.070128 0.952701 0.034745
v -0.072478 0.944953 0.034745
v -0.073271 0.936896 0.034745
v -0.072478 0.928839 0.034745
v -0.070128 0.921091 0.034745
v -0.066311 0.913951 0.034745
v -0.061175 0.907692 0.034745
v -0.054916 0.902556 0.034745
v -0.047776 0.898739 0.034745
v -0.040028 0.896389 0.034745
v -0.031971 0.895595 0.034745
v -0.023913 0.896389 0.034745
v -0.016165 0.898739 0.034745
v -0.009025 0.902556 0.034745
v -0.002766 0.907692 0.034745
v 0.002370 0.913951 0.034745
v 0.006186 0.921091 0.034745
v 0.008537 0.928839 0.034745
v 0.008342 0.944915 0.030660
v 0.009131 0.936896 0.030660
v 0.006003 0.952625 0.030660
v 0.002204 0.959731 0.030660
v -0.002907 0.965960 0.030660
v -0.009136 0.971071 0.030660
v -0.016242 0.974869 0.030660
v -0.023952 0.977208 0.030660
v -0.031971 0.977998 0.030660
v -0.039989 0.977208 0.030660
v -0.047700 0.974869 0.030660
v -0.054806 0.971071 0.030660
v -0.061034 0.965960 0.030660
v -0.066146 0.959731 0.030660
v -0.069944 0.952625 0.030660
v -0.072283 0.944915 0.030660
v -0.073072 0.936896 0.030660
v -0.072283 0.928878 0.030660
v -0.069944 0.921167 0.030660
v -0.066146 0.914061 0.030660
v -0.061034 0.907833 0.030660
v -0.054806 0.902721 0.030660
v -0.047700 0.898923 0.030660
v -0.039989 0.896584 0.030660
v -0.031971 0.895794 0.030660
v -0.023952 0.896584 0.030660
v -0.016241 0.898923 0.030660
v -0.009136 0.902721 0.030660
v -0.002907 0.907833 0.030660
v 0.002204 0.914061 0.030660
v 0.006003 0.921167 0.030660
v 0.008342 0.928878 0.030660
v 0.007758 0.944799 0.026650
v 0.008537 0.936896 0.026650
v 0.005453 0.952398 0.026650
v 0.001710 0.959401 0.026650
v -0.003328 0.965539 0.026650
v -0.009466 0.970577 0.026650
v -0.016469 0.974320 0.026650
v -0.024068 0.976625 0.026650
v -0.031971 0.977403 0.026650
v -0.039873 0.976625 0.026650
v -0.047472 0.974320 0.026650
v -0.054475 0.970577 0.026650
v -0.060613 0.965539 0.026650
v -0.065651 0.959401 0.026650
v -0.069394 0.952398 0.026650
v -0.071699 0.944799 0.026650
v -0.072478 0.936896 0.026650
v -0.071699 0.928994 0.026650
v -0.069394 0.921395 0.026650
v -0.065651 0.914392 0.026650
v -0.060613 0.908253 0.026650
v -0.054475 0.903216 0.026650
v -0.047472 0.899472 0.026650
v -0.039873 0.897167 0.026650
v -0.031971 0.896389 0.026650
v -0.024068 0.897167 0.026650
v -0.016469 0.899472 0.026650
v -0.009466 0.903216 0.026650
v -0.003328 0.908253 0.026650
v 0.001710 0.914392 0.026650
v 0.005453 0.921395 0.026650
v 0.007758 0.928994 0.026650
v 0.006792 0.944607 0.022719
v 0.007552 0.936896 0.022719
v 0.004543 0.952021 0.022719
v 0.000891 0.958854 0.022719
v -0.004024 0.964843 0.022719
v -0.010013 0.969758 0.022719
v -0.016846 0.973410 0.022719
v -0.024260 0.975659 0.022719
v -0.031971 0.976419 0.022719
v -0.039681 0.975659 0.022719
v -0.047095 0.973410 0.022719
v -0.053928 0.969758 0.022719
v -0.059917 0.964843 0.022719
v -0.064832 0.958854 0.022719
v -0.068485 0.952021 0.022719
v -0.070734 0.944607 0.022719
v -0.071493 0.936896 0.022719
v -0.070734 0.929186 0.022719
v -0.068485 0.921772 0.022719
v -0.064832 0.914939 0.022719
v -0.059917 0.908950 0.022719
v -0.053928 0.904034 0.022719
v -0.047095 0.900382 0.022719
v -0.039681 0.898133 0.022719
v -0.031971 0.897374 0.022719
v -0.024260 0.898133 0.022719
v -0.016846 0.900382 0.022719
v -0.010013 0.904034 0.022719
v -0.004024 0.908950 0.022719
v 0.000891 0.914939 0.022719
v 0.004543 0.921772 0.022719
v 0.006792 0.929186 0.022719
v 0.005453 0.944340 0.018903
v 0.006186 0.936896 0.018903
v 0.003282 0.951498 0.018903
v -0.000244 0.958095 0.018903
v -0.004990 0.963877 0.018903
v -0.010772 0.968623 0.018903
v -0.017369 0.972149 0.018903
v -0.024527 0.974320 0.018903
v -0.031971 0.975053 0.018903
v -0.039415 0.974320 0.018903
v -0.046573 0.972149 0.018903
v -0.053169 0.968623 0.018903
v -0.058952 0.963877 0.018903
v -0.063697 0.958095 0.018903
v -0.067223 0.951498 0.018903
v -0.069394 0.944340 0.018903
v -0.070128 0.936896 0.018903
v -0.069394 0.929452 0.018903
v -0.067223 0.922294 0.018903
v -0.063697 0.915697 0.018903
v -0.058952 0.909915 0.018903
v -0.053169 0.905170 0.018903
v -0.046573 0.901644 0.018903
v -0.039415 0.899472 0.018903
v -0.031971 0.898739 0.018903
v -0.024526 0.899472 0.018903
v -0.017368 0.901644 0.018903
v -0.010772 0.905170 0.018903
v -0.004989 0.909915 0.018903
v -0.000244 0.915697 0.018903
v 0.003282 0.922294 0.018903
v 0.005453 0.929452 0.018903
v 0.003754 0.944002 0.015239
v 0.004454 0.936896 0.015239
v 0.001681 0.950835 0.015239
v -0.001685 0.957132 0.015239
v -0.006215 0.962652 0.015239
v -0.011734 0.967182 0.015239
v -0.018032 0.970548 0.015239
v -0.024865 0.972620 0.015239
v -0.031971 0.973320 0.015239
v -0.039077 0.972620 0.015239
v -0.045909 0.970548 0.015239
v -0.052207 0.967182 0.015239
v -0.057726 0.962652 0.015239
v -0.062256 0.957132 0.015239
v -0.065622 0.950835 0.015239
v -0.067695 0.944002 0.015239
v -0.068395 0.936896 0.015239
v -0.067695 0.929790 0.015239
v -0.065622 0.922957 0.015239
v -0.062256 0.916660 0.015239
v -0.057726 0.911140 0.015239
v -0.052207 0.906611 0.015239
v -0.045909 0.903245 0.015239
v -0.039077 0.901172 0.015239
v -0.031971 0.900472 0.015239
v -0.024865 0.901172 0.015239
v -0.018032 0.903245 0.015239
v -0.011734 0.906611 0.015239
v -0.006215 0.911140 0.015239
v -0.001685 0.916660 0.015239
v 0.001681 0.922957 0.015239
v 0.003754 0.929790 0.015239
v 0.001710 0.943596 0.011762
v 0.002370 0.936896 0.011762
v -0.000244 0.950038 0.011762
v -0.003418 0.955975 0.011762
v -0.007688 0.961178 0.011762
v -0.012892 0.965449 0.011762
v -0.018829 0.968623 0.011762
v -0.025271 0.970577 0.011762
v -0.031971 0.971237 0.011762
v -0.038670 0.970577 0.011762
v -0.045112 0.968623 0.011762
v -0.051049 0.965449 0.011762
v -0.056253 0.961178 0.011762
v -0.060524 0.955975 0.011762
v -0.063697 0.950038 0.011762
v -0.065651 0.943596 0.011762
v -0.066311 0.936896 0.011762
v -0.065651 0.930197 0.011762
v -0.063697 0.923755 0.011762
v -0.060524 0.917818 0.011762
v -0.056253 0.912614 0.011762
v -0.051049 0.908343 0.011762
v -0.045112 0.905170 0.011762
v -0.038670 0.903216 0.011762
v -0.031971 0.902556 0.011762
v -0.025271 0.903216 0.011762
v -0.018829 0.905170 0.011762
v -0.012892 0.908343 0.011762
v -0.007688 0.912614 0.011762
v -0.003418 0.917818 0.011762
v -0.000244 0.923755 0.011762
v 0.001710 0.930197 0.011762
v -0.000658 0.943125 0.008507
v -0.000045 0.936896 0.008507
v -0.002475 0.949114 0.008507
v -0.005425 0.954633 0.008507
v -0.009395 0.959471 0.008507
v -0.014233 0.963442 0.008507
v -0.019753 0.966392 0.008507
v -0.025742 0.968209 0.008507
v -0.031971 0.968822 0.008507
v -0.038199 0.968209 0.008507
v -0.044188 0.966392 0.008507
v -0.049708 0.963442 0.008507
v -0.054546 0.959471 0.008507
v -0.058516 0.954633 0.008507
v -0.061466 0.949114 0.008507
v -0.063283 0.943125 0.008507
v -0.063897 0.936896 0.008507
v -0.063283 0.930668 0.008507
v -0.061466 0.924679 0.008507
v -0.058516 0.919159 0.008507
v -0.054546 0.914321 0.008507
v -0.049708 0.910351 0.008507
v -0.044188 0.907400 0.008507
v -0.038199 0.905584 0.008507
v -0.031971 0.904970 0.008507
v -0.025742 0.905584 0.008507
v -0.019753 0.907400 0.008507
v -0.014233 0.910351 0.008507
v -0.009395 0.914321 0.008507
v -0.005425 0.919159 0.008507
v -0.002475 0.924679 0.008507
v -0.000658 0.930668 0.008507
v -0.003328 0.942594 0.005504
v -0.002766 0.936896 0.005504
v -0.004990 0.948072 0.005504
v -0.007688 0.953121 0.005504
v -0.011320 0.957547 0.005504
v -0.015746 0.961178 0.005504
v -0.020795 0.963877 0.005504
v -0.026273 0.965539 0.005504
v -0.031971 0.966100 0.005504
v -0.037668 0.965539 0.005504
v -0.043146 0.963877 0.005504
v -0.048195 0.961178 0.005504
v -0.052621 0.957547 0.005504
v -0.056253 0.953121 0.005504
v -0.058952 0.948072 0.005504
v -0.060614 0.942594 0.005504
v -0.061175 0.936896 0.005504
v -0.060613 0.931199 0.005504
v -0.058952 0.925720 0.005504
v -0.056253 0.920671 0.005504
v -0.052621 0.916246 0.005504
v -0.048195 0.912614 0.005504
v -0.043146 0.909915 0.005504
v -0.037668 0.908253 0.005504
v -0.031971 0.907692 0.005504
v -0.026273 0.908253 0.005504
v -0.020795 0.909915 0.005504
v -0.015746 0.912614 0.005504
v -0.011320 0.916246 0.005504
v -0.007688 0.920671 0.005504
v -0.004989 0.925720 0.005504
v -0.003328 0.931199 0.005504
v -0.006273 0.942008 0.002782
v -0.005770 0.936896 0.002782
v -0.007764 0.946923 0.002782
v -0.010185 0.951453 0.002782
v -0.013444 0.955423 0.002782
v -0.017414 0.958681 0.002782
v -0.021944 0.961103 0.002782
v -0.026859 0.962594 0.002782
v -0.031971 0.963097 0.002782
v -0.037082 0.962594 0.002782
v -0.041997 0.961103 0.002782
v -0.046527 0.958681 0.002782
v -0.050497 0.955423 0.002782
v -0.053756 0.951453 0.002782
v -0.056177 0.946923 0.002782
v -0.057668 0.942008 0.002782
v -0.058172 0.936896 0.002782
v -0.057668 0.931785 0.002782
v -0.056177 0.926869 0.002782
v -0.053756 0.922340 0.002782
v -0.050497 0.918369 0.002782
v -0.046527 0.915111 0.002782
v -0.041997 0.912690 0.002782
v -0.037082 0.911199 0.002782
v -0.031971 0.910695 0.002782
v -0.026859 0.911199 0.002782
v -0.021944 0.912690 0.002782
v -0.017414 0.915111 0.002782
v -0.013444 0.918369 0.002782
v -0.010185 0.922340 0.002782
v -0.007764 0.926870 0.002782
v -0.006273 0.931785 0.002782
v -0.009466 0.941373 0.000367
v -0.009025 0.936896 0.000367
v -0.010772 0.945677 0.000367
v -0.012892 0.949644 0.000367
v -0.015746 0.953121 0.000367
v -0.019223 0.955975 0.000367
v -0.023190 0.958095 0.000367
v -0.027494 0.959401 0.000367
v -0.031971 0.959842 0.000367
v -0.036447 0.959401 0.000367
v -0.040751 0.958095 0.000367
v -0.044718 0.955975 0.000367
v -0.048195 0.953121 0.000367
v -0.051049 0.949644 0.000367
v -0.053169 0.945677 0.000367
v -0.054475 0.941373 0.000367
v -0.054916 0.936896 0.000367
v -0.054475 0.932420 0.000367
v -0.053169 0.928115 0.000367
v -0.051049 0.924148 0.000367
v -0.048195 0.920671 0.000367
v -0.044718 0.917818 0.000367
v -0.040751 0.915697 0.000367
v -0.036447 0.914392 0.000367
v -0.031971 0.913951 0.000367
v -0.027494 0.914392 0.000367
v -0.023190 0.915697 0.000367
v -0.019223 0.917818 0.000367
v -0.015746 0.920671 0.000367
v -0.012892 0.924148 0.000367
v -0.010772 0.928115 0.000367
v -0.009466 0.932420 0.000367
v -0.012876 0.940694 -0.001716
v -0.012501 0.936896 -0.001716
v -0.013983 0.944347 -0.001716
v -0.015783 0.947713 -0.001716
v -0.018204 0.950663 -0.001716
v -0.021154 0.953084 -0.001716
v -0.024520 0.954883 -0.001716
v -0.028172 0.955991 -0.001716
v -0.031971 0.956365 -0.001716
v -0.035769 0.955991 -0.001716
v -0.039421 0.954883 -0.001716
v -0.042787 0.953084 -0.001716
v -0.045737 0.950663 -0.001716
v -0.048159 0.947713 -0.001716
v -0.049958 0.944347 -0.001716
v -0.051066 0.940694 -0.001716
v -0.051440 0.936896 -0.001716
v -0.051066 0.933098 -0.001716
v -0.049958 0.929446 -0.001716
v -0.048158 0.926080 -0.001716
v -0.045737 0.923129 -0.001716
v -0.042787 0.920708 -0.001716
v -0.039421 0.918909 -0.001716
v -0.035769 0.917801 -0.001716
v -0.031971 0.917427 -0.001716
v -0.028172 0.917801 -0.001716
v -0.024520 0.918909 -0.001716
v -0.021154 0.920708 -0.001716
v -0.018204 0.923129 -0.001716
v -0.015783 0.926080 -0.001716
v -0.013983 0.929446 -0.001716
v -0.012876 0.933098 -0.001716
v -0.016469 0.939980 -0.003449
v -0.016165 0.936896 -0.003449
v -0.017369 0.942945 -0.003449
v -0.018829 0.945677 -0.003449
v -0.020795 0.948072 -0.003449
v -0.023190 0.950038 -0.003449
v -0.025922 0.951498 -0.003449
v -0.028887 0.952398 -0.003449
v -0.031971 0.952701 -0.003449
v -0.035054 0.952398 -0.003449
v -0.038019 0.951498 -0.003449
v -0.040751 0.950038 -0.003449
v -0.043146 0.948072 -0.003449
v -0.045112 0.945677 -0.003449
v -0.046573 0.942945 -0.003449
v -0.047472 0.939980 -0.003449
v -0.047776 0.936896 -0.003449
v -0.047472 0.933813 -0.003449
v -0.046573 0.930848 -0.003449
v -0.045112 0.928115 -0.003449
v -0.043146 0.925720 -0.003449
v -0.040751 0.923755 -0.003449
v -0.038019 0.922294 -0.003449
v -0.035054 0.921395 -0.003449
v -0.031971 0.921091 -0.003449
v -0.028887 0.921395 -0.003449
v -0.025922 0.922294 -0.003449
v -0.023190 0.923755 -0.003449
v -0.020795 0.925720 -0.003449
v -0.018829 0.928115 -0.003449
v -0.017369 0.930848 -0.003449
v -0.016469 0.933813 -0.003449
v -0.020212 0.939235 -0.004815
v -0.019982 0.936896 -0.004815
v -0.020894 0.941484 -0.004815
v -0.022002 0.943557 -0.004815
v -0.023493 0.945374 -0.004815
v -0.025310 0.946865 -0.004815
v -0.027383 0.947973 -0.004815
v -0.029632 0.948655 -0.004815
v -0.031971 0.948885 -0.004815
v -0.034309 0.948655 -0.004815
v -0.036559 0.947973 -0.004815
v -0.038631 0.946865 -0.004815
v -0.040448 0.945374 -0.004815
v -0.041939 0.943557 -0.004815
v -0.043047 0.941484 -0.004815
v -0.043729 0.939235 -0.004815
v -0.043960 0.936896 -0.004815
v -0.043729 0.934557 -0.004815
v -0.043047 0.932308 -0.004815
v -0.041939 0.930235 -0.004815
v -0.040448 0.928419 -0.004815
v -0.038631 0.926928 -0.004815
v -0.036559 0.925820 -0.004815
v -0.034309 0.925138 -0.004815
v -0.031971 0.924907 -0.004815
v -0.029632 0.925138 -0.004815
v -0.027383 0.925820 -0.004815
v -0.025310 0.926928 -0.004815
v -0.023493 0.928419 -0.004815
v -0.022002 0.930235 -0.004815
v -0.020894 0.932308 -0.004815
v -0.020212 0.934557 -0.004815
v -0.024068 0.938468 -0.005799
v -0.023913 0.936896 -0.005799
v -0.024527 0.939980 -0.005799
v -0.025271 0.941373 -0.005799
v -0.026273 0.942594 -0.005799
v -0.027494 0.943596 -0.005799
v -0.028887 0.944340 -0.005799
v -0.030399 0.944799 -0.005799
v -0.031971 0.944954 -0.005799
v -0.033542 0.944799 -0.005799
v -0.035054 0.944340 -0.005799
v -0.036447 0.943596 -0.005799
v -0.037668 0.942594 -0.005799
v -0.038670 0.941373 -0.005799
v -0.039415 0.939980 -0.005799
v -0.039873 0.938468 -0.005799
v -0.040028 0.936896 -0.005799
v -0.039873 0.935324 -0.005799
v -0.039415 0.933813 -0.005799
v -0.038670 0.932420 -0.005799
v -0.037668 0.931199 -0.005799
v -0.036447 0.930197 -0.005799
v -0.035054 0.929452 -0.005799
v -0.033542 0.928994 -0.005799
v -0.031971 0.928839 -0.005799
v -0.030399 0.928994 -0.005799
v -0.028887 0.929452 -0.005799
v -0.027494 0.930197 -0.005799
v -0.026273 0.931199 -0.005799
v -0.025271 0.932420 -0.005799
v -0.024526 0.933813 -0.005799
v -0.024068 0.935324 -0.005799
v -0.028000 0.937686 -0.006394
v -0.027922 0.936896 -0.006394
v -0.028231 0.938445 -0.006394
v -0.028605 0.939145 -0.006394
v -0.029108 0.939759 -0.006394
v -0.029722 0.940262 -0.006394
v -0.030421 0.940636 -0.006394
v -0.031181 0.940867 -0.006394
v -0.031971 0.940944 -0.006394
v -0.032760 0.940867 -0.006394
v -0.033520 0.940636 -0.006394
v -0.034220 0.940262 -0.006394
v -0.034833 0.939759 -0.006394
v -0.035337 0.939145 -0.006394
v -0.035711 0.938445 -0.006394
v -0.035941 0.937686 -0.006394
v -0.036019 0.936896 -0.006394
v -0.035941 0.936106 -0.006394
v -0.035711 0.935347 -0.006394
v -0.035337 0.934647 -0.006394
v -0.034833 0.934034 -0.006394
v -0.034220 0.933530 -0.006394
v -0.033520 0.933156 -0.006394
v -0.032760 0.932926 -0.006394
v -0.031971 0.932848 -0.006394
v -0.031181 0.932926 -0.006394
v -0.030421 0.933156 -0.006394
v -0.029722 0.933530 -0.006394
v -0.029108 0.934034 -0.006394
v -0.028605 0.934647 -0.006394
v -0.028231 0.935347 -0.006394
v -0.028000 0.936106 -0.006394
v -0.031971 0.936896 -0.006593
v 0.026828 0.933121 0.050906
v 0.030265 0.933121 0.050737
v 0.030199 0.933792 0.050737
v 0.030003 0.934437 0.050737
v 0.029686 0.935031 0.050737
v 0.029258 0.935552 0.050737
v 0.028737 0.935979 0.050737
v 0.028143 0.936297 0.050737
v 0.027498 0.936492 0.050737
v 0.026828 0.936558 0.050737
v 0.026157 0.936492 0.050737
v 0.025513 0.936297 0.050737
v 0.024918 0.935979 0.050737
v 0.024398 0.935552 0.050737
v 0.023970 0.935031 0.050737
v 0.023653 0.934437 0.050737
v 0.023457 0.933792 0.050737
v 0.023391 0.933121 0.050737
v 0.023457 0.932451 0.050737
v 0.023653 0.931806 0.050737
v 0.023970 0.931212 0.050737
v 0.024398 0.930691 0.050737
v 0.024918 0.930264 0.050737
v 0.025513 0.929946 0.050737
v 0.026157 0.929750 0.050737
v 0.026828 0.929684 0.050737
v 0.027498 0.929750 0.050737
v 0.028143 0.929946 0.050737
v 0.028737 0.930264 0.050737
v 0.029258 0.930691 0.050737
v 0.029686 0.931212 0.050737
v 0.030003 0.931806 0.050737
v 0.030199 0.932451 0.050737
v 0.033537 0.934456 0.050232
v 0.033669 0.933121 0.050232
v 0.033148 0.935739 0.050232
v 0.032516 0.936922 0.050232
v 0.031665 0.937959 0.050232
v 0.030629 0.938809 0.050232
v 0.029446 0.939442 0.050232
v 0.028163 0.939831 0.050232
v 0.026828 0.939962 0.050232
v 0.025493 0.939831 0.050232
v 0.024210 0.939442 0.050232
v 0.023027 0.938809 0.050232
v 0.021991 0.937959 0.050232
v 0.021140 0.936922 0.050232
v 0.020508 0.935739 0.050232
v 0.020119 0.934456 0.050232
v 0.019987 0.933121 0.050232
v 0.020119 0.931787 0.050232
v 0.020508 0.930503 0.050232
v 0.021140 0.929321 0.050232
v 0.021991 0.928284 0.050232
v 0.023027 0.927433 0.050232
v 0.024210 0.926801 0.050232
v 0.025493 0.926412 0.050232
v 0.026828 0.926281 0.050232
v 0.028163 0.926412 0.050232
v 0.029446 0.926801 0.050232
v 0.030629 0.927433 0.050232
v 0.031665 0.928284 0.050232
v 0.032516 0.929321 0.050232
v 0.033148 0.930504 0.050232
v 0.033537 0.931787 0.050232
v 0.036811 0.935107 0.049396
v 0.037007 0.933121 0.049396
v 0.036232 0.937017 0.049396
v 0.035291 0.938776 0.049396
v 0.034025 0.940319 0.049396
v 0.032483 0.941585 0.049396
v 0.030723 0.942525 0.049396
v 0.028814 0.943105 0.049396
v 0.026828 0.943300 0.049396
v 0.024842 0.943105 0.049396
v 0.022933 0.942525 0.049396
v 0.021173 0.941585 0.049396
v 0.019630 0.940319 0.049396
v 0.018365 0.938776 0.049396
v 0.017424 0.937017 0.049396
v 0.016845 0.935107 0.049396
v 0.016649 0.933121 0.049396
v 0.016845 0.931136 0.049396
v 0.017424 0.929226 0.049396
v 0.018365 0.927466 0.049396
v 0.019630 0.925924 0.049396
v 0.021173 0.924658 0.049396
v 0.022933 0.923717 0.049396
v 0.024842 0.923138 0.049396
v 0.026828 0.922943 0.049396
v 0.028814 0.923138 0.049396
v 0.030723 0.923717 0.049396
v 0.032483 0.924658 0.049396
v 0.034026 0.925924 0.049396
v 0.035291 0.927466 0.049396
v 0.036232 0.929226 0.049396
v 0.036811 0.931136 0.049396
v 0.039989 0.935739 0.048237
v 0.040247 0.933121 0.048237
v 0.039225 0.938257 0.048237
v 0.037985 0.940577 0.048237
v 0.036317 0.942610 0.048237
v 0.034283 0.944279 0.048237
v 0.031963 0.945519 0.048237
v 0.029446 0.946282 0.048237
v 0.026828 0.946540 0.048237
v 0.024210 0.946282 0.048237
v 0.021693 0.945519 0.048237
v 0.019373 0.944279 0.048237
v 0.017339 0.942610 0.048237
v 0.015671 0.940577 0.048237
v 0.014431 0.938257 0.048237
v 0.013667 0.935739 0.048237
v 0.013409 0.933121 0.048237
v 0.013667 0.930503 0.048237
v 0.014431 0.927986 0.048237
v 0.015671 0.925666 0.048237
v 0.017339 0.923633 0.048237
v 0.019373 0.921964 0.048237
v 0.021693 0.920724 0.048237
v 0.024210 0.919960 0.048237
v 0.026828 0.919703 0.048237
v 0.029446 0.919960 0.048237
v 0.031963 0.920724 0.048237
v 0.034283 0.921964 0.048237
v 0.036317 0.923633 0.048237
v 0.037985 0.925666 0.048237
v 0.039225 0.927986 0.048237
v 0.039989 0.930504 0.048237
v 0.043040 0.936346 0.046765
v 0.043358 0.933121 0.046765
v 0.042099 0.939447 0.046765
v 0.040572 0.942305 0.046765
v 0.038516 0.944810 0.046765
v 0.036011 0.946865 0.046765
v 0.033154 0.948393 0.046765
v 0.030053 0.949333 0.046765
v 0.026828 0.949651 0.046765
v 0.023603 0.949333 0.046765
v 0.020502 0.948393 0.046765
v 0.017645 0.946865 0.046765
v 0.015140 0.944810 0.046765
v 0.013084 0.942305 0.046765
v 0.011557 0.939447 0.046765
v 0.010616 0.936346 0.046765
v 0.010298 0.933121 0.046765
v 0.010616 0.929897 0.046765
v 0.011557 0.926796 0.046765
v 0.013084 0.923938 0.046765
v 0.015140 0.921433 0.046765
v 0.017645 0.919378 0.046765
v 0.020502 0.917850 0.046765
v 0.023603 0.916909 0.046765
v 0.026828 0.916592 0.046765
v 0.030053 0.916909 0.046765
v 0.033154 0.917850 0.046765
v 0.036011 0.919378 0.046765
v 0.038516 0.921433 0.046765
v 0.040572 0.923938 0.046765
v 0.042099 0.926796 0.046765
v 0.043040 0.929897 0.046765
v 0.045935 0.936922 0.044996
v 0.046309 0.933121 0.044996
v 0.044826 0.940577 0.044996
v 0.043026 0.943945 0.044996
v 0.040603 0.946897 0.044996
v 0.037651 0.949319 0.044996
v 0.034283 0.951120 0.044996
v 0.030629 0.952228 0.044996
v 0.026828 0.952603 0.044996
v 0.023027 0.952228 0.044996
v 0.019373 0.951120 0.044996
v 0.016005 0.949319 0.044996
v 0.013053 0.946897 0.044996
v 0.010630 0.943945 0.044996
v 0.008830 0.940577 0.044996
v 0.007721 0.936922 0.044996
v 0.007347 0.933121 0.044996
v 0.007721 0.929321 0.044996
v 0.008830 0.925666 0.044996
v 0.010630 0.922298 0.044996
v 0.013053 0.919346 0.044996
v 0.016005 0.916923 0.044996
v 0.019373 0.915123 0.044996
v 0.023027 0.914015 0.044996
v 0.026828 0.913640 0.044996
v 0.030629 0.914015 0.044996
v 0.034283 0.915123 0.044996
v 0.037651 0.916923 0.044996
v 0.040603 0.919346 0.044996
v 0.043026 0.922298 0.044996
v 0.044826 0.925666 0.044996
v 0.045935 0.929321 0.044996
v 0.048646 0.937461 0.042946
v 0.049073 0.933121 0.042946
v 0.047380 0.941634 0.042946
v 0.045324 0.945480 0.042946
v 0.042558 0.948851 0.042946
v 0.039187 0.951618 0.042946
v 0.035341 0.953673 0.042946
v 0.031168 0.954939 0.042946
v 0.026828 0.955366 0.042946
v 0.022488 0.954939 0.042946
v 0.018315 0.953673 0.042946
v 0.014469 0.951618 0.042946
v 0.011098 0.948851 0.042946
v 0.008332 0.945480 0.042946
v 0.006276 0.941634 0.042946
v 0.005010 0.937461 0.042946
v 0.004583 0.933121 0.042946
v 0.005010 0.928782 0.042946
v 0.006276 0.924609 0.042946
v 0.008332 0.920763 0.042946
v 0.011098 0.917392 0.042946
v 0.014469 0.914625 0.042946
v 0.018315 0.912570 0.042946
v 0.022488 0.911304 0.042946
v 0.026828 0.910876 0.042946
v 0.031168 0.911304 0.042946
v 0.035341 0.912570 0.042946
v 0.039187 0.914625 0.042946
v 0.042558 0.917392 0.042946
v 0.045324 0.920763 0.042946
v 0.047380 0.924609 0.042946
v 0.048646 0.928782 0.042946
v 0.051146 0.937959 0.040635
v 0.051623 0.933121 0.040635
v 0.049735 0.942610 0.040635
v 0.047444 0.946897 0.040635
v 0.044360 0.950654 0.040635
v 0.040603 0.953738 0.040635
v 0.036317 0.956029 0.040635
v 0.031665 0.957440 0.040635
v 0.026828 0.957916 0.040635
v 0.021991 0.957440 0.040635
v 0.017339 0.956029 0.040635
v 0.013053 0.953738 0.040635
v 0.009295 0.950654 0.040635
v 0.006212 0.946897 0.040635
v 0.003921 0.942610 0.040635
v 0.002510 0.937959 0.040635
v 0.002033 0.933121 0.040635
v 0.002510 0.928284 0.040635
v 0.003921 0.923633 0.040635
v 0.006212 0.919346 0.040635
v 0.009295 0.915589 0.040635
v 0.013053 0.912505 0.040635
v 0.017339 0.910214 0.040635
v 0.021991 0.908803 0.040635
v 0.026828 0.908327 0.040635
v 0.031665 0.908803 0.040635
v 0.036317 0.910214 0.040635
v 0.040603 0.912505 0.040635
v 0.044361 0.915589 0.040635
v 0.047444 0.919346 0.040635
v 0.049735 0.923633 0.040635
v 0.051146 0.928284 0.040635
v 0.053413 0.938409 0.038086
v 0.053934 0.933121 0.038086
v 0.051870 0.943494 0.038086
v 0.049366 0.948180 0.038086
v 0.045995 0.952288 0.038086
v 0.041887 0.955659 0.038086
v 0.037201 0.958164 0.038086
v 0.032116 0.959706 0.038086
v 0.026828 0.960227 0.038086
v 0.021540 0.959706 0.038086
v 0.016455 0.958164 0.038086
v 0.011769 0.955659 0.038086
v 0.007661 0.952288 0.038086
v 0.004290 0.948180 0.038086
v 0.001786 0.943494 0.038086
v 0.000243 0.938409 0.038086
v -0.000278 0.933121 0.038086
v 0.000243 0.927833 0.038086
v 0.001786 0.922749 0.038086
v 0.004290 0.918062 0.038086
v 0.007661 0.913955 0.038086
v 0.011769 0.910584 0.038086
v 0.016455 0.908079 0.038086
v 0.021540 0.906537 0.038086
v 0.026828 0.906016 0.038086
v 0.032116 0.906537 0.038086
v 0.037201 0.908079 0.038086
v 0.041887 0.910584 0.038086
v 0.045995 0.913955 0.038086
v 0.049366 0.918062 0.038086
v 0.051870 0.922749 0.038086
v 0.053413 0.927833 0.038086
v 0.055423 0.938809 0.035322
v 0.055984 0.933121 0.035322
v 0.053764 0.944279 0.035322
v 0.051070 0.949319 0.035322
v 0.047444 0.953738 0.035322
v 0.043026 0.957363 0.035322
v 0.037985 0.960058 0.035322
v 0.032516 0.961717 0.035322
v 0.026828 0.962277 0.035322
v 0.021140 0.961717 0.035322
v 0.015671 0.960058 0.035322
v 0.010630 0.957363 0.035322
v 0.006212 0.953738 0.035322
v 0.002586 0.949319 0.035322
v -0.000108 0.944279 0.035322
v -0.001767 0.938809 0.035322
v -0.002328 0.933121 0.035322
v -0.001767 0.927433 0.035322
v -0.000108 0.921964 0.035322
v 0.002586 0.916923 0.035322
v 0.006212 0.912505 0.035322
v 0.010630 0.908879 0.035322
v 0.015671 0.906185 0.035322
v 0.021140 0.904526 0.035322
v 0.026828 0.903966 0.035322
v 0.032516 0.904526 0.035322
v 0.037985 0.906185 0.035322
v 0.043026 0.908879 0.035322
v 0.047444 0.912505 0.035322
v 0.051070 0.916923 0.035322
v 0.053764 0.921964 0.035322
v 0.055423 0.927433 0.035322
v 0.057158 0.939155 0.032370
v 0.057753 0.933121 0.032370
v 0.055399 0.944956 0.032370
v 0.052541 0.950302 0.032370
v 0.048695 0.954988 0.032370
v 0.044009 0.958834 0.032370
v 0.038662 0.961692 0.032370
v 0.032861 0.963452 0.032370
v 0.026828 0.964046 0.032370
v 0.020795 0.963452 0.032370
v 0.014994 0.961692 0.032370
v 0.009647 0.958834 0.032370
v 0.004961 0.954988 0.032370
v 0.001115 0.950302 0.032370
v -0.001743 0.944956 0.032370
v -0.003503 0.939154 0.032370
v -0.004097 0.933121 0.032370
v -0.003503 0.927088 0.032370
v -0.001743 0.921287 0.032370
v 0.001115 0.915941 0.032370
v 0.004961 0.911254 0.032370
v 0.009647 0.907408 0.032370
v 0.014994 0.904551 0.032370
v 0.020795 0.902791 0.032370
v 0.026828 0.902197 0.032370
v 0.032861 0.902791 0.032370
v 0.038662 0.904551 0.032370
v 0.044009 0.907408 0.032370
v 0.048695 0.911254 0.032370
v 0.052541 0.915941 0.032370
v 0.055399 0.921287 0.032370
v 0.057158 0.927088 0.032370
v 0.058601 0.939442 0.029259
v 0.059224 0.933121 0.029259
v 0.056758 0.945519 0.029259
v 0.053764 0.951120 0.029259
v 0.049735 0.956029 0.029259
v 0.044826 0.960058 0.029259
v 0.039225 0.963051 0.029259
v 0.033148 0.964895 0.029259
v 0.026828 0.965517 0.029259
v 0.020508 0.964895 0.029259
v 0.014431 0.963051 0.029259
v 0.008830 0.960058 0.029259
v 0.003921 0.956029 0.029259
v -0.000108 0.951120 0.029259
v -0.003102 0.945519 0.029259
v -0.004946 0.939442 0.029259
v -0.005568 0.933121 0.029259
v -0.004946 0.926801 0.029259
v -0.003102 0.920724 0.029259
v -0.000108 0.915123 0.029259
v 0.003921 0.910214 0.029259
v 0.008830 0.906185 0.029259
v 0.014431 0.903191 0.029259
v 0.020508 0.901348 0.029259
v 0.026828 0.900725 0.029259
v 0.033148 0.901348 0.029259
v 0.039225 0.903191 0.029259
v 0.044826 0.906185 0.029259
v 0.049735 0.910214 0.029259
v 0.053764 0.915123 0.029259
v 0.056758 0.920724 0.029259
v 0.058601 0.926801 0.029259
v 0.059738 0.939668 0.026019
v 0.060383 0.933121 0.026019
v 0.057829 0.945962 0.026019
v 0.054728 0.951764 0.026019
v 0.050555 0.956849 0.026019
v 0.045470 0.961022 0.026019
v 0.039669 0.964122 0.026019
v 0.033374 0.966032 0.026019
v 0.026828 0.966677 0.026019
v 0.020282 0.966032 0.026019
v 0.013987 0.964122 0.026019
v 0.008186 0.961022 0.026019
v 0.003101 0.956849 0.026019
v -0.001072 0.951764 0.026019
v -0.004173 0.945962 0.026019
v -0.006083 0.939668 0.026019
v -0.006727 0.933121 0.026019
v -0.006083 0.926575 0.026019
v -0.004173 0.920280 0.026019
v -0.001072 0.914479 0.026019
v 0.003101 0.909394 0.026019
v 0.008186 0.905221 0.026019
v 0.013987 0.902120 0.026019
v 0.020282 0.900211 0.026019
v 0.026828 0.899566 0.026019
v 0.033374 0.900211 0.026019
v 0.039669 0.902120 0.026019
v 0.045470 0.905221 0.026019
v 0.050555 0.909394 0.026019
v 0.054728 0.914479 0.026019
v 0.057829 0.920280 0.026019
v 0.059738 0.926575 0.026019
v 0.060558 0.939831 0.022681
v 0.061219 0.933121 0.022681
v 0.058601 0.946282 0.022681
v 0.055423 0.952228 0.022681
v 0.051146 0.957440 0.022681
v 0.045935 0.961717 0.022681
v 0.039989 0.964895 0.022681
v 0.033537 0.966852 0.022681
v 0.026828 0.967513 0.022681
v 0.020119 0.966852 0.022681
v 0.013667 0.964895 0.022681
v 0.007721 0.961717 0.022681
v 0.002510 0.957440 0.022681
v -0.001767 0.952228 0.022681
v -0.004946 0.946282 0.022681
v -0.006903 0.939831 0.022681
v -0.007563 0.933121 0.022681
v -0.006903 0.926412 0.022681
v -0.004946 0.919960 0.022681
v -0.001767 0.914015 0.022681
v 0.002510 0.908803 0.022681
v 0.007721 0.904526 0.022681
v 0.013667 0.901348 0.022681
v 0.020119 0.899391 0.022681
v 0.026828 0.898730 0.022681
v 0.033537 0.899391 0.022681
v 0.039989 0.901348 0.022681
v 0.045935 0.904526 0.022681
v 0.051146 0.908803 0.022681
v 0.055423 0.914015 0.022681
v 0.058601 0.919960 0.022681
v 0.060558 0.926412 0.022681
v 0.061054 0.939929 0.019278
v 0.061724 0.933121 0.019278
v 0.059068 0.946476 0.019278
v 0.055843 0.952509 0.019278
v 0.051503 0.957797 0.019278
v 0.046215 0.962137 0.019278
v 0.040182 0.965361 0.019278
v 0.033636 0.967347 0.019278
v 0.026828 0.968018 0.019278
v 0.020020 0.967347 0.019278
v 0.013474 0.965361 0.019278
v 0.007441 0.962137 0.019278
v 0.002153 0.957797 0.019278
v -0.002187 0.952509 0.019278
v -0.005412 0.946476 0.019278
v -0.007398 0.939929 0.019278
v -0.008068 0.933121 0.019278
v -0.007398 0.926313 0.019278
v -0.005412 0.919767 0.019278
v -0.002187 0.913734 0.019278
v 0.002153 0.908446 0.019278
v 0.007441 0.904106 0.019278
v 0.013474 0.900881 0.019278
v 0.020020 0.898896 0.019278
v 0.026828 0.898225 0.019278
v 0.033636 0.898896 0.019278
v 0.040182 0.900881 0.019278
v 0.046215 0.904106 0.019278
v 0.051503 0.908446 0.019278
v 0.055843 0.913734 0.019278
v 0.059068 0.919767 0.019278
v 0.061054 0.926314 0.019278
v 0.061219 0.939962 0.015809
v 0.061893 0.933121 0.015809
v 0.059224 0.946540 0.015809
v 0.055984 0.952603 0.015809
v 0.051623 0.957916 0.015809
v 0.046309 0.962277 0.015809
v 0.040247 0.965517 0.015809
v 0.033669 0.967513 0.015809
v 0.026828 0.968187 0.015809
v 0.019987 0.967513 0.015809
v 0.013409 0.965517 0.015809
v 0.007347 0.962277 0.015809
v 0.002033 0.957916 0.015809
v -0.002328 0.952603 0.015809
v -0.005568 0.946540 0.015809
v -0.007563 0.939962 0.015809
v -0.008237 0.933121 0.015809
v -0.007563 0.926281 0.015809
v -0.005568 0.919703 0.015809
v -0.002328 0.913640 0.015809
v 0.002033 0.908327 0.015809
v 0.007347 0.903966 0.015809
v 0.013409 0.900725 0.015809
v 0.019987 0.898730 0.015809
v 0.026828 0.898056 0.015809
v 0.033669 0.898730 0.015809
v 0.040247 0.900726 0.015809
v 0.046309 0.903966 0.015809
v 0.051623 0.908327 0.015809
v 0.055984 0.913640 0.015809
v 0.059224 0.919703 0.015809
v 0.061219 0.926281 0.015809
v 0.061054 0.939929 0.012340
v 0.061724 0.933121 0.012340
v 0.059068 0.946476 0.012340
v 0.055843 0.952509 0.012340
v 0.051503 0.957797 0.012340
v 0.046215 0.962137 0.012340
v 0.040182 0.965361 0.012340
v 0.033636 0.967347 0.012340
v 0.026828 0.968018 0.012340
v 0.020020 0.967347 0.012340
v 0.013474 0.965361 0.012340
v 0.007441 0.962137 0.012340
v 0.002153 0.957797 0.012340
v -0.002187 0.952509 0.012340
v -0.005412 0.946476 0.012340
v -0.007398 0.939929 0.012340
v -0.008068 0.933121 0.012340
v -0.007398 0.926314 0.012340
v -0.005412 0.919767 0.012340
v -0.002187 0.913734 0.012340
v 0.002153 0.908446 0.012340
v 0.007441 0.904106 0.012340
v 0.013474 0.900881 0.012340
v 0.020020 0.898896 0.012340
v 0.026828 0.898225 0.012340
v 0.033636 0.898896 0.012340
v 0.040182 0.900881 0.012340
v 0.046215 0.904106 0.012340
v 0.051503 0.908446 0.012340
v 0.055843 0.913734 0.012340
v 0.059068 0.919767 0.012340
v 0.061054 0.926314 0.012340
v 0.060558 0.939831 0.008936
v 0.061219 0.933121 0.008936
v 0.058601 0.946282 0.008936
v 0.055423 0.952228 0.008936
v 0.051146 0.957440 0.008936
v 0.045935 0.961717 0.008936
v 0.039989 0.964895 0.008936
v 0.033537 0.966852 0.008936
v 0.026828 0.967513 0.008936
v 0.020119 0.966852 0.008936
v 0.013667 0.964895 0.008936
v 0.007721 0.961717 0.008936
v 0.002510 0.957440 0.008936
v -0.001767 0.952228 0.008936
v -0.004946 0.946282 0.008936
v -0.006903 0.939831 0.008936
v -0.007563 0.933121 0.008936
v -0.006903 0.926412 0.008936
v -0.004946 0.919960 0.008936
v -0.001767 0.914015 0.008936
v 0.002510 0.908803 0.008936
v 0.007721 0.904526 0.008936
v 0.013667 0.901348 0.008936
v 0.020119 0.899391 0.008936
v 0.026828 0.898730 0.008936
v 0.033537 0.899391 0.008936
v 0.039989 0.901348 0.008936
v 0.045935 0.904526 0.008936
v 0.051146 0.908803 0.008936
v 0.055423 0.914015 0.008936
v 0.058601 0.919960 0.008936
v 0.060558 0.926412 0.008936
v 0.059738 0.939668 0.005598
v 0.060383 0.933121 0.005598
v 0.057829 0.945962 0.005598
v 0.054728 0.951764 0.005598
v 0.050555 0.956849 0.005598
v 0.045470 0.961022 0.005598
v 0.039669 0.964122 0.005598
v 0.033374 0.966032 0.005598
v 0.026828 0.966677 0.005598
v 0.020282 0.966032 0.005598
v 0.013987 0.964122 0.005598
v 0.008186 0.961022 0.005598
v 0.003101 0.956849 0.005598
v -0.001072 0.951764 0.005598
v -0.004173 0.945962 0.005598
v -0.006083 0.939668 0.005598
v -0.006727 0.933121 0.005598
v -0.006083 0.926575 0.005598
v -0.004173 0.920280 0.005598
v -0.001072 0.914479 0.005598
v 0.003101 0.909394 0.005598
v 0.008186 0.905221 0.005598
v 0.013987 0.902120 0.005598
v 0.020282 0.900211 0.005598
v 0.026828 0.899566 0.005598
v 0.033374 0.900211 0.005598
v 0.039669 0.902120 0.005598
v 0.045470 0.905221 0.005598
v 0.050555 0.909394 0.005598
v 0.054728 0.914479 0.005598
v 0.057829 0.920280 0.005598
v 0.059738 0.926575 0.005598
v 0.058601 0.939442 0.002358
v 0.059224 0.933121 0.002358
v 0.056758 0.945519 0.002358
v 0.053764 0.951120 0.002358
v 0.049735 0.956029 0.002358
v 0.044826 0.960058 0.002358
v 0.039225 0.963051 0.002358
v 0.033148 0.964895 0.002358
v 0.026828 0.965517 0.002358
v 0.020508 0.964895 0.002358
v 0.014431 0.963051 0.002358
v 0.008830 0.960058 0.002358
v 0.003921 0.956029 0.002358
v -0.000108 0.951120 0.002358
v -0.003102 0.945519 0.002358
v -0.004946 0.939442 0.002358
v -0.005568 0.933121 0.002358
v -0.004946 0.926801 0.002358
v -0.003102 0.920724 0.002358
v -0.000108 0.915123 0.002358
v 0.003921 0.910214 0.002358
v 0.008830 0.906185 0.002358
v 0.014431 0.903191 0.002358
v 0.020508 0.901348 0.002358
v 0.026828 0.900726 0.002358
v 0.033148 0.901348 0.002358
v 0.039225 0.903191 0.002358
v 0.044826 0.906185 0.002358
v 0.049735 0.910214 0.002358
v 0.053764 0.915123 0.002358
v 0.056758 0.920724 0.002358
v 0.058601 0.926801 0.002358
v 0.057158 0.939155 -0.000752
v 0.057753 0.933121 -0.000752
v 0.055399 0.944956 -0.000752
v 0.052541 0.950302 -0.000752
v 0.048695 0.954988 -0.000752
v 0.044009 0.958834 -0.000752
v 0.038662 0.961692 -0.000752
v 0.032861 0.963452 -0.000752
v 0.026828 0.964046 -0.000752
v 0.020795 0.963452 -0.000752
v 0.014994 0.961692 -0.000752
v 0.009647 0.958834 -0.000752
v 0.004961 0.954988 -0.000752
v 0.001115 0.950302 -0.000752
v -0.001743 0.944956 -0.000752
v -0.003503 0.939155 -0.000752
v -0.004097 0.933121 -0.000752
v -0.003503 0.927088 -0.000752
v -0.001743 0.921287 -0.000752
v 0.001115 0.915941 -0.000752
v 0.004961 0.911254 -0.000752
v 0.009647 0.907408 -0.000752
v 0.014994 0.904551 -0.000752
v 0.020795 0.902791 -0.000752
v 0.026828 0.902197 -0.000752
v 0.032861 0.902791 -0.000752
v 0.038662 0.904551 -0.000752
v 0.044009 0.907408 -0.000752
v 0.048695 0.911254 -0.000752
v 0.052541 0.915941 -0.000752
v 0.055399 0.921287 -0.000752
v 0.057158 0.927088 -0.000752
v 0.055423 0.938809 -0.003704
v 0.055984 0.933121 -0.003704
v 0.053764 0.944279 -0.003704
v 0.051070 0.949319 -0.003704
v 0.047444 0.953738 -0.003704
v 0.043026 0.957363 -0.003704
v 0.037985 0.960058 -0.003704
v 0.032516 0.961717 -0.003704
v 0.026828 0.962277 -0.003704
v 0.021140 0.961717 -0.003704
v 0.015671 0.960058 -0.003704
v 0.010630 0.957363 -0.003704
v 0.006212 0.953738 -0.003704
v 0.002586 0.949319 -0.003704
v -0.000108 0.944279 -0.003704
v -0.001767 0.938809 -0.003704
v -0.002328 0.933121 -0.003704
v -0.001767 0.927433 -0.003704
v -0.000108 0.921964 -0.003704
v 0.002586 0.916923 -0.003704
v 0.006212 0.912505 -0.003704
v 0.010630 0.908879 -0.003704
v 0.015671 0.906185 -0.003704
v 0.021140 0.904526 -0.003704
v 0.026828 0.903966 -0.003704
v 0.032516 0.904526 -0.003704
v 0.037985 0.906185 -0.003704
v 0.043026 0.908879 -0.003704
v 0.047444 0.912505 -0.003704
v 0.051070 0.916923 -0.003704
v 0.053764 0.921964 -0.003704
v 0.055423 0.927433 -0.003704
v 0.053413 0.938409 -0.006468
v 0.053934 0.933121 -0.006468
v 0.051870 0.943494 -0.006468
v 0.049366 0.948180 -0.006468
v 0.045995 0.952288 -0.006468
v 0.041887 0.955659 -0.006468
v 0.037201 0.958164 -0.006468
v 0.032116 0.959706 -0.006468
v 0.026828 0.960227 -0.006468
v 0.021540 0.959706 -0.006468
v 0.016455 0.958164 -0.006468
v 0.011769 0.955659 -0.006468
v 0.007661 0.952288 -0.006468
v 0.004290 0.948180 -0.006468
v 0.001786 0.943494 -0.006468
v 0.000243 0.938409 -0.006468
v -0.000278 0.933121 -0.006468
v 0.000243 0.927833 -0.006468
v 0.001786 0.922749 -0.006468
v 0.004290 0.918062 -0.006468
v 0.007661 0.913955 -0.006468
v 0.011769 0.910584 -0.006468
v 0.016455 0.908079 -0.006468
v 0.021540 0.906537 -0.006468
v 0.026828 0.906016 -0.006468
v 0.032116 0.906537 -0.006468
v 0.037201 0.908079 -0.006468
v 0.041887 0.910584 -0.006468
v 0.045995 0.913955 -0.006468
v 0.049366 0.918062 -0.006468
v 0.051870 0.922749 -0.006468
v 0.053413 0.927833 -0.006468
v 0.051146 0.937959 -0.009018
v 0.051623 0.933121 -0.009018
v 0.049735 0.942610 -0.009018
v 0.047444 0.946897 -0.009018
v 0.044360 0.950654 -0.009018
v 0.040603 0.953738 -0.009018
v 0.036317 0.956029 -0.009018
v 0.031665 0.957440 -0.009018
v 0.026828 0.957916 -0.009018
v 0.021991 0.957440 -0.009018
v 0.017339 0.956029 -0.009018
v 0.013053 0.953738 -0.009018
v 0.009295 0.950654 -0.009018
v 0.006212 0.946897 -0.009018
v 0.003921 0.942610 -0.009018
v 0.002510 0.937959 -0.009018
v 0.002033 0.933121 -0.009018
v 0.002510 0.928284 -0.009018
v 0.003921 0.923633 -0.009018
v 0.006212 0.919346 -0.009018
v 0.009295 0.915589 -0.009018
v 0.013053 0.912505 -0.009018
v 0.017339 0.910214 -0.009018
v 0.021991 0.908803 -0.009018
v 0.026828 0.908327 -0.009018
v 0.031665 0.908803 -0.009018
v 0.036317 0.910214 -0.009018
v 0.040603 0.912505 -0.009018
v 0.044361 0.915589 -0.009018
v 0.047444 0.919346 -0.009018
v 0.049735 0.923633 -0.009018
v 0.051146 0.928284 -0.009018
v 0.048646 0.937461 -0.011329
v 0.049073 0.933121 -0.011329
v 0.047380 0.941634 -0.011329
v 0.045324 0.945480 -0.011329
v 0.042558 0.948851 -0.011329
v 0.039187 0.951618 -0.011329
v 0.035341 0.953673 -0.011329
v 0.031168 0.954939 -0.011329
v 0.026828 0.955366 -0.011329
v 0.022488 0.954939 -0.011329
v 0.018315 0.953673 -0.011329
v 0.014469 0.951618 -0.011329
v 0.011098 0.948851 -0.011329
v 0.008332 0.945480 -0.011329
v 0.006276 0.941634 -0.011329
v 0.005010 0.937461 -0.011329
v 0.004583 0.933121 -0.011329
v 0.005010 0.928782 -0.011329
v 0.006276 0.924609 -0.011329
v 0.008332 0.920763 -0.011329
v 0.011098 0.917392 -0.011329
v 0.014469 0.914625 -0.011329
v 0.018315 0.912570 -0.011329
v 0.022488 0.911304 -0.011329
v 0.026828 0.910876 -0.011329
v 0.031168 0.911304 -0.011329
v 0.035341 0.912570 -0.011329
v 0.039187 0.914625 -0.011329
v 0.042558 0.917392 -0.011329
v 0.045324 0.920763 -0.011329
v 0.047380 0.924609 -0.011329
v 0.048646 0.928782 -0.011329
v 0.045935 0.936922 -0.013378
v 0.046309 0.933121 -0.013378
v 0.044826 0.940577 -0.013378
v 0.043026 0.943945 -0.013378
v 0.040603 0.946897 -0.013378
v 0.037651 0.949319 -0.013378
v 0.034283 0.951120 -0.013378
v 0.030629 0.952228 -0.013378
v 0.026828 0.952603 -0.013378
v 0.023027 0.952228 -0.013378
v 0.019373 0.951120 -0.013378
v 0.016005 0.949319 -0.013378
v 0.013053 0.946897 -0.013378
v 0.010630 0.943945 -0.013378
v 0.008830 0.940577 -0.013378
v 0.007721 0.936922 -0.013378
v 0.007347 0.933121 -0.013378
v 0.007721 0.929321 -0.013378
v 0.008830 0.925666 -0.013378
v 0.010630 0.922298 -0.013378
v 0.013053 0.919346 -0.013378
v 0.016005 0.916923 -0.013378
v 0.019373 0.915123 -0.013378
v 0.023027 0.914015 -0.013378
v 0.026828 0.913640 -0.013378
v 0.030629 0.914015 -0.013378
v 0.034283 0.915123 -0.013378
v 0.037651 0.916923 -0.013378
v 0.040603 0.919346 -0.013378
v 0.043026 0.922298 -0.013378
v 0.044826 0.925666 -0.013378
v 0.045935 0.929321 -0.013378
v 0.043040 0.936346 -0.015148
v 0.043358 0.933121 -0.015148
v 0.042099 0.939447 -0.015148
v 0.040572 0.942305 -0.015148
v 0.038516 0.944810 -0.015148
v 0.036011 0.946865 -0.015148
v 0.033154 0.948393 -0.015148
v 0.030053 0.949333 -0.015148
v 0.026828 0.949651 -0.015148
v 0.023603 0.949333 -0.015148
v 0.020502 0.948393 -0.015148
v 0.017645 0.946865 -0.015148
v 0.015140 0.944810 -0.015148
v 0.013084 0.942305 -0.015148
v 0.011557 0.939447 -0.015148
v 0.010616 0.936346 -0.015148
v 0.010298 0.933121 -0.015148
v 0.010616 0.929897 -0.015148
v 0.011557 0.926796 -0.015148
v 0.013084 0.923938 -0.015148
v 0.015140 0.921433 -0.015148
v 0.017645 0.919378 -0.015148
v 0.020502 0.917850 -0.015148
v 0.023603 0.916909 -0.015148
v 0.026828 0.916592 -0.015148
v 0.030053 0.916909 -0.015148
v 0.033154 0.917850 -0.015148
v 0.036011 0.919378 -0.015148
v 0.038516 0.921433 -0.015148
v 0.040572 0.923938 -0.015148
v 0.042099 0.926796 -0.015148
v 0.043040 0.929897 -0.015148
v 0.039989 0.935739 -0.016619
v 0.040247 0.933121 -0.016619
v 0.039225 0.938257 -0.016619
v 0.037985 0.940577 -0.016619
v 0.036317 0.942610 -0.016619
v 0.034283 0.944279 -0.016619
v 0.031963 0.945519 -0.016619
v 0.029446 0.946282 -0.016619
v 0.026828 0.946540 -0.016619
v 0.024210 0.946282 -0.016619
v 0.021693 0.945519 -0.016619
v 0.019373 0.944279 -0.016619
v 0.017339 0.942610 -0.016619
v 0.015671 0.940577 -0.016619
v 0.014431 0.938257 -0.016619
v 0.013667 0.935739 -0.016619
v 0.013409 0.933121 -0.016619
v 0.013667 0.930503 -0.016619
v 0.014431 0.927986 -0.016619
v 0.015671 0.925666 -0.016619
v 0.017339 0.923633 -0.016619
v 0.019373 0.921964 -0.016619
v 0.021693 0.920724 -0.016619
v 0.024210 0.919960 -0.016619
v 0.026828 0.919703 -0.016619
v 0.029446 0.919960 -0.016619
v 0.031963 0.920724 -0.016619
v 0.034283 0.921964 -0.016619
v 0.036317 0.923633 -0.016619
v 0.037985 0.925666 -0.016619
v 0.039225 0.927986 -0.016619
v 0.039989 0.930504 -0.016619
v 0.036811 0.935107 -0.017778
v 0.037007 0.933121 -0.017778
v 0.036232 0.937017 -0.017778
v 0.035291 0.938776 -0.017778
v 0.034025 0.940319 -0.017778
v 0.032483 0.941585 -0.017778
v 0.030723 0.942525 -0.017778
v 0.028814 0.943105 -0.017778
v 0.026828 0.943300 -0.017778
v 0.024842 0.943105 -0.017778
v 0.022933 0.942525 -0.017778
v 0.021173 0.941585 -0.017778
v 0.019630 0.940319 -0.017778
v 0.018365 0.938776 -0.017778
v 0.017424 0.937017 -0.017778
v 0.016845 0.935107 -0.017778
v 0.016649 0.933121 -0.017778
v 0.016845 0.931136 -0.017778
v 0.017424 0.929226 -0.017778
v 0.018365 0.927466 -0.017778
v 0.019630 0.925924 -0.017778
v 0.021173 0.924658 -0.017778
v 0.022933 0.923717 -0.017778
v 0.024842 0.923138 -0.017778
v 0.026828 0.922943 -0.017778
v 0.028814 0.923138 -0.017778
v 0.030723 0.923717 -0.017778
v 0.032483 0.924658 -0.017778
v 0.034026 0.925924 -0.017778
v 0.035291 0.927466 -0.017778
v 0.036232 0.929226 -0.017778
v 0.036811 0.931136 -0.017778
v 0.033537 0.934456 -0.018614
v 0.033669 0.933121 -0.018614
v 0.033148 0.935739 -0.018614
v 0.032516 0.936922 -0.018614
v 0.031665 0.937959 -0.018614
v 0.030629 0.938809 -0.018614
v 0.029446 0.939442 -0.018614
v 0.028163 0.939831 -0.018614
v 0.026828 0.939962 -0.018614
v 0.025493 0.939831 -0.018614
v 0.024210 0.939442 -0.018614
v 0.023027 0.938809 -0.018614
v 0.021991 0.937959 -0.018614
v 0.021140 0.936922 -0.018614
v 0.020508 0.935739 -0.018614
v 0.020119 0.934456 -0.018614
v 0.019987 0.933121 -0.018614
v 0.020119 0.931787 -0.018614
v 0.020508 0.930503 -0.018614
v 0.021140 0.929321 -0.018614
v 0.021991 0.928284 -0.018614
v 0.023027 0.927433 -0.018614
v 0.024210 0.926801 -0.018614
v 0.025493 0.926412 -0.018614
v 0.026828 0.926281 -0.018614
v 0.028163 0.926412 -0.018614
v 0.029446 0.926801 -0.018614
v 0.030629 0.927433 -0.018614
v 0.031665 0.928284 -0.018614
v 0.032516 0.929321 -0.018614
v 0.033148 0.930504 -0.018614
v 0.033537 0.931787 -0.018614
v 0.030199 0.933792 -0.019119
v 0.030265 0.933121 -0.019119
v 0.030003 0.934437 -0.019119
v 0.029686 0.935031 -0.019119
v 0.029258 0.935552 -0.019119
v 0.028737 0.935979 -0.019119
v 0.028143 0.936297 -0.019119
v 0.027498 0.936492 -0.019119
v 0.026828 0.936558 -0.019119
v 0.026157 0.936492 -0.019119
v 0.025513 0.936297 -0.019119
v 0.024918 0.935979 -0.019119
v 0.024398 0.935552 -0.019119
v 0.023970 0.935031 -0.019119
v 0.023653 0.934437 -0.019119
v 0.023457 0.933792 -0.019119
v 0.023391 0.933121 -0.019119
v 0.023457 0.932451 -0.019119
v 0.023653 0.931806 -0.019119
v 0.023970 0.931212 -0.019119
v 0.024398 0.930691 -0.019119
v 0.024918 0.930264 -0.019119
v 0.025513 0.929946 -0.019119
v 0.026157 0.929750 -0.019119
v 0.026828 0.929684 -0.019119
v 0.027498 0.929750 -0.019119
v 0.028143 0.929946 -0.019119
v 0.028737 0.930264 -0.019119
v 0.029258 0.930691 -0.019119
v 0.029686 0.931212 -0.019119
v 0.030003 0.931806 -0.019119
v 0.030199 0.932451 -0.019119
v 0.026828 0.933121 -0.019288
v 0.000536 0.860849 -0.032165
v 0.001141 0.860417 -0.028151
v 0.000511 0.860152 -0.028124
v -0.000091 0.860583 -0.032132
v 0.000797 0.861497 -0.032024
v 0.001408 0.861060 -0.027999
v 0.000540 0.862146 -0.031796
v 0.001157 0.861704 -0.027761
v -0.000086 0.862416 -0.031611
v 0.000534 0.861972 -0.027571
v -0.000714 0.862150 -0.031572
v -0.000097 0.861707 -0.027538
v -0.000975 0.861503 -0.031707
v -0.000364 0.861064 -0.027684
v -0.000717 0.860854 -0.031941
v -0.000112 0.860420 -0.027928
v 0.000000 0.861037 -0.035750
v -0.000624 0.860769 -0.035703
v 0.000253 0.861687 -0.035642
v -0.000012 0.862340 -0.035445
v -0.000642 0.862612 -0.035272
v -0.001266 0.862346 -0.035220
v -0.001519 0.861695 -0.035324
v -0.001253 0.861042 -0.035525
v -0.000480 0.861037 -0.038994
v -0.001101 0.860770 -0.038933
v -0.000235 0.861687 -0.038917
v -0.000508 0.862341 -0.038750
v -0.001140 0.862614 -0.038590
v -0.001761 0.862347 -0.038525
v -0.002007 0.861697 -0.038598
v -0.001734 0.861043 -0.038768
v -0.000917 0.860898 -0.041971
v -0.001535 0.860632 -0.041903
v -0.000677 0.861547 -0.041915
v -0.000957 0.862198 -0.041772
v -0.001592 0.862471 -0.041622
v -0.002210 0.862206 -0.041546
v -0.002450 0.861558 -0.041595
v -0.002170 0.860906 -0.041744
v -0.001318 0.860666 -0.044719
v -0.001934 0.860402 -0.044643
v -0.001084 0.861312 -0.044678
v -0.001368 0.861961 -0.044551
v -0.002005 0.862233 -0.044406
v -0.002622 0.861969 -0.044323
v -0.002856 0.861324 -0.044356
v -0.002571 0.860674 -0.044491
v -0.001693 0.860384 -0.047279
v -0.002308 0.860121 -0.047200
v -0.001463 0.861028 -0.047247
v -0.001751 0.861674 -0.047128
v -0.002389 0.861945 -0.046986
v -0.003004 0.861683 -0.046899
v -0.003235 0.861040 -0.046924
v -0.002947 0.860393 -0.047050
v -0.002044 0.860102 -0.049635
v -0.002654 0.859843 -0.049533
v -0.001823 0.860738 -0.049658
v -0.002122 0.861376 -0.049594
v -0.002765 0.861644 -0.049475
v -0.003375 0.861386 -0.049365
v -0.003596 0.860751 -0.049334
v -0.003297 0.860111 -0.049406
v -0.002907 0.857740 -0.056003
v -0.003510 0.857498 -0.055864
v -0.002705 0.858333 -0.056113
v -0.003021 0.858930 -0.056135
v -0.003672 0.859182 -0.056050
v -0.004275 0.858941 -0.055904
v -0.004477 0.858348 -0.055787
v -0.004160 0.857750 -0.055772
v -0.003452 0.854276 -0.060815
v -0.004048 0.854077 -0.060626
v -0.003267 0.854766 -0.061043
v -0.003601 0.855259 -0.061180
v -0.004259 0.855467 -0.061143
v -0.004855 0.855270 -0.060948
v -0.005040 0.854780 -0.060715
v -0.004706 0.854286 -0.060583
v -0.003463 0.851505 -0.062210
v -0.004059 0.851402 -0.061979
v -0.003277 0.851763 -0.062541
v -0.003610 0.852024 -0.062779
v -0.004267 0.852136 -0.062783
v -0.004863 0.852033 -0.062548
v -0.005050 0.851777 -0.062213
v -0.004717 0.851515 -0.061979
v -0.003339 0.848887 -0.062761
v -0.003941 0.848884 -0.062511
v -0.003140 0.848903 -0.063136
v -0.003458 0.848922 -0.063418
v -0.004110 0.848934 -0.063440
v -0.004712 0.848931 -0.063187
v -0.004912 0.848916 -0.062809
v -0.004593 0.848896 -0.062530
v -0.002927 0.844125 -0.062502
v -0.003531 0.844132 -0.062252
v -0.002722 0.844115 -0.062879
v -0.003036 0.844107 -0.063166
v -0.003685 0.844106 -0.063191
v -0.004290 0.844113 -0.062937
v -0.004495 0.844124 -0.062555
v -0.004180 0.844131 -0.062273
v -0.002684 0.839676 -0.062727
v -0.003280 0.839513 -0.062480
v -0.002499 0.840074 -0.063097
v -0.002833 0.840472 -0.063374
v -0.003490 0.840639 -0.063395
v -0.004086 0.840475 -0.063146
v -0.004271 0.840080 -0.062775
v -0.003937 0.839680 -0.062499
v -0.002992 0.837417 -0.065342
v -0.003597 0.837189 -0.065171
v -0.002785 0.837972 -0.065528
v -0.003096 0.838527 -0.065623
v -0.003744 0.838758 -0.065569
v -0.004350 0.838530 -0.065396
v -0.004557 0.837976 -0.065207
v -0.004246 0.837420 -0.065115
v -0.003494 0.837027 -0.068323
v -0.004110 0.836791 -0.068221
v -0.003261 0.837598 -0.068346
v -0.003547 0.838171 -0.068278
v -0.004184 0.838409 -0.068156
v -0.004800 0.838174 -0.068051
v -0.005034 0.837602 -0.068025
v -0.004748 0.837030 -0.068097
v -0.003939 0.839880 -0.069775
v -0.004570 0.839746 -0.069732
v -0.003670 0.840209 -0.069654
v -0.003919 0.840539 -0.069445
v -0.004541 0.840678 -0.069265
v -0.005172 0.840544 -0.069216
v -0.005442 0.840216 -0.069331
v -0.005193 0.839885 -0.069547
v -0.004377 0.843199 -0.070704
v -0.004997 0.842991 -0.070647
v -0.004132 0.843708 -0.070617
v -0.004406 0.844221 -0.070437
v -0.005039 0.844437 -0.070268
v -0.005660 0.844229 -0.070206
v -0.005905 0.843719 -0.070290
v -0.005630 0.843206 -0.070474
v -0.004585 0.843609 -0.071522
v -0.005185 0.843362 -0.071384
v -0.004391 0.844214 -0.071627
v -0.004716 0.844822 -0.071642
v -0.005369 0.845078 -0.071553
v -0.005969 0.844831 -0.071410
v -0.006163 0.844226 -0.071300
v -0.005839 0.843617 -0.071291
v -0.004630 0.842493 -0.072153
v -0.005227 0.842335 -0.071964
v -0.004444 0.842879 -0.072384
v -0.004777 0.843268 -0.072526
v -0.005435 0.843432 -0.072492
v -0.006031 0.843275 -0.072296
v -0.006217 0.842890 -0.072058
v -0.005884 0.842500 -0.071923
v -0.004537 0.840889 -0.072300
v -0.005143 0.840888 -0.072096
v -0.004328 0.840897 -0.072567
v -0.004637 0.840907 -0.072746
v -0.005284 0.840913 -0.072727
v -0.005891 0.840913 -0.072516
v -0.006101 0.840905 -0.072242
v -0.005791 0.840896 -0.072070
v -0.004322 0.839124 -0.071881
v -0.004944 0.839259 -0.071712
v -0.004072 0.838803 -0.072065
v -0.004340 0.838483 -0.072161
v -0.004971 0.838352 -0.072108
v -0.005594 0.838488 -0.071933
v -0.005844 0.838810 -0.071743
v -0.005575 0.839129 -0.071653
v -0.003914 0.836755 -0.070588
v -0.004538 0.836899 -0.070430
v -0.003661 0.836410 -0.070747
v -0.003926 0.836066 -0.070819
v -0.004555 0.835923 -0.070757
v -0.005180 0.836069 -0.070593
v -0.005434 0.836414 -0.070426
v -0.005168 0.836758 -0.070361
v -0.003447 0.832992 -0.068921
v -0.004061 0.833053 -0.068735
v -0.003219 0.832846 -0.069152
v -0.003510 0.832699 -0.069299
v -0.004149 0.832639 -0.069269
v -0.004763 0.832701 -0.069074
v -0.004992 0.832848 -0.068834
v -0.004701 0.832994 -0.068696
v -0.003092 0.828199 -0.067150
v -0.003698 0.828144 -0.066915
v -0.002883 0.828329 -0.067493
v -0.003193 0.828459 -0.067741
v -0.003840 0.828513 -0.067750
v -0.004446 0.828460 -0.067516
v -0.004656 0.828330 -0.067175
v -0.004346 0.828200 -0.066925
v -0.003026 0.825763 -0.066647
v -0.003630 0.825601 -0.066392
v -0.002823 0.826154 -0.067037
v -0.003138 0.826545 -0.067335
v -0.003788 0.826707 -0.067364
v -0.004392 0.826545 -0.067109
v -0.004596 0.826155 -0.066719
v -0.004280 0.825763 -0.066422
v -0.003094 0.824643 -0.066972
v -0.003700 0.824441 -0.066730
v -0.002884 0.825130 -0.067332
v -0.003193 0.825617 -0.067599
v -0.003840 0.825819 -0.067616
v -0.004447 0.825618 -0.067373
v -0.004657 0.825131 -0.067013
v -0.004348 0.824643 -0.066747
v -0.003301 0.822632 -0.068025
v -0.003910 0.822406 -0.067797
v -0.003083 0.823180 -0.068349
v -0.003385 0.823726 -0.068580
v -0.004029 0.823952 -0.068583
v -0.004638 0.823727 -0.068355
v -0.004856 0.823180 -0.068030
v -0.004554 0.822633 -0.067799
v -0.003700 0.822534 -0.070284
v -0.004314 0.822306 -0.070088
v -0.003470 0.823085 -0.070534
v -0.003759 0.823635 -0.070691
v -0.004398 0.823863 -0.070662
v -0.005012 0.823636 -0.070465
v -0.005242 0.823086 -0.070215
v -0.004953 0.822535 -0.070059
v -0.004342 0.824539 -0.073802
v -0.004956 0.824318 -0.073629
v -0.004111 0.825074 -0.073996
v -0.004399 0.825608 -0.074098
v -0.005038 0.825830 -0.074047
v -0.005653 0.825609 -0.073872
v -0.005884 0.825074 -0.073677
v -0.005595 0.824540 -0.073577
v -0.004922 0.825574 -0.076504
v -0.005534 0.825348 -0.076329
v -0.004700 0.826119 -0.076700
v -0.004998 0.826664 -0.076805
v -0.005640 0.826890 -0.076755
v -0.006251 0.826666 -0.076579
v -0.006473 0.826121 -0.076381
v -0.006176 0.825575 -0.076278
v -0.005819 0.825782 -0.080074
v -0.006426 0.825556 -0.079893
v -0.005608 0.826329 -0.080287
v -0.005916 0.826877 -0.080407
v -0.006562 0.827104 -0.080363
v -0.007169 0.826879 -0.080179
v -0.007381 0.826333 -0.079966
v -0.007073 0.825784 -0.079847
v -0.006870 0.823839 -0.083562
v -0.007472 0.823620 -0.083360
v -0.006670 0.824371 -0.083822
v -0.006989 0.824904 -0.083989
v -0.007641 0.825126 -0.083963
v -0.008243 0.824908 -0.083760
v -0.008443 0.824376 -0.083498
v -0.008123 0.823842 -0.083333
v -0.007858 0.819585 -0.086124
v -0.008457 0.819377 -0.085897
v -0.007666 0.820092 -0.086443
v -0.007993 0.820600 -0.086669
v -0.008648 0.820811 -0.086668
v -0.009246 0.820604 -0.086439
v -0.009438 0.820098 -0.086118
v -0.009112 0.819589 -0.085895
v -0.009022 0.814066 -0.088881
v -0.009617 0.813874 -0.088628
v -0.008841 0.814531 -0.089262
v -0.009179 0.814996 -0.089549
v -0.009839 0.815190 -0.089572
v -0.010432 0.814999 -0.089319
v -0.010613 0.814535 -0.088937
v -0.010276 0.814069 -0.088651
v -0.009894 0.807394 -0.091000
v -0.010484 0.807235 -0.090715
v -0.009723 0.807778 -0.091464
v -0.010072 0.808161 -0.091836
v -0.010735 0.808321 -0.091896
v -0.011325 0.808162 -0.091608
v -0.011496 0.807778 -0.091142
v -0.011147 0.807394 -0.090773
v -0.010639 0.800209 -0.093658
v -0.011228 0.800064 -0.093341
v -0.010472 0.800556 -0.094201
v -0.010824 0.800903 -0.094653
v -0.011489 0.801046 -0.094748
v -0.012078 0.800902 -0.094428
v -0.012245 0.800555 -0.093882
v -0.011893 0.800208 -0.093433
v 0.006247 0.813934 -0.041793
v 0.005177 0.817606 -0.035724
v 0.004623 0.817475 -0.035750
v 0.005694 0.813798 -0.041823
v 0.006674 0.814306 -0.041899
v 0.005606 0.817966 -0.035842
v 0.006862 0.814815 -0.042114
v 0.005797 0.818457 -0.036074
v 0.006759 0.815324 -0.042380
v 0.005697 0.818948 -0.036356
v 0.006394 0.815697 -0.042625
v 0.005334 0.819308 -0.036614
v 0.005863 0.815833 -0.042785
v 0.004804 0.819439 -0.036778
v 0.005310 0.815697 -0.042816
v 0.004250 0.819308 -0.036805
v 0.004883 0.815324 -0.042711
v 0.003821 0.818948 -0.036687
v 0.004695 0.814815 -0.042496
v 0.003630 0.818457 -0.036456
v 0.004798 0.814306 -0.042230
v 0.003730 0.817966 -0.036173
v 0.005164 0.813934 -0.041984
v 0.004093 0.817606 -0.035915
v 0.007222 0.811823 -0.047324
v 0.006670 0.811684 -0.047358
v 0.007648 0.812204 -0.047421
v 0.007833 0.812724 -0.047623
v 0.007728 0.813243 -0.047875
v 0.007361 0.813624 -0.048110
v 0.006830 0.813763 -0.048266
v 0.006278 0.813624 -0.048301
v 0.005852 0.813243 -0.048206
v 0.005667 0.812724 -0.048005
v 0.005772 0.812204 -0.047752
v 0.006139 0.811823 -0.047515
v 0.008080 0.809718 -0.052188
v 0.007524 0.809585 -0.052205
v 0.008515 0.810081 -0.052334
v 0.008712 0.810578 -0.052604
v 0.008618 0.811075 -0.052923
v 0.008260 0.811438 -0.053209
v 0.007732 0.811571 -0.053383
v 0.007177 0.811438 -0.053400
v 0.006742 0.811075 -0.053254
v 0.006545 0.810578 -0.052986
v 0.006638 0.810081 -0.052665
v 0.006997 0.809718 -0.052379
v 0.008674 0.805359 -0.055557
v 0.008114 0.805252 -0.055551
v 0.009119 0.805648 -0.055763
v 0.009331 0.806045 -0.056114
v 0.009252 0.806441 -0.056516
v 0.008904 0.806731 -0.056862
v 0.008380 0.806837 -0.057059
v 0.007821 0.806731 -0.057053
v 0.007376 0.806441 -0.056847
v 0.007164 0.806045 -0.056496
v 0.007243 0.805648 -0.056094
v 0.007591 0.805359 -0.055748
v 0.008791 0.801350 -0.056219
v 0.008229 0.801321 -0.056203
v 0.009241 0.801428 -0.056454
v 0.009459 0.801538 -0.056843
v 0.009387 0.801647 -0.057281
v 0.009044 0.801726 -0.057653
v 0.008521 0.801755 -0.057859
v 0.007960 0.801726 -0.057844
v 0.007511 0.801647 -0.057612
v 0.007292 0.801538 -0.057225
v 0.007365 0.801428 -0.056784
v 0.007707 0.801350 -0.056410
v 0.008484 0.797614 -0.054481
v 0.007926 0.797621 -0.054485
v 0.008925 0.797596 -0.054663
v 0.009130 0.797571 -0.054978
v 0.009045 0.797547 -0.055343
v 0.008692 0.797528 -0.055660
v 0.008166 0.797521 -0.055846
v 0.007609 0.797528 -0.055851
v 0.007169 0.797547 -0.055674
v 0.006964 0.797571 -0.055360
v 0.007049 0.797596 -0.054993
v 0.007401 0.797614 -0.054672
v 0.008283 0.791669 -0.053342
v 0.007723 0.791575 -0.053330
v 0.008731 0.791928 -0.053565
v 0.008947 0.792280 -0.053939
v 0.008873 0.792633 -0.054365
v 0.008528 0.792891 -0.054728
v 0.008005 0.792985 -0.054930
v 0.007444 0.792891 -0.054919
v 0.006996 0.792633 -0.054696
v 0.006781 0.792280 -0.054321
v 0.006855 0.791928 -0.053896
v 0.007200 0.791669 -0.053533
v 0.008767 0.788443 -0.056084
v 0.008213 0.788303 -0.056111
v 0.009197 0.788824 -0.056202
v 0.009387 0.789347 -0.056433
v 0.009287 0.789869 -0.056714
v 0.008923 0.790251 -0.056971
v 0.008394 0.790391 -0.057135
v 0.007840 0.790251 -0.057162
v 0.007410 0.789869 -0.057045
v 0.007220 0.789347 -0.056815
v 0.007320 0.788824 -0.056533
v 0.007684 0.788443 -0.056276
v 0.009364 0.787557 -0.059469
v 0.008812 0.787413 -0.059507
v 0.009788 0.787949 -0.059554
v 0.009970 0.788485 -0.059741
v 0.009862 0.789021 -0.059978
v 0.009493 0.789412 -0.060202
v 0.008961 0.789557 -0.060354
v 0.008410 0.789412 -0.060393
v 0.007986 0.789021 -0.060309
v 0.007804 0.788485 -0.060123
v 0.007911 0.787949 -0.059885
v 0.008280 0.787557 -0.059660
v 0.010445 0.786131 -0.065604
v 0.009892 0.785989 -0.065634
v 0.010874 0.786522 -0.065713
v 0.011062 0.787054 -0.065931
v 0.010959 0.787587 -0.066200
v 0.010594 0.787977 -0.066448
v 0.010064 0.788120 -0.066608
v 0.009511 0.787977 -0.066639
v 0.009083 0.787587 -0.066531
v 0.008895 0.787054 -0.066313
v 0.008997 0.786522 -0.066044
v 0.009362 0.786131 -0.065795
v 0.010826 0.785194 -0.067764
v 0.010269 0.785060 -0.067771
v 0.011266 0.785558 -0.067936
v 0.011469 0.786056 -0.068241
v 0.011382 0.786555 -0.068598
v 0.011028 0.786919 -0.068910
v 0.010502 0.787053 -0.069094
v 0.009945 0.786919 -0.069101
v 0.009506 0.786555 -0.068928
v 0.009302 0.786056 -0.068623
v 0.009389 0.785558 -0.068267
v 0.009743 0.785194 -0.067955
v 0.010994 0.783061 -0.068715
v 0.010432 0.782983 -0.068697
v 0.011445 0.783273 -0.068955
v 0.011665 0.783562 -0.069352
v 0.011594 0.783851 -0.069801
v 0.011253 0.784063 -0.070181
v 0.010731 0.784140 -0.070390
v 0.010169 0.784063 -0.070372
v 0.009718 0.783851 -0.070132
v 0.009498 0.783562 -0.069734
v 0.009569 0.783273 -0.069285
v 0.009911 0.783061 -0.068906
v 0.010891 0.780457 -0.068128
v 0.010334 0.780511 -0.068140
v 0.011327 0.780315 -0.068284
v 0.011526 0.780118 -0.068566
v 0.011435 0.779921 -0.068897
v 0.011078 0.779776 -0.069190
v 0.010550 0.779724 -0.069367
v 0.009994 0.779776 -0.069381
v 0.009559 0.779921 -0.069228
v 0.009360 0.780118 -0.068948
v 0.009451 0.780315 -0.068615
v 0.009807 0.780457 -0.068319
v 0.010548 0.778432 -0.066184
v 0.010003 0.778554 -0.066263
v 0.010952 0.778099 -0.066159
v 0.011108 0.777645 -0.066192
v 0.010973 0.777191 -0.066275
v 0.010583 0.776858 -0.066386
v 0.010044 0.776737 -0.066496
v 0.009500 0.776858 -0.066577
v 0.009096 0.777191 -0.066606
v 0.008941 0.777645 -0.066574
v 0.009076 0.778099 -0.066489
v 0.009464 0.778432 -0.066375
v 0.009816 0.775761 -0.062037
v 0.009269 0.775871 -0.062097
v 0.010230 0.775462 -0.062064
v 0.010398 0.775052 -0.062169
v 0.010276 0.774642 -0.062324
v 0.009896 0.774342 -0.062487
v 0.009360 0.774232 -0.062617
v 0.008813 0.774342 -0.062678
v 0.008400 0.774642 -0.062655
v 0.008232 0.775052 -0.062551
v 0.008354 0.775462 -0.062395
v 0.008733 0.775761 -0.062228
v 0.009540 0.772787 -0.060467
v 0.008980 0.772773 -0.060462
v 0.009985 0.772826 -0.060672
v 0.010196 0.772881 -0.061021
v 0.010116 0.772935 -0.061419
v 0.009768 0.772974 -0.061762
v 0.009244 0.772988 -0.061957
v 0.008685 0.772974 -0.061953
v 0.008240 0.772935 -0.061750
v 0.008029 0.772881 -0.061403
v 0.008108 0.772826 -0.061003
v 0.008456 0.772787 -0.060658
v 0.009634 0.769892 -0.061000
v 0.009078 0.769773 -0.061016
v 0.010069 0.770217 -0.061149
v 0.010267 0.770661 -0.061423
v 0.010174 0.771105 -0.061747
v 0.009816 0.771430 -0.062036
v 0.009289 0.771549 -0.062212
v 0.008733 0.771430 -0.062227
v 0.008298 0.771105 -0.062078
v 0.008100 0.770661 -0.061805
v 0.008192 0.770217 -0.061480
v 0.008550 0.769892 -0.061191
v 0.010095 0.767677 -0.063615
v 0.009542 0.767542 -0.063649
v 0.010521 0.768045 -0.063715
v 0.010707 0.768546 -0.063920
v 0.010603 0.769047 -0.064177
v 0.010236 0.769415 -0.064416
v 0.009705 0.769549 -0.064574
v 0.009153 0.769415 -0.064607
v 0.008726 0.769047 -0.064508
v 0.008541 0.768546 -0.064302
v 0.008645 0.768045 -0.064046
v 0.009012 0.767677 -0.063806
v 0.010606 0.765210 -0.066513
v 0.010055 0.765068 -0.066556
v 0.011027 0.765598 -0.066586
v 0.011207 0.766129 -0.066756
v 0.011096 0.766659 -0.066977
v 0.010725 0.767047 -0.067190
v 0.010193 0.767190 -0.067338
v 0.009642 0.767047 -0.067381
v 0.009220 0.766659 -0.067308
v 0.009040 0.766129 -0.067138
v 0.009151 0.765598 -0.066917
v 0.009522 0.765210 -0.066704
v 0.011084 0.764593 -0.069225
v 0.010536 0.764445 -0.069287
v 0.011496 0.764994 -0.069245
v 0.011663 0.765541 -0.069343
v 0.011540 0.766089 -0.069492
v 0.011159 0.766490 -0.069652
v 0.010623 0.766638 -0.069780
v 0.010076 0.766490 -0.069843
v 0.009664 0.766089 -0.069823
v 0.009497 0.765541 -0.069725
v 0.009620 0.764994 -0.069576
v 0.010001 0.764593 -0.069416
v 0.012098 0.765015 -0.074974
v 0.011551 0.764868 -0.075039
v 0.012509 0.765415 -0.074986
v 0.012673 0.765962 -0.075072
v 0.012548 0.766508 -0.075209
v 0.012166 0.766908 -0.075360
v 0.011629 0.767053 -0.075485
v 0.011082 0.766908 -0.075551
v 0.010672 0.766508 -0.075540
v 0.010507 0.765962 -0.075454
v 0.010632 0.765415 -0.075317
v 0.011014 0.765015 -0.075165
v 0.012771 0.764956 -0.078791
v 0.012221 0.764810 -0.078841
v 0.013189 0.765356 -0.078846
v 0.013364 0.765901 -0.078990
v 0.013249 0.766447 -0.079185
v 0.012874 0.766847 -0.079379
v 0.012341 0.766992 -0.079520
v 0.011791 0.766847 -0.079570
v 0.011373 0.766447 -0.079516
v 0.011198 0.765901 -0.079372
v 0.011313 0.765356 -0.079176
v 0.011687 0.764956 -0.078982
v 0.013439 0.763798 -0.082579
v 0.012884 0.763660 -0.082599
v 0.013872 0.764174 -0.082716
v 0.014066 0.764687 -0.082972
v 0.013971 0.765200 -0.083280
v 0.013611 0.765576 -0.083558
v 0.013083 0.765714 -0.083729
v 0.012528 0.765576 -0.083749
v 0.012095 0.765200 -0.083611
v 0.011900 0.764687 -0.083354
v 0.011995 0.764174 -0.083047
v 0.012355 0.763798 -0.082770
v 0.013839 0.761759 -0.084852
v 0.013280 0.761644 -0.084847
v 0.014284 0.762075 -0.085056
v 0.014495 0.762505 -0.085405
v 0.014416 0.762937 -0.085806
v 0.014069 0.763252 -0.086152
v 0.013545 0.763368 -0.086350
v 0.012985 0.763252 -0.086343
v 0.012540 0.762937 -0.086137
v 0.012329 0.762505 -0.085787
v 0.012408 0.762075 -0.085387
v 0.012756 0.761759 -0.085043
v 0.014128 0.759359 -0.086486
v 0.013567 0.759257 -0.086472
v 0.014576 0.759638 -0.086713
v 0.014793 0.760019 -0.087094
v 0.014720 0.760399 -0.087528
v 0.014377 0.760677 -0.087899
v 0.013855 0.760780 -0.088107
v 0.013293 0.760677 -0.088090
v 0.012844 0.760399 -0.087859
v 0.012627 0.760019 -0.087476
v 0.012700 0.759638 -0.087044
v 0.013044 0.759359 -0.086677
v 0.015133 0.751781 -0.092186
v 0.014570 0.751695 -0.092161
v 0.015587 0.752014 -0.092446
v 0.015812 0.752335 -0.092870
v 0.015746 0.752656 -0.093346
v 0.015408 0.752891 -0.093746
v 0.014887 0.752976 -0.093963
v 0.014324 0.752891 -0.093937
v 0.013870 0.752656 -0.093677
v 0.013645 0.752335 -0.093252
v 0.013711 0.752014 -0.092777
v 0.014049 0.751781 -0.092377
v 0.015581 0.746655 -0.094732
v 0.015016 0.746595 -0.094694
v 0.016042 0.746818 -0.095025
v 0.016275 0.747042 -0.095496
v 0.016217 0.747266 -0.096018
v 0.015885 0.747429 -0.096451
v 0.015366 0.747489 -0.096679
v 0.014801 0.747429 -0.096642
v 0.014341 0.747266 -0.096348
v 0.014108 0.747042 -0.095878
v 0.014166 0.746818 -0.095356
v 0.014498 0.746655 -0.094923
v 0.015834 0.742675 -0.096163
v 0.015268 0.742624 -0.096122
v 0.016296 0.742812 -0.096466
v 0.016531 0.743001 -0.096949
v 0.016475 0.743191 -0.097483
v 0.016145 0.743329 -0.097925
v 0.015627 0.743379 -0.098157
v 0.015061 0.743329 -0.098116
v 0.014599 0.743191 -0.097814
v 0.014364 0.743001 -0.097331
v 0.014420 0.742812 -0.096796
v 0.014751 0.742675 -0.096354
v 0.001278 0.776377 -0.041983
v 0.001456 0.776630 -0.040893
v 0.001066 0.776522 -0.040805
v 0.000889 0.776268 -0.041896
v 0.001554 0.776680 -0.042075
v 0.001730 0.776933 -0.040988
v 0.001640 0.777097 -0.042148
v 0.001817 0.777348 -0.041066
v 0.001516 0.777514 -0.042184
v 0.001692 0.777764 -0.041106
v 0.001213 0.777821 -0.042172
v 0.001389 0.778069 -0.041096
v 0.000813 0.777935 -0.042115
v 0.000989 0.778183 -0.041041
v 0.000424 0.777826 -0.042029
v 0.000600 0.778075 -0.040953
v 0.000149 0.777524 -0.041936
v 0.000325 0.777773 -0.040857
v 0.000062 0.777108 -0.041861
v 0.000238 0.777359 -0.040778
v 0.000186 0.776691 -0.041826
v 0.000363 0.776943 -0.040739
v 0.000489 0.776383 -0.041839
v 0.000667 0.776636 -0.040749
v 0.001129 0.776198 -0.042892
v 0.000739 0.776088 -0.042808
v 0.001405 0.776502 -0.042977
v 0.001493 0.776920 -0.043041
v 0.001370 0.777340 -0.043067
v 0.001068 0.777649 -0.043048
v 0.000669 0.777763 -0.042989
v 0.000279 0.777654 -0.042905
v 0.000003 0.777350 -0.042819
v -0.000085 0.776932 -0.042754
v 0.000038 0.776513 -0.042728
v 0.000340 0.776204 -0.042748
v 0.001003 0.776080 -0.043649
v 0.000613 0.775970 -0.043568
v 0.001281 0.776386 -0.043726
v 0.001371 0.776806 -0.043779
v 0.001249 0.777228 -0.043794
v 0.000949 0.777537 -0.043767
v 0.000550 0.777653 -0.043705
v 0.000159 0.777543 -0.043624
v -0.000118 0.777238 -0.043546
v -0.000208 0.776818 -0.043493
v -0.000087 0.776396 -0.043478
v 0.000214 0.776086 -0.043506
v 0.000896 0.776011 -0.044287
v 0.000505 0.775900 -0.044210
v 0.001175 0.776318 -0.044355
v 0.001267 0.776739 -0.044395
v 0.001147 0.777162 -0.044398
v 0.000848 0.777472 -0.044362
v 0.000450 0.777589 -0.044297
v 0.000059 0.777479 -0.044219
v -0.000220 0.777172 -0.044151
v -0.000312 0.776751 -0.044109
v -0.000192 0.776328 -0.044107
v 0.000107 0.776017 -0.044144
v 0.000804 0.775978 -0.044833
v 0.000412 0.775868 -0.044759
v 0.001084 0.776286 -0.044893
v 0.001178 0.776708 -0.044922
v 0.001060 0.777132 -0.044913
v 0.000762 0.777443 -0.044869
v 0.000364 0.777559 -0.044800
v -0.000027 0.777449 -0.044726
v -0.000308 0.777142 -0.044666
v -0.000402 0.776720 -0.044636
v -0.000284 0.776296 -0.044645
v 0.000014 0.775984 -0.044690
v 0.000721 0.775971 -0.045315
v 0.000329 0.775860 -0.045243
v 0.001002 0.776278 -0.045368
v 0.001098 0.776701 -0.045389
v 0.000981 0.777125 -0.045371
v 0.000685 0.777436 -0.045321
v 0.000287 0.777552 -0.045250
v -0.000105 0.777442 -0.045178
v -0.000386 0.777135 -0.045124
v -0.000482 0.776713 -0.045103
v -0.000365 0.776289 -0.045120
v -0.000068 0.775977 -0.045172
v 0.000656 0.775975 -0.045693
v 0.000266 0.775865 -0.045613
v 0.000933 0.776283 -0.045771
v 0.001022 0.776706 -0.045824
v 0.000900 0.777130 -0.045840
v 0.000599 0.777441 -0.045814
v 0.000200 0.777557 -0.045753
v -0.000190 0.777447 -0.045672
v -0.000468 0.777140 -0.045594
v -0.000557 0.776717 -0.045539
v -0.000435 0.776294 -0.045523
v -0.000134 0.775981 -0.045550
v 0.000049 0.775089 -0.049304
v -0.000337 0.774985 -0.049197
v 0.000312 0.775379 -0.049456
v 0.000384 0.775778 -0.049613
v 0.000244 0.776178 -0.049732
v -0.000071 0.776472 -0.049782
v -0.000475 0.776581 -0.049749
v -0.000861 0.776477 -0.049641
v -0.001125 0.776188 -0.049487
v -0.001196 0.775790 -0.049330
v -0.001056 0.775390 -0.049211
v -0.000742 0.775095 -0.049163
v -0.000353 0.772780 -0.051885
v -0.000733 0.772710 -0.051740
v -0.000106 0.772979 -0.052139
v -0.000057 0.773253 -0.052434
v -0.000219 0.773528 -0.052692
v -0.000550 0.773731 -0.052844
v -0.000961 0.773807 -0.052848
v -0.001341 0.773737 -0.052704
v -0.001588 0.773538 -0.052449
v -0.001637 0.773265 -0.052153
v -0.001475 0.772990 -0.051895
v -0.001144 0.772787 -0.051744
v -0.000374 0.769867 -0.052385
v -0.000754 0.769856 -0.052231
v -0.000126 0.769905 -0.052664
v -0.000078 0.769960 -0.052992
v -0.000241 0.770017 -0.053283
v -0.000572 0.770060 -0.053458
v -0.000983 0.770078 -0.053470
v -0.001363 0.770066 -0.053317
v -0.001611 0.770028 -0.053038
v -0.001659 0.769974 -0.052710
v -0.001496 0.769917 -0.052419
v -0.001164 0.769874 -0.052244
v -0.000259 0.767438 -0.052048
v -0.000640 0.767456 -0.051898
v -0.000007 0.767396 -0.052314
v 0.000047 0.767340 -0.052625
v -0.000110 0.767288 -0.052897
v -0.000437 0.767252 -0.053058
v -0.000846 0.767241 -0.053066
v -0.001228 0.767259 -0.052917
v -0.001480 0.767302 -0.052651
v -0.001534 0.767357 -0.052340
v -0.001377 0.767409 -0.052067
v -0.001049 0.767446 -0.051905
v -0.000130 0.765435 -0.051556
v -0.000514 0.765499 -0.051418
v 0.000129 0.765283 -0.051794
v 0.000193 0.765081 -0.052066
v 0.000046 0.764884 -0.052300
v -0.000274 0.764744 -0.052434
v -0.000681 0.764698 -0.052431
v -0.001066 0.764762 -0.052293
v -0.001325 0.764915 -0.052057
v -0.001389 0.765117 -0.051785
v -0.001242 0.765315 -0.051550
v -0.000921 0.765454 -0.051415
v 0.000120 0.763614 -0.050004
v -0.000265 0.763676 -0.049863
v 0.000379 0.763459 -0.050243
v 0.000445 0.763250 -0.050515
v 0.000299 0.763045 -0.050746
v -0.000020 0.762898 -0.050876
v -0.000426 0.762848 -0.050869
v -0.000811 0.762909 -0.050727
v -0.001071 0.763065 -0.050489
v -0.001136 0.763272 -0.050218
v -0.000990 0.763477 -0.049986
v -0.000671 0.763625 -0.049856
v 0.000372 0.761056 -0.049252
v 0.000006 0.760973 -0.049057
v 0.000604 0.761107 -0.049557
v 0.000638 0.761110 -0.049891
v 0.000467 0.761064 -0.050164
v 0.000136 0.760980 -0.050303
v -0.000267 0.760885 -0.050271
v -0.000633 0.760800 -0.050077
v -0.000865 0.760750 -0.049772
v -0.000900 0.760749 -0.049438
v -0.000728 0.760795 -0.049165
v -0.000397 0.760876 -0.049025
v 0.001502 0.758684 -0.049425
v 0.001166 0.758523 -0.049249
v 0.001679 0.758877 -0.049712
v 0.001650 0.759047 -0.050032
v 0.001421 0.759149 -0.050300
v 0.001056 0.759157 -0.050443
v 0.000651 0.759070 -0.050424
v 0.000315 0.758907 -0.050248
v 0.000138 0.758716 -0.049961
v 0.000168 0.758546 -0.049641
v 0.000396 0.758443 -0.049374
v 0.000761 0.758434 -0.049230
v 0.001957 0.753683 -0.051306
v 0.001621 0.753534 -0.051122
v 0.002128 0.753924 -0.051574
v 0.002088 0.754191 -0.051856
v 0.001848 0.754412 -0.052076
v 0.001472 0.754528 -0.052174
v 0.001062 0.754510 -0.052124
v 0.000726 0.754361 -0.051940
v 0.000555 0.754120 -0.051671
v 0.000594 0.753853 -0.051389
v 0.000834 0.753632 -0.051170
v 0.001210 0.753516 -0.051072
v 0.001909 0.748595 -0.054249
v 0.001572 0.748449 -0.054065
v 0.002083 0.748858 -0.054504
v 0.002046 0.749166 -0.054762
v 0.001808 0.749437 -0.054954
v 0.001434 0.749600 -0.055028
v 0.001023 0.749610 -0.054964
v 0.000686 0.749463 -0.054780
v 0.000513 0.749202 -0.054525
v 0.000550 0.748894 -0.054267
v 0.000787 0.748622 -0.054076
v 0.001161 0.748459 -0.054002
v 0.000191 0.743903 -0.057851
v -0.000145 0.743764 -0.057663
v 0.000370 0.744178 -0.058096
v 0.000344 0.744514 -0.058331
v 0.000120 0.744821 -0.058495
v -0.000242 0.745019 -0.058542
v -0.000645 0.745052 -0.058461
v -0.000981 0.744911 -0.058273
v -0.001160 0.744637 -0.058028
v -0.001133 0.744300 -0.057793
v -0.000909 0.743993 -0.057629
v -0.000547 0.743795 -0.057582
v -0.001804 0.740974 -0.060855
v -0.002155 0.740819 -0.060696
v -0.001608 0.741276 -0.061068
v -0.001618 0.741641 -0.061279
v -0.001832 0.741974 -0.061431
v -0.002192 0.742185 -0.061482
v -0.002602 0.742216 -0.061419
v -0.002952 0.742061 -0.061259
v -0.003148 0.741761 -0.061045
v -0.003139 0.741395 -0.060835
v -0.002925 0.741062 -0.060684
v -0.002565 0.740852 -0.060633
v -0.002513 0.739090 -0.064177
v -0.002869 0.738922 -0.064045
v -0.002313 0.739409 -0.064369
v -0.002320 0.739793 -0.064571
v -0.002535 0.740142 -0.064726
v -0.002898 0.740359 -0.064794
v -0.003313 0.740388 -0.064757
v -0.003669 0.740222 -0.064624
v -0.003869 0.739904 -0.064432
v -0.003862 0.739519 -0.064232
v -0.003647 0.739170 -0.064077
v -0.003284 0.738952 -0.064008
v -0.003499 0.736286 -0.068778
v -0.003854 0.736117 -0.068650
v -0.003302 0.736616 -0.068984
v -0.003316 0.737015 -0.069211
v -0.003537 0.737379 -0.069399
v -0.003906 0.737610 -0.069497
v -0.004325 0.737646 -0.069479
v -0.004680 0.737476 -0.069351
v -0.004877 0.737148 -0.069147
v -0.004864 0.736746 -0.068920
v -0.004642 0.736383 -0.068733
v -0.004273 0.736151 -0.068633
v -0.003971 0.734452 -0.070988
v -0.004324 0.734289 -0.070851
v -0.003779 0.734774 -0.071218
v -0.003801 0.735164 -0.071480
v -0.004029 0.735521 -0.071702
v -0.004403 0.735749 -0.071825
v -0.004823 0.735785 -0.071816
v -0.005176 0.735622 -0.071678
v -0.005368 0.735301 -0.071450
v -0.005347 0.734910 -0.071190
v -0.005118 0.734553 -0.070968
v -0.004744 0.734326 -0.070844
v -0.004298 0.731737 -0.072460
v -0.004649 0.731598 -0.072315
v -0.004113 0.732011 -0.072717
v -0.004142 0.732350 -0.073016
v -0.004379 0.732663 -0.073278
v -0.004759 0.732863 -0.073432
v -0.005181 0.732899 -0.073437
v -0.005532 0.732761 -0.073292
v -0.005717 0.732484 -0.073036
v -0.005688 0.732145 -0.072737
v -0.005452 0.731834 -0.072475
v -0.005071 0.731634 -0.072321
v -0.004410 0.729343 -0.072889
v -0.004759 0.729253 -0.072742
v -0.004228 0.729528 -0.073159
v -0.004262 0.729760 -0.073477
v -0.004503 0.729978 -0.073761
v -0.004887 0.730121 -0.073934
v -0.005310 0.730153 -0.073949
v -0.005660 0.730063 -0.073802
v -0.005842 0.729876 -0.073533
v -0.005808 0.729644 -0.073213
v -0.005566 0.729427 -0.072929
v -0.005183 0.729284 -0.072756
v -0.004408 0.726666 -0.072740
v -0.004759 0.726649 -0.072603
v -0.004225 0.726718 -0.072997
v -0.004257 0.726792 -0.073306
v -0.004498 0.726866 -0.073584
v -0.004882 0.726921 -0.073759
v -0.005307 0.726945 -0.073781
v -0.005658 0.726928 -0.073646
v -0.005842 0.726876 -0.073388
v -0.005808 0.726804 -0.073077
v -0.005567 0.726728 -0.072797
v -0.005183 0.726672 -0.072624
v -0.004283 0.723318 -0.071933
v -0.004638 0.723375 -0.071819
v -0.004093 0.723231 -0.072154
v -0.004119 0.723139 -0.072423
v -0.004353 0.723064 -0.072669
v -0.004734 0.723029 -0.072827
v -0.005159 0.723043 -0.072855
v -0.005514 0.723101 -0.072744
v -0.005704 0.723188 -0.072522
v -0.005678 0.723281 -0.072250
v -0.005443 0.723354 -0.072001
v -0.005062 0.723388 -0.071844
v -0.004124 0.720596 -0.071016
v -0.004482 0.720705 -0.070923
v -0.003928 0.720417 -0.071196
v -0.003947 0.720208 -0.071423
v -0.004175 0.720026 -0.071636
v -0.004552 0.719922 -0.071777
v -0.004976 0.719928 -0.071805
v -0.005335 0.720042 -0.071711
v -0.005531 0.720233 -0.071519
v -0.005512 0.720450 -0.071281
v -0.005283 0.720631 -0.071065
v -0.004906 0.720724 -0.070934
v -0.004003 0.719085 -0.070416
v -0.004365 0.719247 -0.070344
v -0.003799 0.718830 -0.070538
v -0.003809 0.718524 -0.070698
v -0.004029 0.718259 -0.070847
v -0.004401 0.718111 -0.070941
v -0.004825 0.718123 -0.070952
v -0.005187 0.718287 -0.070880
v -0.005390 0.718562 -0.070741
v -0.005380 0.718875 -0.070569
v -0.005160 0.719141 -0.070417
v -0.004788 0.719279 -0.070333
v -0.003819 0.717978 -0.069510
v -0.004188 0.718184 -0.069474
v -0.003602 0.717670 -0.069541
v -0.003597 0.717298 -0.069598
v -0.003803 0.716974 -0.069656
v -0.004167 0.716797 -0.069689
v -0.004590 0.716821 -0.069680
v -0.004959 0.717022 -0.069640
v -0.005174 0.717349 -0.069588
v -0.005180 0.717729 -0.069520
v -0.004973 0.718053 -0.069465
v -0.004611 0.718224 -0.069446
v -0.003612 0.717807 -0.068482
v -0.003986 0.718014 -0.068472
v -0.003385 0.717503 -0.068449
v -0.003366 0.717139 -0.068423
v -0.003561 0.716825 -0.068402
v -0.003917 0.716656 -0.068379
v -0.004338 0.716691 -0.068347
v -0.004712 0.716901 -0.068334
v -0.004939 0.717215 -0.068358
v -0.004958 0.717586 -0.068376
v -0.004763 0.717901 -0.068397
v -0.004408 0.718064 -0.068428
v -0.003372 0.718000 -0.067332
v -0.003749 0.718202 -0.067337
v -0.003138 0.717711 -0.067255
v -0.003111 0.717371 -0.067169
v -0.003297 0.717078 -0.067091
v -0.003647 0.716926 -0.067025
v -0.004067 0.716972 -0.066972
v -0.004444 0.717184 -0.066968
v -0.004678 0.717472 -0.067042
v -0.004705 0.717819 -0.067122
v -0.004519 0.718112 -0.067202
v -0.004169 0.718259 -0.067275
v -0.003033 0.719329 -0.065894
v -0.003415 0.719510 -0.065921
v -0.002788 0.719085 -0.065761
v -0.002747 0.718812 -0.065590
v -0.002920 0.718578 -0.065428
v -0.003261 0.718468 -0.065297
v -0.003679 0.718530 -0.065216
v -0.004061 0.718731 -0.065222
v -0.004306 0.718955 -0.065373
v -0.004347 0.719232 -0.065544
v -0.004174 0.719467 -0.065707
v -0.003833 0.719574 -0.065839
v -0.002923 0.720572 -0.065627
v -0.003310 0.720706 -0.065666
v -0.002670 0.720411 -0.065469
v -0.002618 0.720246 -0.065254
v -0.002781 0.720110 -0.065047
v -0.003116 0.720064 -0.064882
v -0.003532 0.720135 -0.064791
v -0.003919 0.720304 -0.064798
v -0.004173 0.720431 -0.064992
v -0.004225 0.720596 -0.065210
v -0.004061 0.720731 -0.065416
v -0.003726 0.720775 -0.065579
v -0.002886 0.721837 -0.065760
v -0.003275 0.721911 -0.065796
v -0.002629 0.721781 -0.065609
v -0.002572 0.721750 -0.065390
v -0.002731 0.721737 -0.065176
v -0.003062 0.721767 -0.065002
v -0.003477 0.721841 -0.064911
v -0.003866 0.721945 -0.064921
v -0.004124 0.721978 -0.065103
v -0.004182 0.722006 -0.065327
v -0.004023 0.722017 -0.065540
v -0.003691 0.721985 -0.065709
v -0.002909 0.722932 -0.066168
v -0.003297 0.722938 -0.066184
v -0.002655 0.722998 -0.066061
v -0.002600 0.723128 -0.065877
v -0.002761 0.723259 -0.065693
v -0.003093 0.723374 -0.065540
v -0.003509 0.723452 -0.065454
v -0.003897 0.723476 -0.065456
v -0.004153 0.723405 -0.065577
v -0.004207 0.723271 -0.065768
v -0.004046 0.723134 -0.065954
v -0.003713 0.723014 -0.066103
v -0.003014 0.724286 -0.067022
v -0.003401 0.724261 -0.067031
v -0.002761 0.724438 -0.066964
v -0.002711 0.724701 -0.066844
v -0.002877 0.724969 -0.066726
v -0.003214 0.725187 -0.066629
v -0.003632 0.725305 -0.066573
v -0.004020 0.725298 -0.066569
v -0.004273 0.725152 -0.066629
v -0.004324 0.724881 -0.066761
v -0.004158 0.724602 -0.066885
v -0.003820 0.724376 -0.066981
v -0.002752 0.725454 -0.068125
v -0.003141 0.725399 -0.068132
v -0.002492 0.725672 -0.068111
v -0.002430 0.726013 -0.068071
v -0.002583 0.726364 -0.068038
v -0.002909 0.726640 -0.068013
v -0.003321 0.726773 -0.067997
v -0.003710 0.726735 -0.067990
v -0.003971 0.726533 -0.067995
v -0.004033 0.726175 -0.068052
v -0.003881 0.725811 -0.068096
v -0.003554 0.725528 -0.068123
v -0.002606 0.726251 -0.069222
v -0.002999 0.726156 -0.069210
v -0.002336 0.726538 -0.069268
v -0.002262 0.726938 -0.069338
v -0.002403 0.727345 -0.069411
v -0.002721 0.727655 -0.069463
v -0.003132 0.727787 -0.069478
v -0.003526 0.727711 -0.069449
v -0.003796 0.727453 -0.069377
v -0.003871 0.727027 -0.069335
v -0.003729 0.726599 -0.069280
v -0.003410 0.726283 -0.069233
v -0.002251 0.726330 -0.070799
v -0.002647 0.726240 -0.070774
v -0.001970 0.726608 -0.070909
v -0.001880 0.727036 -0.071039
v -0.002006 0.727451 -0.071206
v -0.002312 0.727772 -0.071324
v -0.002718 0.727917 -0.071361
v -0.003115 0.727854 -0.071305
v -0.003396 0.727599 -0.071170
v -0.003485 0.727148 -0.071063
v -0.003360 0.726701 -0.070935
v -0.003053 0.726371 -0.070828
v -0.001556 0.725490 -0.072191
v -0.001954 0.725405 -0.072171
v -0.001267 0.725753 -0.072325
v -0.001164 0.726187 -0.072476
v -0.001275 0.726579 -0.072712
v -0.001569 0.726876 -0.072894
v -0.001969 0.727005 -0.072975
v -0.002367 0.726934 -0.072934
v -0.002656 0.726674 -0.072797
v -0.002759 0.726243 -0.072637
v -0.002648 0.725828 -0.072436
v -0.002354 0.725523 -0.072264
v -0.000197 0.722793 -0.074577
v -0.000598 0.722707 -0.074572
v 0.000102 0.723039 -0.074724
v 0.000219 0.723459 -0.074897
v 0.000121 0.723803 -0.075220
v -0.000165 0.724054 -0.075484
v -0.000562 0.724145 -0.075630
v -0.000963 0.724054 -0.075628
v -0.001261 0.723773 -0.075529
v -0.001377 0.723393 -0.075287
v -0.001280 0.723050 -0.074973
v -0.000995 0.722799 -0.074717
v 0.000062 0.720929 -0.075473
v -0.000342 0.720840 -0.075476
v 0.000366 0.721150 -0.075622
v 0.000490 0.721508 -0.075828
v 0.000399 0.721776 -0.076204
v 0.000118 0.721964 -0.076522
v -0.000277 0.722014 -0.076709
v -0.000680 0.721906 -0.076732
v -0.000983 0.721642 -0.076634
v -0.001106 0.721336 -0.076348
v -0.001016 0.721078 -0.075963
v -0.000736 0.720896 -0.075653
v 0.000353 0.719237 -0.076432
v -0.000054 0.719159 -0.076423
v 0.000664 0.719415 -0.076617
v 0.000796 0.719673 -0.076899
v 0.000712 0.719842 -0.077353
v 0.000436 0.719953 -0.077731
v 0.000041 0.719961 -0.077953
v -0.000364 0.719851 -0.077971
v -0.000674 0.719651 -0.077810
v -0.000805 0.719425 -0.077477
v -0.000722 0.719279 -0.076998
v -0.000447 0.719177 -0.076623
v 0.000222 0.717224 -0.076681
v -0.000183 0.717187 -0.076654
v 0.000529 0.717316 -0.076895
v 0.000658 0.717442 -0.077226
v 0.000572 0.717522 -0.077670
v 0.000295 0.717581 -0.078026
v -0.000098 0.717593 -0.078212
v -0.000503 0.717550 -0.078196
v -0.000810 0.717448 -0.078001
v -0.000938 0.717309 -0.077693
v -0.000853 0.717248 -0.077216
v -0.000576 0.717197 -0.076846
v 0.000129 0.715047 -0.076969
v -0.000276 0.715032 -0.076903
v 0.000436 0.715105 -0.077228
v 0.000564 0.715191 -0.077608
v 0.000477 0.715280 -0.078007
v 0.000200 0.715352 -0.078319
v -0.000193 0.715381 -0.078464
v -0.000598 0.715360 -0.078408
v -0.000905 0.715288 -0.078174
v -0.001033 0.715181 -0.077832
v -0.000947 0.715116 -0.077390
v -0.000669 0.715058 -0.077055
v 0.035241 0.678899 0.018157
v 0.023179 0.668112 0.031923
v 0.023807 0.667298 0.031923
v 0.036219 0.677976 0.018155
v 0.042921 0.684370 -0.000339
v 0.041943 0.685287 -0.000344
v 0.039826 0.684974 -0.014573
v 0.038841 0.685894 -0.014570
v 0.020592 0.685101 -0.030855
v 0.021576 0.684176 -0.030855
v 0.010788 0.684174 -0.033611
v 0.010297 0.685099 -0.033611
v 0.004000 0.651126 0.035605
v 0.005685 0.651126 0.035605
v 0.029364 0.684172 -0.025117
v 0.028374 0.685099 -0.025110
v 0.000000 0.684174 -0.035097
v 0.000000 0.685099 -0.035097
v -0.035249 0.678898 0.018161
v -0.036229 0.677975 0.018160
v -0.023807 0.667298 0.031923
v -0.023179 0.668113 0.031923
v -0.041969 0.685274 -0.000333
v -0.042943 0.684355 -0.000330
v -0.038846 0.685890 -0.014541
v -0.039830 0.684970 -0.014542
v -0.020592 0.685100 -0.030855
v -0.010297 0.685099 -0.033611
v -0.010788 0.684174 -0.033611
v -0.021576 0.684175 -0.030855
v -0.005685 0.651126 0.035605
v -0.004000 0.651126 0.035605
v -0.029356 0.684176 -0.025101
v -0.028371 0.685100 -0.025100
v 0.072257 0.264991 0.024455
v 0.060975 0.265773 0.041586
v 0.060896 0.241075 0.041711
v 0.072693 0.239838 0.024083
v 0.079750 0.239230 0.002468
v 0.078841 0.264881 0.003229
v 0.075470 0.293825 0.003994
v 0.069399 0.293496 0.024737
v 0.058691 0.293578 0.041313
v 0.051982 0.270968 -0.043414
v 0.068180 0.269271 -0.031694
v 0.067607 0.241499 -0.030807
v 0.051654 0.243281 -0.041290
v 0.033547 0.245400 -0.046311
v 0.033162 0.272004 -0.049973
v 0.031581 0.301530 -0.054010
v 0.050438 0.301005 -0.045690
v 0.066625 0.299513 -0.032499
v 0.018656 0.397590 0.025235
v -0.000103 0.397606 0.023803
v 0.000000 0.396509 0.038356
v 0.008410 0.396515 0.037295
v 0.016806 0.395701 0.035532
v 0.023398 0.396534 0.032829
v 0.032931 0.395748 0.028674
v 0.038969 0.396563 0.019285
v 0.043480 0.396583 0.002577
v 0.021432 0.397605 0.001615
v -0.000103 0.397613 0.000850
v 0.000639 0.245398 0.039461
v 0.005320 0.249578 0.045247
v 0.000484 0.252300 0.045896
v 0.007182 0.242916 0.044407
v 0.013741 0.242965 0.045098
v 0.009312 0.254660 0.046445
v 0.000263 0.261760 0.047898
v 0.077309 0.266751 -0.015819
v 0.077502 0.239954 -0.016028
v 0.074767 0.296470 -0.015509
v 0.021226 0.397612 -0.021534
v 0.041692 0.396596 -0.012299
v 0.036157 0.395810 -0.020658
v 0.029649 0.396590 -0.029881
v 0.020736 0.395767 -0.036796
v 0.012794 0.396560 -0.039202
v -0.000103 0.396546 -0.041154
v -0.000103 0.397615 -0.023034
v 0.079359 0.220071 -0.016255
v 0.069099 0.221433 -0.030747
v 0.082015 0.219699 0.002117
v 0.083838 0.199026 0.003198
v 0.081060 0.199372 -0.015323
v 0.070734 0.200887 -0.030008
v 0.074708 0.220415 0.023869
v 0.062337 0.221869 0.041650
v 0.063605 0.201552 0.042659
v 0.076442 0.199857 0.024948
v 0.008546 0.234799 0.044093
v 0.014700 0.230985 0.044607
v 0.005997 0.231398 0.038893
v 0.010899 0.215181 0.041705
v 0.004305 0.229766 0.023145
v 0.000337 0.242589 0.023279
v 0.000211 0.242149 0.002595
v 0.003500 0.229409 0.002422
v 0.003642 0.211053 0.003482
v 0.004976 0.211408 0.024186
v 0.003930 0.230143 -0.017750
v 0.000038 0.242829 -0.017425
v 0.000097 0.251157 -0.034805
v 0.008373 0.230498 -0.034055
v 0.010540 0.211916 -0.033580
v 0.004899 0.211754 -0.016968
v 0.019899 0.228968 -0.043215
v 0.016952 0.247243 -0.044725
v 0.036158 0.226432 -0.045421
v 0.038308 0.206758 -0.044898
v 0.022536 0.209908 -0.042772
v 0.080131 0.170574 -0.012093
v 0.082996 0.170464 0.006721
v 0.081055 0.140212 0.009226
v 0.078234 0.140194 -0.009961
v 0.067719 0.141536 -0.025403
v 0.069628 0.172006 -0.027156
v 0.075595 0.171729 0.028434
v 0.062529 0.173844 0.045975
v 0.060623 0.143958 0.048767
v 0.073735 0.141704 0.031159
v 0.018855 0.181643 0.050474
v 0.023196 0.209491 0.047432
v 0.006563 0.183352 0.043507
v 0.002952 0.152551 0.046122
v 0.015729 0.151109 0.053089
v 0.031051 0.148629 0.054830
v 0.033676 0.178897 0.052168
v 0.036769 0.206744 0.049058
v 0.000447 0.182984 0.027616
v -0.001261 0.182210 0.007044
v -0.006859 0.150792 0.009534
v -0.004565 0.151807 0.030269
v 0.000691 0.182827 -0.013937
v 0.007523 0.183050 -0.031157
v 0.003799 0.151726 -0.029929
v -0.004195 0.151392 -0.012091
v 0.054107 0.174714 -0.037618
v 0.055423 0.203535 -0.040259
v 0.052007 0.144136 -0.036096
v 0.034201 0.147243 -0.041053
v 0.036571 0.177951 -0.042404
v 0.041329 0.396589 0.018007
v 0.044566 0.388069 0.019071
v 0.049539 0.388195 0.003434
v 0.046175 0.396594 0.003050
v 0.043582 0.399461 0.002579
v 0.039072 0.399458 0.019288
v 0.033034 0.399362 0.028677
v 0.033747 0.396582 0.031389
v 0.036707 0.387955 0.032826
v 0.005011 0.396571 -0.045272
v 0.011259 0.388271 -0.046185
v 0.000000 0.388013 -0.047692
v 0.000000 0.396561 -0.046812
v 0.000000 0.399456 -0.037089
v 0.007412 0.399458 -0.039667
v 0.018959 0.399365 -0.038187
v 0.021156 0.396581 -0.040443
v 0.022813 0.388465 -0.042148
v 0.025720 0.396573 0.038859
v 0.027916 0.387830 0.040247
v 0.023857 0.399455 0.033275
v 0.016909 0.399357 0.035534
v 0.017349 0.396563 0.042588
v 0.018641 0.387699 0.043714
v 0.045993 0.396598 -0.009143
v 0.049672 0.388358 -0.009635
v 0.044849 0.388492 -0.021381
v 0.041183 0.396599 -0.020107
v 0.038146 0.399370 -0.021005
v 0.041795 0.399462 -0.012296
v 0.049174 0.370519 0.021589
v 0.055117 0.347197 0.024012
v 0.060704 0.347810 0.004660
v 0.054440 0.370907 0.004136
v 0.040926 0.370238 0.036369
v 0.046274 0.346788 0.039845
v 0.012316 0.371916 -0.051181
v 0.013420 0.350691 -0.056348
v 0.000000 0.349761 -0.055657
v 0.000000 0.371184 -0.051469
v 0.025320 0.372396 -0.047831
v 0.027934 0.351245 -0.053568
v 0.030811 0.370004 0.043822
v 0.034725 0.346219 0.047290
v 0.020055 0.369790 0.046823
v 0.022321 0.345645 0.049822
v 0.055607 0.371461 -0.011335
v 0.062490 0.348994 -0.013338
v 0.057962 0.350242 -0.029626
v 0.051185 0.372007 -0.025329
v 0.062356 0.321308 0.024792
v 0.068158 0.321911 0.004510
v 0.052623 0.320948 0.041081
v 0.014324 0.327819 -0.058238
v 0.015194 0.301924 -0.056382
v 0.000000 0.302260 -0.055781
v 0.000000 0.327518 -0.057769
v 0.029909 0.327870 -0.055435
v 0.039978 0.319629 0.048352
v 0.045506 0.292105 0.048316
v 0.026169 0.318149 0.050621
v 0.030806 0.290221 0.050168
v 0.069011 0.323955 -0.014739
v 0.062951 0.326204 -0.031942
v 0.078697 0.085356 -0.020132
v 0.077507 0.095972 -0.016827
v 0.079652 0.095888 0.003132
v 0.080933 0.085450 0.000287
v 0.083002 0.076725 -0.001826
v 0.080335 0.076177 -0.023173
v 0.069919 0.076624 -0.040192
v 0.068765 0.086253 -0.036361
v 0.067769 0.097077 -0.032693
v 0.072917 0.086090 0.024006
v 0.071845 0.096448 0.026466
v 0.058564 0.097364 0.045362
v 0.059460 0.086722 0.043145
v 0.061705 0.078378 0.041633
v 0.075184 0.077840 0.022301
v 0.016016 0.089290 0.047572
v 0.015294 0.101395 0.050063
v 0.002880 0.102687 0.042601
v 0.003399 0.090382 0.039939
v 0.003334 0.080409 0.038474
v 0.016455 0.079623 0.046361
v 0.031654 0.079023 0.048330
v 0.030708 0.088261 0.049462
v 0.029950 0.099886 0.051819
v -0.004821 0.091388 0.022379
v -0.004836 0.103366 0.025293
v -0.007011 0.104133 0.002902
v -0.007331 0.092502 -0.000287
v -0.008689 0.082355 -0.002588
v -0.005649 0.081346 0.020547
v -0.002706 0.093884 -0.023240
v -0.002908 0.105519 -0.019851
v 0.006251 0.106005 -0.038275
v 0.007140 0.094203 -0.041808
v 0.006650 0.083355 -0.045077
v -0.003836 0.083353 -0.026084
v 0.053776 0.088291 -0.047500
v 0.052833 0.099413 -0.043750
v 0.054558 0.078178 -0.051326
v 0.037263 0.080245 -0.056239
v 0.036827 0.090764 -0.052720
v 0.035808 0.102201 -0.049036
v 0.077410 0.114829 -0.012527
v 0.079852 0.114728 0.007034
v 0.067331 0.116107 -0.028178
v 0.072225 0.115713 0.029640
v 0.059006 0.117301 0.047883
v 0.014765 0.123098 0.052447
v 0.002166 0.124496 0.045275
v 0.029825 0.121047 0.054177
v -0.005467 0.124360 0.028729
v -0.007675 0.124149 0.007179
v -0.004235 0.125181 -0.015081
v 0.004360 0.125707 -0.033287
v 0.051981 0.118643 -0.039067
v 0.034485 0.121628 -0.044212
v 0.082309 0.062350 -0.026546
v 0.085726 0.063805 -0.003384
v 0.089931 0.050870 -0.004268
v 0.085665 0.048969 -0.029475
v 0.074221 0.047317 -0.049727
v 0.071359 0.061686 -0.045073
v 0.079290 0.065024 0.021600
v 0.066450 0.065229 0.041475
v 0.073040 0.052182 0.042382
v 0.085187 0.051921 0.021671
v 0.016903 0.065332 0.047953
v 0.003062 0.065622 0.039537
v 0.003036 0.051785 0.043313
v 0.017739 0.051959 0.052553
v 0.035391 0.052041 0.054058
v 0.033252 0.065243 0.049851
v -0.006861 0.066082 0.020476
v -0.010663 0.066523 -0.004124
v -0.012399 0.051447 -0.004768
v -0.007863 0.051570 0.022245
v -0.006089 0.066649 -0.029146
v 0.004669 0.065816 -0.049227
v 0.003298 0.048671 -0.053284
v -0.007997 0.050347 -0.031881
v 0.055318 0.062082 -0.056136
v 0.057391 0.046900 -0.060809
v 0.038127 0.047243 -0.064650
v 0.037125 0.063233 -0.060498
v 0.088743 0.042193 -0.031736
v 0.094113 0.044199 -0.004811
v 0.097414 0.040855 -0.005120
v 0.091065 0.038928 -0.033384
v 0.078369 0.036939 -0.056305
v 0.076639 0.040258 -0.053497
v 0.091403 0.044973 0.022027
v 0.080151 0.044964 0.043953
v 0.085882 0.040951 0.045835
v 0.096400 0.041290 0.022591
v 0.017935 0.044519 0.060025
v 0.002522 0.044317 0.049707
v 0.001962 0.040177 0.055869
v 0.017943 0.040321 0.067436
v 0.038335 0.040510 0.067732
v 0.037087 0.044672 0.060800
v -0.009115 0.044142 0.025720
v -0.014092 0.043973 -0.004618
v -0.015480 0.040287 -0.004278
v -0.010238 0.040246 0.029083
v -0.009390 0.042527 -0.033986
v 0.002616 0.040787 -0.056666
v 0.002226 0.037142 -0.059271
v -0.010415 0.038876 -0.035557
v 0.059112 0.039638 -0.064853
v 0.060305 0.036257 -0.067998
v 0.039772 0.036304 -0.071522
v 0.039090 0.039771 -0.068452
v 0.092567 0.035357 -0.034403
v 0.099283 0.037292 -0.005249
v 0.100434 0.033608 -0.005289
v 0.093661 0.031628 -0.035108
v 0.080555 0.029563 -0.059127
v 0.079590 0.033327 -0.057996
v 0.098788 0.037715 0.023314
v 0.088435 0.037375 0.047689
v 0.089398 0.034017 0.049527
v 0.099870 0.034189 0.024116
v 0.018368 0.036700 0.071885
v 0.002082 0.036536 0.059017
v 0.002542 0.033139 0.060657
v 0.019000 0.033365 0.074855
v 0.040025 0.033586 0.076276
v 0.039261 0.036907 0.072536
v -0.010456 0.036563 0.030613
v -0.015866 0.036501 -0.004268
v -0.015745 0.032673 -0.004423
v -0.010221 0.032990 0.031227
v -0.010562 0.035004 -0.036550
v 0.002458 0.033280 -0.060834
v 0.003011 0.029309 -0.061874
v -0.010271 0.031058 -0.037252
v 0.061280 0.032597 -0.069879
v 0.062148 0.028801 -0.071129
v 0.041300 0.028730 -0.074568
v 0.040518 0.032580 -0.073355
v 0.025069 0.228175 0.046451
v 0.037699 0.226215 0.048088
v 0.036717 0.243625 0.048425
v 0.023732 0.244549 0.047119
v 0.017143 0.264685 0.048996
v 0.033869 0.265230 0.049248
v 0.020196 0.289133 0.051290
v -0.000177 0.291200 0.052631
v -0.000002 0.273925 0.050584
v 0.048423 0.176281 0.052276
v 0.046214 0.146265 0.055025
v 0.050205 0.203884 0.049079
v 0.011568 0.396553 0.044744
v 0.010718 0.399453 0.037297
v 0.000000 0.399452 0.038358
v 0.000000 0.396543 0.046113
v 0.000000 0.387432 0.046715
v 0.012790 0.387566 0.045608
v 0.014599 0.369569 0.048245
v 0.000000 0.369345 0.048877
v 0.000000 0.344872 0.051303
v 0.016571 0.345221 0.050921
v 0.018285 0.317306 0.051906
v 0.000000 0.316780 0.052699
v 0.045356 0.087362 0.049820
v 0.046964 0.078649 0.048525
v 0.044554 0.098481 0.052047
v 0.044750 0.119089 0.054366
v 0.050434 0.065230 0.049291
v 0.055132 0.052161 0.051923
v 0.059934 0.044836 0.056161
v 0.063753 0.040700 0.060706
v 0.065603 0.037115 0.064283
v 0.066469 0.033805 0.067374
v 0.050021 0.223950 0.048103
v 0.049026 0.242435 0.048228
v 0.048324 0.265608 0.048313
v 0.016147 0.272715 -0.050377
v 0.000002 0.273285 -0.047734
v 0.053558 0.223637 -0.040868
v 0.020115 0.181025 -0.040445
v 0.017368 0.150046 -0.039289
v 0.032145 0.396592 -0.031375
v 0.031436 0.399461 -0.030093
v 0.034953 0.388534 -0.033049
v 0.039683 0.372372 -0.038354
v 0.044612 0.351043 -0.043848
v 0.048017 0.327420 -0.046089
v 0.020804 0.092960 -0.051229
v 0.020817 0.082147 -0.054643
v 0.019733 0.104667 -0.047606
v 0.017918 0.124250 -0.042646
v 0.019648 0.064543 -0.058938
v 0.019390 0.047714 -0.063174
v 0.019519 0.040010 -0.066938
v 0.019685 0.036436 -0.069936
v 0.020197 0.032636 -0.071720
v 0.020895 0.028714 -0.072897
v -0.060833 0.241005 0.041682
v -0.060939 0.265658 0.041568
v -0.072222 0.264855 0.024438
v -0.072614 0.239742 0.024050
v -0.079654 0.239115 0.002431
v -0.078783 0.264648 0.003204
v -0.075535 0.293688 0.003993
v -0.069461 0.293376 0.024737
v -0.058785 0.293448 0.041312
v -0.067587 0.241502 -0.030827
v -0.068146 0.269146 -0.031713
v -0.051963 0.270949 -0.043427
v -0.051766 0.243333 -0.041285
v -0.033550 0.245156 -0.046297
v -0.033144 0.272043 -0.049988
v -0.031581 0.301530 -0.054010
v -0.050588 0.300962 -0.045688
v -0.066783 0.299344 -0.032498
v 0.000103 0.397606 0.023803
v -0.018656 0.397590 0.025235
v -0.008410 0.396515 0.037295
v -0.016806 0.395701 0.035532
v -0.023398 0.396534 0.032829
v -0.032931 0.395748 0.028674
v -0.038969 0.396563 0.019285
v -0.043480 0.396583 0.002577
v -0.021432 0.397605 0.001615
v 0.000103 0.397613 0.000850
v -0.003664 0.249139 0.045252
v -0.012779 0.242597 0.045068
v -0.005755 0.242476 0.044409
v -0.008452 0.254417 0.046417
v -0.077261 0.266551 -0.015842
v -0.077436 0.239893 -0.016058
v -0.074874 0.296286 -0.015510
v -0.021226 0.397612 -0.021534
v -0.041692 0.396596 -0.012299
v -0.036157 0.395810 -0.020658
v -0.029649 0.396590 -0.029881
v -0.020736 0.395767 -0.036796
v -0.012794 0.396560 -0.039202
v 0.000103 0.396546 -0.041154
v 0.000103 0.397615 -0.023034
v -0.069147 0.221481 -0.030770
v -0.079317 0.220052 -0.016293
v -0.081919 0.219619 0.002070
v -0.083749 0.198968 0.003139
v -0.081009 0.199355 -0.015376
v -0.070748 0.200915 -0.030051
v -0.074625 0.220341 0.023824
v -0.062282 0.221817 0.041611
v -0.063573 0.201515 0.042610
v -0.076346 0.199788 0.024888
v -0.013736 0.230435 0.044609
v -0.007310 0.234351 0.044096
v -0.004770 0.231047 0.038897
v -0.010072 0.214803 0.041701
v -0.003494 0.229564 0.023147
v -0.002965 0.229252 0.002427
v -0.003228 0.210852 0.003483
v -0.004353 0.211162 0.024184
v -0.003787 0.229970 -0.017737
v -0.008387 0.230232 -0.034029
v -0.010757 0.211714 -0.033559
v -0.004841 0.211552 -0.016957
v -0.020097 0.228720 -0.043182
v -0.016834 0.246900 -0.044706
v -0.036203 0.226156 -0.045399
v -0.038437 0.206680 -0.044902
v -0.022592 0.209716 -0.042764
v -0.079988 0.170524 -0.012172
v -0.082844 0.170386 0.006640
v -0.081102 0.140191 0.009152
v -0.078264 0.140190 -0.010040
v -0.067737 0.141545 -0.025484
v -0.069530 0.172001 -0.027227
v -0.075451 0.171641 0.028354
v -0.062422 0.173771 0.045901
v -0.060685 0.143891 0.048701
v -0.073768 0.141651 0.031084
v -0.022428 0.209022 0.047408
v -0.018691 0.181531 0.050427
v -0.006295 0.183203 0.043473
v -0.002924 0.152490 0.046044
v -0.015674 0.151033 0.053004
v -0.031045 0.148586 0.054754
v -0.033653 0.178864 0.052108
v -0.036289 0.206366 0.049018
v 0.000210 0.182861 0.027572
v 0.001976 0.182120 0.006999
v 0.006850 0.150816 0.009470
v 0.004538 0.151793 0.030201
v -0.000140 0.182729 -0.013975
v -0.007049 0.182891 -0.031188
v -0.003779 0.151786 -0.030004
v 0.004166 0.151433 -0.012157
v -0.055593 0.203600 -0.040278
v -0.054092 0.174748 -0.037676
v -0.052003 0.144161 -0.036179
v -0.034165 0.147247 -0.041140
v -0.036628 0.177985 -0.042454
v -0.049539 0.388195 0.003434
v -0.044566 0.388069 0.019071
v -0.041329 0.396589 0.018007
v -0.046175 0.396594 0.003050
v -0.043582 0.399461 0.002579
v -0.039072 0.399458 0.019288
v -0.033034 0.399362 0.028677
v -0.033747 0.396582 0.031389
v -0.036707 0.387955 0.032826
v -0.011259 0.388271 -0.046185
v -0.005011 0.396571 -0.045272
v -0.007412 0.399458 -0.039667
v -0.018959 0.399365 -0.038187
v -0.021156 0.396581 -0.040443
v -0.022813 0.388465 -0.042148
v -0.027916 0.387830 0.040247
v -0.025720 0.396573 0.038859
v -0.023857 0.399455 0.033275
v -0.016909 0.399357 0.035534
v -0.017349 0.396563 0.042588
v -0.018641 0.387699 0.043714
v -0.044849 0.388492 -0.021381
v -0.049672 0.388358 -0.009635
v -0.045993 0.396598 -0.009143
v -0.041183 0.396599 -0.020107
v -0.038146 0.399370 -0.021005
v -0.041795 0.399462 -0.012296
v -0.060704 0.347810 0.004660
v -0.055117 0.347197 0.024012
v -0.049174 0.370519 0.021589
v -0.054440 0.370907 0.004136
v -0.040926 0.370238 0.036369
v -0.046274 0.346788 0.039845
v -0.013420 0.350691 -0.056348
v -0.012316 0.371916 -0.051181
v -0.025320 0.372396 -0.047831
v -0.027934 0.351245 -0.053568
v -0.034725 0.346219 0.047290
v -0.030811 0.370004 0.043822
v -0.020055 0.369790 0.046823
v -0.022321 0.345645 0.049822
v -0.057962 0.350242 -0.029626
v -0.062490 0.348994 -0.013338
v -0.055607 0.371461 -0.011335
v -0.051185 0.372007 -0.025329
v -0.062356 0.321308 0.024792
v -0.068158 0.321911 0.004510
v -0.052623 0.320948 0.041081
v -0.015194 0.301924 -0.056382
v -0.014324 0.327819 -0.058238
v -0.029909 0.327870 -0.055435
v -0.045627 0.292017 0.048314
v -0.039978 0.319629 0.048352
v -0.026169 0.318149 0.050621
v -0.030941 0.290239 0.050164
v -0.069011 0.323955 -0.014739
v -0.062951 0.326204 -0.031942
v -0.079779 0.095768 0.003125
v -0.077615 0.095874 -0.016854
v -0.078817 0.085215 -0.020164
v -0.081071 0.085270 0.000268
v -0.083068 0.076596 -0.001871
v -0.080396 0.076069 -0.023223
v -0.069930 0.076606 -0.040255
v -0.068811 0.086211 -0.036414
v -0.067855 0.097022 -0.032738
v -0.058974 0.097120 0.045405
v -0.072031 0.096306 0.026475
v -0.072962 0.086046 0.023974
v -0.059579 0.086624 0.043117
v -0.061666 0.078434 0.041556
v -0.075176 0.077857 0.022240
v -0.003315 0.102933 0.042623
v -0.015728 0.101524 0.050090
v -0.016226 0.089369 0.047557
v -0.003750 0.090634 0.039946
v -0.003563 0.080629 0.038458
v -0.016487 0.079641 0.046302
v -0.031646 0.079029 0.048261
v -0.031012 0.088242 0.049471
v -0.030396 0.099893 0.051865
v 0.006682 0.104448 0.002883
v 0.004428 0.103685 0.025294
v 0.004493 0.091726 0.022374
v 0.007034 0.092871 -0.000303
v 0.008447 0.082770 -0.002609
v 0.005412 0.081681 0.020529
v -0.006330 0.106073 -0.038337
v 0.002692 0.105734 -0.019890
v 0.002512 0.094129 -0.023276
v -0.007174 0.094238 -0.041877
v -0.006604 0.083281 -0.045160
v 0.003698 0.083594 -0.026128
v -0.052909 0.099394 -0.043803
v -0.053838 0.088272 -0.047555
v -0.054577 0.078165 -0.051390
v -0.037173 0.080191 -0.056327
v -0.036810 0.090749 -0.052794
v -0.035864 0.102211 -0.049098
v -0.077489 0.114770 -0.012564
v -0.079984 0.114645 0.007023
v -0.067398 0.116070 -0.028231
v -0.072535 0.115566 0.029667
v -0.059495 0.117135 0.047933
v -0.015140 0.123178 0.052443
v -0.002510 0.124618 0.045255
v -0.030254 0.121077 0.054202
v 0.005151 0.124524 0.028697
v 0.007413 0.124334 0.007136
v 0.004052 0.125332 -0.015136
v -0.004462 0.125788 -0.033353
v -0.052031 0.118625 -0.039128
v -0.034526 0.121628 -0.044281
v -0.082282 0.062506 -0.026616
v -0.085695 0.063989 -0.003455
v -0.089942 0.050959 -0.004332
v -0.085691 0.049102 -0.029534
v -0.074258 0.047423 -0.049785
v -0.071305 0.061903 -0.045148
v -0.079281 0.065072 0.021531
v -0.066436 0.065283 0.041405
v -0.073043 0.052213 0.042316
v -0.085190 0.051952 0.021605
v -0.016884 0.065318 0.047881
v -0.003133 0.065761 0.039487
v -0.003036 0.051827 0.043246
v -0.017741 0.051940 0.052486
v -0.035394 0.052054 0.053992
v -0.033218 0.065264 0.049777
v 0.006762 0.066379 0.020432
v 0.010564 0.066905 -0.004169
v 0.012401 0.051535 -0.004836
v 0.007864 0.051715 0.022180
v 0.006099 0.066608 -0.029221
v -0.004567 0.065389 -0.049325
v -0.003353 0.048172 -0.053350
v 0.007972 0.049910 -0.031952
v -0.055255 0.062141 -0.056216
v -0.057440 0.046940 -0.060866
v -0.038182 0.047148 -0.064707
v -0.037043 0.063101 -0.060586
v -0.088773 0.042280 -0.031795
v -0.094129 0.044263 -0.004874
v -0.097431 0.040910 -0.005183
v -0.091100 0.039013 -0.033443
v -0.078416 0.037005 -0.056361
v -0.076685 0.040333 -0.053554
v -0.091410 0.045007 0.021961
v -0.080156 0.044987 0.043887
v -0.085888 0.040972 0.045769
v -0.096408 0.041320 0.022526
v -0.017939 0.044515 0.059958
v -0.002519 0.044327 0.049639
v -0.001962 0.040175 0.055801
v -0.017947 0.040319 0.067369
v -0.038340 0.040515 0.067665
v -0.037093 0.044680 0.060734
v 0.009125 0.044202 0.025652
v 0.014087 0.043943 -0.004685
v 0.015470 0.040237 -0.004344
v 0.010250 0.040292 0.029014
v 0.009328 0.042189 -0.034047
v -0.002713 0.040416 -0.056720
v -0.002329 0.036825 -0.059323
v 0.010342 0.038569 -0.035615
v -0.059173 0.039666 -0.064907
v -0.060366 0.036280 -0.068052
v -0.039848 0.036248 -0.071575
v -0.039169 0.039702 -0.068504
v -0.092604 0.035433 -0.034462
v -0.099300 0.037340 -0.005312
v -0.100454 0.033657 -0.005351
v -0.093699 0.031695 -0.035166
v -0.080605 0.029615 -0.059183
v -0.079638 0.033385 -0.058052
v -0.098798 0.037746 0.023249
v -0.088441 0.037392 0.047623
v -0.089405 0.034034 0.049462
v -0.099882 0.034221 0.024051
v -0.018370 0.036699 0.071818
v -0.002083 0.036534 0.058949
v -0.002543 0.033137 0.060590
v -0.019003 0.033364 0.074788
v -0.040029 0.033589 0.076209
v -0.039265 0.036911 0.072470
v 0.010465 0.036589 0.030544
v 0.015844 0.036422 -0.004333
v 0.015718 0.032593 -0.004486
v 0.010224 0.032997 0.031159
v 0.010480 0.034731 -0.036605
v -0.002572 0.032995 -0.060883
v -0.003125 0.029071 -0.061922
v 0.010175 0.030797 -0.037305
v -0.061343 0.032619 -0.069933
v -0.062205 0.028818 -0.071184
v -0.041383 0.028688 -0.074619
v -0.040597 0.032532 -0.073407
v -0.024269 0.227619 0.046426
v -0.037044 0.225591 0.048052
v -0.036204 0.242927 0.048400
v -0.022975 0.243918 0.047093
v -0.016872 0.264228 0.048983
v -0.033699 0.264651 0.049222
v -0.020386 0.289122 0.051285
v -0.048365 0.176232 0.052210
v -0.046258 0.146212 0.054957
v -0.050153 0.203807 0.049037
v -0.011568 0.396553 0.044744
v -0.010718 0.399453 0.037297
v -0.012790 0.387566 0.045608
v -0.014599 0.369569 0.048245
v -0.016571 0.345221 0.050921
v -0.018285 0.317306 0.051906
v -0.045578 0.087256 0.049812
v -0.046992 0.078631 0.048469
v -0.045010 0.098341 0.052097
v -0.045198 0.119032 0.054402
v -0.050421 0.065261 0.049221
v -0.055134 0.052183 0.051856
v -0.059939 0.044851 0.056094
v -0.063757 0.040710 0.060640
v -0.065607 0.037123 0.064216
v -0.066472 0.033810 0.067307
v -0.049739 0.223611 0.048066
v -0.048745 0.241988 0.048195
v -0.048254 0.265386 0.048288
v -0.016134 0.272757 -0.050390
v -0.053748 0.223708 -0.040867
v -0.020110 0.180991 -0.040484
v -0.017321 0.150096 -0.039372
v -0.032145 0.396592 -0.031375
v -0.031436 0.399461 -0.030093
v -0.034953 0.388534 -0.033049
v -0.039683 0.372372 -0.038354
v -0.044612 0.351043 -0.043848
v -0.048017 0.327420 -0.046089
v -0.020749 0.092907 -0.051314
v -0.020675 0.081980 -0.054745
v -0.019746 0.104667 -0.047678
v -0.017999 0.124299 -0.042715
v -0.019535 0.064166 -0.059037
v -0.019457 0.047387 -0.063233
v -0.019615 0.039784 -0.066990
v -0.019787 0.036242 -0.069986
v -0.020305 0.032465 -0.071769
v -0.021003 0.028571 -0.072944
v -0.029259 0.690470 0.315248
v -0.029955 0.690470 0.222742
v -0.029259 0.703655 0.315248
v -0.029955 0.703655 0.222742
v -0.029284 0.690470 0.311907
v -0.029284 0.703655 0.311907
v -0.029806 0.684514 0.310086
v -0.030048 0.684128 0.277967
v -0.029539 0.690470 0.277963
v -0.029539 0.703655 0.277963
v -0.030233 0.684128 0.253351
v -0.029724 0.690470 0.253348
v -0.029724 0.703655 0.253348
v -0.030432 0.684128 0.226895
v -0.029923 0.690470 0.226891
v -0.029923 0.703655 0.226891
v -0.032908 0.670006 0.277553
v -0.030907 0.669850 0.253172
v -0.031104 0.670554 0.226900
v -0.030974 0.638268 0.244269
v -0.031173 0.638268 0.217813
v -0.030993 0.636443 0.241727
v -0.030925 0.670554 0.250814
v -0.030252 0.684128 0.250809
v -0.029743 0.690470 0.250806
v -0.029743 0.703655 0.250806
v -0.031151 0.636443 0.220756
v -0.031082 0.670554 0.229843
v -0.030410 0.684128 0.229838
v -0.029901 0.690470 0.229834
v -0.029901 0.703655 0.229834
v -0.031067 0.635712 0.231844
v -0.028473 0.669706 0.240562
v -0.030327 0.684128 0.240926
v -0.029818 0.690470 0.240922
v -0.029818 0.703655 0.240922
v -0.033073 0.669753 0.255654
v -0.030212 0.684128 0.256189
v -0.029703 0.690470 0.256185
v -0.029703 0.703655 0.256185
v -0.032933 0.668789 0.274282
v -0.030076 0.684128 0.274221
v -0.029567 0.690470 0.274217
v -0.029567 0.703655 0.274217
v -0.032901 0.673175 0.278487
v -0.032933 0.672599 0.274201
v -0.033069 0.672597 0.256168
v -0.030905 0.673276 0.253356
v -0.030925 0.673276 0.250814
v -0.028473 0.672114 0.240562
v -0.031082 0.673276 0.229843
v -0.031104 0.673276 0.226900
v -0.032907 0.681479 0.277699
v -0.032933 0.681478 0.274201
v -0.033069 0.681166 0.256168
v -0.030905 0.680608 0.253356
v -0.030925 0.680608 0.250814
v -0.030999 0.680608 0.240931
v -0.031082 0.680608 0.229843
v -0.031104 0.680608 0.226900
v -0.030993 0.633182 0.241727
v -0.031151 0.633182 0.220756
v -0.031067 0.632451 0.231844
v -0.030940 0.655345 0.248813
v -0.031150 0.655345 0.220908
v -0.030959 0.654433 0.246271
v -0.031127 0.654433 0.223851
v -0.028503 0.655449 0.236543
v -0.030932 0.664210 0.249882
v -0.031168 0.646807 0.218504
v -0.030951 0.663754 0.247340
v -0.031100 0.663428 0.227459
v -0.028488 0.663404 0.238553
v -0.030952 0.646807 0.247214
v -0.031122 0.663884 0.224516
v -0.030971 0.645438 0.244672
v -0.031146 0.645438 0.221447
v -0.028518 0.647494 0.234534
v -0.029631 0.703655 0.265722
v -0.032998 0.668238 0.265608
v -0.030140 0.684128 0.265726
v -0.029631 0.690470 0.265722
v -0.032997 0.671663 0.265706
v -0.032997 0.681712 0.265706
v -0.032904 0.677217 0.278148
v -0.032927 0.676935 0.275026
v -0.033077 0.676964 0.255091
v -0.030905 0.677013 0.253356
v -0.030925 0.677013 0.250814
v -0.028473 0.675418 0.240562
v -0.031082 0.677013 0.229843
v -0.031104 0.677013 0.226900
v -0.034166 0.682736 0.262892
v -0.034144 0.675659 0.264760
v -0.034152 0.674317 0.263655
v -0.034202 0.682277 0.258116
v -0.034167 0.678420 0.262815
v -0.034189 0.677520 0.259885
v -0.029955 0.697681 0.222742
v -0.029923 0.697681 0.226891
v -0.029901 0.697681 0.229834
v -0.029818 0.697681 0.240922
v -0.029743 0.697681 0.250806
v -0.029724 0.697681 0.253348
v -0.029703 0.697681 0.256185
v -0.029631 0.697681 0.265722
v -0.029567 0.697681 0.274217
v -0.029539 0.697681 0.277963
v -0.029284 0.697681 0.311907
v -0.029259 0.697681 0.315248
v -0.029955 0.695806 0.222742
v -0.029923 0.695806 0.226891
v -0.029901 0.695806 0.229834
v -0.029818 0.695806 0.240922
v -0.029743 0.695806 0.250806
v -0.029724 0.695806 0.253348
v -0.029703 0.695806 0.256185
v -0.029631 0.695806 0.265722
v -0.029567 0.695806 0.274217
v -0.029539 0.695806 0.277963
v -0.029284 0.695806 0.311907
v -0.029259 0.695806 0.315248
v -0.029464 0.703655 0.287949
v -0.029464 0.697681 0.287949
v -0.029464 0.695806 0.287949
v -0.029464 0.690470 0.287949
v -0.029973 0.684128 0.287953
v -0.029368 0.703655 0.300720
v -0.029368 0.697681 0.300720
v -0.029368 0.695806 0.300720
v -0.029368 0.690470 0.300720
v -0.029877 0.684128 0.300724
v -0.039694 0.690470 0.315327
v -0.040390 0.690470 0.222820
v -0.039694 0.703655 0.315327
v -0.040390 0.703655 0.222820
v -0.039719 0.690470 0.311985
v -0.039719 0.703655 0.311985
v -0.039248 0.684514 0.310157
v -0.039489 0.684128 0.278038
v -0.039975 0.690470 0.278042
v -0.039975 0.703655 0.278042
v -0.039675 0.684128 0.253422
v -0.040160 0.690470 0.253426
v -0.040160 0.703655 0.253426
v -0.039874 0.684128 0.226966
v -0.040359 0.690470 0.226970
v -0.040359 0.703655 0.226970
v -0.036652 0.670006 0.277581
v -0.039020 0.669850 0.253234
v -0.039217 0.670554 0.226961
v -0.039087 0.638268 0.244330
v -0.039286 0.638268 0.217874
v -0.039106 0.636443 0.241788
v -0.039037 0.670554 0.250876
v -0.039694 0.684128 0.250880
v -0.040179 0.690470 0.250884
v -0.040179 0.703655 0.250884
v -0.039264 0.636443 0.220817
v -0.039195 0.670554 0.229904
v -0.039851 0.684128 0.229909
v -0.040337 0.690470 0.229913
v -0.040337 0.703655 0.229913
v -0.039180 0.635712 0.231905
v -0.041643 0.669706 0.240661
v -0.039768 0.684128 0.240997
v -0.040253 0.690470 0.241000
v -0.040253 0.703655 0.241000
v -0.036817 0.669753 0.255682
v -0.039653 0.684128 0.256260
v -0.040139 0.690470 0.256263
v -0.040139 0.703655 0.256263
v -0.036676 0.668789 0.274311
v -0.039518 0.684128 0.274292
v -0.040003 0.690470 0.274296
v -0.040003 0.703655 0.274296
v -0.036645 0.673175 0.278515
v -0.036677 0.672599 0.274229
v -0.036813 0.672597 0.256197
v -0.039018 0.673276 0.253418
v -0.039037 0.673276 0.250876
v -0.041643 0.672114 0.240661
v -0.039195 0.673276 0.229904
v -0.039217 0.673276 0.226961
v -0.036651 0.681479 0.277727
v -0.036677 0.681478 0.274229
v -0.036813 0.681166 0.256197
v -0.039018 0.680608 0.253418
v -0.039037 0.680608 0.250876
v -0.039112 0.680608 0.240992
v -0.039195 0.680608 0.229904
v -0.039217 0.680608 0.226961
v -0.039106 0.633182 0.241788
v -0.039264 0.633182 0.220817
v -0.039180 0.632451 0.231905
v -0.039053 0.655345 0.248874
v -0.039262 0.655345 0.220969
v -0.039072 0.654433 0.246332
v -0.039240 0.654433 0.223912
v -0.041674 0.655449 0.236643
v -0.039044 0.664210 0.249943
v -0.039281 0.646807 0.218565
v -0.039064 0.663754 0.247401
v -0.039213 0.663428 0.227520
v -0.041659 0.663404 0.238652
v -0.039065 0.646807 0.247275
v -0.039235 0.663884 0.224577
v -0.039084 0.645438 0.244733
v -0.039258 0.645438 0.221508
v -0.041689 0.647494 0.234633
v -0.040067 0.703655 0.265801
v -0.036742 0.668238 0.265636
v -0.039581 0.684128 0.265797
v -0.040067 0.690470 0.265801
v -0.036741 0.671663 0.265734
v -0.036741 0.681712 0.265734
v -0.036647 0.677217 0.278176
v -0.036671 0.676935 0.275054
v -0.036821 0.676964 0.255120
v -0.039018 0.677013 0.253418
v -0.039037 0.677013 0.250876
v -0.041643 0.675418 0.240661
v -0.039195 0.677013 0.229904
v -0.039217 0.677013 0.226961
v -0.035809 0.682736 0.262904
v -0.035795 0.675659 0.264762
v -0.035803 0.674317 0.263678
v -0.035845 0.682277 0.258128
v -0.035809 0.678420 0.262827
v -0.035831 0.677520 0.259897
v -0.040390 0.697681 0.222820
v -0.040359 0.697681 0.226970
v -0.040337 0.697681 0.229913
v -0.040253 0.697681 0.241000
v -0.040179 0.697681 0.250884
v -0.040160 0.697681 0.253426
v -0.040139 0.697681 0.256263
v -0.040067 0.697681 0.265801
v -0.040003 0.697681 0.274296
v -0.039975 0.697681 0.278042
v -0.039719 0.697681 0.311985
v -0.039694 0.697681 0.315327
v -0.040390 0.695806 0.222820
v -0.040359 0.695806 0.226970
v -0.040337 0.695806 0.229913
v -0.040253 0.695806 0.241000
v -0.040179 0.695806 0.250884
v -0.040160 0.695806 0.253426
v -0.040139 0.695806 0.256263
v -0.040067 0.695806 0.265801
v -0.040003 0.695806 0.274296
v -0.039975 0.695806 0.278042
v -0.039719 0.695806 0.311985
v -0.039694 0.695806 0.315327
v -0.039900 0.703655 0.288028
v -0.039900 0.697681 0.288028
v -0.039900 0.695806 0.288028
v -0.039900 0.690470 0.288028
v -0.039414 0.684128 0.288024
v -0.039803 0.703655 0.300798
v -0.039803 0.697681 0.300798
v -0.039803 0.695806 0.300798
v -0.039803 0.690470 0.300798
v -0.039318 0.684128 0.300795
v -0.034502 0.703655 0.311946
v -0.034476 0.703655 0.315287
v -0.034476 0.698180 0.315288
v -0.034694 0.684128 0.287989
v -0.034769 0.684128 0.278003
v -0.035153 0.684128 0.226931
v -0.035141 0.690470 0.226930
v -0.035172 0.690470 0.222781
v -0.035172 0.695806 0.222781
v -0.035161 0.680608 0.226931
v -0.035179 0.663884 0.224547
v -0.035161 0.670554 0.226931
v -0.034963 0.669850 0.253203
v -0.034988 0.664210 0.249912
v -0.034869 0.681712 0.265720
v -0.034941 0.681166 0.256182
v -0.034779 0.681479 0.277713
v -0.034945 0.669753 0.255668
v -0.035161 0.673276 0.226931
v -0.034805 0.668789 0.274296
v -0.034870 0.668238 0.265622
v -0.034869 0.671663 0.265720
v -0.034805 0.672599 0.274215
v -0.034780 0.670006 0.277567
v -0.034773 0.673175 0.278501
v -0.034949 0.676964 0.255106
v -0.035161 0.677013 0.226931
v -0.034775 0.677217 0.278162
v -0.034799 0.676935 0.275040
v -0.034805 0.681478 0.274215
v -0.035049 0.636443 0.241758
v -0.035049 0.633182 0.241758
v -0.035124 0.632451 0.231874
v -0.035207 0.633182 0.220787
v -0.035207 0.636443 0.220787
v -0.035224 0.646807 0.218535
v -0.035206 0.655345 0.220939
v -0.034996 0.655345 0.248844
v -0.035008 0.646807 0.247245
v -0.035229 0.638268 0.217844
v -0.035030 0.638268 0.244300
v -0.034941 0.672597 0.256182
v -0.034987 0.682736 0.262898
v -0.034988 0.678420 0.262821
v -0.035010 0.677520 0.259891
v -0.035023 0.682277 0.258122
v -0.034981 0.675659 0.264766
v -0.034989 0.674317 0.263661
v -0.034476 0.695307 0.315288
v -0.034757 0.703655 0.278003
v -0.034682 0.703655 0.287988
v -0.034785 0.703655 0.274257
v -0.034961 0.703655 0.250845
v -0.034942 0.703655 0.253387
v -0.035172 0.703655 0.222781
v -0.035141 0.703655 0.226930
v -0.035172 0.697681 0.222781
v -0.035036 0.703655 0.240961
v -0.035119 0.703655 0.229874
v -0.034921 0.703655 0.256224
v -0.034849 0.703655 0.265761
v -0.034476 0.690470 0.315287
v -0.034502 0.690470 0.311946
v -0.034598 0.684128 0.300759
v -0.034586 0.703655 0.300759
v -0.034527 0.684514 0.310121
v -0.029877 0.690496 0.300724
v -0.029793 0.690496 0.311910
v -0.034513 0.690496 0.311946
v -0.039234 0.690496 0.311981
v -0.039318 0.690496 0.300795
v -0.039414 0.690496 0.288024
v -0.039489 0.690496 0.278038
v -0.039518 0.690496 0.274292
v -0.039581 0.690496 0.265797
v -0.039653 0.690496 0.256260
v -0.039675 0.690496 0.253422
v -0.039694 0.690496 0.250880
v -0.039768 0.690496 0.240997
v -0.039851 0.690496 0.229909
v -0.039874 0.690496 0.226966
v -0.035153 0.690496 0.226931
v -0.030432 0.690496 0.226895
v -0.030410 0.690496 0.229838
v -0.030327 0.690496 0.240926
v -0.030253 0.690496 0.250809
v -0.030233 0.690496 0.253351
v -0.030212 0.690496 0.256189
v -0.030140 0.690496 0.265726
v -0.030076 0.690496 0.274221
v -0.030048 0.690496 0.277967
v -0.029973 0.690496 0.287953
v -0.030905 0.684128 0.253356
v -0.030884 0.684128 0.256194
v -0.030812 0.684128 0.265731
v -0.030748 0.684128 0.274226
v -0.030720 0.684128 0.277972
v -0.034777 0.684128 0.278003
v -0.038833 0.684128 0.278033
v -0.038861 0.684128 0.274287
v -0.038925 0.684128 0.265792
v -0.038997 0.684128 0.256255
v -0.039018 0.684128 0.253418
v -0.039037 0.684128 0.250876
v -0.039112 0.684128 0.240992
v -0.039195 0.684128 0.229904
v -0.039217 0.684128 0.226961
v -0.035161 0.684128 0.226931
v -0.031104 0.684128 0.226900
v -0.031082 0.684128 0.229843
v -0.030999 0.684128 0.240931
v -0.030925 0.684128 0.250814
v -0.033090 0.680707 0.253331
v -0.033090 0.684227 0.253331
v -0.033069 0.684227 0.256168
v -0.032997 0.684227 0.265706
v -0.032933 0.684227 0.274201
v -0.032905 0.684227 0.277947
v -0.034777 0.684227 0.277961
v -0.036649 0.684227 0.277975
v -0.036677 0.684227 0.274229
v -0.036741 0.684227 0.265734
v -0.036813 0.684227 0.256197
v -0.036834 0.684227 0.253359
v -0.036834 0.680707 0.253359
v -0.036834 0.677111 0.253359
v -0.036834 0.673375 0.253359
v -0.036835 0.671275 0.253175
v -0.034964 0.671275 0.253161
v -0.033092 0.671275 0.253147
v -0.033090 0.673375 0.253331
v -0.033090 0.677111 0.253331
v -0.029753 0.663404 0.228657
v -0.029738 0.669706 0.230765
v -0.029738 0.672114 0.230765
v -0.029738 0.675418 0.230765
v -0.029738 0.678598 0.230765
v -0.029121 0.678598 0.240566
v -0.029598 0.678598 0.249311
v -0.029598 0.675418 0.249311
v -0.029598 0.672114 0.249311
v -0.029598 0.669706 0.249311
v -0.029621 0.663692 0.246239
v -0.029628 0.655449 0.245293
v -0.029639 0.647494 0.243879
v -0.029658 0.639540 0.241275
v -0.029724 0.638893 0.232534
v -0.029798 0.639540 0.222729
v -0.029793 0.647494 0.223340
v -0.029777 0.655449 0.225466
v -0.040526 0.669706 0.230846
v -0.040542 0.663404 0.228738
v -0.040566 0.655449 0.225547
v -0.040582 0.647494 0.223421
v -0.040587 0.639540 0.222810
v -0.040513 0.638893 0.232615
v -0.040447 0.639540 0.241356
v -0.040427 0.647494 0.243961
v -0.040417 0.655449 0.245374
v -0.040410 0.663692 0.246320
v -0.040387 0.669706 0.249393
v -0.040387 0.672114 0.249393
v -0.040387 0.675418 0.249393
v -0.040387 0.678598 0.249393
v -0.040995 0.678598 0.240656
v -0.040526 0.678598 0.230846
v -0.040526 0.675418 0.230846
v -0.040526 0.672114 0.230846
v -0.033821 0.699085 0.308688
v -0.033818 0.703377 0.309087
v -0.033796 0.703977 0.312074
v -0.033785 0.699057 0.313481
v -0.033824 0.706325 0.307356
v -0.033815 0.707550 0.308557
v -0.035439 0.703977 0.312086
v -0.035461 0.703377 0.309100
v -0.035464 0.699085 0.308701
v -0.035428 0.699057 0.313493
v -0.035465 0.707551 0.308559
v -0.035474 0.706324 0.307379
v -0.034643 0.699085 0.308694
v -0.034640 0.703377 0.309094
v -0.034617 0.703977 0.312080
v -0.034607 0.699057 0.313487
v -0.034661 0.706325 0.307362
v -0.034652 0.707550 0.308564
v -0.034440 0.696989 0.226505
v -0.034437 0.701281 0.226904
v -0.034414 0.701881 0.229890
v -0.034404 0.696961 0.231297
v -0.034442 0.704229 0.225172
v -0.034433 0.705454 0.226373
v -0.036057 0.701881 0.229902
v -0.036079 0.701281 0.226916
v -0.036082 0.696989 0.226517
v -0.036046 0.696961 0.231309
v -0.036084 0.705455 0.226376
v -0.036092 0.704229 0.225195
v -0.035261 0.696989 0.226511
v -0.035258 0.701281 0.226910
v -0.035236 0.701881 0.229896
v -0.035225 0.696961 0.231303
v -0.035279 0.704229 0.225179
v -0.035270 0.705454 0.226380
v 0.023024 -0.001676 0.112398
v 0.013305 -0.001931 0.096286
v 0.037255 -0.002260 0.100362
v 0.040583 -0.001931 0.121618
v 0.006241 -0.001927 0.070667
v 0.032316 -0.002261 0.072580
v 0.064198 -0.002263 0.073543
v 0.066565 -0.002260 0.102664
v 0.066946 -0.001931 0.125002
v 0.033570 0.025774 0.102919
v 0.048330 0.028134 0.108855
v 0.047250 0.032520 0.095517
v 0.028024 0.028599 0.090897
v 0.069019 0.029236 0.112132
v 0.067999 0.033447 0.098787
v 0.066250 0.034508 0.084277
v 0.044500 0.033986 0.080886
v 0.024187 0.030630 0.075541
v 0.041727 -0.000944 0.128683
v 0.018998 -0.000944 0.115989
v 0.067098 -0.000944 0.132440
v 0.067163 0.001298 0.132422
v 0.041815 0.001298 0.128631
v 0.019114 0.001298 0.115931
v 0.101018 -0.001676 0.109530
v 0.106648 -0.001931 0.093353
v 0.112027 -0.000944 0.091589
v 0.104348 -0.000944 0.112640
v 0.107689 -0.001932 0.068374
v 0.113475 -0.000944 0.067450
v 0.113440 0.001298 0.067558
v 0.112099 0.001298 0.091624
v 0.104502 0.001298 0.112603
v 0.077614 -0.001725 -0.062984
v 0.062273 -0.001947 -0.070667
v 0.061315 -0.000956 -0.076705
v 0.081406 -0.001002 -0.066329
v 0.037187 -0.001872 -0.073626
v 0.036950 -0.000875 -0.079855
v 0.036953 0.001369 -0.079855
v 0.061317 0.001285 -0.076705
v 0.081407 0.001239 -0.066328
v -0.002092 -0.001473 -0.062994
v -0.009101 -0.001723 -0.048993
v -0.015794 -0.000696 -0.047803
v -0.006064 -0.000706 -0.066340
v -0.011109 -0.001762 -0.025796
v -0.018417 -0.000733 -0.024918
v -0.018414 0.001516 -0.024901
v -0.015793 0.001555 -0.047803
v -0.006061 0.001542 -0.066339
v 0.065141 -0.002287 -0.052555
v 0.037888 -0.002223 -0.054939
v 0.085704 -0.001990 -0.048981
v 0.091027 -0.001985 -0.025884
v 0.069162 -0.002293 -0.028463
v 0.039996 -0.002246 -0.030170
v 0.086561 0.028134 0.107222
v 0.085335 0.032521 0.093958
v 0.096228 0.025774 0.100356
v 0.098487 0.028600 0.088136
v 0.097800 0.030628 0.072895
v 0.084162 0.033990 0.079375
v 0.089117 -0.001931 0.119688
v 0.088672 -0.000944 0.126675
v 0.088791 0.001298 0.126640
v 0.012497 -0.001779 -0.070674
v 0.013005 -0.000779 -0.076712
v 0.013007 0.001468 -0.076711
v -0.003715 -0.001883 0.021715
v -0.008515 -0.001825 -0.002207
v 0.014394 -0.002213 -0.004268
v 0.020117 -0.002242 0.020356
v 0.010803 -0.002174 -0.028413
v 0.044461 -0.002263 -0.005693
v 0.050689 -0.002271 0.019335
v 0.048803 0.050849 0.031436
v 0.044698 0.053208 0.013958
v 0.021860 0.053680 0.011182
v 0.025837 0.051015 0.027567
v 0.040789 0.053246 -0.010039
v 0.018611 0.054522 -0.011192
v 0.001688 0.052571 -0.013135
v 0.004096 0.052089 0.006706
v 0.011530 0.049545 0.019241
v 0.099042 -0.001962 0.020826
v 0.095061 -0.001975 -0.002599
v 0.102205 -0.000992 -0.001953
v 0.105750 -0.000977 0.021179
v 0.098306 -0.001006 -0.025020
v 0.098294 0.001235 -0.025010
v 0.102168 0.001249 -0.001916
v 0.105689 0.001265 0.021253
v 0.000887 -0.001914 0.045908
v -0.007596 -0.000922 0.045959
v -0.011656 -0.000881 0.022214
v -0.002442 -0.000938 0.070085
v -0.002418 0.001304 0.070229
v -0.007585 0.001320 0.046117
v -0.011641 0.001362 0.022333
v 0.104203 -0.001946 0.044340
v 0.085395 -0.002274 0.045051
v 0.078843 -0.002286 0.019851
v 0.090295 -0.002260 0.071274
v 0.058087 -0.002270 0.045757
v 0.077929 0.048748 0.018055
v 0.080203 0.050398 0.005653
v 0.065413 0.052883 0.010586
v 0.068198 0.050708 0.026729
v 0.078159 0.050189 -0.013711
v 0.062314 0.052431 -0.011553
v 0.021206 0.011448 0.113917
v 0.043100 0.011598 0.126181
v 0.046082 0.020169 0.119348
v 0.026327 0.019565 0.108451
v 0.067679 0.011773 0.129991
v 0.068586 0.020866 0.122886
v 0.088864 0.011598 0.124291
v 0.087892 0.020169 0.117586
v 0.104122 0.011448 0.110719
v 0.101443 0.019565 0.105436
v 0.110923 0.011692 0.090910
v 0.106679 0.020542 0.088423
v 0.111861 0.012765 0.066152
v 0.106721 0.022617 0.071548
v 0.104272 0.011179 0.020622
v 0.101008 0.011082 -0.002078
v 0.097910 0.018268 -0.002935
v 0.100642 0.018605 0.017991
v 0.097307 0.011064 -0.024980
v 0.094478 0.018246 -0.024983
v 0.090703 0.025146 -0.023694
v 0.093800 0.025178 -0.002878
v 0.096035 0.025621 0.015676
v 0.080802 0.011067 -0.066090
v 0.061008 0.011123 -0.076380
v 0.060107 0.018319 -0.075400
v 0.078998 0.018252 -0.065375
v 0.036990 0.011231 -0.079485
v 0.037128 0.018448 -0.078372
v 0.037304 0.025417 -0.075092
v 0.058901 0.025254 -0.072296
v 0.076589 0.025168 -0.062693
v 0.013382 0.011363 -0.076387
v 0.014540 0.018615 -0.075407
v -0.005397 0.011456 -0.066096
v -0.003386 0.018732 -0.065368
v -0.000706 0.025790 -0.062670
v 0.016081 0.025635 -0.072303
v -0.014961 0.011483 -0.047636
v -0.012437 0.018780 -0.047133
v -0.017483 0.011433 -0.024819
v -0.014682 0.018715 -0.024727
v -0.010945 0.025766 -0.023316
v -0.009075 0.025871 -0.044948
v -0.010475 0.011300 0.021895
v -0.006011 0.011481 0.044720
v -0.001391 0.019630 0.038960
v -0.007109 0.018769 0.019404
v -0.000017 0.012773 0.068991
v 0.004448 0.021670 0.054169
v 0.015920 0.030458 0.045243
v 0.003213 0.026969 0.032433
v -0.003053 0.025906 0.017226
v 0.007184 0.035129 0.022394
v 0.028081 0.036400 0.032694
v 0.028256 0.043810 0.032364
v 0.008211 0.044204 0.021156
v 0.054727 0.034835 0.039305
v 0.051314 0.043710 0.036481
v 0.073314 0.036251 0.031571
v 0.070026 0.043616 0.031420
v 0.086037 0.034907 0.020678
v 0.082126 0.043530 0.019681
v 0.086577 0.035520 0.002545
v 0.085289 0.043394 0.003751
v 0.084206 0.035506 -0.015874
v 0.083282 0.043244 -0.014517
v 0.072431 0.035386 -0.050667
v 0.056830 0.035550 -0.059227
v 0.056816 0.043647 -0.057096
v 0.072161 0.043431 -0.048693
v 0.037600 0.035863 -0.061716
v 0.037864 0.044106 -0.059535
v 0.038361 0.051326 -0.053284
v 0.057770 0.050669 -0.051356
v 0.069278 0.048595 -0.045510
v 0.018735 0.036287 -0.059235
v 0.019270 0.044693 -0.057086
v 0.003933 0.036530 -0.050609
v 0.004624 0.045176 -0.048615
v 0.007891 0.050926 -0.045371
v 0.019187 0.052336 -0.051289
v -0.003251 0.036656 -0.034689
v -0.002486 0.045454 -0.032980
v -0.004403 0.036095 -0.015282
v -0.003867 0.045234 -0.013888
v 0.002786 0.053049 -0.033192
v -0.016150 -0.000810 -0.001495
v -0.016141 0.001437 -0.001432
v 0.073581 -0.002293 -0.004491
v 0.010967 -0.002137 -0.052562
v 0.039026 0.053651 -0.034613
v 0.018376 0.055107 -0.033994
v 0.092554 -0.001013 -0.047789
v 0.092552 0.001227 -0.047789
v 0.075088 0.050204 -0.033473
v 0.059697 0.052697 -0.034185
v 0.091733 0.011052 -0.047638
v 0.089308 0.018231 -0.047183
v 0.086075 0.025138 -0.045063
v -0.015144 0.011325 -0.001463
v -0.012222 0.018580 -0.002187
v -0.008336 0.025611 -0.001971
v 0.080465 0.035317 -0.034927
v 0.079952 0.043317 -0.033247
v -0.001648 0.035930 0.003727
v -0.001391 0.044733 0.004950
v 0.026348 -0.002257 0.045942
v 0.062364 0.032115 0.057658
v 0.059484 0.032478 0.048804
v 0.044447 0.032247 0.048090
v 0.041037 0.032003 0.054784
v 0.034236 0.032757 0.041949
v 0.110443 -0.000959 0.044147
v 0.110374 0.001283 0.044256
v 0.095088 0.030405 0.042774
v 0.076837 0.032683 0.040607
v 0.073009 0.032240 0.047150
v 0.079901 0.031993 0.053476
v 0.005350 -0.000944 0.094943
v 0.005427 0.001298 0.094983
v 0.090595 -0.002260 0.098686
v 0.108534 0.011436 0.042670
v 0.103709 0.019567 0.036826
v 0.105572 0.021639 0.051466
v 0.098097 0.026888 0.030261
v 0.010588 0.022621 0.074575
v 0.010004 0.025316 0.062735
v 0.021380 0.031010 0.061694
v 0.064494 0.033424 0.070024
v 0.041742 0.033195 0.066513
v 0.096591 0.030990 0.059132
v 0.082984 0.033195 0.065049
v 0.086963 0.030123 -0.019800
v 0.089703 0.030138 -0.000362
v 0.091821 0.030249 0.015860
v 0.037472 0.030413 -0.068214
v 0.057678 0.030208 -0.065597
v 0.074191 0.030117 -0.056554
v 0.001957 0.030912 -0.056519
v 0.017589 0.030730 -0.065607
v -0.007182 0.030784 -0.019301
v -0.005698 0.030960 -0.039732
v 0.082837 0.030063 -0.039917
v 0.000295 0.030539 0.017538
v -0.004414 0.030599 0.000707
v 0.011620 0.032369 0.032867
v 0.004624 0.030723 0.028436
v 0.024311 0.033265 0.035692
v 0.090113 0.032280 0.030731
v 0.080466 0.033205 0.034088
v 0.094027 0.030528 0.026318
v 0.067281 0.005394 0.132387
v 0.041975 0.005394 0.128536
v 0.019326 0.005394 0.115825
v 0.113378 0.005394 0.067755
v 0.112230 0.005394 0.091687
v 0.104785 0.005394 0.112535
v 0.036947 0.005472 -0.079856
v 0.061312 0.005379 -0.076706
v 0.081404 0.005329 -0.066329
v -0.018414 0.005638 -0.024873
v -0.015800 0.005683 -0.047803
v -0.006066 0.005666 -0.066340
v 0.089009 0.005394 0.126577
v 0.012999 0.005585 -0.076713
v 0.098270 0.005326 -0.024993
v 0.102098 0.005341 -0.001848
v 0.105575 0.005359 0.021388
v -0.002376 0.005400 0.070492
v -0.007566 0.005417 0.046405
v -0.011619 0.005464 0.022549
v -0.016129 0.005548 -0.001316
v 0.092545 0.005316 -0.047789
v 0.110246 0.005378 0.044456
v 0.005566 0.005394 0.095055
v 0.008077 0.011692 0.094253
v 0.104683 0.025297 0.059809
v 0.015265 0.020542 0.091671
v -0.021725 -0.001677 0.112331
v -0.012006 -0.001932 0.096219
v -0.035956 -0.002261 0.100295
v -0.039284 -0.001932 0.121551
v -0.004947 -0.001930 0.070601
v -0.031025 -0.002261 0.072514
v -0.062904 -0.002261 0.073477
v -0.065266 -0.002261 0.102597
v -0.065647 -0.001932 0.124935
v -0.032271 0.025773 0.102852
v -0.047031 0.028133 0.108788
v -0.045951 0.032520 0.095450
v -0.026727 0.028599 0.090830
v -0.067720 0.029235 0.112065
v -0.066700 0.033446 0.098720
v -0.064951 0.034508 0.084209
v -0.043205 0.033990 0.080819
v -0.022892 0.030630 0.075474
v -0.040428 -0.000945 0.128616
v -0.017699 -0.000945 0.115922
v -0.065799 -0.000945 0.132373
v -0.065864 0.001297 0.132355
v -0.040516 0.001297 0.128564
v -0.017815 0.001297 0.115864
v -0.099719 -0.001677 0.109463
v -0.105349 -0.001932 0.093286
v -0.110728 -0.000945 0.091522
v -0.103049 -0.000945 0.112573
v -0.106391 -0.001932 0.068307
v -0.112176 -0.000945 0.067383
v -0.112141 0.001297 0.067491
v -0.110800 0.001297 0.091557
v -0.103203 0.001297 0.112536
v -0.076370 -0.001702 -0.063040
v -0.061040 -0.001939 -0.070720
v -0.060087 -0.000949 -0.076758
v -0.080163 -0.000975 -0.066384
v -0.035974 -0.001900 -0.073676
v -0.035744 -0.000907 -0.079904
v -0.035743 0.001336 -0.079904
v -0.060088 0.001292 -0.076758
v -0.080162 0.001265 -0.066384
v 0.003287 -0.001580 -0.063042
v 0.010302 -0.001832 -0.049042
v 0.016994 -0.000822 -0.047852
v 0.007253 -0.000832 -0.066387
v 0.012330 -0.001846 -0.025849
v 0.019633 -0.000836 -0.024970
v 0.019632 0.001412 -0.024954
v 0.016993 0.001424 -0.047852
v 0.007253 0.001415 -0.066387
v -0.063899 -0.002273 -0.052610
v -0.036661 -0.002241 -0.054992
v -0.084448 -0.001963 -0.049039
v -0.089759 -0.001961 -0.025944
v -0.067905 -0.002277 -0.028522
v -0.038751 -0.002252 -0.030226
v -0.085262 0.028133 0.107155
v -0.084036 0.032520 0.093891
v -0.094929 0.025773 0.100289
v -0.097188 0.028599 0.088069
v -0.096502 0.030630 0.072828
v -0.082864 0.033992 0.079308
v -0.087818 -0.001932 0.119621
v -0.087373 -0.000945 0.126608
v -0.087492 0.001297 0.126573
v -0.011299 -0.001857 -0.070722
v -0.011810 -0.000862 -0.076759
v -0.011810 0.001384 -0.076759
v 0.004990 -0.001900 0.021652
v 0.009763 -0.001872 -0.002265
v -0.013140 -0.002235 -0.004327
v -0.018846 -0.002251 0.020294
v -0.009570 -0.002217 -0.028468
v -0.043200 -0.002261 -0.005752
v -0.049415 -0.002265 0.019273
v -0.047507 0.050869 0.031370
v -0.043400 0.053224 0.013891
v -0.020567 0.053863 0.011120
v -0.024522 0.051081 0.027498
v -0.039510 0.053329 -0.010101
v -0.017316 0.054579 -0.011262
v -0.000389 0.052787 -0.013200
v -0.002797 0.052278 0.006640
v -0.010217 0.049692 0.019173
v -0.097759 -0.001946 0.020761
v -0.093783 -0.001956 -0.002661
v -0.100926 -0.000972 -0.002017
v -0.104465 -0.000961 0.021114
v -0.097036 -0.000980 -0.025082
v -0.097023 0.001261 -0.025072
v -0.100888 0.001269 -0.001980
v -0.104403 0.001280 0.021188
v 0.000402 -0.001920 0.045843
v 0.008888 -0.000927 0.045892
v 0.012932 -0.000901 0.022151
v 0.003737 -0.000941 0.070018
v 0.003714 0.001302 0.070162
v 0.008878 0.001316 0.046050
v 0.012921 0.001344 0.022269
v -0.102914 -0.001935 0.044275
v -0.084109 -0.002264 0.044986
v -0.077564 -0.002272 0.019788
v -0.088996 -0.002261 0.071207
v -0.056803 -0.002264 0.045693
v -0.076639 0.048803 0.017990
v -0.078919 0.050518 0.005591
v -0.064121 0.052963 0.010522
v -0.066902 0.050729 0.026663
v -0.076860 0.050201 -0.013779
v -0.061016 0.052460 -0.011619
v -0.019907 0.011447 0.113850
v -0.041801 0.011597 0.126114
v -0.044783 0.020168 0.119281
v -0.025028 0.019564 0.108384
v -0.066380 0.011772 0.129924
v -0.067287 0.020865 0.122819
v -0.087565 0.011597 0.124224
v -0.086593 0.020168 0.117519
v -0.102823 0.011447 0.110652
v -0.100144 0.019564 0.105369
v -0.109624 0.011691 0.090843
v -0.105380 0.020541 0.088356
v -0.110563 0.012766 0.066085
v -0.105422 0.022616 0.071481
v -0.102984 0.011195 0.020557
v -0.099726 0.011104 -0.002141
v -0.096630 0.018297 -0.002998
v -0.099354 0.018623 0.017926
v -0.096033 0.011092 -0.025042
v -0.093206 0.018281 -0.025044
v -0.089434 0.025190 -0.023755
v -0.092518 0.025207 -0.002942
v -0.094750 0.025647 0.015612
v -0.079556 0.011099 -0.066146
v -0.059780 0.011133 -0.076433
v -0.058877 0.018331 -0.075453
v -0.077752 0.018289 -0.065430
v -0.035779 0.011194 -0.079535
v -0.035915 0.018407 -0.078423
v -0.036091 0.025371 -0.075142
v -0.057674 0.025270 -0.072349
v -0.075344 0.025213 -0.062749
v -0.012185 0.011262 -0.076435
v -0.013347 0.018495 -0.075455
v 0.006590 0.011304 -0.066145
v 0.004577 0.018554 -0.065417
v 0.001889 0.025566 -0.062718
v -0.014894 0.025489 -0.072350
v 0.016160 0.011323 -0.047685
v 0.013633 0.018590 -0.047182
v 0.018705 0.011314 -0.024873
v 0.015909 0.018588 -0.024782
v 0.012175 0.025628 -0.023371
v 0.010263 0.025633 -0.044997
v 0.011763 0.011289 0.021830
v 0.007312 0.011483 0.044652
v 0.002704 0.019646 0.038890
v 0.008401 0.018763 0.019338
v 0.001315 0.012773 0.068924
v -0.003138 0.021680 0.054099
v -0.014594 0.030477 0.045170
v -0.001870 0.027024 0.032358
v 0.004351 0.025912 0.017158
v -0.005888 0.035130 0.022327
v -0.026803 0.036401 0.032631
v -0.026980 0.043809 0.032301
v -0.006904 0.044256 0.021087
v -0.053433 0.034843 0.039239
v -0.050020 0.043724 0.036415
v -0.072013 0.036252 0.031503
v -0.068732 0.043634 0.031354
v -0.084751 0.034937 0.020614
v -0.080831 0.043551 0.019615
v -0.085293 0.035556 0.002481
v -0.083997 0.043424 0.003685
v -0.082926 0.035543 -0.015937
v -0.082024 0.043379 -0.014574
v -0.071181 0.035450 -0.050723
v -0.055593 0.035581 -0.059281
v -0.055571 0.043698 -0.057151
v -0.070901 0.043515 -0.048751
v -0.036416 0.035795 -0.061760
v -0.036647 0.044039 -0.059586
v -0.037089 0.051297 -0.053347
v -0.056495 0.050743 -0.051417
v -0.068010 0.048706 -0.045569
v -0.017577 0.036049 -0.059277
v -0.018047 0.044480 -0.057142
v -0.002744 0.036252 -0.050658
v -0.003408 0.044781 -0.048672
v -0.006640 0.050416 -0.045439
v -0.017921 0.051980 -0.051356
v 0.004425 0.036293 -0.034737
v 0.003716 0.045085 -0.033040
v 0.005670 0.036011 -0.015344
v 0.005148 0.045186 -0.013954
v -0.001500 0.052688 -0.033265
v 0.017399 -0.000865 -0.001553
v 0.017390 0.001380 -0.001490
v -0.072312 -0.002277 -0.004552
v -0.009755 -0.002200 -0.052612
v -0.037739 0.053681 -0.034677
v -0.017079 0.055011 -0.034064
v -0.091297 -0.000983 -0.047848
v -0.091294 0.001257 -0.047848
v -0.073813 0.050342 -0.033533
v -0.058415 0.052829 -0.034246
v -0.090475 0.011089 -0.047697
v -0.088054 0.018276 -0.047240
v -0.084825 0.025197 -0.045120
v 0.016399 0.011266 -0.001523
v 0.013484 0.018525 -0.002248
v 0.009599 0.025552 -0.002032
v -0.079212 0.035399 -0.034983
v -0.078673 0.043382 -0.033309
v 0.002936 0.035912 0.003661
v 0.002686 0.044754 0.004883
v -0.025064 -0.002259 0.045878
v -0.061069 0.032122 0.057591
v -0.058193 0.032490 0.048738
v -0.043167 0.032262 0.048027
v -0.039753 0.032013 0.054720
v -0.032953 0.032764 0.041885
v -0.109154 -0.000947 0.044081
v -0.109084 0.001294 0.044190
v -0.093794 0.030417 0.042708
v -0.075555 0.032716 0.040544
v -0.071710 0.032242 0.047082
v -0.078605 0.032000 0.053410
v -0.004052 -0.000945 0.094876
v -0.004129 0.001297 0.094916
v -0.089296 -0.002261 0.098619
v -0.107242 0.011447 0.042604
v -0.102417 0.019580 0.036760
v -0.104278 0.021651 0.051400
v -0.096807 0.026907 0.030196
v -0.009290 0.022621 0.074508
v -0.008700 0.025319 0.062666
v -0.020074 0.031012 0.061625
v -0.063198 0.033429 0.069957
v -0.040452 0.033203 0.066447
v -0.095295 0.030998 0.059065
v -0.081688 0.033202 0.064983
v -0.085690 0.030166 -0.019862
v -0.088423 0.030173 -0.000425
v -0.090535 0.030277 0.015796
v -0.036249 0.030374 -0.068266
v -0.056486 0.030236 -0.065642
v -0.072957 0.030179 -0.056607
v -0.000781 0.030649 -0.056566
v -0.016422 0.030542 -0.065651
v 0.008431 0.030676 -0.019360
v 0.006889 0.030704 -0.039782
v -0.081618 0.030171 -0.039966
v 0.001002 0.030543 0.017471
v 0.005696 0.030573 0.000642
v -0.010267 0.032428 0.032790
v -0.003323 0.030733 0.028368
v -0.022958 0.033289 0.035614
v -0.088824 0.032303 0.030666
v -0.079174 0.033220 0.034023
v -0.092739 0.030553 0.026253
v -0.065982 0.005393 0.132320
v -0.040676 0.005393 0.128469
v -0.018027 0.005393 0.115758
v -0.112079 0.005393 0.067688
v -0.110931 0.005393 0.091620
v -0.103486 0.005393 0.112468
v -0.035738 0.005438 -0.079905
v -0.060085 0.005387 -0.076758
v -0.080158 0.005358 -0.066385
v 0.019636 0.005530 -0.024926
v 0.016998 0.005539 -0.047853
v 0.007258 0.005527 -0.066387
v -0.087710 0.005393 0.126510
v -0.011804 0.005493 -0.076760
v -0.096997 0.005352 -0.025055
v -0.100817 0.005362 -0.001912
v -0.104288 0.005374 0.021323
v 0.003672 0.005398 0.070425
v 0.008861 0.005414 0.046338
v 0.012902 0.005448 0.022484
v 0.017381 0.005490 -0.001375
v -0.091286 0.005349 -0.047848
v -0.108956 0.005390 0.044390
v -0.004268 0.005393 0.094988
v -0.006779 0.011691 0.094186
v -0.103389 0.025307 0.059743
v -0.013968 0.020541 0.091604
vn 0.6830 0.0122 0.7303
vn 0.9143 0.0855 0.3959
vn 0.9342 -0.0036 0.3568
vn 0.7222 -0.0647 0.6886
vn 0.9925 0.1204 0.0224
vn 0.9999 0.0135 -0.0092
vn 0.9994 -0.0268 -0.0217
vn 0.9468 -0.0566 0.3167
vn 0.7548 -0.1645 0.6350
vn -0.0000 -0.0943 -0.9955
vn -0.0000 -0.1173 -0.9931
vn 0.2950 -0.1201 -0.9479
vn 0.3089 -0.0764 -0.9480
vn -0.0000 -0.1274 -0.9919
vn 0.2749 -0.1260 -0.9532
vn 0.4471 -0.1282 -0.8852
vn 0.4670 -0.1180 -0.8763
vn 0.4836 -0.0608 -0.8732
vn 0.5773 -0.8123 0.0825
vn 0.7520 -0.5685 0.3337
vn 0.4849 -0.6383 0.5979
vn 0.3988 -0.9017 0.1671
vn 0.8320 -0.0752 0.5497
vn 0.5242 -0.1122 0.8442
vn -0.0000 -0.1147 0.9934
vn -0.0000 -0.6583 0.7527
vn -0.0000 -0.9652 0.2614
vn 0.7331 0.3297 -0.5949
vn 0.8721 0.2461 -0.4229
vn 0.8878 0.1867 -0.4207
vn 0.7642 0.2424 -0.5978
vn 0.9895 0.1311 -0.0609
vn 0.9944 0.0895 -0.0559
vn 0.9969 0.0691 -0.0369
vn 0.8979 0.1469 -0.4149
vn 0.7785 0.1921 -0.5975
vn -0.0000 0.9986 0.0520
vn -0.0000 0.9977 0.0679
vn 0.2484 0.9605 0.1253
vn 0.1443 0.9857 0.0872
vn -0.0000 0.9715 0.2368
vn 0.3208 0.9187 0.2303
vn 0.6496 0.7349 0.1945
vn 0.6217 0.7720 0.1320
vn 0.5533 0.8206 0.1429
vn 0.8513 -0.4031 0.3359
vn 0.9793 -0.1878 0.0761
vn 0.9550 -0.2844 -0.0837
vn 0.6957 -0.7082 -0.1203
vn 0.9944 0.0549 0.0907
vn 0.9984 0.0324 -0.0473
vn 0.9999 0.0058 0.0088
vn 0.9366 -0.3399 -0.0857
vn 0.6709 -0.7194 -0.1800
vn 0.5842 0.6409 0.4980
vn 0.3823 0.7123 0.5887
vn 0.4723 0.3919 0.7895
vn 0.7415 0.3701 0.5597
vn -0.0000 0.7496 0.6619
vn -0.0000 0.4075 0.9132
vn 0.4849 0.7519 -0.4467
vn 0.4823 0.8430 -0.2380
vn 0.8127 0.4479 -0.3727
vn 0.6516 0.5102 -0.5614
vn 0.5612 0.8274 0.0215
vn 0.9283 0.3715 -0.0146
vn 0.9205 0.3660 0.1366
vn 0.9338 0.3564 0.0315
vn 0.9364 0.3373 0.0969
vn 0.3718 -0.9239 -0.0901
vn 0.6354 -0.7693 -0.0668
vn -0.0000 -0.9990 -0.0441
vn -0.0000 -0.9750 -0.2221
vn 0.4045 -0.8900 -0.2107
vn 0.9831 -0.0251 0.1815
vn 0.9132 -0.4034 0.0570
vn 0.9070 0.3247 0.2683
vn 0.6349 0.6889 0.3497
vn 0.1014 0.9932 0.0576
vn -0.0000 0.9999 0.0119
vn 0.5272 0.8318 0.1736
vn 0.0884 0.9961 0.0020
vn -0.0000 0.9999 -0.0171
vn 0.4257 -0.1275 0.8958
vn 0.3793 -0.0493 0.9240
vn 0.4558 -0.2648 0.8498
vn -0.0000 -0.3092 0.9510
vn -0.0000 -0.1850 0.9827
vn -0.0000 -0.0942 0.9956
vn 0.6178 0.2899 -0.7309
vn 0.5841 0.3941 -0.7096
vn 0.6309 0.2323 -0.7403
vn 0.4097 0.2608 -0.8742
vn 0.4050 0.3296 -0.8528
vn 0.3775 0.4455 -0.8118
vn 0.3674 -0.8991 -0.2379
vn 0.2879 -0.6917 0.6624
vn -0.0000 -0.9529 -0.3034
vn -0.0000 -0.6520 0.7583
vn 0.4922 0.5799 -0.6492
vn 0.2888 0.8705 -0.3985
vn 0.3059 0.6323 -0.7118
vn 0.2184 0.8030 -0.5545
vn 0.3187 0.8650 0.3876
vn -0.0000 0.9083 0.4183
vn 0.8287 0.0004 -0.5597
vn 0.9331 -0.0463 -0.3566
vn 0.9403 -0.0709 -0.3328
vn 0.8457 -0.0304 -0.5328
vn 0.9971 -0.0717 -0.0255
vn 0.9943 -0.1029 -0.0292
vn 0.9934 -0.0884 -0.0727
vn 0.9418 -0.1008 -0.3206
vn 0.8606 -0.0579 -0.5060
vn -0.0000 0.0770 -0.9970
vn 0.2587 0.0733 -0.9632
vn 0.2645 0.0357 -0.9637
vn -0.0000 0.0411 -0.9992
vn 0.4220 0.0616 -0.9045
vn 0.4317 0.0256 -0.9017
vn 0.4429 0.0026 -0.8966
vn 0.2701 0.0172 -0.9627
vn -0.0000 0.0210 -0.9998
vn 0.6598 0.0565 0.7493
vn 0.7195 0.0594 0.6919
vn 0.4338 0.0651 0.8987
vn 0.4234 -0.0312 0.9054
vn 0.7338 0.0835 0.6742
vn 0.4354 0.1190 0.8923
vn -0.0000 0.1580 0.9874
vn -0.0000 0.0985 0.9951
vn -0.0000 -0.0082 1.0000
vn 0.8799 0.0285 -0.4743
vn 0.8827 -0.0027 -0.4700
vn 0.9536 -0.0110 -0.3010
vn 0.9566 0.0518 -0.2869
vn 0.8793 -0.0244 -0.4756
vn 0.9487 -0.0516 -0.3119
vn 0.9912 -0.0583 -0.1188
vn 0.9957 -0.0317 -0.0875
vn 0.9980 0.0096 -0.0624
vn -0.0000 -0.0239 -0.9997
vn 0.2788 -0.0230 -0.9601
vn 0.2781 -0.0259 -0.9602
vn -0.0000 -0.0285 -0.9996
vn 0.4577 -0.0213 -0.8889
vn 0.4568 -0.0206 -0.8893
vn 0.4534 -0.0185 -0.8911
vn 0.2770 -0.0306 -0.9604
vn -0.0000 -0.0344 -0.9994
vn 0.5730 0.4515 0.6839
vn 0.3054 0.8218 0.4809
vn 0.1275 0.8374 0.5315
vn 0.2552 0.5487 0.7961
vn 0.0887 0.9519 0.2933
vn -0.0045 0.9734 0.2290
vn -0.0000 0.9714 0.2375
vn -0.0000 0.8433 0.5375
vn -0.0000 0.5420 0.8404
vn 0.8691 -0.0673 -0.4901
vn 0.9408 -0.0788 -0.3297
vn 0.9433 -0.0288 -0.3307
vn 0.8718 -0.0243 -0.4893
vn 0.9903 -0.0747 -0.1167
vn 0.9911 -0.0289 -0.1296
vn 0.9928 -0.0151 -0.1186
vn 0.9441 -0.0206 -0.3291
vn 0.8735 -0.0140 -0.4867
vn -0.0000 -0.0104 -0.9999
vn 0.2775 -0.0147 -0.9606
vn 0.2782 -0.0127 -0.9604
vn -0.0000 -0.0116 -0.9999
vn 0.4531 -0.0275 -0.8910
vn 0.4569 -0.0152 -0.8894
vn 0.4576 -0.0153 -0.8890
vn 0.2788 -0.0165 -0.9602
vn -0.0000 -0.0172 -0.9999
vn 0.9578 0.0539 -0.2822
vn 0.8750 0.0282 -0.4833
vn 0.9982 0.0597 -0.0072
vn 0.9992 0.0395 -0.0096
vn 0.9573 0.0279 -0.2879
vn 0.8659 -0.0108 -0.5001
vn 0.2725 -0.0437 -0.9612
vn -0.0000 -0.0499 -0.9988
vn 0.4461 -0.0319 -0.8944
vn 0.4394 -0.0673 -0.8957
vn 0.2676 -0.0770 -0.9604
vn -0.0000 -0.0806 -0.9967
vn 0.7844 -0.2973 0.5444
vn 0.8393 -0.1822 0.5122
vn 0.4589 -0.3021 0.8356
vn 0.4485 -0.5032 0.7387
vn 0.7732 -0.1428 0.6178
vn 0.4299 -0.0954 0.8978
vn 0.0002 -0.1206 0.9927
vn 0.0005 -0.2923 0.9563
vn 0.0004 -0.5360 0.8442
vn 0.8043 0.0999 -0.5857
vn 0.9211 0.0582 -0.3849
vn 0.9279 0.0075 -0.3728
vn 0.8145 0.0525 -0.5777
vn 0.9996 0.0229 -0.0137
vn 0.9993 -0.0341 -0.0165
vn -0.0000 0.1745 -0.9847
vn 0.2523 0.1694 -0.9527
vn 0.2549 0.1258 -0.9587
vn -0.0000 0.1314 -0.9913
vn 0.4122 0.1605 -0.8968
vn 0.4148 0.1152 -0.9026
vn 0.7217 0.0976 0.6853
vn 0.3959 0.1819 0.9001
vn 0.6937 0.0957 0.7139
vn 0.3536 0.2030 0.9131
vn -0.0000 0.2569 0.9665
vn -0.0000 0.2408 0.9706
vn 0.9493 -0.0176 -0.3138
vn 0.8537 -0.0616 -0.5170
vn 0.9996 0.0096 -0.0250
vn 0.9380 -0.0469 -0.3436
vn 0.8429 -0.0843 -0.5315
vn 0.2683 -0.1101 -0.9570
vn -0.0000 -0.1111 -0.9938
vn 0.4363 -0.1064 -0.8935
vn 0.4504 -0.4563 0.7675
vn 0.7627 -0.3019 0.5720
vn -0.0000 -0.5286 0.8488
vn 0.9401 -0.1049 -0.3244
vn 0.8672 -0.0845 -0.4907
vn 0.9888 -0.1056 -0.1059
vn 0.2745 -0.0045 -0.9616
vn -0.0000 0.0034 -1.0000
vn 0.4502 -0.0205 -0.8927
vn 0.5458 -0.3349 0.7681
vn 0.3747 -0.2982 0.8779
vn 0.2752 -0.5482 0.7898
vn 0.4331 -0.4084 0.8035
vn -0.0000 -0.3803 0.9249
vn -0.0000 -0.6533 0.7571
vn -0.0000 -0.8945 0.4471
vn 0.0900 -0.8881 0.4508
vn 0.1620 -0.8083 0.5660
vn 0.8751 -0.0197 -0.4835
vn 0.9451 -0.0453 -0.3235
vn 0.9924 -0.0266 -0.1203
vn 0.2788 -0.0213 -0.9601
vn -0.0000 -0.0222 -0.9998
vn 0.4576 -0.0199 -0.8889
vn 0.8238 0.0385 -0.5655
vn 0.8363 -0.0645 -0.5445
vn 0.9350 -0.0259 -0.3536
vn 0.9273 0.1120 -0.3572
vn 0.9821 0.0654 0.1769
vn 0.9731 -0.0322 0.2281
vn 0.9484 -0.0018 0.3171
vn 0.9139 0.3475 0.2099
vn 0.1028 0.9783 -0.1800
vn 0.1071 0.8761 -0.4701
vn -0.0000 0.8737 -0.4865
vn -0.0000 0.9826 -0.1856
vn 0.9509 0.0034 0.3095
vn 0.9440 -0.0371 0.3280
vn 0.8691 -0.0087 0.4946
vn 0.9866 -0.0643 0.1501
vn 0.4752 0.7807 0.4058
vn 0.4565 0.7279 0.5116
vn 0.6922 0.5687 0.4444
vn 0.7070 0.5145 0.4851
vn 0.7522 -0.2456 0.6115
vn 0.6040 -0.2688 0.7503
vn 0.4483 -0.1394 0.8829
vn 0.7943 0.0401 0.6062
vn -0.6029 -0.6028 0.5226
vn -0.9390 0.1745 0.2964
vn 0.0908 0.5430 0.8348
vn 0.7666 0.3224 0.5553
vn 0.9732 -0.0311 0.2281
vn 0.9353 -0.0921 0.3416
vn 0.9654 -0.0556 0.2546
vn 0.9929 -0.0397 0.1117
vn 0.9599 0.1274 0.2497
vn 0.9347 0.0150 0.3551
vn 0.9986 0.0500 -0.0185
vn 0.6678 -0.0645 0.7415
vn 0.9265 0.0320 0.3749
vn 0.9576 -0.0896 0.2740
vn 0.5854 -0.4131 0.6976
vn 0.7135 -0.2852 0.6400
vn -0.5911 0.7908 0.1592
vn 0.2228 0.7697 0.5983
vn 0.7452 0.4509 0.4913
vn -0.7606 -0.6459 0.0657
vn -0.9962 -0.0695 -0.0528
vn -0.1798 -0.9645 0.1933
vn -0.1316 -0.9565 0.2605
vn -0.6730 -0.6885 0.2704
vn -0.9770 0.0476 0.2078
vn 0.0148 -0.9806 0.1956
vn -0.0000 -0.9785 0.2065
vn -0.0000 -0.9549 0.2970
vn 0.0490 -0.9561 0.2890
vn -0.8486 0.5270 -0.0457
vn -0.3045 0.9522 0.0236
vn -0.7833 0.6214 0.0183
vn -0.3331 0.9427 -0.0196
vn -0.0799 0.9965 0.0225
vn -0.0001 0.9997 0.0251
vn -0.1060 0.9941 -0.0220
vn -0.0006 0.9995 -0.0312
vn -0.3870 -0.7891 0.4770
vn -0.7766 -0.0823 0.6246
vn 0.0182 -0.9089 0.4165
vn 0.0840 -0.8896 0.4489
vn -0.2365 -0.7205 0.6518
vn -0.5949 0.1279 0.7936
vn 0.1232 -0.8927 0.4334
vn -0.0000 -0.8498 0.5272
vn -0.0007 0.3257 0.9455
vn 0.2126 -0.8508 0.4806
vn -0.6096 0.7674 0.1987
vn -0.2707 0.9597 0.0762
vn -0.4695 0.8422 0.2651
vn -0.2739 0.9599 0.0600
vn -0.1196 0.9926 0.0219
vn -0.0014 0.9979 0.0654
vn -0.1050 0.9887 0.1072
vn 0.9107 0.1045 -0.3996
vn 0.7909 0.1485 -0.5936
vn -0.0000 0.2758 -0.9612
vn 0.2520 0.2696 -0.9294
vn 0.2521 0.2133 -0.9439
vn -0.0000 0.2172 -0.9761
vn 0.4107 0.2055 -0.8883
vn 0.2434 0.1628 0.9562
vn -0.0000 0.3094 0.9509
vn 0.9374 0.0077 0.3482
vn 0.6472 0.1025 0.7554
vn 0.8734 0.1793 0.4528
vn 0.6362 0.1052 0.7643
vn 0.8072 0.1116 0.5797
vn 0.8518 0.1074 0.5127
vn 0.1621 -0.6945 0.7009
vn 0.9407 0.3295 0.0810
vn 0.8685 0.1115 0.4831
vn -0.0000 -0.0542 0.9985
vn 0.3146 0.0286 0.9488
vn -0.0000 -0.0008 1.0000
vn 0.2678 0.0499 0.9622
vn 0.7691 0.2172 -0.6011
vn 0.6604 0.0904 -0.7454
vn 0.7002 -0.0231 -0.7135
vn 0.7692 0.1309 -0.6255
vn 0.5772 0.0738 -0.8132
vn 0.5260 0.0726 -0.8474
vn 0.4891 0.0155 -0.8721
vn 0.8833 0.3062 -0.3550
vn 0.9420 -0.0344 -0.3338
vn 0.9054 0.0310 0.4235
vn 0.8971 -0.0000 0.4419
vn 0.7749 0.0572 0.6295
vn 0.7971 0.0852 0.5979
vn 0.9989 0.0298 0.0361
vn 0.9983 0.0344 0.0465
vn 0.9535 0.0204 0.3007
vn 0.9052 -0.2859 0.3143
vn 0.9996 0.0200 -0.0216
vn 0.9982 0.0162 -0.0569
vn 0.7640 -0.0554 0.6429
vn 0.7171 -0.3610 0.5962
vn -0.1999 -0.3647 0.9094
vn 0.1097 -0.5823 0.8055
vn 0.0690 0.5540 0.8296
vn -0.3062 0.2954 0.9050
vn 0.2518 0.5166 0.8183
vn 0.3599 -0.6158 0.7009
vn 0.2681 -0.1325 0.9542
vn 0.0905 -0.1423 0.9857
vn 0.0880 -0.3830 0.9196
vn 0.2456 -0.3840 0.8901
vn -0.2591 -0.3541 0.8986
vn -0.5173 -0.1645 0.8398
vn 0.7626 0.0320 -0.6461
vn 0.5506 0.0225 -0.8345
vn 0.5628 0.0341 -0.8259
vn 0.7674 0.0471 -0.6395
vn 0.2830 0.0172 -0.9590
vn 0.2660 0.0093 -0.9639
vn 0.6347 0.0040 -0.7728
vn 0.6053 0.0406 -0.7949
vn 0.3263 0.0074 -0.9452
vn 0.3423 -0.0137 -0.9395
vn 0.7804 0.0613 -0.6223
vn 0.7911 0.0241 -0.6112
vn 0.9224 0.0395 -0.3843
vn 0.9223 0.0492 -0.3832
vn 0.9127 0.0279 -0.4077
vn 0.9144 0.0609 -0.4001
vn 0.7340 0.0061 0.6791
vn 0.9302 -0.0098 0.3669
vn 0.9156 0.0065 0.4020
vn 0.7751 -0.0087 0.6318
vn 0.9997 -0.0140 0.0179
vn 0.9994 -0.0344 -0.0013
vn 0.9091 0.0309 0.4155
vn 0.9983 0.0329 0.0490
vn 0.7834 0.0228 0.6211
vn -0.0000 0.0102 0.9999
vn 0.1528 0.0132 0.9882
vn 0.0916 -0.3372 0.9370
vn -0.1202 -0.1987 0.9727
vn 0.2470 -0.3238 0.9133
vn 0.2643 0.0129 0.9644
vn 0.2041 0.4071 0.8903
vn 0.1023 0.4631 0.8804
vn 0.0460 -0.5433 0.8383
vn 0.3688 -0.5315 0.7626
vn -0.4769 -0.3288 0.8152
vn -0.3727 0.2714 0.8874
vn 0.5589 0.0039 -0.8292
vn 0.5398 0.0161 -0.8416
vn 0.7597 -0.0073 -0.6502
vn 0.7651 -0.0185 -0.6437
vn 0.2994 0.0251 -0.9538
vn 0.2836 0.0299 -0.9585
vn 0.5437 0.0124 -0.8392
vn 0.2639 0.0101 -0.9645
vn 0.7568 0.0175 -0.6534
vn 0.9137 -0.0301 -0.4053
vn 0.9216 -0.0222 -0.3875
vn 0.9197 0.0267 -0.3916
vn 0.9457 0.0121 0.3248
vn 0.9435 0.0108 0.3313
vn 0.7467 0.0042 0.6651
vn 0.7179 -0.0058 0.6962
vn 0.9998 0.0070 -0.0193
vn 0.9999 0.0034 -0.0147
vn 0.9386 0.0088 0.3450
vn 0.9999 -0.0063 -0.0115
vn 0.7692 0.0233 0.6386
vn 0.1462 0.0001 0.9893
vn 0.1479 0.0004 0.9890
vn -0.0000 0.0004 1.0000
vn -0.0000 -0.0000 1.0000
vn 0.2327 -0.0044 0.9725
vn 0.2086 -0.0061 0.9780
vn 0.1511 0.0072 0.9885
vn 0.2098 0.0078 0.9777
vn -0.0000 0.0065 1.0000
vn 0.6254 0.0425 -0.7791
vn 0.5924 0.0856 -0.8011
vn 0.8006 0.0523 -0.5969
vn 0.8363 0.0036 -0.5482
vn 0.2689 0.0658 -0.9609
vn 0.2516 0.1347 -0.9584
vn 0.5730 0.0372 -0.8187
vn 0.3208 0.0524 -0.9457
vn 0.7760 0.0204 -0.6304
vn 0.9352 0.0163 -0.3537
vn 0.9359 0.0197 -0.3518
vn 0.9189 -0.0018 -0.3946
vn 0.7931 -0.2500 0.5554
vn 0.9562 -0.2150 0.1989
vn 0.9239 -0.3725 0.0879
vn 0.9968 -0.0760 -0.0263
vn 0.9831 -0.1022 0.1521
vn 0.9336 -0.0987 0.3445
vn 0.9792 -0.2026 -0.0082
vn 0.0807 -0.2940 0.9524
vn 0.3313 -0.3098 0.8912
vn 0.2965 0.0512 0.9537
vn 0.0606 0.0259 0.9978
vn 0.6629 -0.2503 0.7057
vn 0.5205 0.1162 0.8459
vn 0.4714 0.2244 0.8529
vn 0.2974 0.1901 0.9357
vn 0.0770 0.1604 0.9840
vn 0.8240 -0.0758 -0.5615
vn 0.7368 -0.0566 -0.6738
vn 0.6585 -0.0252 -0.7521
vn 0.8284 -0.1277 -0.5455
vn 0.4937 -0.0493 -0.8682
vn 0.4066 0.0365 -0.9129
vn 0.3534 0.0677 -0.9330
vn 0.6062 0.0240 -0.7950
vn 0.8294 -0.0483 -0.5565
vn 0.9150 -0.0785 -0.3958
vn 0.9481 -0.0868 -0.3060
vn 0.9954 -0.0025 -0.0959
vn 0.9696 -0.0559 -0.2384
vn 0.9988 -0.0042 -0.0491
vn 0.5911 0.1359 0.7951
vn 0.7649 0.1347 0.6299
vn 0.8015 0.0542 0.5955
vn 0.6375 0.0382 0.7695
vn 0.8369 0.1643 0.5221
vn 0.8493 0.0639 0.5241
vn 0.1639 0.0960 0.9818
vn 0.3643 0.0970 0.9262
vn 0.3776 0.0299 0.9255
vn 0.1830 0.0059 0.9831
vn 0.8361 0.0449 -0.5468
vn 0.5435 0.1275 -0.8297
vn 0.5536 0.0930 -0.8276
vn 0.7209 0.1139 -0.6837
vn 0.4006 0.0884 -0.9120
vn 0.5026 0.0654 -0.8621
vn -0.6365 -0.3750 0.6739
vn -0.1742 -0.5317 0.8288
vn -0.2233 0.0686 0.9723
vn -0.7727 0.0385 0.6336
vn 0.3051 -0.3519 0.8849
vn 0.4200 0.0700 0.9048
vn 0.2962 0.4825 0.8243
vn -0.1866 0.6425 0.7432
vn -0.6451 0.4559 0.6132
vn 0.1392 -0.9163 0.3755
vn 0.9447 0.3122 -0.1000
vn 0.0565 -0.9984 0.0007
vn -0.6976 -0.7032 -0.1375
vn 0.7603 -0.6437 0.0868
vn 0.7104 -0.6326 0.3084
vn 0.0191 -0.9954 0.0934
vn -0.6867 -0.7064 -0.1715
vn 0.7838 0.6202 0.0314
vn 0.9990 -0.0107 0.0424
vn 0.6659 0.7099 0.2295
vn 0.9373 0.0564 0.3439
vn -0.7368 0.6711 -0.0820
vn 0.0500 0.9963 0.0696
vn -0.7320 0.6318 -0.2549
vn -0.0463 0.9985 -0.0297
vn -0.9760 -0.0335 -0.2151
vn -0.4838 0.0659 0.8727
vn -0.9513 -0.0561 -0.3031
vn -0.0599 -0.9327 0.3558
vn 0.5978 -0.6003 0.5313
vn -0.7426 -0.6392 0.2000
vn -0.7040 -0.6957 -0.1431
vn 0.0078 -0.9969 0.0778
vn 0.7121 -0.6541 0.2551
vn 0.8686 0.0443 0.4935
vn 0.5843 0.6823 0.4393
vn 0.9596 0.0290 0.2800
vn 0.6974 0.6976 0.1644
vn -0.7407 0.6191 -0.2610
vn -0.0450 0.9940 -0.0996
vn -0.7264 0.6515 -0.2186
vn -0.0035 0.9962 -0.0869
vn 0.7098 0.6966 0.1042
vn 0.6801 0.7214 0.1303
vn -0.9996 -0.0081 0.0282
vn -0.7562 0.6455 0.1073
vn -0.7205 0.6527 -0.2344
vn -0.9649 -0.0291 -0.2611
vn -0.7058 -0.6982 -0.1201
vn 0.0150 -0.9962 0.0852
vn -0.7194 -0.6889 -0.0883
vn -0.0029 -0.9944 0.1054
vn 0.7316 -0.6385 0.2387
vn 0.7227 -0.6477 0.2412
vn 0.9667 0.0301 0.2541
vn 0.9728 0.0508 0.2258
vn 0.7067 0.6927 0.1441
vn -0.0804 0.9725 0.2187
vn -0.0158 0.9983 -0.0568
vn -0.7189 0.6611 -0.2147
vn -0.9716 -0.0260 -0.2352
vn -0.9769 -0.0330 -0.2113
vn -0.0067 0.9984 -0.0560
vn -0.6885 -0.7149 -0.1224
vn 0.0221 -0.9943 0.1046
vn 0.7215 -0.6384 0.2683
vn 0.9611 0.0558 0.2705
vn -0.9633 -0.0626 -0.2612
vn 0.9945 0.0102 0.1041
vn 0.9957 0.0268 0.0888
vn 0.9538 0.1698 0.2477
vn 0.9947 0.0440 0.0928
vn 0.9546 0.1585 0.2521
vn 0.9961 0.0263 0.0843
vn 0.9604 0.1099 0.2559
vn 0.9957 -0.0147 0.0914
vn 0.9668 -0.0049 0.2555
vn 0.9914 -0.0830 0.1011
vn 0.9530 -0.1250 0.2760
vn 0.9876 -0.0970 0.1234
vn 0.9494 -0.1304 0.2857
vn -0.0000 -0.1771 0.9842
vn 0.3985 -0.1456 0.9055
vn 0.5712 -0.1283 0.8107
vn 0.7441 -0.2332 0.6261
vn 0.8235 -0.2718 0.4979
vn 0.8666 -0.1816 0.4648
vn 0.8943 0.0240 0.4468
vn 0.8737 0.2160 0.4360
vn 0.8610 0.3118 0.4018
vn 0.8545 0.3529 0.3811
vn 0.8702 0.3191 0.3754
vn 0.8723 0.1907 0.4503
vn 0.6973 0.0025 0.7168
vn 0.3784 0.1436 0.9144
vn -0.0000 0.1287 0.9917
vn 0.4578 0.2199 0.8614
vn 0.5898 0.2284 0.7746
vn 0.6728 0.2368 0.7009
vn 0.6105 0.2529 0.7506
vn 0.7630 0.2562 0.5935
vn 0.6711 -0.5111 0.5371
vn 0.3755 -0.4562 0.8067
vn 0.3789 -0.0642 0.9232
vn 0.1032 -0.4172 0.9029
vn 0.1995 -0.0505 0.9786
vn 0.9037 -0.4016 0.1483
vn 0.9530 -0.2970 -0.0592
vn 0.9563 -0.0488 0.2883
vn 0.8676 -0.1401 0.4771
vn 0.9955 0.0175 0.0927
vn 0.9904 0.0470 0.1297
vn 0.9922 0.0406 0.1177
vn 0.9980 -0.0266 0.0577
vn 0.9989 -0.0474 -0.0044
vn 0.9989 0.0275 0.0392
vn 0.9797 0.1215 0.1596
vn 0.9946 0.0271 0.1002
vn 0.9225 0.1742 0.3444
vn 0.8309 0.1742 0.5284
vn 0.8933 0.2423 0.3786
vn 0.9982 -0.0498 -0.0348
vn 0.9459 -0.0122 0.3244
vn 0.7643 0.0128 0.6447
vn 0.4420 0.0513 0.8955
vn 0.4711 -0.1068 0.8756
vn 0.2692 0.0775 0.9600
vn -0.0000 -0.0206 -0.9998
vn -0.0000 -0.0266 -0.9996
vn 0.0044 -0.0349 -0.9994
vn 0.0342 -0.0138 -0.9993
vn -0.0000 -0.0111 -0.9999
vn -0.0392 -0.0038 -0.9992
vn -0.0681 -0.0425 -0.9968
vn 0.3416 -0.0617 -0.9378
vn 0.8209 -0.0285 -0.5704
vn 0.9170 -0.0316 -0.3976
vn 0.3259 0.1992 0.9242
vn 0.1335 0.1830 0.9740
vn -0.0000 0.0393 -0.9992
vn -0.0000 0.0281 -0.9996
vn -0.0003 0.0395 -0.9992
vn -0.0160 0.0571 -0.9982
vn -0.0000 -0.0211 -0.9998
vn 0.0318 -0.0122 -0.9994
vn -0.0856 0.0480 -0.9952
vn -0.1892 0.0527 -0.9805
vn -0.2026 0.0329 -0.9787
vn 0.8267 -0.1092 -0.5519
vn 0.9593 -0.1917 -0.2073
vn 0.9968 -0.0621 -0.0509
vn 0.6980 0.1727 0.6950
vn 0.9928 -0.0103 0.1191
vn 0.9913 -0.0621 0.1163
vn 0.9852 0.0355 0.1676
vn 0.9609 0.0733 0.2670
vn 0.7318 0.2600 0.6300
vn 0.8203 0.2620 0.5084
vn 0.0951 -0.0066 0.9954
vn -0.0000 -0.0283 0.9996
vn -0.0000 0.0670 0.9978
vn 0.0478 0.0810 0.9956
vn -0.0393 0.1413 0.9892
vn -0.0000 0.0949 0.9955
vn -0.0000 0.1327 0.9912
vn -0.1175 0.1373 0.9835
vn -0.0980 0.0680 0.9929
vn -0.0000 0.1220 0.9925
vn -0.0000 0.0418 0.9991
vn -0.0786 -0.1573 0.9844
vn 0.0041 -0.2419 0.9703
vn -0.0000 0.0042 1.0000
vn -0.0000 0.0027 1.0000
vn 0.1380 0.0154 0.9903
vn 0.0258 0.0670 0.9974
vn -0.0004 0.0490 0.9988
vn 0.8956 0.2140 0.3901
vn 0.8900 0.1302 0.4369
vn 0.8551 0.0466 0.5164
vn 0.6870 -0.1169 -0.7172
vn 0.6951 -0.0937 -0.7127
vn 0.2510 0.3421 -0.9055
vn -0.0000 0.3479 -0.9375
vn -0.0000 0.4764 -0.8792
vn 0.2385 0.4684 -0.8507
vn 0.1833 0.6650 -0.7240
vn -0.0000 0.6743 -0.7384
vn 0.6641 0.0382 -0.7467
vn 0.6812 -0.0003 -0.7321
vn 0.6972 -0.0227 -0.7166
vn 0.7170 -0.0167 -0.6968
vn 0.7161 -0.0096 -0.6979
vn 0.7155 0.0043 -0.6986
vn 0.7097 -0.0494 -0.7028
vn 0.7122 -0.0197 -0.7017
vn 0.7140 -0.0120 -0.7000
vn 0.7061 -0.0037 -0.7081
vn 0.6946 -0.0462 -0.7179
vn 0.6449 0.1367 -0.7520
vn 0.6537 0.0866 -0.7518
vn 0.6883 -0.0874 -0.7201
vn 0.7050 -0.0527 -0.7073
vn 0.7155 -0.0169 -0.6985
vn -0.0206 -0.7192 0.6945
vn 0.0963 0.2126 0.9724
vn -0.3124 0.8565 0.4108
vn 0.6389 0.1800 -0.7479
vn 0.3385 0.0486 -0.9397
vn 0.2855 -0.0315 -0.9579
vn 0.1430 -0.0157 -0.9896
vn 0.1724 -0.0408 -0.9842
vn -0.0000 -0.0669 -0.9978
vn -0.0000 -0.0871 -0.9962
vn -0.0380 -0.0024 -0.9993
vn -0.0106 -0.0024 -0.9999
vn 0.0004 -0.0237 -0.9997
vn 0.0004 -0.0197 -0.9998
vn 0.0234 -0.0085 -0.9997
vn 0.0002 -0.0251 -0.9997
vn -0.0008 0.0396 -0.9992
vn -0.0166 0.0490 -0.9987
vn 0.0001 0.0622 -0.9981
vn -0.0000 0.0389 -0.9992
vn -0.0486 0.0105 -0.9988
vn 0.0003 0.0076 -1.0000
vn 0.5914 -0.0680 0.8035
vn 0.5883 -0.0621 0.8062
vn 0.1976 0.0059 0.9803
vn 0.0850 0.0103 0.9963
vn 0.4861 0.0051 0.8739
vn 0.2696 0.0291 0.9625
vn 0.6554 -0.0229 0.7549
vn -0.2132 0.0541 -0.9755
vn -0.2703 0.0553 -0.9612
vn -0.0000 0.0108 -0.9999
vn -0.0000 0.0906 -0.9959
vn 0.0084 0.0871 -0.9962
vn -0.0000 0.0808 -0.9967
vn -0.0410 0.0254 -0.9988
vn -0.1712 0.0094 -0.9852
vn -0.0000 -0.0001 -1.0000
vn 0.1064 -0.0507 -0.9930
vn 0.0724 -0.0062 -0.9974
vn -0.0000 -0.0928 -0.9957
vn 0.6775 -0.0469 -0.7340
vn 0.5820 0.0573 -0.8112
vn 0.3439 0.1035 -0.9333
vn 0.2357 0.0430 -0.9709
vn 0.0289 0.0954 -0.9950
vn -0.0778 0.0828 -0.9935
vn -0.1178 0.0405 -0.9922
vn -0.0424 0.0046 -0.9991
vn 0.0908 -0.0302 -0.9954
vn 0.4740 -0.2787 0.8353
vn 0.5636 0.2261 0.7945
vn 0.5762 -0.2806 0.7676
vn 0.5555 -0.3180 0.7683
vn 0.5850 0.3983 0.7065
vn 0.4485 -0.3801 0.8089
vn 0.9122 0.0157 0.4095
vn 0.9993 0.0084 0.0359
vn 0.7851 0.0191 0.6191
vn 0.0598 -0.3964 0.9161
vn 0.3467 -0.3904 0.8528
vn 0.1878 0.3297 0.9252
vn 0.1110 0.3830 0.9170
vn -0.3493 -0.2440 0.9047
vn -0.4679 0.1344 0.8735
vn 0.5449 0.0177 -0.8383
vn 0.2699 0.0263 -0.9625
vn 0.7514 0.0174 -0.6596
vn 0.9185 0.0075 -0.3953
vn -0.0384 0.0376 -0.9986
vn 0.0002 0.0410 -0.9992
vn 0.5406 -0.1538 0.8271
vn 0.5304 0.1308 0.8376
vn 0.9094 0.0157 0.4156
vn 0.7380 -0.0356 0.6739
vn 0.9991 0.0390 0.0192
vn 0.1954 -0.0877 0.9768
vn -0.0002 -0.0429 0.9991
vn 0.0021 0.1935 0.9811
vn 0.1866 0.4820 0.8561
vn 0.2339 -0.0949 0.9676
vn 0.1840 0.5506 0.8142
vn 0.5797 0.0450 -0.8136
vn 0.7735 0.0607 -0.6309
vn 0.3039 0.0190 -0.9525
vn 0.9171 0.0605 -0.3941
vn 0.0168 -0.0006 -0.9999
vn 0.0003 -0.0176 -0.9998
vn 0.4413 -0.0628 0.8952
vn 0.4955 0.4175 0.7617
vn 0.8858 -0.3117 0.3439
vn 0.7083 -0.3645 0.6045
vn 0.2330 -0.3669 0.9006
vn 0.0841 -0.3026 0.9494
vn -0.0777 -0.2484 0.9655
vn 0.4186 -0.3771 0.8261
vn 0.1536 0.3827 0.9110
vn -0.2928 0.2509 0.9227
vn -0.4458 -0.2303 0.8650
vn 0.0509 -0.3969 0.9164
vn 0.1680 0.3543 0.9199
vn 0.3071 -0.3925 0.8670
vn 0.5307 0.1245 0.8384
vn 0.5501 -0.1870 0.8139
vn 0.9408 0.0138 0.3388
vn 0.9998 0.0066 -0.0190
vn 0.7727 0.0146 0.6346
vn 0.1492 0.0037 0.9888
vn 0.2022 0.0012 0.9793
vn -0.0000 0.0032 1.0000
vn 0.5837 0.0869 -0.8073
vn 0.3339 0.1066 -0.9366
vn 0.7857 0.0689 -0.6148
vn 0.9265 0.0291 -0.3752
vn 0.2789 0.0086 0.9603
vn 0.6005 -0.0435 0.7985
vn -0.0295 0.0999 -0.9946
vn -0.0000 0.0960 -0.9954
vn -0.1764 -0.0757 0.9814
vn 0.1536 0.1652 0.9742
vn 0.1680 0.0914 0.9815
vn 0.4355 -0.2054 0.8764
vn 0.4064 -0.4191 0.8119
vn 0.2047 -0.0696 0.9763
vn 0.0629 -0.0771 0.9950
vn -0.0004 -0.3562 0.9344
vn -0.3926 -0.0058 0.9197
vn 0.1347 -0.0710 0.9883
vn -0.0003 0.0496 0.9988
vn -0.0001 -0.0754 0.9972
vn 0.4321 -0.3397 0.8354
vn 0.2592 -0.1278 0.9573
vn -0.3074 0.0600 0.9497
vn -0.3147 0.0198 0.9490
vn -0.0001 -0.3766 0.9264
vn -0.0027 0.0052 1.0000
vn -0.0000 0.0218 0.9998
vn -0.0002 0.0452 0.9990
vn -0.0002 -0.1386 0.9903
vn 0.3987 -0.0398 0.9162
vn 0.4366 -0.0533 0.8981
vn 0.4681 -0.0279 0.8832
vn 0.4394 -0.0373 0.8975
vn -0.6828 0.0124 0.7305
vn -0.7222 -0.0647 0.6886
vn -0.9341 -0.0036 0.3569
vn -0.9141 0.0867 0.3961
vn -0.9923 0.1221 0.0224
vn -0.9999 0.0137 -0.0092
vn -0.9994 -0.0268 -0.0217
vn -0.9468 -0.0566 0.3167
vn -0.7548 -0.1645 0.6350
vn -0.3089 -0.0764 -0.9480
vn -0.2950 -0.1201 -0.9479
vn -0.2749 -0.1260 -0.9532
vn -0.4471 -0.1282 -0.8852
vn -0.4670 -0.1180 -0.8763
vn -0.4836 -0.0608 -0.8732
vn -0.5773 -0.8123 0.0825
vn -0.3988 -0.9017 0.1671
vn -0.4849 -0.6383 0.5979
vn -0.7520 -0.5685 0.3337
vn -0.8320 -0.0752 0.5497
vn -0.5242 -0.1122 0.8442
vn -0.7331 0.3297 -0.5949
vn -0.7642 0.2424 -0.5978
vn -0.8878 0.1867 -0.4207
vn -0.8721 0.2461 -0.4229
vn -0.9895 0.1311 -0.0609
vn -0.9944 0.0895 -0.0559
vn -0.9969 0.0691 -0.0369
vn -0.8979 0.1469 -0.4149
vn -0.7785 0.1921 -0.5975
vn -0.1443 0.9857 0.0872
vn -0.2484 0.9605 0.1253
vn -0.3208 0.9187 0.2303
vn -0.6496 0.7349 0.1945
vn -0.6217 0.7720 0.1320
vn -0.5533 0.8206 0.1429
vn -0.8513 -0.4031 0.3359
vn -0.6957 -0.7082 -0.1203
vn -0.9550 -0.2844 -0.0837
vn -0.9793 -0.1878 0.0761
vn -0.9944 0.0549 0.0907
vn -0.9984 0.0324 -0.0473
vn -0.9999 0.0058 0.0088
vn -0.9366 -0.3399 -0.0857
vn -0.6709 -0.7194 -0.1800
vn -0.5842 0.6409 0.4980
vn -0.7415 0.3701 0.5597
vn -0.4723 0.3919 0.7895
vn -0.3823 0.7123 0.5887
vn -0.4849 0.7519 -0.4467
vn -0.6516 0.5102 -0.5614
vn -0.8127 0.4479 -0.3727
vn -0.4823 0.8430 -0.2380
vn -0.5612 0.8274 0.0215
vn -0.9283 0.3715 -0.0146
vn -0.9338 0.3564 0.0315
vn -0.9205 0.3660 0.1366
vn -0.9364 0.3373 0.0969
vn -0.6354 -0.7693 -0.0668
vn -0.3718 -0.9239 -0.0901
vn -0.4045 -0.8900 -0.2107
vn -0.9132 -0.4034 0.0570
vn -0.9831 -0.0251 0.1815
vn -0.6349 0.6889 0.3497
vn -0.9070 0.3247 0.2683
vn -0.1014 0.9932 0.0576
vn -0.5272 0.8318 0.1736
vn -0.0884 0.9961 0.0020
vn -0.3793 -0.0493 0.9240
vn -0.4257 -0.1275 0.8958
vn -0.4558 -0.2648 0.8498
vn -0.5841 0.3941 -0.7096
vn -0.6178 0.2899 -0.7309
vn -0.6309 0.2323 -0.7403
vn -0.4097 0.2608 -0.8742
vn -0.4050 0.3296 -0.8528
vn -0.3775 0.4455 -0.8118
vn -0.2879 -0.6917 0.6624
vn -0.3674 -0.8991 -0.2379
vn -0.2888 0.8705 -0.3985
vn -0.4922 0.5799 -0.6492
vn -0.3059 0.6323 -0.7118
vn -0.2184 0.8030 -0.5545
vn -0.3187 0.8650 0.3876
vn -0.8287 0.0004 -0.5597
vn -0.8457 -0.0304 -0.5328
vn -0.9403 -0.0709 -0.3328
vn -0.9331 -0.0463 -0.3566
vn -0.9971 -0.0717 -0.0255
vn -0.9943 -0.1029 -0.0292
vn -0.9934 -0.0884 -0.0727
vn -0.9418 -0.1008 -0.3206
vn -0.8606 -0.0579 -0.5060
vn -0.2645 0.0357 -0.9637
vn -0.2587 0.0733 -0.9632
vn -0.4220 0.0616 -0.9045
vn -0.4317 0.0256 -0.9017
vn -0.4429 0.0026 -0.8966
vn -0.2701 0.0172 -0.9627
vn -0.6598 0.0565 0.7493
vn -0.4234 -0.0312 0.9054
vn -0.4338 0.0651 0.8987
vn -0.7195 0.0594 0.6919
vn -0.7338 0.0835 0.6742
vn -0.4354 0.1190 0.8923
vn -0.8799 0.0285 -0.4743
vn -0.9566 0.0518 -0.2869
vn -0.9536 -0.0110 -0.3010
vn -0.8827 -0.0027 -0.4700
vn -0.8793 -0.0244 -0.4756
vn -0.9487 -0.0516 -0.3119
vn -0.9912 -0.0583 -0.1188
vn -0.9957 -0.0317 -0.0874
vn -0.9980 0.0096 -0.0624
vn -0.2781 -0.0259 -0.9602
vn -0.2788 -0.0230 -0.9601
vn -0.4577 -0.0213 -0.8889
vn -0.4568 -0.0206 -0.8893
vn -0.4534 -0.0185 -0.8911
vn -0.2770 -0.0306 -0.9604
vn -0.5730 0.4516 0.6839
vn -0.2551 0.5488 0.7961
vn -0.1275 0.8374 0.5315
vn -0.3054 0.8219 0.4808
vn -0.0887 0.9519 0.2932
vn 0.0045 0.9734 0.2289
vn -0.8691 -0.0673 -0.4901
vn -0.8718 -0.0243 -0.4893
vn -0.9433 -0.0288 -0.3307
vn -0.9408 -0.0788 -0.3297
vn -0.9903 -0.0747 -0.1167
vn -0.9911 -0.0289 -0.1296
vn -0.9928 -0.0151 -0.1186
vn -0.9441 -0.0206 -0.3291
vn -0.8735 -0.0140 -0.4867
vn -0.2782 -0.0127 -0.9604
vn -0.2775 -0.0147 -0.9606
vn -0.4531 -0.0275 -0.8910
vn -0.4569 -0.0152 -0.8894
vn -0.4576 -0.0153 -0.8890
vn -0.2788 -0.0165 -0.9602
vn -0.8750 0.0282 -0.4833
vn -0.9578 0.0539 -0.2822
vn -0.9982 0.0597 -0.0072
vn -0.9992 0.0395 -0.0096
vn -0.9573 0.0279 -0.2879
vn -0.8659 -0.0108 -0.5001
vn -0.2725 -0.0437 -0.9612
vn -0.4461 -0.0319 -0.8944
vn -0.4394 -0.0673 -0.8957
vn -0.2676 -0.0770 -0.9604
vn -0.7837 -0.2984 0.5447
vn -0.4471 -0.5038 0.7391
vn -0.4582 -0.3015 0.8361
vn -0.8391 -0.1813 0.5128
vn -0.7731 -0.1418 0.6182
vn -0.4296 -0.0947 0.8980
vn -0.8043 0.0999 -0.5857
vn -0.8145 0.0525 -0.5777
vn -0.9279 0.0075 -0.3728
vn -0.9211 0.0582 -0.3849
vn -0.9996 0.0229 -0.0137
vn -0.9993 -0.0341 -0.0165
vn -0.2549 0.1258 -0.9587
vn -0.2523 0.1694 -0.9527
vn -0.4122 0.1605 -0.8968
vn -0.4148 0.1152 -0.9026
vn -0.3959 0.1819 0.9001
vn -0.7217 0.0976 0.6853
vn -0.6937 0.0957 0.7139
vn -0.3536 0.2030 0.9131
vn -0.8537 -0.0616 -0.5170
vn -0.9493 -0.0176 -0.3138
vn -0.9996 0.0096 -0.0250
vn -0.9380 -0.0469 -0.3436
vn -0.8429 -0.0843 -0.5315
vn -0.2683 -0.1101 -0.9570
vn -0.4363 -0.1064 -0.8935
vn -0.7625 -0.3030 0.5716
vn -0.4498 -0.4571 0.7673
vn -0.8672 -0.0845 -0.4907
vn -0.9401 -0.1049 -0.3244
vn -0.9888 -0.1056 -0.1059
vn -0.2745 -0.0045 -0.9616
vn -0.4502 -0.0205 -0.8927
vn -0.5458 -0.3349 0.7681
vn -0.4331 -0.4084 0.8035
vn -0.2752 -0.5482 0.7898
vn -0.3747 -0.2982 0.8779
vn -0.0900 -0.8881 0.4507
vn -0.1620 -0.8083 0.5660
vn -0.9451 -0.0453 -0.3235
vn -0.8751 -0.0197 -0.4835
vn -0.9924 -0.0266 -0.1203
vn -0.2788 -0.0213 -0.9601
vn -0.4576 -0.0199 -0.8889
vn -0.8238 0.0385 -0.5656
vn -0.9270 0.1128 -0.3576
vn -0.9350 -0.0259 -0.3537
vn -0.8363 -0.0645 -0.5445
vn -0.9731 -0.0322 0.2281
vn -0.9821 0.0654 0.1769
vn -0.9484 -0.0018 0.3171
vn -0.9139 0.3475 0.2099
vn -0.1028 0.9783 -0.1800
vn -0.1071 0.8761 -0.4701
vn -0.9440 -0.0371 0.3280
vn -0.9509 0.0034 0.3095
vn -0.8691 -0.0087 0.4946
vn -0.9866 -0.0643 0.1501
vn -0.4568 0.7276 0.5118
vn -0.4752 0.7808 0.4057
vn -0.6920 0.5689 0.4444
vn -0.7071 0.5143 0.4853
vn -0.7522 -0.2456 0.6115
vn -0.7943 0.0401 0.6062
vn -0.4483 -0.1399 0.8829
vn -0.6040 -0.2688 0.7503
vn 0.6029 -0.6028 0.5226
vn 0.9390 0.1746 0.2963
vn -0.0908 0.5432 0.8347
vn -0.7665 0.3226 0.5553
vn -0.9353 -0.0914 0.3419
vn -0.9731 -0.0307 0.2282
vn -0.9653 -0.0562 0.2549
vn -0.9929 -0.0394 0.1118
vn -0.9599 0.1274 0.2498
vn -0.9986 0.0500 -0.0185
vn -0.9347 0.0150 0.3551
vn -0.6678 -0.0645 0.7415
vn -0.9265 0.0320 0.3749
vn -0.9576 -0.0900 0.2737
vn -0.7135 -0.2852 0.6401
vn -0.5854 -0.4131 0.6976
vn -0.2232 0.7696 0.5983
vn 0.5908 0.7910 0.1590
vn -0.7452 0.4508 0.4913
vn 0.9962 -0.0696 -0.0528
vn 0.7606 -0.6459 0.0657
vn 0.1798 -0.9645 0.1933
vn 0.1316 -0.9565 0.2605
vn 0.6730 -0.6885 0.2704
vn 0.9770 0.0475 0.2078
vn -0.0148 -0.9806 0.1956
vn -0.0490 -0.9561 0.2890
vn 0.3040 0.9524 0.0231
vn 0.8485 0.5272 -0.0459
vn 0.7837 0.6209 0.0181
vn 0.3334 0.9426 -0.0202
vn 0.0797 0.9966 0.0222
vn 0.1057 0.9941 -0.0232
vn 0.7765 -0.0824 0.6246
vn 0.3870 -0.7891 0.4770
vn -0.0182 -0.9090 0.4165
vn -0.0840 -0.8896 0.4489
vn 0.2365 -0.7205 0.6518
vn 0.5949 0.1279 0.7936
vn -0.1232 -0.8927 0.4334
vn -0.2126 -0.8508 0.4806
vn 0.2708 0.9596 0.0766
vn 0.6092 0.7677 0.1988
vn 0.4695 0.8420 0.2657
vn 0.2737 0.9599 0.0613
vn 0.1191 0.9926 0.0224
vn 0.1053 0.9885 0.1088
vn -0.7909 0.1485 -0.5936
vn -0.9107 0.1045 -0.3996
vn -0.2521 0.2133 -0.9439
vn -0.2520 0.2696 -0.9294
vn -0.4107 0.2055 -0.8883
vn -0.2434 0.1628 0.9562
vn -0.9374 0.0077 0.3482
vn -0.8727 0.1798 0.4539
vn -0.6464 0.1024 0.7561
vn -0.6354 0.1050 0.7650
vn -0.8066 0.1110 0.5806
vn -0.8522 0.1065 0.5123
vn -0.9871 0.0002 0.1600
vn -0.8678 0.1092 0.4847
vn -0.9401 0.3308 0.0818
vn -0.3146 0.0286 0.9488
vn -0.2678 0.0499 0.9622
vn -0.7002 -0.0230 -0.7136
vn -0.6615 0.0890 -0.7446
vn -0.7697 0.2145 -0.6013
vn -0.6417 0.2284 -0.7321
vn -0.5812 0.0718 -0.8106
vn -0.5289 0.0720 -0.8456
vn -0.4890 0.0154 -0.8721
vn -0.8831 0.3052 -0.3563
vn -0.8245 0.3924 -0.4077
vn -0.9054 0.0310 0.4234
vn -0.7972 0.0851 0.5977
vn -0.7751 0.0571 0.6293
vn -0.8972 -0.0001 0.4417
vn -0.9989 0.0298 0.0360
vn -0.9983 0.0344 0.0464
vn -0.9535 0.0203 0.3007
vn -0.9982 0.0162 -0.0569
vn -0.9996 0.0200 -0.0216
vn -0.9052 -0.2862 0.3142
vn -0.7639 -0.0556 0.6429
vn -0.7171 -0.3613 0.5960
vn 0.1992 -0.3647 0.9095
vn 0.3060 0.2953 0.9051
vn -0.0693 0.5541 0.8296
vn -0.1104 -0.5822 0.8055
vn -0.2522 0.5166 0.8183
vn -0.3604 -0.6158 0.7006
vn -0.2681 -0.1325 0.9542
vn -0.2458 -0.3839 0.8901
vn -0.0882 -0.3828 0.9196
vn -0.0907 -0.1423 0.9857
vn 0.2585 -0.3539 0.8988
vn 0.5171 -0.1646 0.8399
vn -0.7625 0.0319 -0.6462
vn -0.7672 0.0472 -0.6397
vn -0.5625 0.0343 -0.8261
vn -0.5503 0.0225 -0.8346
vn -0.2826 0.0174 -0.9591
vn -0.2653 0.0093 -0.9641
vn -0.6346 0.0042 -0.7729
vn -0.3423 -0.0135 -0.9395
vn -0.3262 0.0078 -0.9453
vn -0.6051 0.0411 -0.7951
vn -0.7802 0.0617 -0.6225
vn -0.7910 0.0244 -0.6113
vn -0.9223 0.0492 -0.3834
vn -0.9223 0.0395 -0.3844
vn -0.9144 0.0612 -0.4002
vn -0.9127 0.0280 -0.4077
vn -0.7340 0.0061 0.6791
vn -0.7752 -0.0085 0.6317
vn -0.9156 0.0066 0.4020
vn -0.9302 -0.0098 0.3669
vn -0.9997 -0.0140 0.0180
vn -0.9994 -0.0344 -0.0013
vn -0.9983 0.0329 0.0489
vn -0.9091 0.0310 0.4154
vn -0.7835 0.0229 0.6209
vn 0.1202 -0.1987 0.9727
vn -0.0916 -0.3371 0.9370
vn -0.1528 0.0132 0.9882
vn -0.2470 -0.3236 0.9134
vn -0.2643 0.0129 0.9644
vn -0.2045 0.4071 0.8902
vn -0.3692 -0.5314 0.7624
vn -0.0466 -0.5434 0.8381
vn -0.1026 0.4631 0.8804
vn 0.4765 -0.3289 0.8153
vn 0.3724 0.2713 0.8875
vn -0.5589 0.0039 -0.8292
vn -0.7651 -0.0185 -0.6437
vn -0.7598 -0.0076 -0.6502
vn -0.5399 0.0158 -0.8416
vn -0.2995 0.0250 -0.9538
vn -0.2836 0.0296 -0.9585
vn -0.2634 0.0100 -0.9646
vn -0.5435 0.0122 -0.8393
vn -0.7567 0.0173 -0.6535
vn -0.9137 -0.0302 -0.4053
vn -0.9216 -0.0224 -0.3874
vn -0.9197 0.0266 -0.3917
vn -0.9457 0.0121 0.3248
vn -0.7179 -0.0058 0.6962
vn -0.7467 0.0042 0.6651
vn -0.9435 0.0108 0.3313
vn -0.9998 0.0070 -0.0193
vn -0.9999 0.0034 -0.0147
vn -0.9999 -0.0063 -0.0115
vn -0.9386 0.0088 0.3450
vn -0.7692 0.0233 0.6386
vn -0.1462 0.0001 0.9893
vn -0.1479 0.0004 0.9890
vn -0.2327 -0.0044 0.9725
vn -0.2086 -0.0061 0.9780
vn -0.2098 0.0078 0.9777
vn -0.1511 0.0072 0.9885
vn -0.6254 0.0425 -0.7791
vn -0.8363 0.0036 -0.5482
vn -0.8006 0.0523 -0.5969
vn -0.5924 0.0856 -0.8011
vn -0.2689 0.0658 -0.9609
vn -0.2516 0.1347 -0.9584
vn -0.3208 0.0524 -0.9457
vn -0.5730 0.0372 -0.8187
vn -0.7760 0.0204 -0.6304
vn -0.9352 0.0163 -0.3537
vn -0.9359 0.0197 -0.3518
vn -0.9189 -0.0018 -0.3946
vn -0.7931 -0.2501 0.5554
vn -0.9239 -0.3725 0.0879
vn -0.9562 -0.2150 0.1989
vn -0.9968 -0.0759 -0.0263
vn -0.9336 -0.0987 0.3445
vn -0.9831 -0.1021 0.1521
vn -0.9792 -0.2026 -0.0082
vn -0.0807 -0.2940 0.9524
vn -0.0606 0.0259 0.9978
vn -0.2965 0.0512 0.9537
vn -0.3313 -0.3098 0.8912
vn -0.6629 -0.2503 0.7057
vn -0.5205 0.1162 0.8459
vn -0.4714 0.2244 0.8529
vn -0.2974 0.1901 0.9357
vn -0.0770 0.1604 0.9840
vn -0.8240 -0.0758 -0.5615
vn -0.8284 -0.1269 -0.5456
vn -0.6586 -0.0251 -0.7520
vn -0.7368 -0.0566 -0.6738
vn -0.4937 -0.0493 -0.8682
vn -0.4066 0.0365 -0.9129
vn -0.3534 0.0677 -0.9330
vn -0.6067 0.0241 -0.7946
vn -0.8298 -0.0461 -0.5562
vn -0.9954 -0.0019 -0.0959
vn -0.9481 -0.0859 -0.3062
vn -0.9150 -0.0785 -0.3958
vn -0.9695 -0.0541 -0.2390
vn -0.9987 -0.0039 -0.0503
vn -0.5910 0.1359 0.7951
vn -0.6371 0.0382 0.7698
vn -0.8010 0.0538 0.5963
vn -0.7647 0.1344 0.6302
vn -0.8368 0.1638 0.5225
vn -0.8495 0.0634 0.5238
vn -0.1639 0.0960 0.9818
vn -0.1830 0.0059 0.9831
vn -0.3776 0.0299 0.9255
vn -0.3643 0.0970 0.9262
vn -0.7347 -0.1105 -0.6693
vn -0.5577 0.0856 -0.8256
vn -0.5575 0.0935 -0.8249
vn -0.5457 0.1308 -0.8277
vn -0.4021 0.0891 -0.9113
vn -0.5055 0.0651 -0.8604
vn 0.4458 -0.4065 0.7975
vn 0.5758 0.0104 0.8175
vn -0.0443 0.0132 0.9989
vn -0.0368 -0.5781 0.8151
vn -0.5185 -0.4081 0.7514
vn -0.6466 0.0103 0.7627
vn -0.5176 0.4284 0.7406
vn -0.0353 0.5992 0.7998
vn 0.4464 0.4268 0.7865
vn -0.9691 0.0307 0.2449
vn -0.0854 -0.6473 -0.7574
vn -0.3411 -0.9336 0.1093
vn -0.9239 -0.2936 -0.2456
vn -0.7499 -0.6367 -0.1798
vn -0.7531 -0.6555 0.0566
vn -0.0212 -0.9990 0.0403
vn 0.7238 -0.6900 0.0060
vn -0.9345 -0.0058 -0.3559
vn -0.7402 0.5983 -0.3068
vn -0.7240 0.6878 0.0535
vn -0.9982 0.0275 0.0532
vn -0.2291 0.9731 0.0240
vn 0.4272 0.5307 -0.7320
vn 0.7564 0.6541 -0.0010
vn 0.0240 0.9992 0.0311
vn -0.9828 -0.0284 -0.1822
vn 0.6384 -0.0436 -0.7684
vn 0.9994 -0.0298 -0.0155
vn -0.6999 -0.6386 0.3198
vn -0.0100 -0.9514 0.3077
vn 0.6810 -0.6403 0.3553
vn 0.7361 -0.6767 0.0116
vn 0.0003 -0.9998 0.0186
vn -0.7355 -0.6772 0.0207
vn -0.6989 0.6472 0.3044
vn -0.9692 0.0035 0.2462
vn -0.9999 -0.0000 0.0160
vn -0.7355 0.6774 0.0108
vn 0.0410 0.9985 -0.0363
vn 0.7648 0.6435 -0.0306
vn 0.7460 0.6660 0.0005
vn 0.0087 0.9996 -0.0274
vn -0.7294 0.6834 -0.0311
vn -0.7094 0.7046 -0.0155
vn 0.9562 0.0032 0.2927
vn 0.6822 0.6476 0.3395
vn 0.7381 0.6747 0.0014
vn 1.0000 -0.0011 0.0036
vn -0.0066 -0.9997 0.0216
vn 0.7328 -0.6800 0.0239
vn 0.7212 -0.6909 0.0497
vn -0.0059 -0.9989 0.0465
vn -0.7566 -0.6536 0.0191
vn -0.7409 -0.6715 0.0122
vn -1.0000 0.0032 0.0011
vn -0.9995 0.0282 -0.0127
vn -0.7376 0.6753 -0.0014
vn 0.0020 1.0000 0.0038
vn -0.0080 0.9586 0.2847
vn 0.9998 -0.0017 0.0199
vn 0.7332 0.6799 0.0145
vn 0.9990 -0.0319 0.0303
vn -0.0043 1.0000 0.0044
vn -0.0302 -0.9984 0.0469
vn 0.7103 -0.7034 0.0266
vn -0.7543 -0.6553 0.0403
vn -0.9994 0.0327 0.0143
vn 0.9992 -0.0392 -0.0053
vn -0.9945 0.0102 0.1041
vn -0.9957 0.0263 0.0889
vn -0.9539 0.1694 0.2479
vn -0.9545 0.1589 0.2524
vn -0.9947 0.0441 0.0930
vn -0.9961 0.0265 0.0841
vn -0.9604 0.1102 0.2559
vn -0.9668 -0.0049 0.2555
vn -0.9957 -0.0147 0.0914
vn -0.9914 -0.0830 0.1011
vn -0.9530 -0.1250 0.2760
vn -0.9494 -0.1304 0.2857
vn -0.9876 -0.0970 0.1234
vn -0.3985 -0.1456 0.9055
vn -0.5712 -0.1283 0.8107
vn -0.7441 -0.2332 0.6261
vn -0.8235 -0.2718 0.4979
vn -0.8666 -0.1816 0.4648
vn -0.8942 0.0237 0.4469
vn -0.8736 0.2163 0.4359
vn -0.8609 0.3120 0.4019
vn -0.8545 0.3527 0.3813
vn -0.8701 0.3192 0.3756
vn -0.8721 0.1911 0.4504
vn -0.6973 0.0033 0.7168
vn -0.3782 0.1443 0.9144
vn -0.6727 0.2366 0.7010
vn -0.5898 0.2284 0.7746
vn -0.4578 0.2199 0.8614
vn -0.6105 0.2529 0.7506
vn -0.7630 0.2561 0.5935
vn -0.3790 -0.0644 0.9232
vn -0.3755 -0.4562 0.8067
vn -0.6711 -0.5111 0.5371
vn -0.1032 -0.4172 0.9029
vn -0.1995 -0.0507 0.9786
vn -0.9037 -0.4016 0.1483
vn -0.9530 -0.2970 -0.0592
vn -0.9563 -0.0488 0.2883
vn -0.8676 -0.1401 0.4771
vn -0.9955 0.0178 0.0927
vn -0.9906 0.0466 0.1289
vn -0.9923 0.0402 0.1174
vn -0.9980 -0.0264 0.0578
vn -0.9989 -0.0473 -0.0045
vn -0.9989 0.0270 0.0386
vn -0.9798 0.1211 0.1589
vn -0.9946 0.0272 0.1002
vn -0.8309 0.1742 0.5284
vn -0.9225 0.1742 0.3444
vn -0.8934 0.2421 0.3784
vn -0.9459 -0.0122 0.3243
vn -0.9982 -0.0498 -0.0348
vn -0.7639 0.0127 0.6452
vn -0.4711 -0.1068 0.8756
vn -0.4417 0.0512 0.8957
vn -0.2692 0.0775 0.9600
vn -0.0343 -0.0137 -0.9993
vn -0.0044 -0.0349 -0.9994
vn 0.0392 -0.0038 -0.9992
vn 0.0681 -0.0425 -0.9968
vn -0.3416 -0.0617 -0.9378
vn -0.9170 -0.0316 -0.3976
vn -0.8209 -0.0285 -0.5704
vn -0.3259 0.1992 0.9242
vn -0.1335 0.1830 0.9740
vn 0.0160 0.0571 -0.9982
vn 0.0003 0.0395 -0.9992
vn -0.0318 -0.0122 -0.9994
vn 0.0856 0.0480 -0.9952
vn 0.1892 0.0527 -0.9805
vn 0.2026 0.0329 -0.9787
vn -0.9593 -0.1888 -0.2101
vn -0.8274 -0.1040 -0.5519
vn -0.9966 -0.0629 -0.0534
vn -0.6980 0.1727 0.6950
vn -0.9929 -0.0109 0.1183
vn -0.9913 -0.0628 0.1157
vn -0.9854 0.0344 0.1667
vn -0.9610 0.0727 0.2667
vn -0.8204 0.2616 0.5085
vn -0.7318 0.2597 0.6301
vn -0.0951 -0.0066 0.9954
vn -0.0478 0.0810 0.9956
vn 0.0393 0.1413 0.9892
vn 0.1175 0.1373 0.9835
vn 0.0980 0.0680 0.9929
vn 0.0786 -0.1573 0.9844
vn -0.0041 -0.2419 0.9703
vn -0.1380 0.0152 0.9903
vn -0.0261 0.0670 0.9974
vn -0.8957 0.2133 0.3901
vn -0.8901 0.1302 0.4367
vn -0.8547 0.0457 0.5171
vn -0.6951 -0.0937 -0.7127
vn -0.6870 -0.1169 -0.7172
vn -0.2510 0.3421 -0.9055
vn -0.2385 0.4684 -0.8507
vn -0.1833 0.6650 -0.7240
vn -0.6812 -0.0003 -0.7321
vn -0.6641 0.0382 -0.7467
vn -0.6972 -0.0227 -0.7166
vn -0.7161 -0.0096 -0.6979
vn -0.7170 -0.0167 -0.6968
vn -0.7155 0.0043 -0.6986
vn -0.7122 -0.0197 -0.7017
vn -0.7097 -0.0494 -0.7028
vn -0.7140 -0.0120 -0.7000
vn -0.7061 -0.0037 -0.7081
vn -0.6946 -0.0462 -0.7179
vn -0.6537 0.0866 -0.7518
vn -0.6449 0.1367 -0.7520
vn -0.6883 -0.0874 -0.7201
vn -0.7050 -0.0527 -0.7073
vn -0.7155 -0.0169 -0.6985
vn 0.0206 -0.7192 0.6945
vn -0.0963 0.2125 0.9724
vn 0.3124 0.8565 0.4108
vn -0.6389 0.1800 -0.7479
vn -0.2855 -0.0315 -0.9579
vn -0.3385 0.0486 -0.9397
vn -0.1430 -0.0157 -0.9896
vn -0.1724 -0.0408 -0.9842
vn 0.0113 -0.0024 -0.9999
vn 0.0388 -0.0025 -0.9992
vn -0.0232 -0.0082 -0.9997
vn 0.0008 0.0395 -0.9992
vn 0.0168 0.0490 -0.9987
vn 0.0492 0.0104 -0.9987
vn -0.5914 -0.0680 0.8035
vn -0.5883 -0.0621 0.8062
vn -0.0850 0.0103 0.9963
vn -0.1976 0.0059 0.9803
vn -0.4861 0.0051 0.8739
vn -0.2696 0.0291 0.9625
vn -0.6554 -0.0229 0.7549
vn 0.2132 0.0541 -0.9755
vn 0.2703 0.0553 -0.9612
vn -0.0084 0.0871 -0.9962
vn 0.1712 0.0094 -0.9852
vn 0.0410 0.0254 -0.9988
vn -0.0724 -0.0062 -0.9974
vn -0.1064 -0.0507 -0.9930
vn -0.6775 -0.0470 -0.7340
vn -0.3440 0.1035 -0.9333
vn -0.5833 0.0598 -0.8100
vn -0.2357 0.0430 -0.9709
vn -0.0289 0.0954 -0.9950
vn 0.0778 0.0828 -0.9935
vn 0.1178 0.0405 -0.9922
vn 0.0424 0.0046 -0.9991
vn -0.0908 -0.0302 -0.9954
vn -0.4741 -0.2783 0.8353
vn -0.5766 -0.2805 0.7674
vn -0.5639 0.2260 0.7943
vn -0.5851 0.3982 0.7064
vn -0.5558 -0.3180 0.7681
vn -0.4487 -0.3804 0.8087
vn -0.9122 0.0159 0.4095
vn -0.9993 0.0084 0.0359
vn -0.7852 0.0194 0.6190
vn -0.0601 -0.3963 0.9162
vn -0.1114 0.3831 0.9170
vn -0.1881 0.3299 0.9251
vn -0.3472 -0.3902 0.8528
vn 0.3492 -0.2442 0.9047
vn 0.4677 0.1344 0.8736
vn -0.2695 0.0261 -0.9626
vn -0.5447 0.0174 -0.8384
vn -0.7513 0.0171 -0.6597
vn -0.9185 0.0073 -0.3953
vn 0.0389 0.0375 -0.9985
vn -0.5409 -0.1536 0.8269
vn -0.5307 0.1310 0.8374
vn -0.7381 -0.0358 0.6737
vn -0.9094 0.0156 0.4155
vn -0.9991 0.0390 0.0192
vn -0.1959 -0.0878 0.9767
vn -0.1869 0.4820 0.8560
vn -0.0026 0.1936 0.9811
vn -0.2343 -0.0951 0.9675
vn -0.1843 0.5505 0.8142
vn -0.5794 0.0454 -0.8138
vn -0.7733 0.0610 -0.6311
vn -0.3036 0.0194 -0.9526
vn -0.9170 0.0607 -0.3941
vn -0.0163 -0.0004 -0.9999
vn -0.4415 -0.0629 0.8950
vn -0.4957 0.4173 0.7616
vn -0.8857 -0.3120 0.3437
vn -0.7084 -0.3647 0.6043
vn -0.0845 -0.3025 0.9494
vn -0.2333 -0.3669 0.9005
vn 0.0772 -0.2482 0.9656
vn -0.4190 -0.3774 0.8259
vn -0.1538 0.3827 0.9110
vn -0.0510 -0.3968 0.9165
vn 0.4458 -0.2302 0.8650
vn 0.2931 0.2511 0.9225
vn -0.1681 0.3546 0.9198
vn -0.3072 -0.3922 0.8671
vn -0.5309 0.1249 0.8382
vn -0.5502 -0.1865 0.8140
vn -0.9408 0.0138 0.3388
vn -0.9998 0.0066 -0.0190
vn -0.7727 0.0146 0.6346
vn -0.2022 0.0012 0.9793
vn -0.1492 0.0037 0.9888
vn -0.3339 0.1066 -0.9366
vn -0.5837 0.0869 -0.8073
vn -0.7857 0.0689 -0.6148
vn -0.9265 0.0291 -0.3752
vn -0.2789 0.0086 0.9603
vn -0.6005 -0.0435 0.7985
vn 0.0295 0.0999 -0.9946
vn 0.1738 -0.0757 0.9819
vn -0.1538 0.1652 0.9742
vn -0.1684 0.0917 0.9815
vn -0.4359 -0.2050 0.8763
vn -0.4069 -0.4190 0.8117
vn -0.2051 -0.0695 0.9763
vn -0.0635 -0.0774 0.9950
vn 0.3921 -0.0058 0.9199
vn -0.1353 -0.0709 0.9883
vn -0.4326 -0.3398 0.8351
vn -0.2597 -0.1276 0.9572
vn 0.3067 0.0601 0.9499
vn 0.3142 0.0199 0.9492
vn -0.3987 -0.0398 0.9162
vn -0.4366 -0.0533 0.8981
vn -0.4681 -0.0279 0.8832
vn -0.4394 -0.0373 0.8975
vn -0.0000 0.1736 0.9848
vn -0.0000 0.1738 0.9848
vn -0.0000 0.1737 0.9848
vn -0.0000 0.1735 0.9848
vn -0.0000 -0.1736 -0.9848
vn -0.0000 -0.1738 -0.9848
vn -0.0000 -0.1739 -0.9848
vn 1.0000 -0.0000 -0.0000
vn -0.0000 0.9849 -0.1734
vn -1.0000 -0.0000 -0.0000
vn -0.0000 -0.9847 0.1745
vn -0.0000 -0.9849 0.1734
vn -0.0000 0.9849 -0.1733
vn -0.5934 0.5429 0.5942
vn -0.6235 0.5321 0.5728
vn -0.5848 0.5863 0.5606
vn -0.5018 0.6495 0.5713
vn -0.1986 0.9511 0.2367
vn -0.3184 0.9185 0.2347
vn -0.4360 0.8611 0.2617
vn -0.0591 0.9625 0.2646
vn -0.3939 0.8111 0.4324
vn -0.3679 0.8344 0.4105
vn 0.9269 -0.2757 0.2548
vn 0.9284 -0.2723 0.2528
vn 0.9457 -0.1266 0.2995
vn 0.9357 -0.1404 0.3237
vn 0.0295 0.8963 0.4426
vn -0.0050 0.9408 0.3390
vn -0.0462 0.7627 0.6451
vn -0.1726 0.7571 0.6300
vn 0.9275 -0.3162 0.1993
vn 0.9272 -0.3170 0.1997
vn 0.9350 -0.2263 0.2729
vn 0.9421 -0.1951 0.2727
vn 0.5365 -0.7424 -0.4012
vn 0.4511 -0.8447 -0.2881
vn 0.4100 -0.8617 -0.2989
vn 0.5741 -0.6073 -0.5492
vn 0.6328 -0.6621 -0.4015
vn 0.2888 -0.9555 -0.0608
vn 0.1995 -0.9676 -0.1547
vn 0.3181 -0.8191 -0.4773
vn 0.6399 -0.5229 -0.5632
vn 0.5108 -0.7647 -0.3929
vn 0.0429 -0.8709 -0.4896
vn 0.0724 -0.8047 -0.5892
vn -0.2174 -0.9727 -0.0810
vn 0.2842 -0.6287 -0.7239
vn 0.1628 -0.6289 -0.7603
vn 0.1401 -0.8831 -0.4478
vn 0.5842 0.6147 -0.5300
vn 0.5392 0.6358 -0.5524
vn 0.5761 0.6187 -0.5342
vn -0.8590 -0.5046 -0.0868
vn -0.8589 -0.5046 -0.0869
vn -0.3781 -0.6225 0.6852
vn -0.5040 -0.5828 0.6374
vn -0.4875 -0.5889 0.6446
vn -0.8589 -0.5048 -0.0867
vn -0.8589 -0.5047 -0.0866
vn -0.8589 -0.5048 -0.0869
vn 0.4245 -0.7844 -0.4523
vn -0.1989 -0.8406 0.5037
vn -0.2281 -0.7687 0.5975
vn -0.2135 -0.8071 0.5505
vn 0.6022 0.5415 -0.5866
vn 0.5550 0.4405 -0.7056
vn 0.5761 0.4832 -0.6593
vn -0.1200 -0.8933 0.4331
vn -0.1758 -0.8294 0.5302
vn -0.1466 -0.8650 0.4798
vn 0.4897 -0.7439 -0.4548
vn 0.4562 0.5906 -0.6656
vn 0.5383 0.5965 -0.5953
vn 0.8407 0.2086 0.4996
vn 0.3783 0.6491 0.6600
vn 0.4454 0.6075 0.6578
vn 0.8445 0.1913 0.5002
vn 0.8294 0.2385 0.5052
vn 0.9564 -0.0935 0.2765
vn 0.8710 0.1468 0.4689
vn 0.9460 -0.1666 0.2780
vn 0.8751 0.1242 0.4678
vn 0.8759 0.1084 0.4702
vn 0.4877 0.6369 0.5971
vn 0.5089 0.6020 0.6153
vn -0.8281 -0.2264 -0.5129
vn -0.9427 0.1103 -0.3148
vn -0.9326 0.1228 -0.3395
vn -0.8314 -0.2105 -0.5143
vn -0.8167 -0.2552 -0.5176
vn -0.9533 0.0771 -0.2920
vn -0.8642 -0.1433 -0.4823
vn -0.9414 0.1878 -0.2802
vn -0.9449 0.1592 -0.2860
vn -0.8584 -0.1688 -0.4844
vn -0.8663 -0.1250 -0.4837
vn -0.9346 0.2198 -0.2796
vn -0.2994 -0.6347 0.7124
vn -0.4067 -0.4946 0.7681
vn -0.4260 -0.4746 0.7703
vn -0.2836 -0.6630 0.6928
vn 0.2976 0.7039 -0.6450
vn 0.2800 0.7469 -0.6031
vn 0.3440 0.6017 -0.7208
vn 0.3544 0.5795 -0.7339
vn -0.1672 -0.7524 0.6371
vn -0.2456 -0.6229 0.7427
vn -0.2541 -0.6136 0.7476
vn -0.1770 -0.7669 0.6168
vn 0.2137 0.7990 -0.5621
vn 0.1825 0.8390 -0.5126
vn 0.2322 0.7232 -0.6504
vn 0.2296 0.7057 -0.6702
vn 0.3075 0.6872 0.6582
vn 0.5220 0.5796 0.6257
vn -0.3476 -0.6605 -0.6655
vn -0.4163 -0.6204 -0.6647
vn -0.2753 -0.6970 -0.6621
vn -0.4766 -0.6027 -0.6400
vn -0.4942 -0.5963 -0.6327
vn -0.4463 -0.6161 -0.6490
vn 0.4420 0.4601 -0.7700
vn 0.4609 0.4410 -0.7701
vn 0.2910 0.6264 -0.7232
vn 0.3001 0.6209 -0.7242
vn 0.0345 0.8508 0.5244
vn -0.2937 0.6980 0.6531
vn -0.5688 -0.4832 0.6656
vn -0.5481 -0.4588 0.6994
vn -0.6182 -0.5508 0.5607
vn -0.5183 -0.5391 0.6639
vn -0.4578 -0.5277 0.7155
vn -0.9287 0.2597 -0.2647
vn -0.9271 0.2633 -0.2666
vn -0.9279 0.3115 -0.2049
vn -0.9275 0.3123 -0.2053
vn 0.2619 0.7859 -0.5602
vn 0.1542 0.8708 -0.4668
vn 0.5017 0.6495 0.5713
vn 0.5846 0.5865 0.5605
vn 0.6234 0.5325 0.5726
vn 0.5933 0.5432 0.5940
vn 0.0588 0.9626 0.2643
vn 0.4360 0.8610 0.2619
vn 0.3182 0.9185 0.2346
vn 0.1985 0.9511 0.2367
vn 0.3678 0.8344 0.4104
vn 0.3938 0.8111 0.4325
vn -0.9356 -0.1407 0.3238
vn -0.9457 -0.1263 0.2994
vn -0.9284 -0.2724 0.2529
vn -0.9268 -0.2759 0.2549
vn 0.0051 0.9407 0.3392
vn -0.0295 0.8963 0.4425
vn 0.1726 0.7571 0.6301
vn 0.0460 0.7629 0.6449
vn -0.9421 -0.1951 0.2727
vn -0.9351 -0.2262 0.2728
vn -0.9272 -0.3168 0.1996
vn -0.9276 -0.3160 0.1992
vn -0.5740 -0.6074 -0.5491
vn -0.4099 -0.8618 -0.2988
vn -0.4511 -0.8447 -0.2880
vn -0.5365 -0.7425 -0.4011
vn -0.3182 -0.8190 -0.4775
vn -0.1997 -0.9675 -0.1550
vn -0.2887 -0.9555 -0.0609
vn -0.6329 -0.6619 -0.4017
vn -0.5107 -0.7647 -0.3929
vn -0.6397 -0.5231 -0.5631
vn -0.0723 -0.8048 -0.5891
vn -0.0431 -0.8708 -0.4898
vn 0.2169 -0.9728 -0.0815
vn -0.1632 -0.6283 -0.7607
vn -0.2843 -0.6285 -0.7240
vn -0.1399 -0.8832 -0.4477
vn -0.5762 0.6184 -0.5344
vn -0.5393 0.6356 -0.5525
vn -0.5844 0.6143 -0.5302
vn 0.8590 -0.5046 -0.0868
vn 0.8589 -0.5047 -0.0868
vn 0.3781 -0.6225 0.6852
vn 0.4875 -0.5890 0.6445
vn 0.5039 -0.5829 0.6374
vn 0.8590 -0.5045 -0.0869
vn 0.8589 -0.5048 -0.0868
vn -0.4242 -0.7841 -0.4531
vn 0.1989 -0.8406 0.5037
vn 0.2137 -0.8071 0.5504
vn 0.2286 -0.7687 0.5974
vn -0.6021 0.5419 -0.5864
vn -0.5760 0.4834 -0.6592
vn -0.5550 0.4406 -0.7056
vn 0.1207 -0.8932 0.4331
vn 0.1467 -0.8650 0.4799
vn 0.1754 -0.8294 0.5304
vn -0.4901 -0.7441 -0.4540
vn -0.5383 0.5961 -0.5957
vn -0.4564 0.5902 -0.6659
vn -0.8445 0.1914 0.5002
vn -0.4455 0.6079 0.6573
vn -0.3783 0.6491 0.6599
vn -0.8408 0.2086 0.4996
vn -0.9566 -0.0929 0.2761
vn -0.8294 0.2385 0.5053
vn -0.8750 0.1242 0.4679
vn -0.9459 -0.1669 0.2782
vn -0.8708 0.1465 0.4692
vn -0.5089 0.6021 0.6152
vn -0.4876 0.6369 0.5972
vn -0.8760 0.1085 0.4700
vn 0.8313 -0.2104 -0.5145
vn 0.9324 0.1232 -0.3396
vn 0.9427 0.1103 -0.3150
vn 0.8280 -0.2265 -0.5129
vn 0.9533 0.0773 -0.2919
vn 0.8168 -0.2552 -0.5174
vn 0.8583 -0.1680 -0.4848
vn 0.9448 0.1595 -0.2861
vn 0.9414 0.1878 -0.2802
vn 0.8641 -0.1433 -0.4825
vn 0.9347 0.2194 -0.2795
vn 0.8664 -0.1252 -0.4833
vn 0.2838 -0.6630 0.6928
vn 0.4258 -0.4744 0.7705
vn 0.4065 -0.4944 0.7683
vn 0.2995 -0.6346 0.7125
vn -0.3541 0.5794 -0.7341
vn -0.3436 0.6017 -0.7211
vn -0.2781 0.7472 -0.6036
vn -0.2964 0.7041 -0.6453
vn 0.1764 -0.7669 0.6171
vn 0.2538 -0.6138 0.7476
vn 0.2454 -0.6230 0.7427
vn 0.1666 -0.7523 0.6374
vn -0.2302 0.7059 -0.6699
vn -0.2329 0.7233 -0.6501
vn -0.1838 0.8388 -0.5125
vn -0.2147 0.7990 -0.5617
vn -0.3070 0.6869 0.6587
vn -0.5220 0.5797 0.6257
vn 0.4163 -0.6205 -0.6645
vn 0.3476 -0.6605 -0.6655
vn 0.2750 -0.6968 -0.6624
vn 0.4940 -0.5957 -0.6334
vn 0.4765 -0.6025 -0.6403
vn 0.4463 -0.6163 -0.6488
vn -0.4608 0.4409 -0.7702
vn -0.4419 0.4600 -0.7702
vn -0.3003 0.6207 -0.7242
vn -0.2912 0.6263 -0.7232
vn -0.0348 0.8511 0.5239
vn 0.2938 0.6979 0.6532
vn 0.5481 -0.4588 0.6994
vn 0.5688 -0.4833 0.6655
vn 0.4578 -0.5280 0.7153
vn 0.5183 -0.5394 0.6637
vn 0.6182 -0.5509 0.5606
vn 0.9270 0.2635 -0.2667
vn 0.9286 0.2600 -0.2648
vn 0.9280 0.3112 -0.2048
vn 0.9276 0.3120 -0.2052
vn -0.2593 0.7863 -0.5608
vn -0.1557 0.8706 -0.4667
vn 0.0571 0.0412 0.9975
vn 0.0467 0.0336 0.9983
vn 0.0466 0.0336 0.9983
vn 0.0569 0.0414 0.9975
vn 0.0572 0.0411 0.9975
vn 0.0466 0.0333 0.9984
vn 0.0572 0.0409 0.9975
vn 0.0466 0.0335 0.9984
vn 0.0566 0.0412 0.9975
vn 0.0679 0.0486 0.9965
vn 0.0679 0.0487 0.9965
vn 0.0673 0.0487 0.9965
vn 0.0674 0.0487 0.9965
vn -0.0337 -0.0243 -0.9991
vn -0.0406 -0.0293 -0.9987
vn -0.0404 -0.0294 -0.9988
vn -0.0337 -0.0241 -0.9991
vn -0.0406 -0.0292 -0.9987
vn -0.0406 -0.0291 -0.9988
vn -0.0337 -0.0242 -0.9991
vn -0.0402 -0.0293 -0.9988
vn -0.0476 -0.0341 -0.9983
vn -0.0476 -0.0342 -0.9983
vn -0.0473 -0.0342 -0.9983
vn -0.6054 0.7959 -0.0000
vn -0.6320 0.7750 -0.0000
vn -0.6074 0.7944 -0.0000
vn -0.8194 -0.5732 -0.0000
vn -0.8193 -0.5734 -0.0000
vn 0.6130 -0.7901 -0.0000
vn 0.5914 -0.8064 -0.0000
vn 0.5930 -0.8052 -0.0000
vn -0.8191 -0.5737 -0.0000
vn -0.8191 -0.5736 -0.0000
vn 0.8195 0.5730 -0.0000
vn 0.5707 -0.8211 -0.0000
vn -0.4891 0.8723 -0.0000
vn 0.6445 -0.7646 -0.0000
vn 0.8194 0.5732 -0.0000
vn -0.5799 0.8147 -0.0000
vn -0.0584 0.0601 0.9965
vn -0.0581 0.0602 0.9965
vn -0.0474 0.0487 0.9977
vn -0.0585 0.0600 0.9965
vn -0.0585 0.0598 0.9965
vn -0.0474 0.0483 0.9977
vn -0.0474 0.0484 0.9977
vn -0.0578 0.0599 0.9965
vn -0.0474 0.0485 0.9977
vn -0.0697 0.0714 0.9950
vn -0.0698 0.0713 0.9950
vn -0.0691 0.0713 0.9951
vn -0.0692 0.0712 0.9951
vn 0.0363 -0.0373 -0.9986
vn 0.0440 -0.0456 -0.9980
vn 0.0442 -0.0455 -0.9980
vn 0.0363 -0.0370 -0.9987
vn 0.0443 -0.0453 -0.9980
vn 0.0443 -0.0454 -0.9980
vn 0.0363 -0.0371 -0.9987
vn 0.0438 -0.0454 -0.9980
vn 0.0524 -0.0536 -0.9972
vn 0.0519 -0.0535 -0.9972
vn 0.7343 0.6789 -0.0000
vn 0.7363 0.6766 -0.0000
vn 0.7569 0.6535 -0.0000
vn 0.7071 -0.7071 -0.0000
vn 0.7072 -0.7070 -0.0000
vn -0.7409 -0.6717 -0.0000
vn -0.7240 -0.6898 -0.0000
vn -0.7223 -0.6916 -0.0000
vn 0.7070 -0.7072 -0.0000
vn 0.7068 -0.7074 -0.0000
vn -0.7071 0.7071 -0.0000
vn -0.7047 -0.7095 -0.0000
vn 0.6331 0.7741 -0.0000
vn -0.7675 -0.6411 -0.0000
vn -0.7067 0.7075 -0.0000
vn 0.7126 0.7016 -0.0000
vn 0.1010 -0.0000 0.9949
vn 0.0990 0.0197 0.9949
vn 0.0933 0.0386 0.9949
vn 0.0840 0.0561 0.9949
vn 0.0714 0.0714 0.9949
vn 0.0561 0.0839 0.9949
vn 0.0387 0.0933 0.9949
vn 0.0197 0.0991 0.9949
vn -0.0000 0.1009 0.9949
vn -0.0197 0.0990 0.9949
vn -0.0386 0.0933 0.9949
vn -0.0561 0.0840 0.9949
vn -0.0714 0.0714 0.9949
vn -0.0840 0.0561 0.9949
vn -0.0933 0.0386 0.9949
vn -0.0990 0.0197 0.9949
vn -0.1010 -0.0000 0.9949
vn -0.0990 -0.0197 0.9949
vn -0.0933 -0.0386 0.9949
vn -0.0840 -0.0561 0.9949
vn -0.0714 -0.0714 0.9949
vn -0.0561 -0.0840 0.9949
vn -0.0386 -0.0933 0.9949
vn -0.0197 -0.0990 0.9949
vn -0.0000 -0.1010 0.9949
vn 0.0197 -0.0990 0.9949
vn 0.0386 -0.0933 0.9949
vn 0.0561 -0.0839 0.9949
vn 0.0714 -0.0714 0.9949
vn 0.0840 -0.0561 0.9949
vn 0.0933 -0.0387 0.9949
vn 0.0990 -0.0197 0.9949
vn 0.1942 0.0386 0.9802
vn 0.1980 -0.0000 0.9802
vn 0.1829 0.0758 0.9802
vn 0.1646 0.1100 0.9802
vn 0.1400 0.1400 0.9802
vn 0.1100 0.1646 0.9802
vn 0.0758 0.1829 0.9802
vn 0.0386 0.1942 0.9802
vn -0.0000 0.1980 0.9802
vn -0.0386 0.1942 0.9802
vn -0.0758 0.1829 0.9802
vn -0.1100 0.1646 0.9802
vn -0.1400 0.1400 0.9802
vn -0.1646 0.1100 0.9802
vn -0.1829 0.0758 0.9802
vn -0.1942 0.0386 0.9802
vn -0.1980 -0.0000 0.9802
vn -0.1942 -0.0386 0.9802
vn -0.1829 -0.0758 0.9802
vn -0.1646 -0.1100 0.9802
vn -0.1400 -0.1400 0.9802
vn -0.1100 -0.1646 0.9802
vn -0.0757 -0.1829 0.9802
vn -0.0386 -0.1942 0.9802
vn -0.0000 -0.1980 0.9802
vn 0.0386 -0.1942 0.9802
vn 0.0758 -0.1829 0.9802
vn 0.1100 -0.1646 0.9802
vn 0.1400 -0.1400 0.9802
vn 0.1646 -0.1100 0.9802
vn 0.1829 -0.0758 0.9802
vn 0.1942 -0.0386 0.9802
vn 0.2874 0.0572 0.9561
vn 0.2930 -0.0000 0.9561
vn 0.2708 0.1121 0.9561
vn 0.2437 0.1628 0.9561
vn 0.2072 0.2072 0.9561
vn 0.1628 0.2437 0.9561
vn 0.1121 0.2708 0.9561
vn 0.0572 0.2874 0.9561
vn -0.0000 0.2931 0.9561
vn -0.0572 0.2874 0.9561
vn -0.1122 0.2708 0.9561
vn -0.1628 0.2437 0.9561
vn -0.2072 0.2072 0.9561
vn -0.2437 0.1628 0.9561
vn -0.2707 0.1121 0.9561
vn -0.2874 0.0572 0.9561
vn -0.2931 -0.0000 0.9561
vn -0.2874 -0.0572 0.9561
vn -0.2707 -0.1121 0.9561
vn -0.2436 -0.1628 0.9561
vn -0.2072 -0.2072 0.9561
vn -0.1628 -0.2437 0.9561
vn -0.1121 -0.2707 0.9561
vn -0.0572 -0.2874 0.9561
vn -0.0000 -0.2931 0.9561
vn 0.0572 -0.2874 0.9561
vn 0.1121 -0.2707 0.9561
vn 0.1628 -0.2437 0.9561
vn 0.2072 -0.2072 0.9561
vn 0.2437 -0.1628 0.9561
vn 0.2708 -0.1121 0.9561
vn 0.2874 -0.0572 0.9561
vn 0.3779 0.0752 0.9228
vn 0.3853 -0.0000 0.9228
vn 0.3559 0.1474 0.9228
vn 0.3203 0.2140 0.9228
vn 0.2724 0.2724 0.9228
vn 0.2140 0.3203 0.9228
vn 0.1474 0.3559 0.9228
vn 0.0751 0.3779 0.9228
vn -0.0000 0.3853 0.9228
vn -0.0752 0.3779 0.9228
vn -0.1474 0.3559 0.9228
vn -0.2141 0.3203 0.9228
vn -0.2724 0.2724 0.9228
vn -0.3203 0.2141 0.9228
vn -0.3559 0.1474 0.9228
vn -0.3778 0.0752 0.9228
vn -0.3852 -0.0000 0.9228
vn -0.3778 -0.0752 0.9228
vn -0.3559 -0.1474 0.9228
vn -0.3203 -0.2141 0.9228
vn -0.2724 -0.2724 0.9228
vn -0.2140 -0.3203 0.9228
vn -0.1474 -0.3559 0.9228
vn -0.0752 -0.3778 0.9228
vn -0.0000 -0.3852 0.9228
vn 0.0752 -0.3778 0.9228
vn 0.1474 -0.3559 0.9228
vn 0.2140 -0.3203 0.9228
vn 0.2724 -0.2724 0.9228
vn 0.3203 -0.2140 0.9228
vn 0.3559 -0.1474 0.9228
vn 0.3779 -0.0752 0.9228
vn 0.4647 0.0924 0.8806
vn 0.4738 -0.0000 0.8806
vn 0.4378 0.1813 0.8806
vn 0.3939 0.2633 0.8806
vn 0.3350 0.3350 0.8806
vn 0.2632 0.3940 0.8806
vn 0.1813 0.4377 0.8806
vn 0.0924 0.4647 0.8806
vn -0.0000 0.4738 0.8806
vn -0.0924 0.4647 0.8806
vn -0.1813 0.4377 0.8806
vn -0.2632 0.3940 0.8806
vn -0.3350 0.3351 0.8806
vn -0.3940 0.2633 0.8806
vn -0.4378 0.1813 0.8806
vn -0.4647 0.0924 0.8806
vn -0.4738 -0.0000 0.8806
vn -0.4647 -0.0924 0.8806
vn -0.4378 -0.1813 0.8806
vn -0.3940 -0.2632 0.8806
vn -0.3350 -0.3350 0.8806
vn -0.2632 -0.3940 0.8806
vn -0.1813 -0.4377 0.8806
vn -0.0924 -0.4647 0.8806
vn -0.0000 -0.4738 0.8806
vn 0.0924 -0.4647 0.8806
vn 0.1813 -0.4377 0.8806
vn 0.2632 -0.3940 0.8806
vn 0.3350 -0.3350 0.8806
vn 0.3940 -0.2632 0.8806
vn 0.4377 -0.1813 0.8806
vn 0.4647 -0.0925 0.8806
vn 0.5470 0.1088 0.8300
vn 0.5578 -0.0000 0.8300
vn 0.5153 0.2134 0.8300
vn 0.4637 0.3099 0.8300
vn 0.3944 0.3944 0.8300
vn 0.3099 0.4638 0.8300
vn 0.2135 0.5153 0.8300
vn 0.1088 0.5470 0.8300
vn -0.0000 0.5578 0.8300
vn -0.1088 0.5470 0.8300
vn -0.2135 0.5153 0.8300
vn -0.3099 0.4638 0.8300
vn -0.3944 0.3944 0.8300
vn -0.4638 0.3099 0.8300
vn -0.5153 0.2134 0.8300
vn -0.5470 0.1088 0.8300
vn -0.5578 -0.0000 0.8300
vn -0.5471 -0.1088 0.8300
vn -0.5153 -0.2135 0.8300
vn -0.4637 -0.3099 0.8300
vn -0.3944 -0.3944 0.8300
vn -0.3099 -0.4638 0.8300
vn -0.2134 -0.5153 0.8300
vn -0.1088 -0.5471 0.8300
vn -0.0000 -0.5578 0.8300
vn 0.1088 -0.5471 0.8300
vn 0.2134 -0.5153 0.8300
vn 0.3099 -0.4638 0.8300
vn 0.3944 -0.3944 0.8300
vn 0.4638 -0.3099 0.8300
vn 0.5153 -0.2134 0.8300
vn 0.5470 -0.1088 0.8300
vn 0.6240 0.1241 0.7715
vn 0.6362 -0.0000 0.7715
vn 0.5878 0.2435 0.7715
vn 0.5290 0.3534 0.7715
vn 0.4498 0.4499 0.7715
vn 0.3535 0.5290 0.7715
vn 0.2435 0.5878 0.7715
vn 0.1241 0.6240 0.7715
vn -0.0000 0.6362 0.7715
vn -0.1241 0.6240 0.7715
vn -0.2435 0.5878 0.7715
vn -0.3535 0.5290 0.7715
vn -0.4498 0.4499 0.7715
vn -0.5289 0.3534 0.7715
vn -0.5877 0.2435 0.7716
vn -0.6239 0.1241 0.7716
vn -0.6362 -0.0000 0.7715
vn -0.6240 -0.1241 0.7715
vn -0.5878 -0.2434 0.7715
vn -0.5290 -0.3535 0.7715
vn -0.4498 -0.4499 0.7715
vn -0.3534 -0.5290 0.7715
vn -0.2435 -0.5878 0.7715
vn -0.1241 -0.6239 0.7715
vn -0.0000 -0.6362 0.7716
vn 0.1241 -0.6239 0.7716
vn 0.2435 -0.5878 0.7715
vn 0.3534 -0.5290 0.7715
vn 0.4498 -0.4499 0.7715
vn 0.5290 -0.3534 0.7715
vn 0.5878 -0.2434 0.7715
vn 0.6240 -0.1241 0.7715
vn 0.6950 0.1383 0.7056
vn 0.7086 -0.0000 0.7056
vn 0.6547 0.2712 0.7056
vn 0.5892 0.3937 0.7056
vn 0.5010 0.5011 0.7056
vn 0.3937 0.5892 0.7056
vn 0.2712 0.6547 0.7056
vn 0.1382 0.6950 0.7056
vn -0.0000 0.7086 0.7056
vn -0.1382 0.6950 0.7056
vn -0.2712 0.6547 0.7056
vn -0.3937 0.5892 0.7056
vn -0.5010 0.5011 0.7056
vn -0.5892 0.3937 0.7056
vn -0.6547 0.2712 0.7056
vn -0.6950 0.1383 0.7056
vn -0.7086 -0.0000 0.7056
vn -0.6950 -0.1383 0.7056
vn -0.6547 -0.2712 0.7056
vn -0.5892 -0.3937 0.7056
vn -0.5011 -0.5011 0.7056
vn -0.3937 -0.5892 0.7056
vn -0.2712 -0.6547 0.7056
vn -0.1383 -0.6950 0.7056
vn -0.0000 -0.7086 0.7056
vn 0.1382 -0.6950 0.7056
vn 0.2712 -0.6547 0.7056
vn 0.3937 -0.5892 0.7056
vn 0.5011 -0.5011 0.7056
vn 0.5892 -0.3937 0.7056
vn 0.6547 -0.2712 0.7056
vn 0.6950 -0.1382 0.7056
vn 0.7594 0.1511 0.6329
vn 0.7743 -0.0000 0.6329
vn 0.7153 0.2963 0.6329
vn 0.6438 0.4301 0.6329
vn 0.5475 0.5475 0.6329
vn 0.4302 0.6438 0.6329
vn 0.2963 0.7153 0.6329
vn 0.1510 0.7594 0.6329
vn -0.0000 0.7742 0.6329
vn -0.1510 0.7593 0.6329
vn -0.2963 0.7153 0.6329
vn -0.4301 0.6438 0.6329
vn -0.5475 0.5475 0.6329
vn -0.6438 0.4301 0.6329
vn -0.7153 0.2963 0.6329
vn -0.7594 0.1511 0.6328
vn -0.7743 -0.0000 0.6329
vn -0.7594 -0.1511 0.6329
vn -0.7153 -0.2963 0.6329
vn -0.6438 -0.4301 0.6329
vn -0.5475 -0.5475 0.6329
vn -0.4302 -0.6438 0.6329
vn -0.2963 -0.7153 0.6329
vn -0.1511 -0.7594 0.6328
vn -0.0000 -0.7743 0.6328
vn 0.1511 -0.7594 0.6328
vn 0.2963 -0.7153 0.6329
vn 0.4302 -0.6438 0.6329
vn 0.5475 -0.5475 0.6329
vn 0.6438 -0.4302 0.6328
vn 0.7153 -0.2963 0.6328
vn 0.7594 -0.1510 0.6329
vn 0.8164 0.1624 0.5542
vn 0.8323 -0.0000 0.5543
vn 0.7690 0.3186 0.5542
vn 0.6921 0.4625 0.5542
vn 0.5886 0.5886 0.5542
vn 0.4625 0.6921 0.5542
vn 0.3185 0.7690 0.5542
vn 0.1624 0.8164 0.5542
vn -0.0000 0.8324 0.5542
vn -0.1624 0.8164 0.5542
vn -0.3185 0.7690 0.5542
vn -0.4625 0.6921 0.5542
vn -0.5886 0.5886 0.5542
vn -0.6921 0.4625 0.5542
vn -0.7690 0.3185 0.5542
vn -0.8164 0.1624 0.5542
vn -0.8324 -0.0000 0.5542
vn -0.8164 -0.1624 0.5542
vn -0.7690 -0.3185 0.5542
vn -0.6921 -0.4624 0.5542
vn -0.5886 -0.5886 0.5542
vn -0.4624 -0.6921 0.5542
vn -0.3185 -0.7690 0.5542
vn -0.1624 -0.8164 0.5542
vn -0.0000 -0.8324 0.5542
vn 0.1624 -0.8164 0.5542
vn 0.3185 -0.7690 0.5542
vn 0.4624 -0.6921 0.5542
vn 0.5886 -0.5886 0.5542
vn 0.6921 -0.4624 0.5542
vn 0.7690 -0.3185 0.5542
vn 0.8164 -0.1624 0.5543
vn 0.8657 0.1722 0.4701
vn 0.8826 -0.0000 0.4701
vn 0.8154 0.3378 0.4701
vn 0.7338 0.4903 0.4701
vn 0.6241 0.6241 0.4701
vn 0.4904 0.7338 0.4701
vn 0.3377 0.8154 0.4701
vn 0.1722 0.8656 0.4701
vn -0.0000 0.8826 0.4701
vn -0.1722 0.8656 0.4701
vn -0.3377 0.8154 0.4702
vn -0.4904 0.7338 0.4702
vn -0.6241 0.6241 0.4702
vn -0.7339 0.4903 0.4701
vn -0.8154 0.3378 0.4701
vn -0.8656 0.1722 0.4701
vn -0.8826 -0.0000 0.4702
vn -0.8656 -0.1722 0.4701
vn -0.8154 -0.3378 0.4701
vn -0.7338 -0.4903 0.4702
vn -0.6241 -0.6241 0.4702
vn -0.4903 -0.7339 0.4701
vn -0.3378 -0.8154 0.4702
vn -0.1722 -0.8656 0.4702
vn -0.0000 -0.8826 0.4702
vn 0.1722 -0.8656 0.4702
vn 0.3377 -0.8154 0.4702
vn 0.4903 -0.7339 0.4701
vn 0.6241 -0.6241 0.4702
vn 0.7338 -0.4903 0.4702
vn 0.8154 -0.3378 0.4702
vn 0.8656 -0.1722 0.4701
vn 0.9066 0.1803 0.3816
vn 0.9243 -0.0000 0.3816
vn 0.8540 0.3537 0.3816
vn 0.7685 0.5135 0.3816
vn 0.6536 0.6536 0.3816
vn 0.5135 0.7686 0.3816
vn 0.3537 0.8540 0.3816
vn 0.1803 0.9066 0.3816
vn -0.0000 0.9243 0.3817
vn -0.1803 0.9066 0.3816
vn -0.3537 0.8540 0.3816
vn -0.5135 0.7686 0.3816
vn -0.6536 0.6536 0.3816
vn -0.7685 0.5135 0.3816
vn -0.8539 0.3537 0.3817
vn -0.9066 0.1803 0.3816
vn -0.9243 -0.0000 0.3816
vn -0.9066 -0.1803 0.3816
vn -0.8540 -0.3537 0.3816
vn -0.7686 -0.5135 0.3816
vn -0.6536 -0.6536 0.3816
vn -0.5135 -0.7685 0.3816
vn -0.3538 -0.8539 0.3817
vn -0.1803 -0.9066 0.3816
vn -0.0000 -0.9243 0.3816
vn 0.1803 -0.9066 0.3816
vn 0.3537 -0.8539 0.3817
vn 0.5135 -0.7685 0.3816
vn 0.6536 -0.6536 0.3816
vn 0.7686 -0.5135 0.3816
vn 0.8540 -0.3537 0.3815
vn 0.9066 -0.1803 0.3815
vn 0.9388 0.1868 0.2894
vn 0.9572 -0.0000 0.2895
vn 0.8843 0.3663 0.2894
vn 0.7959 0.5318 0.2894
vn 0.6768 0.6768 0.2894
vn 0.5318 0.7959 0.2894
vn 0.3663 0.8843 0.2894
vn 0.1867 0.9388 0.2894
vn -0.0000 0.9572 0.2894
vn -0.1867 0.9388 0.2894
vn -0.3663 0.8844 0.2894
vn -0.5318 0.7959 0.2894
vn -0.6768 0.6769 0.2894
vn -0.7959 0.5318 0.2894
vn -0.8843 0.3663 0.2894
vn -0.9388 0.1867 0.2894
vn -0.9572 -0.0000 0.2894
vn -0.9388 -0.1867 0.2894
vn -0.8844 -0.3663 0.2894
vn -0.7959 -0.5318 0.2894
vn -0.6769 -0.6768 0.2894
vn -0.5318 -0.7959 0.2894
vn -0.3663 -0.8843 0.2894
vn -0.1867 -0.9388 0.2894
vn -0.0000 -0.9572 0.2894
vn 0.1867 -0.9388 0.2894
vn 0.3663 -0.8843 0.2895
vn 0.5318 -0.7959 0.2894
vn 0.6769 -0.6768 0.2894
vn 0.7959 -0.5318 0.2894
vn 0.8844 -0.3663 0.2894
vn 0.9388 -0.1868 0.2894
vn 0.9620 0.1914 0.1945
vn 0.9809 -0.0000 0.1945
vn 0.9062 0.3754 0.1945
vn 0.8156 0.5450 0.1945
vn 0.6936 0.6936 0.1945
vn 0.5450 0.8156 0.1945
vn 0.3754 0.9062 0.1944
vn 0.1914 0.9621 0.1945
vn -0.0000 0.9809 0.1945
vn -0.1914 0.9621 0.1945
vn -0.3754 0.9062 0.1945
vn -0.5450 0.8156 0.1945
vn -0.6936 0.6936 0.1945
vn -0.8156 0.5450 0.1945
vn -0.9062 0.3754 0.1945
vn -0.9621 0.1914 0.1945
vn -0.9809 -0.0000 0.1945
vn -0.9621 -0.1914 0.1945
vn -0.9062 -0.3754 0.1945
vn -0.8156 -0.5450 0.1946
vn -0.6936 -0.6936 0.1945
vn -0.5450 -0.8156 0.1945
vn -0.3754 -0.9062 0.1945
vn -0.1913 -0.9621 0.1945
vn -0.0000 -0.9809 0.1945
vn 0.1913 -0.9621 0.1945
vn 0.3754 -0.9062 0.1945
vn 0.5450 -0.8156 0.1945
vn 0.6936 -0.6936 0.1945
vn 0.8156 -0.5449 0.1945
vn 0.9062 -0.3754 0.1946
vn 0.9620 -0.1914 0.1946
vn 0.9761 0.1942 0.0975
vn 0.9952 -0.0000 0.0975
vn 0.9195 0.3809 0.0975
vn 0.8275 0.5529 0.0975
vn 0.7037 0.7037 0.0975
vn 0.5529 0.8275 0.0975
vn 0.3808 0.9195 0.0975
vn 0.1942 0.9761 0.0975
vn -0.0000 0.9952 0.0975
vn -0.1942 0.9761 0.0975
vn -0.3808 0.9195 0.0975
vn -0.5529 0.8275 0.0975
vn -0.7037 0.7037 0.0975
vn -0.8275 0.5529 0.0975
vn -0.9195 0.3808 0.0975
vn -0.9761 0.1941 0.0975
vn -0.9952 -0.0000 0.0975
vn -0.9761 -0.1941 0.0975
vn -0.9195 -0.3808 0.0976
vn -0.8275 -0.5529 0.0976
vn -0.7037 -0.7037 0.0975
vn -0.5529 -0.8275 0.0975
vn -0.3809 -0.9195 0.0975
vn -0.1942 -0.9761 0.0975
vn -0.0000 -0.9952 0.0975
vn 0.1942 -0.9761 0.0975
vn 0.3809 -0.9195 0.0975
vn 0.5529 -0.8275 0.0975
vn 0.7037 -0.7037 0.0975
vn 0.8275 -0.5529 0.0975
vn 0.9195 -0.3809 0.0975
vn 0.9761 -0.1941 0.0975
vn 0.9808 0.1951 -0.0000
vn 0.9239 0.3827 -0.0000
vn 0.8315 0.5556 -0.0000
vn 0.7071 0.7071 -0.0000
vn 0.5555 0.8315 -0.0000
vn 0.3827 0.9239 -0.0000
vn 0.1951 0.9808 -0.0000
vn -0.0000 1.0000 -0.0000
vn -0.1951 0.9808 -0.0000
vn -0.3827 0.9239 -0.0000
vn -0.5556 0.8315 -0.0000
vn -0.8315 0.5556 -0.0000
vn -0.9239 0.3827 -0.0000
vn -0.9808 0.1950 -0.0000
vn -0.9808 -0.1950 -0.0000
vn -0.9239 -0.3827 -0.0000
vn -0.8315 -0.5556 -0.0000
vn -0.7071 -0.7071 -0.0000
vn -0.5556 -0.8315 -0.0000
vn -0.3827 -0.9239 -0.0000
vn -0.1951 -0.9808 -0.0000
vn -0.0000 -1.0000 -0.0000
vn 0.1951 -0.9808 -0.0000
vn 0.3827 -0.9239 -0.0000
vn 0.5556 -0.8315 -0.0000
vn 0.8315 -0.5556 -0.0000
vn 0.9239 -0.3827 -0.0000
vn 0.9808 -0.1951 -0.0000
vn 0.9761 0.1942 -0.0975
vn 0.9952 -0.0000 -0.0975
vn 0.9195 0.3809 -0.0975
vn 0.8275 0.5529 -0.0975
vn 0.7037 0.7037 -0.0975
vn 0.5529 0.8275 -0.0975
vn 0.3808 0.9195 -0.0975
vn 0.1942 0.9761 -0.0975
vn -0.0000 0.9952 -0.0975
vn -0.1942 0.9761 -0.0975
vn -0.3808 0.9195 -0.0975
vn -0.5529 0.8275 -0.0975
vn -0.7037 0.7037 -0.0975
vn -0.8275 0.5529 -0.0975
vn -0.9195 0.3808 -0.0975
vn -0.9761 0.1941 -0.0975
vn -0.9952 -0.0000 -0.0975
vn -0.9761 -0.1941 -0.0975
vn -0.9195 -0.3808 -0.0976
vn -0.8275 -0.5529 -0.0975
vn -0.7037 -0.7037 -0.0975
vn -0.5529 -0.8275 -0.0975
vn -0.3809 -0.9195 -0.0975
vn -0.1942 -0.9761 -0.0975
vn -0.0000 -0.9952 -0.0975
vn 0.1942 -0.9761 -0.0975
vn 0.3809 -0.9195 -0.0975
vn 0.5529 -0.8275 -0.0975
vn 0.7037 -0.7037 -0.0975
vn 0.8275 -0.5529 -0.0975
vn 0.9195 -0.3809 -0.0975
vn 0.9761 -0.1941 -0.0975
vn 0.9620 0.1914 -0.1946
vn 0.9809 -0.0000 -0.1945
vn 0.9062 0.3754 -0.1945
vn 0.8156 0.5450 -0.1945
vn 0.6936 0.6936 -0.1945
vn 0.5450 0.8156 -0.1945
vn 0.3754 0.9062 -0.1945
vn 0.1914 0.9621 -0.1945
vn -0.0000 0.9809 -0.1945
vn -0.1914 0.9621 -0.1945
vn -0.3754 0.9062 -0.1945
vn -0.5450 0.8156 -0.1945
vn -0.6936 0.6936 -0.1945
vn -0.8156 0.5450 -0.1945
vn -0.9062 0.3754 -0.1945
vn -0.9621 0.1914 -0.1945
vn -0.9809 -0.0000 -0.1945
vn -0.9621 -0.1914 -0.1945
vn -0.9062 -0.3754 -0.1945
vn -0.8156 -0.5450 -0.1946
vn -0.6936 -0.6936 -0.1945
vn -0.5450 -0.8156 -0.1945
vn -0.3754 -0.9062 -0.1945
vn -0.1913 -0.9621 -0.1945
vn -0.0000 -0.9809 -0.1945
vn 0.1913 -0.9621 -0.1945
vn 0.3754 -0.9062 -0.1945
vn 0.5450 -0.8156 -0.1945
vn 0.6936 -0.6936 -0.1945
vn 0.8156 -0.5449 -0.1945
vn 0.9062 -0.3754 -0.1946
vn 0.9620 -0.1914 -0.1946
vn 0.9388 0.1868 -0.2895
vn 0.9572 -0.0000 -0.2895
vn 0.8843 0.3663 -0.2895
vn 0.7959 0.5318 -0.2895
vn 0.6768 0.6768 -0.2895
vn 0.5318 0.7959 -0.2895
vn 0.3663 0.8843 -0.2895
vn 0.1867 0.9388 -0.2895
vn -0.0000 0.9572 -0.2894
vn -0.1867 0.9388 -0.2894
vn -0.3663 0.8843 -0.2894
vn -0.5318 0.7959 -0.2894
vn -0.6768 0.6768 -0.2894
vn -0.7959 0.5318 -0.2894
vn -0.8843 0.3663 -0.2895
vn -0.9388 0.1867 -0.2894
vn -0.9572 -0.0000 -0.2894
vn -0.9388 -0.1867 -0.2894
vn -0.8843 -0.3663 -0.2894
vn -0.7959 -0.5318 -0.2894
vn -0.6769 -0.6768 -0.2894
vn -0.5318 -0.7959 -0.2895
vn -0.3663 -0.8843 -0.2895
vn -0.1867 -0.9388 -0.2895
vn -0.0000 -0.9572 -0.2894
vn 0.1867 -0.9388 -0.2895
vn 0.3663 -0.8843 -0.2895
vn 0.5318 -0.7959 -0.2895
vn 0.6769 -0.6768 -0.2894
vn 0.7959 -0.5318 -0.2894
vn 0.8843 -0.3663 -0.2894
vn 0.9388 -0.1868 -0.2895
vn 0.9066 0.1803 -0.3816
vn 0.9243 -0.0000 -0.3816
vn 0.8540 0.3537 -0.3816
vn 0.7685 0.5135 -0.3816
vn 0.6536 0.6536 -0.3816
vn 0.5135 0.7686 -0.3816
vn 0.3537 0.8540 -0.3816
vn 0.1803 0.9066 -0.3816
vn -0.0000 0.9243 -0.3817
vn -0.1803 0.9066 -0.3816
vn -0.3537 0.8540 -0.3816
vn -0.5135 0.7686 -0.3816
vn -0.6536 0.6536 -0.3816
vn -0.7685 0.5135 -0.3816
vn -0.8539 0.3537 -0.3817
vn -0.9066 0.1803 -0.3816
vn -0.9243 -0.0000 -0.3816
vn -0.9066 -0.1803 -0.3816
vn -0.8540 -0.3537 -0.3816
vn -0.7686 -0.5135 -0.3816
vn -0.6536 -0.6536 -0.3816
vn -0.5135 -0.7685 -0.3816
vn -0.3538 -0.8539 -0.3817
vn -0.1803 -0.9066 -0.3816
vn -0.0000 -0.9243 -0.3816
vn 0.1803 -0.9066 -0.3816
vn 0.3537 -0.8539 -0.3817
vn 0.5135 -0.7685 -0.3816
vn 0.6536 -0.6536 -0.3816
vn 0.7686 -0.5135 -0.3816
vn 0.8540 -0.3537 -0.3815
vn 0.9066 -0.1803 -0.3815
vn 0.8657 0.1722 -0.4701
vn 0.8826 -0.0000 -0.4700
vn 0.8154 0.3378 -0.4701
vn 0.7339 0.4904 -0.4701
vn 0.6241 0.6241 -0.4701
vn 0.4904 0.7339 -0.4701
vn 0.3377 0.8154 -0.4701
vn 0.1722 0.8657 -0.4701
vn -0.0000 0.8826 -0.4701
vn -0.1722 0.8657 -0.4701
vn -0.3377 0.8154 -0.4701
vn -0.4904 0.7338 -0.4701
vn -0.6241 0.6241 -0.4701
vn -0.7339 0.4904 -0.4701
vn -0.8155 0.3378 -0.4701
vn -0.8657 0.1722 -0.4701
vn -0.8826 -0.0000 -0.4701
vn -0.8657 -0.1722 -0.4701
vn -0.8154 -0.3378 -0.4701
vn -0.7339 -0.4903 -0.4701
vn -0.6241 -0.6241 -0.4701
vn -0.4903 -0.7339 -0.4701
vn -0.3378 -0.8154 -0.4701
vn -0.1722 -0.8656 -0.4701
vn -0.0000 -0.8826 -0.4702
vn 0.1722 -0.8656 -0.4702
vn 0.3378 -0.8154 -0.4701
vn 0.4903 -0.7339 -0.4701
vn 0.6241 -0.6241 -0.4701
vn 0.7338 -0.4903 -0.4701
vn 0.8154 -0.3378 -0.4701
vn 0.8657 -0.1722 -0.4701
vn 0.8164 0.1624 -0.5542
vn 0.8324 -0.0000 -0.5542
vn 0.7690 0.3186 -0.5542
vn 0.6921 0.4625 -0.5542
vn 0.5886 0.5886 -0.5542
vn 0.4625 0.6921 -0.5542
vn 0.3185 0.7691 -0.5541
vn 0.1624 0.8164 -0.5541
vn -0.0000 0.8324 -0.5541
vn -0.1624 0.8164 -0.5541
vn -0.3186 0.7691 -0.5541
vn -0.4625 0.6921 -0.5542
vn -0.5886 0.5886 -0.5542
vn -0.6921 0.4625 -0.5542
vn -0.7690 0.3185 -0.5542
vn -0.8164 0.1624 -0.5542
vn -0.8324 -0.0000 -0.5542
vn -0.8164 -0.1624 -0.5542
vn -0.7690 -0.3185 -0.5542
vn -0.6921 -0.4624 -0.5542
vn -0.5886 -0.5886 -0.5541
vn -0.4625 -0.6921 -0.5541
vn -0.3185 -0.7691 -0.5541
vn -0.1624 -0.8164 -0.5542
vn -0.0000 -0.8324 -0.5542
vn 0.1624 -0.8164 -0.5542
vn 0.3185 -0.7691 -0.5541
vn 0.4625 -0.6921 -0.5541
vn 0.5886 -0.5886 -0.5541
vn 0.6921 -0.4625 -0.5542
vn 0.7690 -0.3186 -0.5542
vn 0.8164 -0.1624 -0.5542
vn 0.7593 0.1510 -0.6330
vn 0.7742 -0.0000 -0.6329
vn 0.7152 0.2963 -0.6330
vn 0.6437 0.4301 -0.6329
vn 0.5475 0.5474 -0.6329
vn 0.4301 0.6437 -0.6329
vn 0.2963 0.7152 -0.6330
vn 0.1510 0.7593 -0.6330
vn -0.0000 0.7742 -0.6330
vn -0.1510 0.7593 -0.6330
vn -0.2963 0.7152 -0.6330
vn -0.4301 0.6437 -0.6329
vn -0.5475 0.5474 -0.6329
vn -0.6437 0.4301 -0.6329
vn -0.7153 0.2963 -0.6329
vn -0.7594 0.1511 -0.6329
vn -0.7742 -0.0000 -0.6329
vn -0.7593 -0.1511 -0.6329
vn -0.7153 -0.2963 -0.6329
vn -0.6437 -0.4301 -0.6329
vn -0.5474 -0.5474 -0.6329
vn -0.4301 -0.6437 -0.6329
vn -0.2963 -0.7153 -0.6329
vn -0.1510 -0.7594 -0.6329
vn -0.0000 -0.7742 -0.6329
vn 0.1510 -0.7594 -0.6329
vn 0.2963 -0.7153 -0.6329
vn 0.4301 -0.6437 -0.6329
vn 0.5475 -0.5474 -0.6329
vn 0.6438 -0.4301 -0.6329
vn 0.7153 -0.2963 -0.6329
vn 0.7593 -0.1510 -0.6329
vn 0.6950 0.1383 -0.7056
vn 0.7086 -0.0000 -0.7056
vn 0.6547 0.2712 -0.7056
vn 0.5892 0.3937 -0.7056
vn 0.5010 0.5011 -0.7056
vn 0.3937 0.5892 -0.7056
vn 0.2712 0.6547 -0.7056
vn 0.1382 0.6950 -0.7056
vn -0.0000 0.7086 -0.7056
vn -0.1382 0.6950 -0.7056
vn -0.2712 0.6547 -0.7056
vn -0.3937 0.5892 -0.7056
vn -0.5010 0.5011 -0.7056
vn -0.5892 0.3937 -0.7056
vn -0.6547 0.2712 -0.7056
vn -0.6950 0.1383 -0.7056
vn -0.7086 -0.0000 -0.7056
vn -0.6950 -0.1383 -0.7056
vn -0.6547 -0.2712 -0.7056
vn -0.5892 -0.3937 -0.7056
vn -0.5011 -0.5011 -0.7056
vn -0.3937 -0.5892 -0.7056
vn -0.2712 -0.6547 -0.7056
vn -0.1383 -0.6950 -0.7056
vn -0.0000 -0.7086 -0.7056
vn 0.1382 -0.6950 -0.7056
vn 0.2712 -0.6547 -0.7056
vn 0.3937 -0.5892 -0.7056
vn 0.5011 -0.5011 -0.7056
vn 0.5892 -0.3937 -0.7056
vn 0.6547 -0.2712 -0.7056
vn 0.6950 -0.1382 -0.7056
vn 0.6240 0.1241 -0.7715
vn 0.6363 -0.0000 -0.7715
vn 0.5879 0.2435 -0.7715
vn 0.5290 0.3535 -0.7715
vn 0.4499 0.4499 -0.7715
vn 0.3535 0.5290 -0.7715
vn 0.2435 0.5878 -0.7714
vn 0.1241 0.6241 -0.7714
vn -0.0000 0.6363 -0.7714
vn -0.1241 0.6241 -0.7714
vn -0.2435 0.5878 -0.7714
vn -0.3535 0.5290 -0.7715
vn -0.4499 0.4499 -0.7715
vn -0.5290 0.3535 -0.7715
vn -0.5878 0.2435 -0.7715
vn -0.6240 0.1241 -0.7715
vn -0.6363 -0.0000 -0.7715
vn -0.6240 -0.1241 -0.7715
vn -0.5878 -0.2435 -0.7715
vn -0.5290 -0.3535 -0.7715
vn -0.4499 -0.4499 -0.7715
vn -0.3535 -0.5290 -0.7715
vn -0.2435 -0.5878 -0.7715
vn -0.1241 -0.6240 -0.7715
vn -0.0000 -0.6362 -0.7715
vn 0.1241 -0.6240 -0.7715
vn 0.2435 -0.5878 -0.7715
vn 0.3535 -0.5290 -0.7715
vn 0.4499 -0.4499 -0.7715
vn 0.5290 -0.3535 -0.7715
vn 0.5878 -0.2435 -0.7715
vn 0.6240 -0.1241 -0.7715
vn 0.5470 0.1088 -0.8301
vn 0.5577 -0.0000 -0.8301
vn 0.5152 0.2134 -0.8301
vn 0.4637 0.3098 -0.8301
vn 0.3943 0.3943 -0.8301
vn 0.3098 0.4637 -0.8301
vn 0.2134 0.5152 -0.8301
vn 0.1088 0.5469 -0.8301
vn -0.0000 0.5577 -0.8301
vn -0.1088 0.5469 -0.8301
vn -0.2134 0.5152 -0.8301
vn -0.3098 0.4637 -0.8301
vn -0.3943 0.3944 -0.8301
vn -0.4637 0.3098 -0.8301
vn -0.5152 0.2134 -0.8300
vn -0.5470 0.1088 -0.8301
vn -0.5577 -0.0000 -0.8301
vn -0.5470 -0.1088 -0.8300
vn -0.5152 -0.2134 -0.8301
vn -0.4637 -0.3098 -0.8301
vn -0.3943 -0.3943 -0.8301
vn -0.3098 -0.4637 -0.8300
vn -0.2134 -0.5153 -0.8300
vn -0.1088 -0.5470 -0.8300
vn -0.0000 -0.5577 -0.8301
vn 0.1088 -0.5470 -0.8300
vn 0.2134 -0.5153 -0.8300
vn 0.3098 -0.4637 -0.8301
vn 0.3943 -0.3943 -0.8301
vn 0.4637 -0.3098 -0.8301
vn 0.5152 -0.2134 -0.8301
vn 0.5470 -0.1088 -0.8301
vn 0.4646 0.0924 -0.8807
vn 0.4737 -0.0000 -0.8807
vn 0.4377 0.1813 -0.8807
vn 0.3939 0.2632 -0.8807
vn 0.3350 0.3350 -0.8807
vn 0.2632 0.3939 -0.8807
vn 0.1813 0.4377 -0.8807
vn 0.0924 0.4646 -0.8807
vn -0.0000 0.4737 -0.8807
vn -0.0924 0.4646 -0.8807
vn -0.1813 0.4377 -0.8807
vn -0.2632 0.3939 -0.8807
vn -0.3349 0.3350 -0.8807
vn -0.3939 0.2632 -0.8807
vn -0.4377 0.1813 -0.8807
vn -0.4646 0.0924 -0.8807
vn -0.4737 -0.0000 -0.8807
vn -0.4646 -0.0924 -0.8807
vn -0.4377 -0.1813 -0.8807
vn -0.3939 -0.2632 -0.8807
vn -0.3350 -0.3350 -0.8807
vn -0.2632 -0.3939 -0.8807
vn -0.1813 -0.4377 -0.8807
vn -0.0924 -0.4646 -0.8807
vn -0.0000 -0.4737 -0.8807
vn 0.0924 -0.4646 -0.8807
vn 0.1813 -0.4377 -0.8807
vn 0.2632 -0.3939 -0.8807
vn 0.3350 -0.3350 -0.8807
vn 0.3939 -0.2632 -0.8807
vn 0.4377 -0.1813 -0.8807
vn 0.4646 -0.0924 -0.8807
vn 0.3779 0.0752 -0.9228
vn 0.3854 -0.0000 -0.9228
vn 0.3560 0.1475 -0.9228
vn 0.3204 0.2141 -0.9228
vn 0.2725 0.2725 -0.9228
vn 0.2141 0.3204 -0.9228
vn 0.1475 0.3560 -0.9228
vn 0.0752 0.3780 -0.9228
vn -0.0000 0.3854 -0.9228
vn -0.0752 0.3780 -0.9228
vn -0.1475 0.3560 -0.9228
vn -0.2141 0.3204 -0.9228
vn -0.2725 0.2725 -0.9228
vn -0.3204 0.2141 -0.9228
vn -0.3560 0.1475 -0.9228
vn -0.3779 0.0752 -0.9228
vn -0.3853 -0.0000 -0.9228
vn -0.3779 -0.0752 -0.9228
vn -0.3560 -0.1475 -0.9228
vn -0.3204 -0.2141 -0.9228
vn -0.2725 -0.2725 -0.9228
vn -0.2141 -0.3204 -0.9228
vn -0.1475 -0.3560 -0.9228
vn -0.0752 -0.3779 -0.9228
vn -0.0000 -0.3853 -0.9228
vn 0.0752 -0.3779 -0.9228
vn 0.1475 -0.3560 -0.9228
vn 0.2141 -0.3204 -0.9228
vn 0.2725 -0.2725 -0.9228
vn 0.3204 -0.2141 -0.9228
vn 0.3560 -0.1475 -0.9228
vn 0.3780 -0.0752 -0.9228
vn 0.2874 0.0572 -0.9561
vn 0.2930 -0.0000 -0.9561
vn 0.2708 0.1121 -0.9561
vn 0.2437 0.1628 -0.9561
vn 0.2072 0.2072 -0.9561
vn 0.1628 0.2437 -0.9561
vn 0.1121 0.2708 -0.9561
vn 0.0572 0.2874 -0.9561
vn -0.0000 0.2931 -0.9561
vn -0.0572 0.2874 -0.9561
vn -0.1122 0.2708 -0.9561
vn -0.1628 0.2437 -0.9561
vn -0.2072 0.2072 -0.9561
vn -0.2437 0.1628 -0.9561
vn -0.2707 0.1121 -0.9561
vn -0.2874 0.0572 -0.9561
vn -0.2931 -0.0000 -0.9561
vn -0.2874 -0.0572 -0.9561
vn -0.2708 -0.1121 -0.9561
vn -0.2437 -0.1628 -0.9561
vn -0.2072 -0.2072 -0.9561
vn -0.1628 -0.2437 -0.9561
vn -0.1121 -0.2708 -0.9561
vn -0.0572 -0.2874 -0.9561
vn -0.0000 -0.2931 -0.9561
vn 0.0572 -0.2874 -0.9561
vn 0.1121 -0.2708 -0.9561
vn 0.1628 -0.2437 -0.9561
vn 0.2072 -0.2072 -0.9561
vn 0.2437 -0.1628 -0.9561
vn 0.2708 -0.1122 -0.9561
vn 0.2874 -0.0572 -0.9561
vn 0.1942 0.0386 -0.9802
vn 0.1980 -0.0000 -0.9802
vn 0.1829 0.0758 -0.9802
vn 0.1646 0.1100 -0.9802
vn 0.1400 0.1400 -0.9802
vn 0.1100 0.1646 -0.9802
vn 0.0758 0.1829 -0.9802
vn 0.0386 0.1942 -0.9802
vn -0.0000 0.1980 -0.9802
vn -0.0386 0.1942 -0.9802
vn -0.0757 0.1829 -0.9802
vn -0.1100 0.1646 -0.9802
vn -0.1400 0.1400 -0.9802
vn -0.1646 0.1100 -0.9802
vn -0.1829 0.0757 -0.9802
vn -0.1942 0.0386 -0.9802
vn -0.1980 -0.0000 -0.9802
vn -0.1942 -0.0386 -0.9802
vn -0.1829 -0.0758 -0.9802
vn -0.1646 -0.1100 -0.9802
vn -0.1400 -0.1400 -0.9802
vn -0.1100 -0.1646 -0.9802
vn -0.0757 -0.1829 -0.9802
vn -0.0386 -0.1942 -0.9802
vn -0.0000 -0.1980 -0.9802
vn 0.0386 -0.1942 -0.9802
vn 0.0758 -0.1829 -0.9802
vn 0.1100 -0.1646 -0.9802
vn 0.1400 -0.1400 -0.9802
vn 0.1646 -0.1100 -0.9802
vn 0.1829 -0.0758 -0.9802
vn 0.1942 -0.0386 -0.9802
vn 0.0992 0.0198 -0.9949
vn 0.1011 -0.0000 -0.9949
vn 0.0934 0.0387 -0.9949
vn 0.0841 0.0561 -0.9949
vn 0.0715 0.0715 -0.9949
vn 0.0561 0.0841 -0.9949
vn 0.0387 0.0934 -0.9949
vn 0.0197 0.0992 -0.9949
vn -0.0000 0.1011 -0.9949
vn -0.0197 0.0992 -0.9949
vn -0.0387 0.0934 -0.9949
vn -0.0562 0.0841 -0.9949
vn -0.0715 0.0715 -0.9949
vn -0.0841 0.0562 -0.9949
vn -0.0934 0.0387 -0.9949
vn -0.0992 0.0197 -0.9949
vn -0.1011 -0.0000 -0.9949
vn -0.0992 -0.0197 -0.9949
vn -0.0934 -0.0387 -0.9949
vn -0.0841 -0.0562 -0.9949
vn -0.0715 -0.0715 -0.9949
vn -0.0562 -0.0841 -0.9949
vn -0.0387 -0.0934 -0.9949
vn -0.0197 -0.0992 -0.9949
vn -0.0000 -0.1011 -0.9949
vn 0.0197 -0.0992 -0.9949
vn 0.0387 -0.0934 -0.9949
vn 0.0562 -0.0841 -0.9949
vn 0.0715 -0.0715 -0.9949
vn 0.0841 -0.0562 -0.9949
vn 0.0934 -0.0387 -0.9949
vn 0.0992 -0.0198 -0.9949
vn -0.0000 -0.0000 -1.0000
vn 0.1011 -0.0000 0.9949
vn 0.0991 0.0197 0.9949
vn 0.0934 0.0387 0.9949
vn 0.0841 0.0562 0.9949
vn 0.0715 0.0715 0.9949
vn 0.0562 0.0840 0.9949
vn 0.0387 0.0934 0.9949
vn -0.0000 0.1011 0.9949
vn -0.0197 0.0991 0.9949
vn -0.0387 0.0934 0.9949
vn -0.0562 0.0840 0.9949
vn -0.0715 0.0715 0.9949
vn -0.0841 0.0562 0.9949
vn -0.0934 0.0387 0.9949
vn -0.0992 0.0197 0.9949
vn -0.1011 -0.0000 0.9949
vn -0.0991 -0.0197 0.9949
vn -0.0934 -0.0387 0.9949
vn -0.0841 -0.0562 0.9949
vn -0.0715 -0.0715 0.9949
vn -0.0562 -0.0840 0.9949
vn -0.0387 -0.0934 0.9949
vn -0.0197 -0.0992 0.9949
vn -0.0000 -0.1011 0.9949
vn 0.0197 -0.0992 0.9949
vn 0.0387 -0.0934 0.9949
vn 0.0561 -0.0840 0.9949
vn 0.0715 -0.0715 0.9949
vn 0.0841 -0.0562 0.9949
vn 0.0934 -0.0387 0.9949
vn 0.0991 -0.0197 0.9949
vn 0.1830 0.0758 0.9802
vn 0.1647 0.1100 0.9802
vn 0.0758 0.1830 0.9802
vn -0.0758 0.1830 0.9802
vn -0.1647 0.1100 0.9802
vn -0.1830 0.0758 0.9802
vn -0.1830 -0.0758 0.9802
vn -0.1647 -0.1100 0.9802
vn -0.1100 -0.1647 0.9802
vn -0.0758 -0.1830 0.9802
vn 0.0758 -0.1830 0.9802
vn 0.1100 -0.1647 0.9802
vn 0.1647 -0.1100 0.9802
vn 0.1830 -0.0758 0.9802
vn 0.1942 -0.0387 0.9802
vn 0.2707 0.1121 0.9561
vn 0.2436 0.1628 0.9561
vn 0.1628 0.2436 0.9561
vn 0.1121 0.2707 0.9561
vn -0.0000 0.2930 0.9561
vn -0.1121 0.2707 0.9561
vn -0.2436 0.1628 0.9561
vn -0.2930 -0.0000 0.9561
vn -0.2437 -0.1628 0.9561
vn -0.0571 -0.2874 0.9561
vn -0.0000 -0.2930 0.9561
vn 0.0571 -0.2874 0.9561
vn 0.2707 -0.1121 0.9561
vn 0.3560 0.1475 0.9228
vn 0.3204 0.2141 0.9228
vn 0.2725 0.2725 0.9228
vn 0.2141 0.3204 0.9228
vn 0.1474 0.3560 0.9228
vn 0.0752 0.3779 0.9228
vn -0.0000 0.3854 0.9228
vn -0.1475 0.3560 0.9228
vn -0.2141 0.3204 0.9228
vn -0.2725 0.2725 0.9228
vn -0.3204 0.2141 0.9228
vn -0.3560 0.1475 0.9228
vn -0.3779 0.0752 0.9228
vn -0.3853 -0.0000 0.9228
vn -0.3779 -0.0752 0.9228
vn -0.3560 -0.1475 0.9228
vn -0.3204 -0.2141 0.9228
vn -0.2725 -0.2725 0.9228
vn -0.2141 -0.3204 0.9228
vn -0.1475 -0.3560 0.9228
vn -0.0751 -0.3779 0.9228
vn -0.0000 -0.3853 0.9228
vn 0.0751 -0.3779 0.9228
vn 0.1475 -0.3560 0.9228
vn 0.2141 -0.3204 0.9228
vn 0.2725 -0.2725 0.9228
vn 0.3204 -0.2141 0.9228
vn 0.3560 -0.1475 0.9228
vn 0.4647 0.0925 0.8806
vn 0.3940 0.2632 0.8806
vn 0.3350 0.3351 0.8806
vn 0.2633 0.3940 0.8806
vn 0.1813 0.4378 0.8806
vn -0.1813 0.4378 0.8806
vn -0.2633 0.3940 0.8806
vn -0.3940 0.2632 0.8806
vn -0.4647 0.0925 0.8806
vn -0.4647 -0.0925 0.8806
vn -0.3350 -0.3351 0.8806
vn -0.1814 -0.4378 0.8806
vn -0.0924 -0.4648 0.8806
vn 0.0924 -0.4648 0.8806
vn 0.1814 -0.4378 0.8806
vn 0.3350 -0.3351 0.8806
vn 0.4378 -0.1813 0.8806
vn 0.5470 0.1088 0.8301
vn 0.5577 -0.0000 0.8301
vn 0.5152 0.2134 0.8301
vn 0.4637 0.3098 0.8300
vn 0.3943 0.3944 0.8301
vn 0.3098 0.4637 0.8301
vn 0.2134 0.5152 0.8301
vn -0.0000 0.5577 0.8300
vn -0.2134 0.5152 0.8301
vn -0.3098 0.4637 0.8301
vn -0.3943 0.3944 0.8301
vn -0.4637 0.3098 0.8300
vn -0.5152 0.2134 0.8301
vn -0.5470 0.1088 0.8301
vn -0.5577 -0.0000 0.8301
vn -0.5470 -0.1088 0.8301
vn -0.5152 -0.2134 0.8301
vn -0.4637 -0.3098 0.8300
vn -0.3943 -0.3943 0.8301
vn -0.3098 -0.4637 0.8301
vn -0.2134 -0.5152 0.8300
vn -0.1088 -0.5470 0.8300
vn -0.0000 -0.5577 0.8300
vn 0.1088 -0.5470 0.8300
vn 0.3098 -0.4637 0.8301
vn 0.3943 -0.3943 0.8301
vn 0.4637 -0.3098 0.8300
vn 0.5152 -0.2134 0.8301
vn 0.5470 -0.1088 0.8301
vn 0.5290 0.3535 0.7715
vn 0.4499 0.4499 0.7715
vn -0.4499 0.4499 0.7715
vn -0.5290 0.3535 0.7715
vn -0.5878 0.2435 0.7715
vn -0.6240 0.1241 0.7715
vn -0.5878 -0.2435 0.7715
vn -0.4499 -0.4499 0.7715
vn -0.3535 -0.5290 0.7715
vn -0.2434 -0.5878 0.7715
vn -0.1241 -0.6240 0.7715
vn -0.0000 -0.6362 0.7715
vn 0.1241 -0.6240 0.7715
vn 0.2434 -0.5878 0.7715
vn 0.3535 -0.5290 0.7715
vn 0.4499 -0.4499 0.7715
vn 0.5290 -0.3535 0.7715
vn 0.5878 -0.2435 0.7715
vn 0.5011 0.5010 0.7056
vn -0.5011 0.5010 0.7056
vn -0.5892 0.3936 0.7056
vn -0.5892 -0.3936 0.7056
vn -0.5010 -0.5010 0.7056
vn -0.1382 -0.6950 0.7056
vn 0.5010 -0.5010 0.7056
vn 0.5892 -0.3936 0.7056
vn 0.6950 -0.1383 0.7056
vn 0.7593 0.1511 0.6329
vn 0.7742 -0.0000 0.6329
vn 0.6437 0.4301 0.6329
vn 0.5474 0.5474 0.6330
vn 0.4301 0.6437 0.6329
vn 0.1510 0.7593 0.6330
vn -0.0000 0.7742 0.6330
vn -0.4301 0.6437 0.6329
vn -0.5475 0.5474 0.6329
vn -0.7593 0.1511 0.6329
vn -0.7742 -0.0000 0.6329
vn -0.7593 -0.1511 0.6330
vn -0.7153 -0.2962 0.6330
vn -0.6437 -0.4301 0.6330
vn -0.5474 -0.5474 0.6330
vn -0.4301 -0.6437 0.6330
vn -0.1510 -0.7593 0.6330
vn -0.0000 -0.7742 0.6330
vn 0.1510 -0.7593 0.6330
vn 0.4301 -0.6437 0.6329
vn 0.5474 -0.5474 0.6329
vn 0.6437 -0.4301 0.6330
vn 0.7153 -0.2962 0.6330
vn 0.7593 -0.1511 0.6330
vn 0.8164 0.1624 0.5541
vn 0.8324 -0.0000 0.5541
vn 0.7691 0.3185 0.5542
vn 0.6921 0.4625 0.5541
vn 0.5886 0.5886 0.5541
vn 0.4625 0.6922 0.5541
vn 0.3186 0.7691 0.5541
vn 0.1624 0.8164 0.5541
vn -0.0000 0.8324 0.5541
vn -0.1624 0.8164 0.5541
vn -0.3186 0.7691 0.5541
vn -0.4625 0.6922 0.5541
vn -0.5886 0.5886 0.5541
vn -0.6921 0.4625 0.5541
vn -0.6922 -0.4625 0.5541
vn -0.5886 -0.5886 0.5541
vn -0.4624 -0.6921 0.5541
vn -0.3185 -0.7691 0.5541
vn -0.1624 -0.8164 0.5541
vn -0.0000 -0.8324 0.5541
vn 0.1624 -0.8164 0.5541
vn 0.3185 -0.7691 0.5541
vn 0.5886 -0.5886 0.5541
vn 0.6922 -0.4625 0.5541
vn 0.7691 -0.3185 0.5541
vn 0.8164 -0.1624 0.5541
vn 0.8154 0.3377 0.4701
vn 0.7339 0.4904 0.4701
vn 0.4904 0.7339 0.4701
vn 0.3378 0.8154 0.4701
vn 0.1722 0.8657 0.4701
vn -0.1722 0.8657 0.4701
vn -0.3378 0.8154 0.4701
vn -0.4904 0.7339 0.4701
vn -0.6241 0.6241 0.4701
vn -0.7339 0.4904 0.4701
vn -0.8826 -0.0000 0.4701
vn -0.7339 -0.4904 0.4701
vn -0.6241 -0.6241 0.4700
vn -0.3377 -0.8154 0.4701
vn -0.1722 -0.8657 0.4701
vn -0.0000 -0.8826 0.4701
vn 0.1722 -0.8657 0.4701
vn 0.3377 -0.8154 0.4701
vn 0.6241 -0.6241 0.4700
vn 0.7339 -0.4904 0.4701
vn 0.8154 -0.3377 0.4701
vn 0.8657 -0.1722 0.4701
vn 0.7685 0.5136 0.3816
vn -0.0000 0.9243 0.3816
vn -0.7685 0.5136 0.3816
vn -0.8540 0.3538 0.3816
vn -0.8540 -0.3538 0.3816
vn -0.7685 -0.5136 0.3816
vn -0.5135 -0.7686 0.3816
vn -0.3537 -0.8540 0.3816
vn 0.3537 -0.8540 0.3816
vn 0.5135 -0.7686 0.3816
vn 0.7685 -0.5136 0.3816
vn 0.8540 -0.3537 0.3816
vn 0.9066 -0.1803 0.3816
vn 0.9388 0.1867 0.2894
vn 0.9572 -0.0000 0.2894
vn 0.8844 0.3663 0.2894
vn 0.6769 0.6768 0.2894
vn 0.5318 0.7959 0.2895
vn 0.3663 0.8843 0.2895
vn 0.1868 0.9388 0.2895
vn -0.0000 0.9572 0.2895
vn -0.1868 0.9388 0.2895
vn -0.3663 0.8843 0.2895
vn -0.5318 0.7959 0.2895
vn -0.6769 0.6768 0.2894
vn -0.8843 -0.3664 0.2895
vn 0.3663 -0.8844 0.2894
vn 0.9388 -0.1867 0.2894
vn 0.9620 0.1914 0.1946
vn 0.9809 -0.0000 0.1946
vn 0.9062 0.3754 0.1946
vn 0.8156 0.5449 0.1945
vn 0.3754 0.9062 0.1945
vn 0.1914 0.9620 0.1945
vn -0.1914 0.9620 0.1945
vn -0.9621 0.1913 0.1945
vn -0.9621 -0.1913 0.1945
vn -0.8156 -0.5450 0.1945
vn -0.1914 -0.9621 0.1945
vn 0.1914 -0.9621 0.1945
vn 0.8156 -0.5450 0.1945
vn 0.9062 -0.3754 0.1945
vn 0.9761 0.1941 0.0975
vn 0.9195 0.3809 0.0976
vn 0.8275 0.5529 0.0976
vn -0.8275 0.5529 0.0976
vn -0.9195 0.3809 0.0975
vn -0.9761 0.1941 0.0974
vn -0.9761 -0.1941 0.0974
vn -0.9195 -0.3809 0.0975
vn -0.3808 -0.9195 0.0976
vn -0.1942 -0.9761 0.0976
vn 0.3808 -0.9195 0.0975
vn 0.8275 -0.5529 0.0976
vn 0.9195 -0.3809 0.0976
vn 0.9239 0.3826 -0.0000
vn 0.5556 0.8315 -0.0000
vn -0.9239 0.3826 -0.0000
vn -0.9808 0.1951 -0.0000
vn -0.9808 -0.1951 -0.0000
vn -0.5556 -0.8314 -0.0000
vn 0.9239 -0.3826 -0.0000
vn 0.9761 0.1941 -0.0975
vn 0.9195 0.3809 -0.0976
vn 0.8275 0.5529 -0.0976
vn -0.5529 0.8275 -0.0974
vn -0.9195 0.3809 -0.0975
vn -0.9761 0.1941 -0.0974
vn -0.9952 -0.0000 -0.0974
vn -0.9761 -0.1941 -0.0974
vn -0.9195 -0.3809 -0.0974
vn -0.3808 -0.9195 -0.0975
vn 0.3808 -0.9195 -0.0975
vn 0.8275 -0.5529 -0.0976
vn 0.8156 0.5449 -0.1945
vn -0.9621 0.1913 -0.1945
vn -0.9621 -0.1913 -0.1945
vn -0.8156 -0.5450 -0.1945
vn -0.1914 -0.9621 -0.1945
vn 0.1914 -0.9621 -0.1945
vn 0.8156 -0.5450 -0.1945
vn 0.9062 -0.3754 -0.1945
vn 0.9620 -0.1914 -0.1945
vn 0.9388 0.1867 -0.2894
vn 0.9572 -0.0000 -0.2894
vn 0.8844 0.3663 -0.2894
vn 0.7959 0.5318 -0.2894
vn 0.6769 0.6768 -0.2894
vn 0.1868 0.9388 -0.2895
vn -0.0000 0.9572 -0.2895
vn -0.1868 0.9388 -0.2895
vn -0.3663 0.8843 -0.2895
vn -0.5318 0.7959 -0.2895
vn -0.6769 0.6768 -0.2894
vn -0.8843 0.3663 -0.2894
vn -0.8843 -0.3664 -0.2895
vn -0.5318 -0.7959 -0.2894
vn -0.3663 -0.8843 -0.2894
vn -0.1867 -0.9388 -0.2894
vn -0.0000 -0.9572 -0.2895
vn 0.1867 -0.9388 -0.2894
vn 0.3663 -0.8844 -0.2894
vn 0.5318 -0.7959 -0.2894
vn 0.8844 -0.3663 -0.2894
vn 0.9388 -0.1867 -0.2894
vn 0.7685 0.5135 -0.3817
vn 0.6536 0.6536 -0.3817
vn 0.5135 0.7685 -0.3817
vn 0.1803 0.9065 -0.3817
vn -0.1803 0.9065 -0.3817
vn -0.3537 0.8540 -0.3817
vn -0.5135 0.7685 -0.3817
vn -0.6536 0.6536 -0.3817
vn -0.7685 0.5135 -0.3817
vn -0.8539 0.3538 -0.3816
vn -0.8539 -0.3538 -0.3816
vn -0.7685 -0.5135 -0.3816
vn -0.3537 -0.8539 -0.3817
vn -0.1803 -0.9065 -0.3817
vn -0.0000 -0.9243 -0.3817
vn 0.1803 -0.9065 -0.3817
vn 0.7685 -0.5135 -0.3816
vn 0.8540 -0.3537 -0.3816
vn 0.9066 -0.1803 -0.3816
vn 0.8656 0.1722 -0.4701
vn 0.8826 -0.0000 -0.4701
vn 0.8154 0.3377 -0.4702
vn 0.7338 0.4904 -0.4701
vn 0.4903 0.7338 -0.4701
vn 0.3378 0.8154 -0.4701
vn -0.1722 0.8656 -0.4701
vn -0.3378 0.8154 -0.4701
vn -0.4903 0.7338 -0.4701
vn -0.7338 0.4904 -0.4702
vn -0.8154 0.3378 -0.4702
vn -0.8656 0.1722 -0.4702
vn -0.8826 -0.0000 -0.4702
vn -0.8656 -0.1722 -0.4702
vn -0.8154 -0.3378 -0.4702
vn -0.3377 -0.8154 -0.4701
vn -0.0000 -0.8826 -0.4701
vn 0.1722 -0.8656 -0.4701
vn 0.3377 -0.8154 -0.4701
vn 0.7339 -0.4903 -0.4701
vn 0.8154 -0.3377 -0.4701
vn 0.8656 -0.1722 -0.4701
vn 0.8164 0.1624 -0.5541
vn 0.8324 -0.0000 -0.5541
vn 0.7691 0.3185 -0.5542
vn 0.6921 0.4625 -0.5541
vn 0.5886 0.5886 -0.5541
vn 0.4625 0.6922 -0.5541
vn 0.3186 0.7691 -0.5541
vn -0.4625 0.6922 -0.5541
vn -0.5886 0.5886 -0.5541
vn -0.6921 0.4625 -0.5541
vn -0.6922 -0.4625 -0.5541
vn -0.4624 -0.6921 -0.5541
vn -0.1624 -0.8164 -0.5541
vn -0.0000 -0.8324 -0.5541
vn 0.1624 -0.8164 -0.5541
vn 0.4624 -0.6921 -0.5542
vn 0.6922 -0.4625 -0.5541
vn 0.7691 -0.3185 -0.5541
vn 0.8164 -0.1624 -0.5541
vn 0.7594 0.1511 -0.6329
vn 0.7743 -0.0000 -0.6329
vn 0.7153 0.2963 -0.6329
vn 0.6438 0.4301 -0.6329
vn 0.5475 0.5475 -0.6329
vn 0.4302 0.6438 -0.6329
vn 0.2963 0.7153 -0.6329
vn 0.1510 0.7594 -0.6329
vn -0.0000 0.7743 -0.6329
vn -0.1510 0.7594 -0.6329
vn -0.2963 0.7153 -0.6329
vn -0.4302 0.6438 -0.6328
vn -0.5475 0.5475 -0.6329
vn -0.6438 0.4301 -0.6329
vn -0.7743 -0.0000 -0.6329
vn -0.7594 -0.1511 -0.6329
vn -0.6438 -0.4301 -0.6329
vn -0.5475 -0.5475 -0.6329
vn -0.4301 -0.6438 -0.6329
vn 0.4301 -0.6438 -0.6329
vn 0.5475 -0.5475 -0.6329
vn 0.7594 -0.1511 -0.6329
vn 0.6950 0.1383 -0.7055
vn 0.6547 0.2712 -0.7055
vn 0.5011 0.5011 -0.7055
vn 0.3937 0.5892 -0.7055
vn 0.2712 0.6547 -0.7055
vn 0.1382 0.6951 -0.7055
vn -0.0000 0.7087 -0.7056
vn -0.2712 0.6547 -0.7055
vn -0.3937 0.5892 -0.7055
vn -0.5011 0.5011 -0.7055
vn -0.6547 0.2712 -0.7055
vn -0.6950 0.1383 -0.7055
vn -0.6950 -0.1383 -0.7055
vn -0.6547 -0.2712 -0.7055
vn -0.3937 -0.5892 -0.7055
vn -0.2712 -0.6547 -0.7055
vn -0.1382 -0.6951 -0.7055
vn -0.0000 -0.7087 -0.7055
vn 0.1382 -0.6951 -0.7055
vn 0.2712 -0.6547 -0.7055
vn 0.3937 -0.5892 -0.7055
vn 0.6547 -0.2712 -0.7055
vn 0.6950 -0.1383 -0.7056
vn 0.6239 0.1241 -0.7716
vn 0.6362 -0.0000 -0.7716
vn 0.5877 0.2435 -0.7715
vn 0.5290 0.3534 -0.7716
vn 0.4498 0.4498 -0.7716
vn 0.3534 0.5289 -0.7716
vn 0.2434 0.5877 -0.7716
vn 0.1241 0.6239 -0.7716
vn -0.0000 0.6361 -0.7716
vn -0.1241 0.6239 -0.7716
vn -0.2434 0.5877 -0.7716
vn -0.3534 0.5289 -0.7716
vn -0.4498 0.4498 -0.7716
vn -0.5290 0.3534 -0.7716
vn -0.5877 0.2435 -0.7715
vn -0.6239 0.1241 -0.7716
vn -0.6362 -0.0000 -0.7716
vn -0.6239 -0.1241 -0.7715
vn -0.5877 -0.2435 -0.7715
vn -0.5290 -0.3534 -0.7716
vn -0.4498 -0.4498 -0.7716
vn -0.3534 -0.5289 -0.7716
vn -0.2434 -0.5877 -0.7716
vn -0.1241 -0.6239 -0.7716
vn -0.0000 -0.6362 -0.7716
vn 0.1241 -0.6239 -0.7716
vn 0.2434 -0.5877 -0.7716
vn 0.3534 -0.5289 -0.7716
vn 0.4498 -0.4498 -0.7716
vn 0.5289 -0.3534 -0.7716
vn 0.5877 -0.2435 -0.7716
vn 0.6239 -0.1241 -0.7716
vn 0.4637 0.3098 -0.8300
vn 0.1088 0.5470 -0.8300
vn -0.0000 0.5577 -0.8300
vn -0.1088 0.5470 -0.8301
vn -0.4637 0.3098 -0.8300
vn -0.5152 0.2134 -0.8301
vn -0.5470 -0.1088 -0.8301
vn -0.3098 -0.4637 -0.8301
vn -0.2134 -0.5152 -0.8301
vn 0.2134 -0.5152 -0.8300
vn 0.4647 0.0925 -0.8806
vn 0.4739 -0.0000 -0.8806
vn 0.4378 0.1813 -0.8806
vn 0.3940 0.2632 -0.8806
vn 0.3350 0.3351 -0.8806
vn 0.2633 0.3940 -0.8806
vn 0.1813 0.4378 -0.8806
vn 0.0924 0.4647 -0.8806
vn -0.0000 0.4738 -0.8806
vn -0.0924 0.4647 -0.8806
vn -0.1813 0.4378 -0.8806
vn -0.2633 0.3940 -0.8806
vn -0.3350 0.3351 -0.8806
vn -0.3940 0.2632 -0.8806
vn -0.4378 0.1813 -0.8806
vn -0.4647 0.0925 -0.8806
vn -0.4739 -0.0000 -0.8806
vn -0.4647 -0.0925 -0.8806
vn -0.4378 -0.1813 -0.8806
vn -0.3940 -0.2632 -0.8806
vn -0.3350 -0.3351 -0.8806
vn -0.2633 -0.3940 -0.8806
vn -0.1814 -0.4378 -0.8806
vn -0.0924 -0.4648 -0.8806
vn -0.0000 -0.4739 -0.8806
vn 0.0924 -0.4648 -0.8806
vn 0.1814 -0.4378 -0.8806
vn 0.2633 -0.3940 -0.8806
vn 0.3350 -0.3351 -0.8806
vn 0.3940 -0.2632 -0.8806
vn 0.4378 -0.1813 -0.8806
vn 0.4647 -0.0925 -0.8806
vn 0.3778 0.0752 -0.9228
vn 0.3852 -0.0000 -0.9228
vn 0.3559 0.1474 -0.9228
vn 0.3203 0.2140 -0.9228
vn 0.2724 0.2724 -0.9228
vn 0.2140 0.3203 -0.9228
vn 0.1474 0.3559 -0.9228
vn 0.0751 0.3778 -0.9228
vn -0.0000 0.3852 -0.9228
vn -0.0751 0.3778 -0.9228
vn -0.1474 0.3559 -0.9228
vn -0.2140 0.3203 -0.9228
vn -0.2724 0.2724 -0.9228
vn -0.3203 0.2140 -0.9228
vn -0.3559 0.1474 -0.9228
vn -0.3778 0.0752 -0.9228
vn -0.3852 -0.0000 -0.9228
vn -0.3778 -0.0752 -0.9228
vn -0.3559 -0.1474 -0.9228
vn -0.3203 -0.2140 -0.9228
vn -0.2724 -0.2724 -0.9228
vn -0.2140 -0.3203 -0.9228
vn -0.1475 -0.3559 -0.9228
vn -0.0751 -0.3778 -0.9228
vn -0.0000 -0.3852 -0.9228
vn 0.0751 -0.3778 -0.9228
vn 0.1475 -0.3559 -0.9228
vn 0.2140 -0.3203 -0.9228
vn 0.2724 -0.2724 -0.9228
vn 0.3203 -0.2140 -0.9228
vn 0.3559 -0.1474 -0.9228
vn 0.3778 -0.0752 -0.9228
vn 0.2707 0.1121 -0.9561
vn 0.2436 0.1628 -0.9561
vn 0.1628 0.2436 -0.9561
vn 0.1121 0.2707 -0.9561
vn -0.0000 0.2930 -0.9561
vn -0.1121 0.2707 -0.9561
vn -0.2436 0.1628 -0.9561
vn -0.2930 -0.0000 -0.9561
vn -0.2707 -0.1121 -0.9561
vn -0.1121 -0.2707 -0.9561
vn -0.0571 -0.2874 -0.9561
vn -0.0000 -0.2930 -0.9561
vn 0.0571 -0.2874 -0.9561
vn 0.1121 -0.2707 -0.9561
vn 0.2436 -0.1628 -0.9561
vn 0.2707 -0.1121 -0.9561
vn 0.1830 0.0758 -0.9802
vn 0.1647 0.1100 -0.9802
vn 0.0758 0.1830 -0.9802
vn -0.0758 0.1830 -0.9802
vn -0.1647 0.1100 -0.9802
vn -0.1830 0.0758 -0.9802
vn -0.1830 -0.0758 -0.9802
vn -0.1647 -0.1100 -0.9802
vn -0.1100 -0.1647 -0.9802
vn -0.0758 -0.1830 -0.9802
vn 0.1100 -0.1647 -0.9802
vn 0.1647 -0.1100 -0.9802
vn 0.1830 -0.0758 -0.9802
vn 0.1942 -0.0387 -0.9802
vn 0.0991 0.0197 -0.9949
vn 0.0841 0.0562 -0.9949
vn 0.0714 0.0715 -0.9949
vn 0.0562 0.0840 -0.9949
vn 0.0197 0.0991 -0.9949
vn -0.0197 0.0991 -0.9949
vn -0.0562 0.0840 -0.9949
vn -0.0991 -0.0197 -0.9949
vn -0.0562 -0.0840 -0.9949
vn 0.0561 -0.0840 -0.9949
vn 0.0991 -0.0197 -0.9949
vn 0.7161 -0.6790 -0.1619
vn 0.6339 -0.6553 0.4107
vn 0.0779 -0.8890 0.4511
vn -0.0101 -0.9970 -0.0767
vn 0.9883 0.0390 -0.1474
vn 0.8640 -0.1257 0.4876
vn 0.7020 0.7105 -0.0491
vn 0.6724 0.3963 0.6252
vn 0.0110 0.9967 0.0809
vn 0.1272 0.6354 0.7616
vn -0.7077 0.6873 0.1637
vn -0.4526 0.3839 0.8049
vn -0.9889 -0.0260 0.1463
vn -0.6625 -0.1755 0.7282
vn -0.7081 -0.7043 0.0499
vn -0.4436 -0.6770 0.5873
vn 0.7214 -0.6811 -0.1252
vn -0.0009 -0.9997 -0.0247
vn 0.9880 0.0431 -0.1480
vn 0.6928 0.7161 -0.0852
vn 0.0017 0.9996 0.0279
vn -0.7137 0.6891 0.1260
vn -0.9888 -0.0307 0.1461
vn -0.6986 -0.7104 0.0853
vn 0.7256 -0.6821 -0.0911
vn 0.0074 -0.9997 0.0232
vn 0.9878 0.0467 -0.1488
vn 0.6839 0.7199 -0.1189
vn -0.0066 0.9998 -0.0212
vn -0.7188 0.6892 0.0913
vn -0.9886 -0.0349 0.1464
vn -0.6891 -0.7150 0.1181
vn 0.7286 -0.6821 -0.0621
vn 0.0146 -0.9978 0.0641
vn 0.9875 0.0497 -0.1498
vn 0.6759 0.7220 -0.1480
vn -0.0138 0.9979 -0.0631
vn -0.7230 0.6881 0.0618
vn -0.9883 -0.0400 0.1473
vn -0.6798 -0.7186 0.1465
vn 0.7307 -0.6814 -0.0408
vn 0.0202 -0.9953 0.0944
vn 0.9871 0.0520 -0.1513
vn 0.6694 0.7231 -0.1702
vn -0.0192 0.9953 -0.0944
vn -0.7266 0.6859 0.0402
vn -0.9877 -0.0457 0.1493
vn -0.6715 -0.7216 0.1685
vn 0.7314 -0.6812 -0.0300
vn 0.0235 -0.9936 0.1108
vn 0.9867 0.0538 -0.1531
vn 0.6653 0.7238 -0.1832
vn -0.0222 0.9935 -0.1118
vn -0.7290 0.6839 0.0295
vn -0.9870 -0.0510 0.1523
vn -0.6653 -0.7241 0.1816
vn 0.7526 -0.6563 0.0533
vn 0.0450 -0.9706 0.2364
vn 0.9817 0.0857 -0.1701
vn 0.6280 0.7297 -0.2703
vn -0.0437 0.9735 -0.2244
vn -0.7253 0.6857 -0.0620
vn -0.9896 -0.0285 0.1410
vn -0.6551 -0.7075 0.2651
vn 0.7605 -0.6062 0.2326
vn 0.0872 -0.8780 0.4706
vn 0.9771 0.0942 -0.1908
vn 0.5707 0.6890 -0.4467
vn -0.0849 0.8864 -0.4551
vn -0.7331 0.6339 -0.2466
vn -0.9911 -0.0354 0.1286
vn -0.6000 -0.6710 0.4356
vn 0.7560 -0.4382 0.4862
vn 0.1406 -0.6283 0.7651
vn 0.9601 0.1015 -0.2606
vn 0.4702 0.5444 -0.6946
vn -0.1362 0.6587 -0.7399
vn -0.7189 0.4777 -0.5049
vn -0.9968 -0.0461 0.0655
vn -0.5164 -0.5259 0.6759
vn 0.7017 -0.2127 0.6800
vn 0.1717 -0.3149 0.9335
vn 0.9712 0.0780 -0.2253
vn 0.3866 0.3079 -0.8693
vn -0.1699 0.3231 -0.9310
vn -0.6850 0.2274 -0.6922
vn -0.9903 -0.0838 0.1104
vn -0.4067 -0.3060 0.8608
vn 0.6858 -0.0079 0.7278
vn 0.1805 -0.0637 0.9815
vn 0.9718 0.0827 -0.2207
vn 0.3618 0.0924 -0.9277
vn -0.1793 0.0621 -0.9818
vn -0.6653 0.0137 -0.7465
vn -0.9892 -0.0762 0.1255
vn -0.3827 -0.0985 0.9186
vn 0.6669 0.0478 0.7437
vn 0.1800 0.0150 0.9835
vn 0.9869 0.0702 -0.1454
vn 0.3879 0.0305 -0.9212
vn -0.1783 -0.0096 -0.9839
vn -0.6776 -0.0472 -0.7339
vn -0.9786 -0.0691 0.1939
vn -0.3678 -0.0236 0.9296
vn 0.7114 -0.3227 0.6244
vn 0.1582 -0.4622 0.8726
vn 0.9988 0.0491 0.0028
vn 0.5342 0.3370 -0.7753
vn -0.1638 0.4045 -0.8998
vn -0.7786 0.2579 -0.5721
vn -0.9458 -0.0591 0.3194
vn -0.4418 -0.3711 0.8168
vn 0.7063 -0.6789 0.2005
vn 0.0773 -0.9172 0.3910
vn 0.9925 -0.0226 -0.1204
vn 0.6403 0.6587 -0.3952
vn -0.0736 0.9082 -0.4121
vn -0.7686 0.6158 -0.1730
vn -0.9719 -0.1109 0.2075
vn -0.5648 -0.7160 0.4103
vn 0.5366 -0.6869 -0.4902
vn -0.0664 -0.9084 -0.4129
vn 0.9227 -0.0846 -0.3762
vn 0.7501 0.6116 0.2516
vn 0.0974 0.8520 0.5144
vn -0.6298 0.5672 0.5307
vn -0.9846 -0.1739 -0.0178
vn -0.6392 -0.7173 -0.2775
vn 0.3217 -0.3123 -0.8939
vn -0.1647 -0.3880 -0.9068
vn 0.9648 0.0751 -0.2521
vn 0.6097 0.3491 0.7116
vn 0.1699 0.3584 0.9180
vn -0.3118 0.2845 0.9065
vn -0.9880 -0.0523 0.1457
vn -0.6047 -0.3659 -0.7074
vn 0.4913 -0.4223 -0.7618
vn -0.1406 -0.6058 -0.7831
vn 0.9938 0.1102 0.0170
vn 0.6544 0.5554 0.5132
vn 0.1359 0.6780 0.7224
vn -0.4429 0.4976 0.7458
vn -0.9067 -0.0312 0.4207
vn -0.7056 -0.5100 -0.4919
vn 0.8393 -0.5395 0.0671
vn 0.0520 -0.9418 0.3320
vn 0.9209 0.2336 -0.3122
vn 0.5313 0.7666 -0.3607
vn -0.0660 0.9614 -0.2672
vn -0.6810 0.7230 -0.1164
vn -0.9915 0.0976 0.0858
vn -0.6975 -0.6105 0.3752
vn 0.6458 -0.1893 0.7397
vn 0.1755 -0.2645 0.9483
vn 0.9404 0.0307 -0.3388
vn 0.3247 0.2919 -0.8996
vn -0.1715 0.3186 -0.9323
vn -0.6543 0.2334 -0.7194
vn -0.9928 -0.1125 0.0421
vn -0.3162 -0.2621 0.9118
vn 0.5812 0.1133 0.8058
vn 0.1807 0.0868 0.9797
vn 0.9613 0.0555 -0.2697
vn 0.2319 -0.0491 -0.9715
vn -0.1800 -0.0846 -0.9800
vn -0.5701 -0.1052 -0.8148
vn -0.9877 -0.0895 0.1282
vn -0.2397 0.0481 0.9697
vn 0.5810 0.3518 0.7340
vn 0.1687 0.3605 0.9174
vn 0.9524 0.0807 -0.2941
vn 0.2889 -0.3227 -0.9013
vn -0.1658 -0.3908 -0.9054
vn -0.5832 -0.3722 -0.7221
vn -0.9924 -0.0420 0.1160
vn -0.2708 0.2925 0.9171
vn 0.5841 0.4308 0.6879
vn 0.1610 0.4587 0.8739
vn 0.9868 0.0471 -0.1549
vn 0.3128 -0.3855 -0.8681
vn -0.1569 -0.4578 -0.8751
vn -0.5853 -0.4260 -0.6898
vn -0.9697 -0.0445 0.2404
vn -0.2971 0.3888 0.8721
vn 0.5637 0.3592 0.7438
vn 0.1654 0.3854 0.9078
vn 0.9872 0.0278 -0.1573
vn 0.2867 -0.3370 -0.8968
vn -0.1617 -0.3865 -0.9080
vn -0.5700 -0.3569 -0.7400
vn -0.9786 -0.0190 0.2051
vn -0.2651 0.3403 0.9022
vn 0.5856 0.2441 0.7730
vn 0.1708 0.2726 0.9468
vn 0.9899 0.0381 -0.1366
vn 0.2897 -0.2571 -0.9219
vn -0.1685 -0.2874 -0.9429
vn -0.5851 -0.2594 -0.7684
vn -0.9773 0.0379 0.2084
vn -0.2804 0.2469 0.9276
vn 0.6816 -0.0429 0.7304
vn 0.1759 -0.0764 0.9814
vn 0.9972 0.0703 -0.0241
vn 0.3969 -0.0064 -0.9179
vn -0.1766 -0.0030 -0.9843
vn -0.6880 0.0041 -0.7257
vn -0.9445 0.0882 0.3164
vn -0.3888 -0.0344 0.9207
vn 0.7379 -0.3029 0.6031
vn 0.1621 -0.3914 0.9058
vn 0.9916 -0.0073 -0.1291
vn 0.5067 0.2791 -0.8157
vn -0.1640 0.3622 -0.9175
vn -0.7528 0.2900 -0.5909
vn -0.9760 0.0118 0.2177
vn -0.4876 -0.2926 0.8226
vn 0.7003 -0.6507 0.2934
vn 0.0901 -0.8510 0.5173
vn 0.9896 -0.1112 -0.0916
vn 0.6946 0.5350 -0.4810
vn -0.0951 0.8388 -0.5360
vn -0.8103 0.5461 -0.2126
vn -0.9631 -0.0920 0.2529
vn -0.5632 -0.6431 0.5189
vn 0.5678 -0.7698 -0.2915
vn -0.0363 -0.9798 -0.1968
vn 0.9615 -0.1010 -0.2556
vn 0.6884 0.7215 0.0736
vn 0.0510 0.9621 0.2678
vn -0.6094 0.7289 0.3121
vn -0.9913 -0.0866 0.0993
vn -0.6394 -0.7651 -0.0758
vn 0.5267 -0.7210 -0.4502
vn -0.0747 -0.9025 -0.4242
vn 0.9863 0.0290 -0.1623
vn 0.6452 0.7327 0.2164
vn 0.0787 0.9087 0.4099
vn -0.5101 0.7295 0.4556
vn -0.9719 0.0287 0.2335
vn -0.6504 -0.7267 -0.2211
vn 0.6132 -0.7278 -0.3071
vn -0.0364 -0.9751 -0.2189
vn 0.9794 0.0546 -0.1942
vn 0.6453 0.7638 0.0147
vn 0.0405 0.9809 0.1900
vn -0.5764 0.7586 0.3039
vn -0.9640 0.0452 0.2621
vn -0.6711 -0.7413 -0.0096
vn 0.7249 -0.6871 -0.0490
vn 0.0435 -0.9776 0.2058
vn 0.9602 0.0694 -0.2704
vn 0.5965 0.7353 -0.3217
vn -0.0365 0.9758 -0.2157
vn -0.6605 0.7508 0.0069
vn -0.9638 0.0765 0.2553
vn -0.6551 -0.6771 0.3352
vn 0.7851 -0.5533 0.2783
vn 0.1308 -0.7174 0.6843
vn 0.9360 0.0119 -0.3518
vn 0.5073 0.5410 -0.6708
vn -0.1252 0.7517 -0.6475
vn -0.7329 0.5909 -0.3372
vn -0.9728 0.0651 0.2224
vn -0.5563 -0.4865 0.6737
vn 0.7738 -0.4284 0.4666
vn 0.1643 -0.4978 0.8516
vn 0.9524 -0.0481 -0.3010
vn 0.4699 0.3558 -0.8078
vn -0.1611 0.5186 -0.8397
vn -0.7659 0.4367 -0.4719
vn -0.9583 0.0499 0.2812
vn -0.4760 -0.3391 0.8115
vn 0.7837 -0.3406 0.5194
vn 0.1691 -0.3847 0.9074
vn 0.9547 -0.0514 -0.2930
vn 0.4649 0.2770 -0.8409
vn -0.1743 0.4168 -0.8921
vn -0.7742 0.3536 -0.5250
vn -0.9690 0.0502 0.2421
vn -0.4885 -0.2554 0.8344
vn 0.7820 -0.2804 0.5566
vn 0.1693 -0.3380 0.9258
vn 0.9759 -0.0347 -0.2154
vn 0.5055 0.2377 -0.8294
vn -0.1747 0.3526 -0.9193
vn -0.7910 0.2893 -0.5391
vn -0.9703 0.0335 0.2394
vn -0.5070 -0.2289 0.8310
vn 0.5660 -0.8195 0.0901
vn 0.0655 -0.9209 0.3842
vn 0.6989 -0.5466 -0.4613
vn 0.3537 -0.2854 -0.8908
vn -0.1805 -0.1882 -0.9654
vn -0.6651 -0.2728 -0.6951
vn -0.8302 -0.5363 -0.1524
vn -0.5006 -0.8118 0.3007
vn 0.4294 -0.7793 0.4564
vn 0.4246 -0.7395 0.5223
vn -0.0888 -0.8590 0.5042
vn -0.0752 -0.9010 0.4272
vn 0.8136 -0.4529 0.3646
vn 0.8156 -0.4202 0.3977
vn 0.9836 -0.0129 0.1798
vn 0.9854 0.0065 0.1700
vn 0.8997 0.4334 -0.0518
vn 0.8969 0.4305 -0.1008
vn 0.5711 0.7737 -0.2744
vn 0.5706 0.7445 -0.3467
vn 0.0746 0.9026 -0.4241
vn 0.0882 0.8607 -0.5013
vn -0.4427 0.7737 -0.4532
vn -0.4176 0.7445 -0.5209
vn -0.8275 0.4338 -0.3566
vn -0.8082 0.4308 -0.4016
vn -0.9858 -0.0127 -0.1675
vn -0.9841 0.0069 -0.1775
vn -0.8891 -0.4531 0.0644
vn -0.9024 -0.4203 0.0949
vn -0.5593 -0.7795 0.2822
vn -0.5773 -0.7397 0.3457
vn 0.4490 -0.7972 0.4035
vn -0.0646 -0.9282 0.3664
vn 0.8290 -0.4517 0.3298
vn 0.9850 0.0037 0.1725
vn 0.8889 0.4573 -0.0278
vn 0.5564 0.8000 -0.2245
vn 0.0640 0.9294 -0.3634
vn -0.4457 0.8002 -0.4013
vn -0.8256 0.4576 -0.3302
vn -0.9846 0.0036 -0.1748
vn -0.8917 -0.4519 0.0264
vn -0.5598 -0.7973 0.2256
vn 0.4358 -0.6689 0.6022
vn -0.1066 -0.7904 0.6033
vn 0.8301 -0.3599 0.4259
vn 0.9889 0.0295 0.1456
vn 0.8989 0.4071 -0.1623
vn 0.5809 0.6905 -0.4310
vn 0.1045 0.7981 -0.5934
vn -0.3983 0.6906 -0.6037
vn -0.7890 0.4072 -0.4601
vn -0.9791 0.0293 -0.2013
vn -0.9257 -0.3600 0.1164
vn -0.6156 -0.6688 0.4168
vn 0.3391 -0.3400 0.8771
vn -0.1602 -0.3889 0.9073
vn 0.7762 -0.1992 0.5982
vn 0.9930 0.0035 0.1183
vn 0.9059 0.2100 -0.3677
vn 0.5935 0.3605 -0.7196
vn 0.1578 0.4151 -0.8960
vn -0.3117 0.3605 -0.8791
vn -0.7254 0.2100 -0.6556
vn -0.9735 0.0035 -0.2287
vn -0.9338 -0.1992 0.2971
vn -0.6188 -0.3400 0.7082
vn 0.2501 0.1430 0.9576
vn -0.1714 -0.1657 0.9712
vn 0.7133 0.0867 0.6955
vn 0.9941 -0.0417 0.1001
vn 0.8663 -0.1106 -0.4871
vn 0.5395 -0.1273 -0.8323
vn 0.1720 -0.1306 -0.9764
vn -0.2225 -0.1273 -0.9666
vn -0.6469 -0.1106 -0.7545
vn -0.9682 -0.0419 -0.2465
vn -0.9078 0.0866 0.4103
vn -0.5623 0.1431 0.8144
vn 0.1845 0.2899 0.9391
vn -0.1571 0.4268 0.8906
vn -0.1652 0.3082 0.9369
vn 0.6205 0.2110 0.7553
vn 0.9794 0.0173 0.2014
vn 0.8578 -0.2055 -0.4712
vn 0.4981 -0.3021 -0.8128
vn 0.1642 -0.3229 -0.9321
vn -0.1902 -0.3021 -0.9341
vn -0.6444 -0.2057 -0.7365
vn -0.9891 0.0172 -0.1461
vn -0.8413 0.2111 0.4976
vn -0.4943 0.2900 0.8195
vn 0.2827 -0.2354 0.9299
vn -0.1705 0.1907 0.9667
vn 0.6851 -0.1085 0.7203
vn 0.9581 0.0227 0.2854
vn 0.9413 0.1049 -0.3207
vn 0.6176 0.1826 -0.7650
vn 0.1701 -0.2004 -0.9648
vn -0.3187 0.1825 -0.9301
vn -0.7750 0.1049 -0.6232
vn -0.9979 0.0226 -0.0601
vn -0.8902 -0.1087 0.4425
vn -0.5836 -0.2355 0.7771
vn 0.4098 -0.7376 0.5366
vn -0.1317 -0.6534 0.7455
vn -0.0912 -0.8519 0.5157
vn 0.7942 -0.4373 0.4218
vn 0.9786 -0.0378 0.2025
vn 0.9235 0.3763 -0.0746
vn 0.6107 0.7125 -0.3455
vn 0.0923 0.8474 -0.5229
vn 0.1316 0.6533 -0.7456
vn -0.4553 0.7126 -0.5338
vn -0.8422 0.3765 -0.3858
vn -0.9888 -0.0379 -0.1445
vn -0.8905 -0.4374 0.1249
vn -0.5687 -0.7377 0.3639
vn 0.4685 -0.8349 0.2889
vn -0.0412 -0.9716 0.2332
vn 0.8391 -0.4751 0.2649
vn 0.9848 -0.0016 0.1738
vn 0.8804 0.4726 0.0392
vn 0.5409 0.8341 -0.1085
vn 0.0405 0.9723 -0.2302
vn -0.4709 0.8342 -0.2870
vn -0.8410 0.4722 -0.2642
vn -0.9848 -0.0021 -0.1734
vn -0.8792 -0.4750 -0.0381
vn -0.5393 -0.8348 0.1112
vn 0.4718 -0.8096 0.3493
vn -0.0534 -0.9515 0.3028
vn 0.8439 -0.4469 0.2968
vn 0.9852 0.0146 0.1709
vn 0.8830 0.4694 0.0034
vn 0.5504 0.8172 -0.1708
vn 0.0535 0.9514 -0.3033
vn -0.4588 0.8173 -0.3488
vn -0.8311 0.4691 -0.2988
vn -0.9843 0.0141 -0.1762
vn -0.8947 -0.4466 -0.0098
vn -0.5631 -0.8094 0.1668
vn 0.4393 -0.5885 0.6788
vn -0.1231 -0.7053 0.6981
vn 0.8365 -0.3059 0.4547
vn 0.9917 0.0340 0.1236
vn 0.9051 0.3635 -0.2207
vn 0.5951 0.6211 -0.5099
vn 0.1199 0.7232 -0.6802
vn -0.3849 0.6210 -0.6828
vn -0.7752 0.3634 -0.5167
vn -0.9743 0.0338 -0.2228
vn -0.9415 -0.3058 0.1414
vn -0.6452 -0.5883 0.4875
vn 0.2872 -0.0629 0.9558
vn -0.1583 -0.4124 0.8971
vn 0.7463 -0.0437 0.6642
vn 0.9957 -0.0294 0.0884
vn 0.8885 0.0289 -0.4579
vn 0.5753 0.0942 -0.8125
vn 0.1582 0.4118 -0.8974
vn -0.2628 0.0941 -0.9603
vn -0.6782 0.0289 -0.7343
vn -0.9659 -0.0295 -0.2572
vn -0.9283 -0.0438 0.3693
vn -0.5967 -0.0629 0.8000
vn 0.2428 0.4387 0.8652
vn -0.1694 0.2231 0.9600
vn -0.1693 0.2231 0.9600
vn 0.7005 0.2843 0.6546
vn 0.9930 -0.0273 0.1152
vn 0.8417 -0.3148 -0.4388
vn 0.4983 -0.4497 -0.7413
vn 0.1689 -0.2288 -0.9587
vn -0.2148 -0.4497 -0.8670
vn -0.6408 -0.3148 -0.7002
vn -0.9725 -0.0273 -0.2311
vn -0.8821 0.2843 0.3757
vn -0.5241 0.4391 0.7297
vn 0.2884 0.7082 0.6444
vn -0.1243 0.6979 0.7053
vn -0.1105 0.7710 0.6272
vn 0.7245 0.4644 0.5094
vn 0.9899 -0.0172 0.1408
vn 0.8378 -0.4815 -0.2573
vn 0.4818 -0.7190 -0.5009
vn 0.1082 -0.7816 -0.6144
vn 0.1242 -0.6984 -0.7048
vn -0.2816 -0.7189 -0.6355
vn -0.6994 -0.4814 -0.5283
vn -0.9783 -0.0172 -0.2063
vn -0.8551 0.4643 0.2307
vn -0.4915 0.7082 0.5069
vn 0.2509 0.6373 0.7286
vn -0.1252 0.6920 0.7109
vn 0.6611 0.4319 0.6136
vn 0.9679 0.0266 0.2499
vn 0.8655 -0.4036 -0.2968
vn 0.4974 -0.6153 -0.6115
vn 0.1291 -0.6686 -0.7324
vn -0.2581 -0.6154 -0.7448
vn -0.7118 -0.4035 -0.5749
vn -0.9950 0.0266 -0.0965
vn -0.8313 0.4317 0.3502
vn -0.4851 0.6373 0.5988
vn 0.1484 0.4509 0.8802
vn -0.1530 0.4724 0.8680
vn 0.6204 0.1157 0.7757
vn 0.9670 0.0397 0.2516
vn 0.8937 -0.1005 -0.4373
vn 0.4852 -0.4446 -0.7529
vn 0.1529 -0.4741 -0.8671
vn -0.1981 -0.4446 -0.8736
vn -0.6902 -0.1005 -0.7166
vn -0.9948 0.0402 -0.0939
vn -0.8483 0.1160 0.5166
vn -0.4410 0.4508 0.7761
vn 0.3041 -0.4573 0.8357
vn 0.2199 -0.1696 0.9607
vn -0.1706 -0.1840 0.9680
vn -0.1479 -0.5245 0.8384
vn 0.7087 -0.2699 0.6518
vn 0.9668 -0.0102 0.2553
vn 0.9286 0.2450 -0.2787
vn 0.6019 0.4201 -0.6792
vn 0.5376 0.1639 -0.8271
vn 0.1523 0.4807 -0.8636
vn 0.1710 0.1772 -0.9692
vn -0.3331 0.4201 -0.8441
vn -0.2219 0.1640 -0.9612
vn -0.7775 0.2448 -0.5793
vn -0.9958 -0.0103 -0.0908
vn -0.8890 -0.2699 0.3700
vn -0.5715 -0.4573 0.6814
vn -0.5351 -0.1696 0.8276
vn 0.3870 -0.6680 0.6356
vn -0.1115 -0.7671 0.6318
vn 0.7913 -0.3901 0.4707
vn 0.9849 0.0001 0.1734
vn 0.9043 0.3905 -0.1725
vn 0.5808 0.6679 -0.4653
vn 0.1114 0.7668 -0.6321
vn -0.3864 0.6680 -0.6359
vn -0.7909 0.3904 -0.4713
vn -0.9848 0.0001 -0.1739
vn -0.9045 -0.3903 0.1720
vn -0.5809 -0.6681 0.4650
vn 0.4180 -0.7807 0.4645
vn -0.0764 -0.8981 0.4331
vn 0.8004 -0.4646 0.3787
vn 0.9804 -0.0332 0.1942
vn 0.9092 0.4136 -0.0472
vn 0.5839 0.7610 -0.2827
vn 0.0777 0.8945 -0.4403
vn -0.4519 0.7610 -0.4655
vn -0.8382 0.4137 -0.3553
vn -0.9877 -0.0332 -0.1526
vn -0.8816 -0.4647 0.0821
vn -0.5515 -0.7808 0.2937
vn 0.4743 -0.8675 0.1502
vn -0.0136 -0.9970 0.0766
vn 0.8383 -0.5134 0.1836
vn 0.9848 -0.0247 0.1718
vn 0.8710 0.4771 0.1170
vn 0.5161 0.8560 0.0294
vn 0.0121 0.9976 -0.0688
vn -0.4953 0.8559 -0.1490
vn -0.8584 0.4773 -0.1881
vn -0.9842 -0.0243 -0.1755
vn -0.8504 -0.5136 -0.1142
vn -0.4969 -0.8675 -0.0211
vn 0.4959 -0.8662 0.0614
vn 0.0053 -0.9995 -0.0298
vn 0.8563 -0.4979 0.1373
vn 0.9844 0.0076 0.1755
vn 0.8449 0.5090 0.1647
vn 0.4813 0.8697 0.1092
vn -0.0047 0.9996 0.0264
vn -0.4899 0.8696 -0.0621
vn -0.8502 0.5090 -0.1342
vn -0.9851 0.0080 -0.1718
vn -0.8515 -0.4980 -0.1638
vn -0.4868 -0.8663 -0.1118
vn 0.4896 -0.8446 0.2168
vn -0.0259 -0.9888 0.1473
vn 0.8552 -0.4669 0.2251
vn 0.9846 0.0229 0.1736
vn 0.8617 0.5017 0.0761
vn 0.5153 0.8559 -0.0441
vn 0.0272 0.9878 -0.1533
vn -0.4693 0.8558 -0.2177
vn -0.8358 0.5016 -0.2232
vn -0.9845 0.0232 -0.1736
vn -0.8805 -0.4670 -0.0810
vn -0.5342 -0.8446 0.0363
vn 0.4593 -0.7362 0.4970
vn -0.0843 -0.8737 0.4791
vn 0.8410 -0.3940 0.3709
vn 0.9871 0.0292 0.1577
vn 0.8932 0.4404 -0.0906
vn 0.5718 0.7536 -0.3242
vn 0.0843 0.8744 -0.4779
vn -0.4261 0.7538 -0.5002
vn -0.8083 0.4404 -0.3907
vn -0.9815 0.0292 -0.1893
vn -0.9171 -0.3940 0.0609
vn -0.6015 -0.7363 0.3100
vn 0.4015 -0.5660 0.7201
vn -0.1300 -0.6620 0.7381
vn 0.8063 -0.3145 0.5009
vn 0.9874 0.0111 0.1577
vn 0.9171 0.3318 -0.2208
vn 0.6096 0.5733 -0.5474
vn 0.1296 0.6655 -0.7351
vn -0.3855 0.5734 -0.7229
vn -0.7862 0.3319 -0.5213
vn -0.9818 0.0110 -0.1895
vn -0.9291 -0.3144 0.1948
vn -0.6238 -0.5656 0.5395
vn 0.3741 -0.5083 0.7757
vn -0.1402 -0.5884 0.7963
vn 0.7837 -0.2927 0.5478
vn 0.9842 -0.0022 0.1773
vn 0.9270 0.2885 -0.2396
vn 0.6224 0.5051 -0.5979
vn 0.1405 0.5867 -0.7976
vn -0.3803 0.5051 -0.7748
vn -0.7889 0.2885 -0.5426
vn -0.9854 -0.0021 -0.1702
vn -0.9239 -0.2926 0.2465
vn -0.6167 -0.5084 0.6011
vn 0.3769 -0.4559 0.8063
vn -0.1471 -0.5302 0.8350
vn 0.7903 -0.2572 0.5562
vn 0.9870 0.0072 0.1608
vn 0.9238 0.2680 -0.2733
vn 0.6192 0.4595 -0.6368
vn 0.1470 0.5305 -0.8348
vn -0.3641 0.4596 -0.8101
vn -0.7747 0.2679 -0.5728
vn -0.9824 0.0073 -0.1868
vn -0.9329 -0.2571 0.2520
vn -0.6299 -0.4559 0.6288
vn 0.3600 -0.3428 0.8677
vn -0.1594 -0.3973 0.9038
vn 0.7789 -0.1955 0.5959
vn 0.9863 0.0037 0.1649
vn 0.9300 0.2008 -0.3077
vn 0.6276 0.3443 -0.6982
vn 0.1591 0.3968 -0.9040
vn -0.3517 0.3444 -0.8705
vn -0.7688 0.2008 -0.6072
vn -0.9832 0.0037 -0.1824
vn -0.9358 -0.1955 0.2935
vn -0.6352 -0.3428 0.6921
vn 0.3514 -0.2970 0.8879
vn -0.1632 -0.3430 0.9250
vn 0.7712 -0.1716 0.6131
vn 0.9848 -0.0001 0.1737
vn 0.9345 0.1714 -0.3121
vn 0.6335 0.2970 -0.7145
vn 0.1629 0.3430 -0.9251
vn -0.3510 0.2971 -0.8880
vn -0.7712 0.1716 -0.6131
vn -0.9849 -0.0000 -0.1733
vn -0.9343 -0.1716 0.3126
vn -0.6339 -0.2970 0.7141
vn -0.1543 0.4687 0.8698
vn -0.1534 0.4692 0.8697
vn -0.1543 0.4691 0.8696
vn -0.1544 0.4691 0.8696
vn -0.1537 0.4692 0.8696
vn -0.1532 0.4693 0.8696
vn -0.1529 0.4692 0.8697
vn -0.1525 0.4690 0.8699
vn -0.1525 0.4691 0.8699
vn -0.1528 0.4689 0.8699
vn 0.0585 -0.9391 -0.3387
vn 0.0586 -0.9394 -0.3377
vn 0.0596 -0.9393 -0.3380
vn 0.0595 -0.9393 -0.3380
vn 0.0606 -0.9391 -0.3382
vn 0.0606 -0.9392 -0.3381
vn 0.0596 -0.9393 -0.3379
vn 0.0591 -0.9394 -0.3377
vn 0.0596 -0.9394 -0.3377
vn 0.0601 -0.9393 -0.3377
vn 0.0611 -0.9390 -0.3384
vn 0.5394 -0.8371 0.0913
vn 0.5460 -0.8312 0.1044
vn 0.0313 -0.9747 0.2215
vn 0.0321 -0.9783 0.2046
vn 0.8855 -0.4625 -0.0456
vn 0.8919 -0.4504 -0.0404
vn 0.9860 0.0189 -0.1655
vn 0.9852 0.0331 -0.1683
vn 0.8396 0.4864 -0.2420
vn 0.8302 0.4979 -0.2509
vn 0.4758 0.8409 -0.2580
vn 0.4639 0.8436 -0.2706
vn -0.0325 0.9784 -0.2039
vn -0.0382 0.9750 -0.2189
vn -0.5410 0.8362 -0.0900
vn -0.5385 0.8361 -0.1052
vn -0.8868 0.4598 0.0472
vn -0.8825 0.4690 0.0355
vn -0.9858 -0.0232 0.1666
vn -0.9867 -0.0082 0.1625
vn -0.8372 -0.4903 0.2422
vn -0.8434 -0.4767 0.2479
vn -0.4745 -0.8416 0.2582
vn -0.4806 -0.8337 0.2720
vn 0.5348 -0.8429 0.0600
vn 0.0256 -0.9853 0.1692
vn 0.8826 -0.4659 -0.0637
vn 0.9860 0.0185 -0.1660
vn 0.8431 0.4883 -0.2253
vn 0.4823 0.8457 -0.2285
vn -0.0259 0.9853 -0.1687
vn -0.5368 0.8417 -0.0586
vn -0.8848 0.4612 0.0659
vn -0.9855 -0.0243 0.1677
vn -0.8401 -0.4931 0.2260
vn -0.4803 -0.8468 0.2286
vn 0.5290 -0.8483 0.0234
vn 0.0181 -0.9917 0.1277
vn 0.8793 -0.4686 -0.0851
vn 0.9858 0.0184 -0.1671
vn 0.8464 0.4909 -0.2064
vn 0.4902 0.8497 -0.1942
vn -0.0176 0.9917 -0.1272
vn -0.5315 0.8468 -0.0220
vn -0.8819 0.4633 0.0869
vn -0.9854 -0.0247 0.1684
vn -0.8434 -0.4960 0.2064
vn -0.4870 -0.8517 0.1936
vn 0.5226 -0.8524 -0.0165
vn 0.0096 -0.9966 0.0820
vn 0.8757 -0.4705 -0.1082
vn 0.9856 0.0182 -0.1679
vn 0.8503 0.4928 -0.1848
vn 0.4973 0.8535 -0.1556
vn -0.0093 0.9966 -0.0819
vn -0.5250 0.8509 0.0177
vn -0.8784 0.4650 0.1101
vn -0.9852 -0.0255 0.1693
vn -0.8471 -0.4981 0.1852
vn -0.4943 -0.8553 0.1553
vn 0.5161 -0.8547 -0.0559
vn 0.0015 -0.9993 0.0372
vn 0.8723 -0.4712 -0.1310
vn 0.9855 0.0187 -0.1686
vn 0.8539 0.4941 -0.1636
vn 0.5040 0.8557 -0.1173
vn -0.0012 0.9993 -0.0369
vn -0.5178 0.8536 0.0567
vn -0.8744 0.4669 0.1321
vn -0.9852 -0.0252 0.1693
vn -0.8510 -0.4989 0.1639
vn -0.5014 -0.8572 0.1176
vn 0.5111 -0.8552 -0.0863
vn -0.0049 -1.0000 0.0026
vn 0.8698 -0.4705 -0.1489
vn 0.9852 0.0201 -0.1701
vn 0.8558 0.4953 -0.1489
vn 0.5082 0.8565 -0.0899
vn 0.0046 1.0000 -0.0035
vn -0.5117 0.8549 0.0858
vn -0.8708 0.4686 0.1488
vn -0.9853 -0.0238 0.1694
vn -0.8543 -0.4982 0.1478
vn -0.5069 -0.8574 0.0887
vn 0.5400 -0.8417 0.0057
vn 0.0150 -0.9935 0.1127
vn 0.8888 -0.4473 -0.1001
vn 0.9839 0.0417 -0.1736
vn 0.8379 0.5069 -0.2023
vn 0.4828 0.8567 -0.1815
vn -0.0155 0.9936 -0.1117
vn -0.5202 0.8540 -0.0090
vn -0.8723 0.4799 0.0937
vn -0.9857 -0.0037 0.1684
vn -0.8557 -0.4770 0.2009
vn -0.5024 -0.8450 0.1832
vn 0.5965 -0.7438 0.3015
vn 0.0771 -0.8838 0.4615
vn 0.9210 -0.3859 0.0535
vn 0.9791 0.0549 -0.1956
vn 0.7953 0.4689 -0.3843
vn 0.4181 0.7735 -0.4763
vn -0.0767 0.8893 -0.4509
vn -0.5617 0.7669 -0.3105
vn -0.8937 0.4394 -0.0910
vn -0.9886 0.0087 0.1504
vn -0.8343 -0.4199 0.3571
vn -0.4540 -0.7528 0.4767
vn 0.6305 -0.3970 0.6671
vn 0.1517 -0.4731 0.8678
vn 0.9436 -0.2074 0.2580
vn 0.9704 0.0380 -0.2386
vn 0.7243 0.2722 -0.6335
vn 0.3176 0.4382 -0.8409
vn -0.1501 0.4954 -0.8556
vn -0.5917 0.4252 -0.6849
vn -0.9075 0.2390 -0.3454
vn -0.9936 -0.0086 0.1123
vn -0.7892 -0.2475 0.5620
vn -0.3607 -0.4168 0.8344
vn 0.5851 0.0024 0.8110
vn 0.1764 -0.0089 0.9843
vn 0.9156 0.0132 0.4019
vn 0.9775 0.0175 -0.2102
vn 0.6845 0.0197 -0.7287
vn 0.2486 0.0181 -0.9684
vn -0.1752 0.0115 -0.9845
vn -0.5689 0.0004 -0.8224
vn -0.8961 -0.0152 -0.4436
vn -0.9890 -0.0279 0.1452
vn -0.7174 -0.0255 0.6962
vn -0.2661 -0.0175 0.9638
vn 0.5643 0.1859 0.8044
vn 0.1762 0.1950 0.9649
vn 0.8977 0.1312 0.4206
vn 0.9817 0.0181 -0.1894
vn 0.6842 -0.1023 -0.7221
vn 0.2402 -0.1728 -0.9552
vn -0.1740 -0.1982 -0.9646
vn -0.5578 -0.1892 -0.8082
vn -0.8906 -0.1347 -0.4343
vn -0.9856 -0.0233 0.1675
vn -0.6957 0.0982 0.7116
vn -0.2453 0.1698 0.9545
vn 0.5813 0.4100 0.7028
vn 0.1680 0.4563 0.8738
vn 0.9099 0.2554 0.3269
vn 0.9763 -0.0053 -0.2161
vn 0.6973 -0.2674 -0.6650
vn 0.2653 -0.4213 -0.8672
vn -0.1620 -0.4665 -0.8696
vn -0.5543 -0.4215 -0.7177
vn -0.8795 -0.2757 -0.3880
vn -0.9920 -0.0228 0.1241
vn -0.7434 0.2447 0.6225
vn -0.2872 0.4091 0.8661
vn 0.5606 0.4443 0.6988
vn 0.1686 0.4901 0.8552
vn 0.8832 0.2928 0.3664
vn 0.9894 0.0277 -0.1423
vn 0.7337 -0.2557 -0.6295
vn 0.2765 -0.4288 -0.8600
vn -0.1760 -0.4804 -0.8592
vn -0.5853 -0.4339 -0.6850
vn -0.9099 -0.2744 -0.3112
vn -0.9750 0.0006 0.2222
vn -0.6958 0.2778 0.6624
vn -0.2611 0.4417 0.8583
vn 0.5567 0.2487 0.7927
vn 0.2005 0.1649 0.9657
vn 0.8573 0.2937 0.4228
vn 0.9505 0.2483 -0.1867
vn 0.6433 0.0910 -0.7602
vn 0.1668 -0.0698 -0.9835
vn -0.2515 -0.1838 -0.9502
vn -0.6090 -0.2590 -0.7497
vn -0.8927 -0.2870 -0.3474
vn -0.9419 -0.2322 0.2428
vn -0.6491 -0.0998 0.7542
vn -0.2073 0.0482 0.9771
vn 0.6847 0.0159 0.7286
vn 0.3223 -0.1319 0.9374
vn 0.9264 0.1891 0.3256
vn 0.9177 0.3289 -0.2228
vn 0.6079 0.3478 -0.7137
vn 0.1546 0.2592 -0.9534
vn -0.2838 0.1277 -0.9503
vn -0.6684 -0.0294 -0.7433
vn -0.9309 -0.2022 -0.3041
vn -0.8988 -0.3192 0.3005
vn -0.5496 -0.3229 0.7705
vn -0.0997 -0.2482 0.9636
vn 0.7464 -0.2609 0.6123
vn 0.3537 -0.3920 0.8493
vn 0.9787 -0.0488 0.1994
vn 0.9334 0.1904 -0.3041
vn 0.5987 0.3648 -0.7131
vn 0.1250 0.4257 -0.8962
vn -0.3496 0.3835 -0.8548
vn -0.7517 0.2515 -0.6096
vn -0.9838 0.0414 -0.1743
vn -0.9198 -0.1945 0.3408
vn -0.5753 -0.3669 0.7310
vn -0.1098 -0.4307 0.8958
vn 0.7686 -0.4479 0.4568
vn 0.3689 -0.5659 0.7373
vn 0.9788 -0.1995 0.0459
vn 0.9165 0.1070 -0.3854
vn 0.6039 0.3712 -0.7053
vn 0.1498 0.5292 -0.8352
vn -0.3387 0.5585 -0.7572
vn -0.7603 0.4447 -0.4734
vn -0.9806 0.1933 -0.0313
vn -0.8977 -0.1199 0.4241
vn -0.5629 -0.3842 0.7318
vn -0.1061 -0.5402 0.8348
vn 0.7326 -0.6206 0.2797
vn 0.3331 -0.7180 0.6112
vn 0.9278 -0.3492 -0.1312
vn 0.8674 0.0048 -0.4976
vn 0.5901 0.3457 -0.7296
vn 0.1667 0.6029 -0.7802
vn -0.3192 0.7137 -0.6234
vn -0.7328 0.6219 -0.2761
vn -0.9272 0.3412 0.1547
vn -0.8531 -0.0238 0.5212
vn -0.5663 -0.3674 0.7378
vn -0.1416 -0.6195 0.7721
vn 0.6895 -0.6855 0.2339
vn 0.2571 -0.8217 0.5086
vn 0.9262 -0.3604 -0.1108
vn 0.9070 0.0567 -0.4173
vn 0.6473 0.4603 -0.6075
vn 0.2052 0.7481 -0.6310
vn -0.3045 0.8276 -0.4716
vn -0.7235 0.6662 -0.1809
vn -0.9336 0.3277 0.1447
vn -0.9030 -0.0818 0.4219
vn -0.6532 -0.4642 0.5982
vn -0.2358 -0.7353 0.6354
vn 0.7150 -0.6588 0.2338
vn 0.2530 -0.8570 0.4489
vn 0.9582 -0.2834 -0.0391
vn 0.9466 0.1468 -0.2869
vn 0.7056 0.5395 -0.4595
vn 0.2765 0.8092 -0.5185
vn -0.2500 0.8649 -0.4352
vn -0.7103 0.6670 -0.2248
vn -0.9564 0.2893 0.0404
vn -0.9477 -0.1437 0.2849
vn -0.7082 -0.5350 0.4608
vn -0.2784 -0.8024 0.5279
vn 0.7319 -0.6195 0.2839
vn 0.2480 -0.8126 0.5274
vn 0.9662 -0.2564 -0.0266
vn 0.9440 0.1391 -0.2992
vn 0.7126 0.4972 -0.4949
vn 0.2947 0.7582 -0.5815
vn -0.2431 0.8243 -0.5113
vn -0.7186 0.6353 -0.2827
vn -0.9613 0.2751 0.0148
vn -0.9496 -0.1232 0.2881
vn -0.7242 -0.4815 0.4936
vn -0.3047 -0.7442 0.5945
vn 0.7527 -0.4912 0.4384
vn 0.2466 -0.6339 0.7330
vn 0.9799 -0.1987 0.0186
vn 0.9305 0.1129 -0.3484
vn 0.6891 0.3877 -0.6122
vn 0.2830 0.5952 -0.7521
vn -0.2432 0.6587 -0.7120
vn -0.7230 0.5159 -0.4595
vn -0.9707 0.2277 -0.0769
vn -0.9501 -0.0866 0.2998
vn -0.7189 -0.3623 0.5932
vn -0.3074 -0.5666 0.7645
vn 0.7182 -0.2758 0.6389
vn 0.2190 -0.3271 0.9193
vn 0.9855 -0.1290 0.1102
vn 0.9169 0.0505 -0.3958
vn 0.6454 0.2047 -0.7360
vn 0.2556 0.3166 -0.9135
vn -0.2251 0.3605 -0.9052
vn -0.6991 0.2926 -0.6524
vn -0.9749 0.1284 -0.1818
vn -0.9410 -0.0533 0.3343
vn -0.6709 -0.1987 0.7144
vn -0.2718 -0.2929 0.9167
vn 0.6547 -0.0543 0.7539
vn 0.1840 -0.0559 0.9813
vn 0.9800 -0.0425 0.1943
vn 0.9082 -0.0070 -0.4185
vn 0.6026 0.0332 -0.7973
vn 0.2320 0.0627 -0.9707
vn -0.1881 0.0793 -0.9790
vn -0.6456 0.0690 -0.7605
vn -0.9676 0.0257 -0.2512
vn -0.9297 -0.0131 0.3682
vn -0.6206 -0.0368 0.7833
vn -0.2401 -0.0509 0.9694
vn 0.6059 0.1312 0.7846
vn 0.1594 0.1492 0.9759
vn 0.9690 0.0501 0.2420
vn 0.9059 -0.0512 -0.4204
vn 0.5755 -0.1089 -0.8105
vn 0.2195 -0.1336 -0.9664
vn -0.1579 -0.1391 -0.9776
vn -0.5961 -0.1209 -0.7938
vn -0.9583 -0.0634 -0.2785
vn -0.9215 0.0317 0.3870
vn -0.5901 0.1032 0.8007
vn -0.2242 0.1370 0.9649
vn 0.5815 0.2513 0.7737
vn 0.1524 0.2799 0.9479
vn 0.9594 0.1209 0.2546
vn 0.9099 -0.0747 -0.4080
vn 0.5744 -0.2025 -0.7931
vn 0.2227 -0.2604 -0.9395
vn -0.1438 -0.2794 -0.9493
vn -0.5792 -0.2493 -0.7761
vn -0.9552 -0.1215 -0.2698
vn -0.9182 0.0684 0.3903
vn -0.5798 0.1997 0.7899
vn -0.2150 0.2608 0.9411
vn 0.5733 0.3172 0.7554
vn 0.1688 0.3508 0.9211
vn 0.9547 0.1616 0.2497
vn 0.9098 -0.0909 -0.4050
vn 0.5747 -0.2647 -0.7743
vn 0.2185 -0.3502 -0.9108
vn -0.1538 -0.3806 -0.9118
vn -0.5872 -0.3383 -0.7353
vn -0.9548 -0.1629 -0.2487
vn -0.9189 0.0886 0.3845
vn -0.5740 0.2595 0.7767
vn -0.1919 0.3338 0.9229
vn 0.6055 0.4532 0.6542
vn 0.2186 0.5085 0.8329
vn 0.9619 0.2257 0.1541
vn 0.9005 -0.1420 -0.4111
vn 0.5735 -0.4066 -0.7112
vn 0.1916 -0.5452 -0.8161
vn -0.2037 -0.5814 -0.7877
vn -0.6187 -0.4962 -0.6091
vn -0.9517 -0.2333 -0.1998
vn -0.9294 0.1241 0.3476
vn -0.5830 0.3777 0.7193
vn -0.1601 0.4906 0.8566
vn 0.6893 0.6712 0.2728
vn 0.3035 0.8389 0.4518
vn 0.9637 0.2591 -0.0638
vn 0.9110 -0.2553 -0.3239
vn 0.6120 -0.6594 -0.4367
vn 0.1780 -0.8775 -0.4453
vn -0.2687 -0.8869 -0.3759
vn -0.6588 -0.7127 -0.2409
vn -0.9390 -0.3428 -0.0282
vn -0.9544 0.1574 0.2536
vn -0.6556 0.5958 0.4639
vn -0.1639 0.8358 0.5240
vn 0.6677 0.7318 -0.1366
vn 0.3069 0.9498 -0.0603
vn 0.9359 0.2925 -0.1961
vn 0.9428 -0.2830 -0.1762
vn 0.6473 -0.7565 -0.0933
vn 0.1798 -0.9837 0.0092
vn -0.2784 -0.9552 0.1009
vn -0.6485 -0.7436 0.1625
vn -0.9215 -0.3379 0.1916
vn -0.9565 0.2266 0.1840
vn -0.6677 0.7343 0.1226
vn -0.1631 0.9863 0.0256
vn 0.6270 0.6351 -0.4511
vn 0.2494 0.8452 -0.4727
vn 0.9217 0.2294 -0.3128
vn 0.9539 -0.2984 -0.0320
vn 0.6556 -0.7191 0.2304
vn 0.2039 -0.8969 0.3925
vn -0.2261 -0.8545 0.4677
vn -0.5900 -0.6640 0.4594
vn -0.8872 -0.3095 0.3421
vn -0.9705 0.2141 0.1106
vn -0.6977 0.6889 -0.1963
vn -0.2060 0.8888 -0.4093
vn 0.4984 0.3578 -0.7897
vn 0.0953 0.4676 -0.8788
vn 0.8871 0.1271 -0.4437
vn 0.9672 -0.1965 0.1608
vn 0.6612 -0.4592 0.5932
vn 0.2661 -0.5507 0.7912
vn -0.0883 -0.5203 0.8494
vn -0.4585 -0.3956 0.7958
vn -0.8391 -0.1689 0.5171
vn -0.9844 0.1761 0.0032
vn -0.6946 0.4218 -0.5827
vn -0.2809 0.4859 -0.8276
vn 0.3407 0.0241 -0.9399
vn -0.0394 0.0461 -0.9982
vn 0.8265 -0.0056 -0.5629
vn 0.9737 -0.0523 0.2216
vn 0.6418 -0.1102 0.7589
vn 0.3201 -0.1181 0.9400
vn 0.0585 -0.1074 0.9925
vn -0.3325 -0.0563 0.9414
vn -0.8116 0.0061 0.5842
vn -0.9877 0.0855 -0.1311
vn -0.6500 0.0746 -0.7563
vn -0.3238 0.0582 -0.9443
vn 0.2663 -0.2250 -0.9373
vn -0.0944 -0.2336 -0.9677
vn 0.7974 -0.1321 -0.5888
vn 0.9750 0.0480 0.2170
vn 0.6388 0.1456 0.7555
vn 0.3536 0.1763 0.9186
vn 0.1314 0.1898 0.9730
vn -0.2629 0.2008 0.9437
vn -0.7900 0.1348 0.5981
vn -0.9868 -0.0238 -0.1604
vn -0.6490 -0.1718 -0.7411
vn -0.3515 -0.2201 -0.9100
vn 0.2490 -0.4186 -0.8734
vn -0.1074 -0.4484 -0.8873
vn 0.7899 -0.2406 -0.5641
vn 0.9769 0.1184 0.1778
vn 0.6624 0.3378 0.6687
vn 0.3766 0.4020 0.8346
vn 0.1437 0.4231 0.8946
vn -0.2306 0.4084 0.8832
vn -0.7776 0.2387 0.5818
vn -0.9873 -0.1079 -0.1170
vn -0.6764 -0.3500 -0.6480
vn -0.3739 -0.4297 -0.8219
vn 0.2716 -0.5942 -0.7570
vn -0.1053 -0.6100 -0.7853
vn 0.8191 -0.3753 -0.4339
vn 0.9645 0.1086 0.2408
vn 0.6648 0.4207 0.6173
vn 0.3787 0.5476 0.7462
vn 0.1153 0.6077 0.7857
vn -0.2732 0.6126 0.7417
vn -0.8193 0.3836 0.4262
vn -0.9848 -0.0851 -0.1513
vn -0.7110 -0.4162 -0.5669
vn -0.3998 -0.5561 -0.7286
vn 0.3635 -0.7277 -0.5817
vn -0.0595 -0.7480 -0.6610
vn 0.8651 -0.4470 -0.2274
vn 0.9624 0.0850 0.2581
vn 0.7044 0.4716 0.5305
vn 0.4039 0.6638 0.6295
vn 0.0963 0.7582 0.6449
vn -0.3093 0.7586 0.5735
vn -0.8252 0.4884 0.2839
vn -0.9773 -0.0565 -0.2040
vn -0.7294 -0.4578 -0.5083
vn -0.4035 -0.6616 -0.6321
vn 0.4742 -0.8468 -0.2408
vn -0.0499 -0.9326 -0.3574
vn 0.9119 -0.4099 0.0219
vn 0.9551 0.1521 0.2544
vn 0.7533 0.5595 0.3457
vn 0.4533 0.8171 0.3560
vn 0.0651 0.9464 0.3163
vn -0.4169 0.8807 0.2248
vn -0.8527 0.5169 0.0752
vn -0.9851 -0.0457 -0.1659
vn -0.8106 -0.4934 -0.3153
vn -0.4826 -0.7918 -0.3744
vn 0.5115 -0.7785 0.3636
vn -0.0691 -0.9764 0.2047
vn 0.8709 -0.3019 0.3877
vn 0.9407 0.1849 0.2845
vn 0.8049 0.5782 0.1337
vn 0.5121 0.8577 -0.0461
vn 0.0540 0.9738 -0.2207
vn -0.4709 0.8223 -0.3194
vn -0.8486 0.4188 -0.3232
vn -0.9536 -0.0771 -0.2911
vn -0.8512 -0.4947 -0.1753
vn -0.5627 -0.8267 -0.0039
vn 0.4444 -0.5515 0.7059
vn -0.0873 -0.7859 0.6122
vn 0.7853 -0.1957 0.5873
vn 0.9271 0.1886 0.3238
vn 0.8488 0.5287 -0.0062
vn 0.5668 0.7547 -0.3304
vn 0.0924 0.8043 -0.5871
vn -0.4259 0.6079 -0.6701
vn -0.7857 0.2476 -0.5669
vn -0.9285 -0.1416 -0.3433
vn -0.8668 -0.4974 -0.0358
vn -0.5820 -0.7499 0.3145
vn 0.4026 -0.4114 0.8177
vn -0.1227 -0.5662 0.8151
vn 0.7841 -0.1706 0.5968
vn 0.9654 0.1282 0.2269
vn 0.8968 0.3934 -0.2023
vn 0.6133 0.5631 -0.5538
vn 0.1530 0.5988 -0.7862
vn -0.3484 0.4687 -0.8118
vn -0.7540 0.2094 -0.6226
vn -0.9652 -0.1094 -0.2376
vn -0.9050 -0.3853 0.1805
vn -0.6070 -0.5544 0.5694
vn 0.3577 -0.3894 0.8488
vn -0.1621 -0.4783 0.8631
vn 0.7771 -0.1930 0.5990
vn 0.9833 0.0628 0.1708
vn 0.9096 0.2949 -0.2928
vn 0.6252 0.4429 -0.6426
vn 0.1705 0.4950 -0.8520
vn -0.3382 0.4191 -0.8426
vn -0.7936 0.2065 -0.5723
vn -0.9897 -0.0753 -0.1215
vn -0.9042 -0.2975 0.3066
vn -0.6150 -0.4393 0.6548
vn 0.3803 -0.2731 0.8836
vn -0.1735 -0.3077 0.9355
vn 0.8161 -0.1639 0.5542
vn 0.9963 0.0139 0.0845
vn 0.9146 0.1680 -0.3678
vn 0.6443 0.2787 -0.7122
vn 0.2112 0.3265 -0.9213
vn -0.2955 0.2843 -0.9121
vn -0.7587 0.1566 -0.6324
vn -0.9910 0.0065 -0.1337
vn -0.9324 -0.1448 0.3312
vn -0.6524 -0.2552 0.7137
vn 0.3595 -0.1367 0.9231
vn -0.1741 -0.1045 0.9792
vn 0.8037 -0.1229 0.5822
vn 0.9958 -0.0622 0.0675
vn 0.9087 0.0113 -0.4172
vn 0.6241 0.0661 -0.7786
vn 0.1902 0.0993 -0.9767
vn -0.3222 0.1094 -0.9403
vn -0.7910 0.0959 -0.6042
vn -0.9949 0.0583 -0.0821
vn -0.9148 0.0103 0.4037
vn -0.6300 -0.0480 0.7751
vn 0.3756 -0.1363 0.9167
vn -0.1530 -0.1067 0.9824
vn 0.8088 -0.1185 0.5760
vn 0.9964 -0.0526 0.0670
vn 0.9059 0.0234 -0.4229
vn 0.6015 0.0779 -0.7951
vn 0.1452 0.1055 -0.9838
vn -0.3738 0.1059 -0.9214
vn -0.8183 0.0833 -0.5687
vn -0.9975 0.0480 -0.0527
vn -0.9074 0.0038 0.4202
vn -0.6125 -0.0520 0.7888
vn 0.1781 0.1447 0.9733
vn 0.1784 0.1457 0.9731
vn 0.1794 0.1465 0.9728
vn 0.1797 0.1469 0.9727
vn 0.1784 0.1466 0.9730
vn 0.1775 0.1465 0.9732
vn 0.1777 0.1464 0.9731
vn 0.1780 0.1461 0.9731
vn 0.1781 0.1458 0.9731
vn 0.1786 0.1446 0.9732
vn 0.0005 -0.9757 -0.2189
vn 0.0044 -0.9775 -0.2109
vn 0.0208 -0.9769 -0.2128
vn -0.0000 -0.9756 -0.2197
vn 0.0021 -0.9756 -0.2195
vn 0.0610 -0.9763 -0.2076
vn 0.0674 -0.9751 -0.2115
vn 0.0466 -0.9748 -0.2180
vn 0.0373 -0.9745 -0.2212
vn 0.0209 -0.9753 -0.2200
vn 0.0027 -0.9756 -0.2196
vn 0.0008 -0.9854 -0.1703
vn 0.4747 0.4380 0.7634
vn 0.2841 0.3152 0.9055
vn 0.2680 0.3043 0.9141
vn 0.6123 0.6521 0.4471
vn 0.6783 0.7255 -0.1168
vn 0.2479 0.1977 -0.9484
vn 0.0552 0.1569 0.9861
vn 0.5497 0.5910 -0.5904
vn 0.5010 0.5366 -0.6790
vn 0.1395 0.0370 -0.9895
vn -0.4745 0.4379 0.7636
vn -0.2677 0.3044 0.9142
vn -0.2839 0.3153 0.9055
vn -0.6132 0.6510 0.4473
vn -0.6799 0.7238 -0.1178
vn -0.2479 0.1977 -0.9484
vn -0.0553 0.1568 0.9861
vn -0.5513 0.5889 -0.5910
vn -0.5023 0.5350 -0.6793
vn -0.1395 0.0370 -0.9895
vn 0.9038 0.0491 0.4251
vn 0.6774 0.0354 0.7347
vn 0.6690 0.0268 0.7428
vn 0.8981 0.0485 0.4371
vn 0.9931 0.0642 0.0987
vn 0.9918 0.0595 0.1129
vn 0.9768 0.1645 0.1372
vn 0.8994 0.1534 0.4093
vn 0.6804 0.1127 0.7241
vn 0.4643 -0.0604 -0.8836
vn 0.7481 -0.0033 -0.6636
vn 0.7103 0.0107 -0.7038
vn 0.4178 -0.0307 -0.9080
vn 0.0883 -0.0946 -0.9916
vn 0.1748 -0.1318 -0.9757
vn 0.2604 -0.0753 -0.9625
vn 0.5232 -0.0013 -0.8522
vn 0.7939 0.0778 -0.6031
vn 0.0410 0.9962 0.0764
vn -0.0001 0.9992 0.0388
vn -0.0000 0.7249 -0.6888
vn -0.1017 0.7438 -0.6606
vn -0.1770 0.7939 -0.5818
vn -0.2315 0.7746 -0.5886
vn -0.4448 0.7346 -0.5123
vn -0.6527 0.7012 -0.2868
vn -0.7167 0.6955 -0.0518
vn 0.0256 0.9997 0.0022
vn 0.0004 1.0000 0.0003
vn 0.0131 -0.5944 0.8040
vn -0.2230 -0.3170 0.9219
vn 0.0146 -0.3721 0.9281
vn -0.4141 -0.1915 0.8899
vn -0.1423 -0.1006 0.9847
vn -0.0636 -0.1870 0.9803
vn 0.0023 -0.2185 0.9758
vn 0.9561 0.0428 -0.2898
vn 0.9389 0.0489 -0.3406
vn 0.9667 0.1411 -0.2134
vn 0.0466 0.9976 -0.0509
vn -0.6406 0.7416 0.1991
vn -0.4113 0.8735 0.2606
vn -0.3902 0.8132 0.4317
vn -0.2884 0.7824 0.5520
vn -0.1066 0.7142 0.6918
vn 0.0349 0.5176 0.8549
vn 0.0031 0.9995 -0.0315
vn 0.9280 0.0755 -0.3648
vn 0.6986 0.0436 -0.7142
vn 0.9916 0.0970 0.0855
vn 0.9960 0.0334 0.0823
vn 0.9277 -0.0062 -0.3733
vn 0.6966 -0.0334 -0.7166
vn 0.8929 0.0905 0.4410
vn 0.6647 0.0643 0.7444
vn 0.6532 0.0718 0.7538
vn 0.8911 0.0604 0.4498
vn -0.4601 -0.1563 0.8740
vn -0.3221 -0.0750 0.9437
vn -0.8459 -0.2283 0.4820
vn -0.7165 0.0171 0.6974
vn -0.9765 -0.1865 0.1076
vn 0.0117 -0.9825 0.1861
vn 0.0050 -1.0000 -0.0068
vn -0.9889 -0.1487 0.0041
vn -0.9977 0.0684 -0.0006
vn -0.9834 0.0563 0.1727
vn -0.9711 -0.1890 -0.1456
vn 0.0048 -0.9228 -0.3854
vn -0.0018 -0.4272 -0.9042
vn -0.8032 -0.1989 -0.5616
vn -0.8056 -0.0343 -0.5914
vn -0.9805 0.0261 -0.1947
vn -0.3794 -0.1110 -0.9185
vn -0.3035 -0.2125 -0.9288
vn 0.0652 -0.0308 -0.9974
vn 0.0672 -0.0523 -0.9964
vn -0.3717 -0.0547 -0.9267
vn 0.9268 -0.0761 -0.3678
vn 0.9951 -0.0363 0.0917
vn 0.9931 -0.0532 0.1049
vn 0.9359 -0.0384 -0.3503
vn 0.7128 -0.0096 -0.7013
vn 0.6942 -0.0911 -0.7140
vn 0.8862 0.0069 0.4633
vn 0.6325 0.0481 0.7731
vn 0.6190 -0.0167 0.7852
vn 0.8813 -0.0444 0.4704
vn -0.2777 0.1217 0.9529
vn -0.2430 0.0856 0.9662
vn -0.7352 0.1568 0.6595
vn -0.7316 0.0781 0.6772
vn -0.3006 0.0504 0.9524
vn -0.0567 0.0356 0.9978
vn -0.0420 0.1043 0.9937
vn -0.0436 0.0853 0.9954
vn -0.9613 0.1686 0.2178
vn -0.9866 0.1629 -0.0043
vn -0.9955 0.0947 -0.0058
vn -0.9613 0.0921 0.2596
vn -0.9658 0.1260 -0.2268
vn -0.7917 0.0549 -0.6084
vn -0.7813 0.0701 -0.6202
vn -0.9633 0.0854 -0.2543
vn 0.4049 -0.0873 -0.9102
vn 0.4099 -0.0458 -0.9110
vn 0.4264 0.0158 -0.9044
vn 0.0855 0.0371 -0.9956
vn 0.0632 -0.0678 -0.9957
vn 0.8120 0.4740 0.3406
vn 0.8669 0.3250 0.3779
vn 0.9285 0.3361 0.1578
vn 0.8351 0.5363 0.1222
vn -0.2608 0.9651 0.0241
vn -0.1967 0.9804 -0.0119
vn 0.0070 0.9628 -0.2702
vn 0.6322 0.5391 0.5565
vn 0.7299 0.3106 0.6089
vn 0.1316 0.6217 -0.7721
vn 0.2106 0.2729 -0.9387
vn -0.0000 0.2165 -0.9763
vn -0.0000 0.5933 -0.8050
vn -0.0000 0.5806 0.8142
vn 0.1004 0.8876 0.4496
vn -0.0152 0.9688 0.2475
vn 0.3964 0.5112 -0.7626
vn 0.4276 0.3331 -0.8404
vn 0.4008 0.5984 0.6938
vn 0.4825 0.2520 0.8388
vn -0.1179 0.9009 -0.4176
vn -0.1314 0.8608 -0.4917
vn 0.2721 0.6196 0.7363
vn 0.3161 0.1854 0.9304
vn 0.8060 0.5720 -0.1521
vn 0.9150 0.3745 -0.1501
vn 0.7915 0.4009 -0.4614
vn 0.7427 0.5119 -0.4316
vn -0.0404 0.9991 -0.0118
vn -0.2108 0.9769 0.0359
vn 0.8827 0.2738 0.3820
vn 0.8862 0.2584 0.3846
vn 0.9456 0.2661 0.1872
vn 0.9430 0.2791 0.1811
vn 0.7164 0.2671 0.6445
vn 0.6980 0.2236 0.6803
vn 0.1253 0.2663 -0.9557
vn 0.0772 0.1643 -0.9834
vn -0.0000 0.1484 -0.9889
vn -0.0000 0.2347 -0.9721
vn 0.3794 0.3211 -0.8678
vn 0.3450 0.1991 -0.9172
vn 0.4199 0.2191 0.8807
vn 0.3654 0.1501 0.9186
vn 0.2513 0.1693 0.9530
vn 0.1947 0.1009 0.9757
vn 0.9414 0.3211 -0.1028
vn 0.9572 0.2764 -0.0862
vn 0.8355 0.2753 -0.4756
vn 0.8138 0.3632 -0.4537
vn 0.8882 0.2365 0.3938
vn 0.9538 0.2487 0.1683
vn 0.6836 0.1782 0.7078
vn 0.0648 0.0125 -0.9978
vn 0.0235 -0.1334 -0.9908
vn -0.0000 -0.1555 -0.9878
vn -0.0000 0.0049 -1.0000
vn 0.3161 0.0429 -0.9478
vn 0.3282 0.0842 0.9408
vn 0.3042 0.0423 0.9517
vn 0.1533 0.0312 0.9877
vn 0.1003 -0.0147 0.9948
vn 0.9650 0.2271 -0.1313
vn 0.8285 0.1729 -0.5326
vn 0.9200 0.2398 -0.3098
vn 0.9382 0.1425 -0.3154
vn 0.9933 0.0296 0.1115
vn 0.9832 0.1525 0.1004
vn 0.9741 0.2151 0.0697
vn 0.9132 0.2483 -0.3230
vn 0.7109 0.2957 -0.6381
vn 0.7189 0.3044 -0.6249
vn 0.7305 0.2288 -0.6434
vn 0.8909 0.0661 0.4494
vn 0.8869 -0.0536 0.4589
vn 0.6252 -0.1120 0.7724
vn 0.6350 -0.0428 0.7714
vn 0.6462 0.1273 0.7525
vn 0.8866 0.1985 0.4177
vn -0.3359 -0.1707 0.9263
vn -0.3316 -0.1605 0.9297
vn -0.7402 -0.1347 0.6588
vn -0.7442 -0.1243 0.6563
vn -0.7453 -0.0056 0.6667
vn -0.3346 -0.0211 0.9421
vn -0.0677 -0.0199 0.9975
vn -0.0840 -0.1690 0.9820
vn -0.0833 -0.1575 0.9840
vn -0.9627 -0.0195 0.2700
vn -0.9625 -0.0695 0.2624
vn -0.9994 -0.0059 -0.0345
vn -0.9965 0.0740 -0.0387
vn -0.9914 0.1263 -0.0330
vn -0.9568 0.0543 0.2856
vn -0.9353 0.1297 -0.3293
vn -0.9492 0.0435 -0.3116
vn -0.7466 0.1254 -0.6533
vn -0.7237 0.1978 -0.6611
vn -0.7088 0.2353 -0.6650
vn -0.9244 0.1822 -0.3351
vn 0.4589 0.3304 -0.8248
vn 0.4651 0.2739 -0.8418
vn 0.4355 0.3077 -0.8459
vn 0.1178 0.2899 -0.9498
vn 0.1395 0.3213 -0.9367
vn 0.1389 0.2808 -0.9496
vn 0.9424 0.0414 -0.3319
vn 0.9932 -0.0414 0.1085
vn 0.7292 0.1195 -0.6737
vn 0.8817 -0.0825 0.4645
vn 0.6194 -0.0885 0.7801
vn -0.3193 -0.0633 0.9455
vn -0.7366 -0.0502 0.6745
vn -0.0729 -0.0661 0.9951
vn -0.9632 -0.0269 0.2673
vn -0.9998 -0.0036 -0.0196
vn -0.9580 0.0224 -0.2858
vn -0.7643 0.0802 -0.6398
vn 0.4535 0.1671 -0.8754
vn 0.1201 0.1849 -0.9754
vn 0.9025 0.2699 -0.3357
vn 0.9612 0.2743 0.0299
vn 0.8918 0.4518 -0.0246
vn 0.8477 0.4123 -0.3338
vn 0.6485 0.4347 -0.6249
vn 0.6948 0.3025 -0.6525
vn 0.8746 0.3128 0.3703
vn 0.6350 0.2901 0.7160
vn 0.5863 0.5230 0.6186
vn 0.8033 0.5236 0.2839
vn -0.3245 0.1861 0.9274
vn -0.7351 0.1261 0.6661
vn -0.7129 0.3503 0.6075
vn -0.2872 0.4973 0.8187
vn 0.0115 0.4918 0.8707
vn -0.0349 0.1929 0.9806
vn -0.9485 0.0937 0.3026
vn -0.9925 0.1209 -0.0160
vn -0.9852 0.1714 -0.0078
vn -0.9348 0.2025 0.2917
vn -0.9292 0.1697 -0.3285
vn -0.7116 0.2203 -0.6671
vn -0.7008 0.2750 -0.6582
vn -0.9258 0.2028 -0.3191
vn 0.3949 0.2954 -0.8699
vn 0.3464 0.4223 -0.8376
vn 0.0631 0.3733 -0.9256
vn 0.0844 0.2610 -0.9616
vn 0.7393 0.5931 -0.3190
vn 0.7590 0.6471 -0.0722
vn 0.7902 0.6049 -0.0984
vn 0.7577 0.5627 -0.3305
vn 0.5719 0.5866 -0.5734
vn 0.5561 0.6175 -0.5563
vn 0.6603 0.7288 0.1816
vn 0.4837 0.7478 0.4548
vn 0.5228 0.7380 0.4267
vn 0.7147 0.6818 0.1558
vn -0.2132 0.7753 0.5945
vn -0.6144 0.6183 0.4901
vn -0.6515 0.5795 0.4896
vn -0.2373 0.7750 0.5858
vn 0.0647 0.8154 0.5752
vn 0.0455 0.7681 0.6387
vn -0.8836 0.3855 0.2659
vn -0.9561 0.2929 -0.0099
vn -0.9729 0.2313 -0.0033
vn -0.8977 0.3450 0.2739
vn -0.8967 0.3131 -0.3129
vn -0.6560 0.4243 -0.6242
vn -0.6706 0.3677 -0.6443
vn -0.9126 0.2505 -0.3232
vn 0.2832 0.6187 -0.7328
vn 0.2811 0.5924 -0.7551
vn 0.0367 0.5597 -0.8279
vn 0.0459 0.5780 -0.8148
vn 0.8507 0.3894 -0.3531
vn 0.9130 0.3931 -0.1092
vn 0.9466 0.3024 -0.1121
vn 0.8713 0.3259 -0.3669
vn 0.6608 0.3637 -0.6566
vn 0.6478 0.4234 -0.6333
vn 0.8711 0.4582 0.1766
vn 0.6535 0.5800 0.4863
vn 0.6543 0.5306 0.5389
vn 0.9125 0.3538 0.2052
vn -0.3097 0.6373 0.7056
vn -0.7474 0.3491 0.5653
vn -0.7366 0.2715 0.6194
vn -0.2553 0.6184 0.7433
vn 0.0874 0.7218 0.6865
vn 0.0795 0.7512 0.6553
vn -0.9526 0.1014 0.2867
vn -0.9994 0.0331 -0.0027
vn -0.9993 -0.0362 -0.0111
vn -0.9561 0.0043 0.2931
vn -0.9439 0.0549 -0.3257
vn -0.7142 0.1615 -0.6810
vn -0.6838 0.1015 -0.7225
vn -0.9380 -0.0086 -0.3466
vn 0.3187 0.4213 -0.8491
vn 0.3390 0.3575 -0.8702
vn 0.0519 0.3115 -0.9488
vn 0.0378 0.3780 -0.9250
vn -0.1869 -0.0077 0.9823
vn -0.0524 0.0152 0.9985
vn -0.0304 -0.0346 0.9989
vn -0.1279 -0.0791 0.9886
vn -0.0225 -0.1246 0.9920
vn 0.0295 -0.0415 0.9987
vn 0.0654 -0.0482 0.9967
vn -0.0003 -0.0555 0.9985
vn 0.0009 -0.1455 0.9894
vn 0.2207 0.0868 0.9715
vn 0.2016 0.0184 0.9793
vn 0.2401 0.0794 0.9675
vn 0.1678 0.5935 0.7872
vn -0.0873 0.8679 -0.4891
vn -0.0000 0.8584 -0.5130
vn -0.0000 0.5847 0.8113
vn -0.0000 0.1115 0.9938
vn 0.1919 0.1386 0.9716
vn 0.1445 0.1375 0.9799
vn -0.0000 0.1198 0.9928
vn -0.0000 0.0739 0.9973
vn 0.1109 0.0819 0.9905
vn 0.0959 0.0187 0.9952
vn -0.0000 0.0159 0.9999
vn 0.1939 -0.1418 0.9707
vn 0.2158 0.0131 0.9763
vn 0.1892 -0.1491 0.9706
vn 0.1921 -0.0764 0.9784
vn 0.2409 0.2104 0.9475
vn 0.2621 0.4757 0.8397
vn 0.2488 0.7328 0.6333
vn 0.2678 0.7754 0.5719
vn 0.3269 0.7028 0.6318
vn 0.3305 0.6788 0.6557
vn 0.2479 0.0331 0.9682
vn 0.2543 0.0005 0.9671
vn 0.2802 0.0087 0.9599
vn -0.1150 -0.2346 -0.9653
vn 0.0011 -0.3020 -0.9533
vn 0.4104 0.0140 -0.9118
vn -0.3717 -0.0219 -0.9281
vn -0.3565 0.0542 -0.9327
vn 0.6143 0.4640 -0.6383
vn -0.0130 0.9999 -0.0022
vn 0.6363 0.3769 -0.6731
vn 0.6133 0.3570 -0.7046
vn 0.6037 0.2410 -0.7599
vn 0.5753 0.1011 -0.8117
vn -0.2946 0.2796 -0.9138
vn -0.2944 0.2726 -0.9160
vn -0.3094 0.2316 -0.9223
vn -0.3295 0.1562 -0.9312
vn -0.3026 0.2458 -0.9209
vn -0.2889 0.3373 -0.8960
vn -0.2566 0.5298 -0.8084
vn -0.2695 0.4910 -0.8284
vn -0.2976 0.2963 -0.9076
vn -0.2653 0.2345 -0.9352
vn -0.6667 0.0254 0.7449
vn -0.6766 0.0325 0.7357
vn -0.9042 0.0465 0.4247
vn -0.8984 0.0477 0.4365
vn -0.9930 0.0637 0.0992
vn -0.9920 0.0566 0.1129
vn -0.9770 0.1628 0.1375
vn -0.8998 0.1521 0.4089
vn -0.6810 0.1117 0.7237
vn -0.7118 0.0122 -0.7022
vn -0.7484 -0.0052 -0.6633
vn -0.4637 -0.0613 -0.8839
vn -0.4182 -0.0299 -0.9079
vn -0.0875 -0.0945 -0.9917
vn -0.1744 -0.1316 -0.9758
vn -0.2598 -0.0752 -0.9627
vn -0.5229 -0.0008 -0.8524
vn -0.7946 0.0776 -0.6021
vn 0.0001 0.9992 0.0388
vn -0.0410 0.9962 0.0764
vn 0.1017 0.7438 -0.6606
vn 0.1770 0.7939 -0.5818
vn 0.2315 0.7746 -0.5886
vn 0.4448 0.7346 -0.5123
vn 0.6527 0.7012 -0.2868
vn 0.7167 0.6955 -0.0518
vn -0.0256 0.9997 0.0022
vn -0.0004 1.0000 0.0003
vn 0.2561 -0.3219 0.9115
vn 0.1354 -0.0981 0.9859
vn 0.4172 -0.1979 0.8870
vn 0.0634 -0.1833 0.9810
vn -0.9565 0.0401 -0.2890
vn -0.9396 0.0495 -0.3388
vn -0.9672 0.1398 -0.2123
vn -0.0466 0.9976 -0.0509
vn 0.6406 0.7416 0.1991
vn 0.4113 0.8735 0.2606
vn 0.3902 0.8132 0.4317
vn 0.2884 0.7824 0.5520
vn 0.1066 0.7142 0.6918
vn -0.0349 0.5176 0.8549
vn -0.0031 0.9995 -0.0315
vn -0.7011 0.0450 -0.7116
vn -0.9290 0.0763 -0.3620
vn -0.9915 0.0972 0.0867
vn -0.9960 0.0322 0.0832
vn -0.9285 -0.0073 -0.3712
vn -0.6986 -0.0343 -0.7147
vn -0.8934 0.0904 0.4401
vn -0.6631 0.0649 0.7457
vn -0.6536 0.0714 0.7534
vn -0.8916 0.0591 0.4490
vn 0.3159 -0.0779 0.9456
vn 0.4575 -0.1609 0.8745
vn 0.8517 -0.2370 0.4674
vn 0.7162 0.0067 0.6978
vn 0.9781 -0.1882 0.0891
vn 0.9891 -0.1471 -0.0111
vn 0.9975 0.0694 -0.0121
vn 0.9847 0.0492 0.1672
vn 0.9692 -0.1898 -0.1571
vn 0.8006 -0.2026 -0.5638
vn 0.8006 -0.0299 -0.5985
vn 0.9777 0.0306 -0.2076
vn 0.3776 -0.1128 -0.9191
vn 0.3051 -0.2137 -0.9280
vn -0.0635 -0.0304 -0.9975
vn -0.0670 -0.0512 -0.9964
vn 0.3706 -0.0520 -0.9273
vn -0.9271 -0.0748 -0.3673
vn -0.9952 -0.0344 0.0918
vn -0.9935 -0.0474 0.1031
vn -0.9358 -0.0349 -0.3507
vn -0.7130 -0.0079 -0.7011
vn -0.6950 -0.0907 -0.7133
vn -0.8866 0.0084 0.4625
vn -0.6331 0.0488 0.7725
vn -0.6203 -0.0090 0.7843
vn -0.8830 -0.0362 0.4679
vn 0.2418 0.0826 0.9668
vn 0.2759 0.1182 0.9539
vn 0.7325 0.1481 0.6644
vn 0.7308 0.0698 0.6790
vn 0.3014 0.0482 0.9523
vn 0.0571 0.0365 0.9977
vn 0.0417 0.1038 0.9937
vn 0.0433 0.0853 0.9954
vn 0.9620 0.1597 0.2217
vn 0.9876 0.1568 -0.0085
vn 0.9968 0.0803 -0.0054
vn 0.9616 0.0786 0.2631
vn 0.9644 0.1251 -0.2331
vn 0.7890 0.0584 -0.6116
vn 0.7808 0.0632 -0.6216
vn 0.9641 0.0734 -0.2551
vn -0.4112 -0.0455 -0.9104
vn -0.4054 -0.0872 -0.9100
vn -0.4264 0.0164 -0.9044
vn -0.0853 0.0374 -0.9957
vn -0.0634 -0.0668 -0.9957
vn -0.9285 0.3361 0.1578
vn -0.8669 0.3250 0.3779
vn -0.8120 0.4740 0.3406
vn -0.8351 0.5363 0.1222
vn 0.2608 0.9651 0.0241
vn 0.1967 0.9804 -0.0119
vn -0.0070 0.9628 -0.2702
vn -0.6322 0.5391 0.5565
vn -0.7299 0.3106 0.6089
vn -0.2106 0.2729 -0.9387
vn -0.1316 0.6217 -0.7721
vn -0.1004 0.8876 0.4496
vn 0.0152 0.9688 0.2475
vn -0.3964 0.5112 -0.7626
vn -0.4276 0.3331 -0.8404
vn -0.4825 0.2520 0.8388
vn -0.4008 0.5984 0.6938
vn 0.1179 0.9009 -0.4176
vn 0.1314 0.8608 -0.4917
vn -0.2721 0.6196 0.7363
vn -0.3161 0.1854 0.9304
vn -0.7915 0.4009 -0.4614
vn -0.9150 0.3745 -0.1501
vn -0.8060 0.5720 -0.1521
vn -0.7427 0.5119 -0.4316
vn 0.0404 0.9991 -0.0118
vn 0.2108 0.9769 0.0359
vn -0.9456 0.2661 0.1872
vn -0.8862 0.2584 0.3846
vn -0.8827 0.2738 0.3820
vn -0.9430 0.2791 0.1811
vn -0.7164 0.2671 0.6445
vn -0.6980 0.2236 0.6803
vn -0.0772 0.1643 -0.9834
vn -0.1253 0.2663 -0.9557
vn -0.3794 0.3211 -0.8678
vn -0.3450 0.1991 -0.9172
vn -0.3654 0.1501 0.9186
vn -0.4199 0.2191 0.8807
vn -0.2513 0.1693 0.9530
vn -0.1947 0.1009 0.9757
vn -0.8355 0.2753 -0.4756
vn -0.9572 0.2764 -0.0862
vn -0.9414 0.3211 -0.1028
vn -0.8138 0.3632 -0.4537
vn -0.8882 0.2371 0.3936
vn -0.9536 0.2493 0.1686
vn -0.6836 0.1789 0.7076
vn -0.0235 -0.1334 -0.9908
vn -0.0648 0.0125 -0.9978
vn -0.3157 0.0432 -0.9479
vn -0.3047 0.0416 0.9515
vn -0.3281 0.0847 0.9408
vn -0.1534 0.0314 0.9877
vn -0.1006 -0.0146 0.9948
vn -0.9648 0.2284 -0.1306
vn -0.8284 0.1746 -0.5322
vn -0.9935 0.0274 0.1100
vn -0.9379 0.1429 -0.3160
vn -0.9205 0.2376 -0.3101
vn -0.9838 0.1479 0.1015
vn -0.9749 0.2114 0.0705
vn -0.9137 0.2460 -0.3234
vn -0.7108 0.2953 -0.6384
vn -0.7192 0.3030 -0.6253
vn -0.7307 0.2284 -0.6433
vn -0.6279 -0.1219 0.7687
vn -0.8885 -0.0623 0.4546
vn -0.8916 0.0547 0.4495
vn -0.6362 -0.0592 0.7693
vn -0.6472 0.1207 0.7527
vn -0.8870 0.1941 0.4191
vn 0.7402 -0.1332 0.6590
vn 0.3325 -0.1592 0.9296
vn 0.3390 -0.1686 0.9256
vn 0.7458 -0.1179 0.6557
vn 0.7464 0.0007 0.6655
vn 0.3374 -0.0194 0.9412
vn 0.0688 -0.0227 0.9974
vn 0.0850 -0.1724 0.9814
vn 0.0849 -0.1579 0.9838
vn 0.9995 -0.0065 -0.0309
vn 0.9620 -0.0692 0.2642
vn 0.9624 -0.0131 0.2713
vn 0.9963 0.0782 -0.0358
vn 0.9906 0.1331 -0.0310
vn 0.9562 0.0623 0.2860
vn 0.7489 0.1261 -0.6506
vn 0.9508 0.0427 -0.3070
vn 0.9366 0.1323 -0.3245
vn 0.7258 0.2003 -0.6581
vn 0.7107 0.2364 -0.6626
vn 0.9248 0.1865 -0.3316
vn -0.4656 0.2734 -0.8417
vn -0.4592 0.3294 -0.8250
vn -0.4349 0.3075 -0.8463
vn -0.1161 0.2890 -0.9503
vn -0.1392 0.3207 -0.9369
vn -0.1397 0.2806 -0.9496
vn -0.9421 0.0426 -0.3327
vn -0.9936 -0.0392 0.1055
vn -0.7292 0.1200 -0.6737
vn -0.8847 -0.0787 0.4594
vn -0.6228 -0.0835 0.7779
vn 0.3194 -0.0642 0.9454
vn 0.7362 -0.0553 0.6745
vn 0.0736 -0.0644 0.9952
vn 0.9627 -0.0340 0.2685
vn 0.9998 -0.0100 -0.0171
vn 0.9590 0.0178 -0.2828
vn 0.7660 0.0777 -0.6381
vn -0.4537 0.1672 -0.8753
vn -0.1205 0.1846 -0.9754
vn -0.9021 0.2707 -0.3361
vn -0.9613 0.2738 0.0303
vn -0.8918 0.4517 -0.0236
vn -0.8479 0.4122 -0.3333
vn -0.6482 0.4346 -0.6252
vn -0.6935 0.3036 -0.6533
vn -0.8744 0.3130 0.3708
vn -0.6349 0.2905 0.7159
vn -0.5862 0.5230 0.6188
vn -0.8031 0.5236 0.2845
vn 0.3251 0.1867 0.9271
vn 0.7351 0.1294 0.6654
vn 0.7124 0.3504 0.6080
vn 0.2868 0.4974 0.8187
vn -0.0111 0.4917 0.8707
vn 0.0354 0.1927 0.9806
vn 0.9479 0.0998 0.3026
vn 0.9919 0.1259 -0.0154
vn 0.9853 0.1707 -0.0093
vn 0.9347 0.2032 0.2917
vn 0.9295 0.1697 -0.3274
vn 0.7138 0.2158 -0.6663
vn 0.7019 0.2719 -0.6584
vn 0.9258 0.1998 -0.3208
vn -0.3927 0.2959 -0.8708
vn -0.3448 0.4224 -0.8383
vn -0.0601 0.3734 -0.9257
vn -0.0818 0.2599 -0.9622
vn -0.7401 0.5922 -0.3186
vn -0.7597 0.6464 -0.0711
vn -0.7906 0.6045 -0.0976
vn -0.7582 0.5623 -0.3301
vn -0.5717 0.5862 -0.5740
vn -0.5561 0.6167 -0.5571
vn -0.6604 0.7284 0.1824
vn -0.4836 0.7476 0.4552
vn -0.5227 0.7378 0.4271
vn -0.7149 0.6816 0.1564
vn 0.2132 0.7752 0.5947
vn 0.6140 0.6178 0.4912
vn 0.6515 0.5790 0.4902
vn 0.2374 0.7749 0.5858
vn -0.0645 0.8153 0.5754
vn -0.0451 0.7680 0.6389
vn 0.8844 0.3836 0.2659
vn 0.9568 0.2906 -0.0129
vn 0.9733 0.2294 -0.0058
vn 0.8982 0.3437 0.2740
vn 0.8958 0.3128 -0.3159
vn 0.6558 0.4263 -0.6231
vn 0.6710 0.3684 -0.6434
vn 0.9119 0.2499 -0.3254
vn -0.2815 0.6184 -0.7337
vn -0.2797 0.5923 -0.7556
vn -0.0337 0.5605 -0.8274
vn -0.0422 0.5790 -0.8142
vn -0.8510 0.3891 -0.3528
vn -0.9131 0.3931 -0.1086
vn -0.9465 0.3028 -0.1114
vn -0.8715 0.3257 -0.3665
vn -0.6607 0.3632 -0.6569
vn -0.6478 0.4230 -0.6336
vn -0.8709 0.4585 0.1770
vn -0.6533 0.5800 0.4866
vn -0.6539 0.5307 0.5392
vn -0.9122 0.3544 0.2056
vn 0.3099 0.6372 0.7056
vn 0.7474 0.3487 0.5655
vn 0.7366 0.2713 0.6195
vn 0.2554 0.6183 0.7433
vn -0.0874 0.7216 0.6867
vn -0.0794 0.7510 0.6555
vn 0.9528 0.1002 0.2866
vn 0.9995 0.0309 -0.0042
vn 0.9992 -0.0385 -0.0126
vn 0.9562 0.0033 0.2928
vn 0.9435 0.0530 -0.3272
vn 0.7145 0.1609 -0.6809
vn 0.6839 0.1015 -0.7224
vn 0.9374 -0.0105 -0.3481
vn -0.3180 0.4212 -0.8494
vn -0.3380 0.3571 -0.8708
vn -0.0503 0.3115 -0.9489
vn -0.0360 0.3784 -0.9250
vn 0.1839 -0.0081 0.9829
vn 0.0517 0.0155 0.9985
vn 0.0298 -0.0346 0.9990
vn 0.1271 -0.0770 0.9889
vn 0.0242 -0.1234 0.9921
vn -0.0294 -0.0416 0.9987
vn -0.0655 -0.0478 0.9967
vn -0.2206 0.0869 0.9715
vn -0.2011 0.0222 0.9793
vn -0.2394 0.0797 0.9676
vn -0.1678 0.5935 0.7872
vn 0.0873 0.8679 -0.4891
vn -0.1919 0.1386 0.9716
vn -0.1445 0.1375 0.9799
vn -0.1109 0.0819 0.9905
vn -0.0960 0.0189 0.9952
vn -0.1938 -0.1523 0.9691
vn -0.2155 0.0072 0.9765
vn -0.1896 -0.1534 0.9698
vn -0.1924 -0.0727 0.9786
vn -0.2408 0.2104 0.9475
vn -0.2619 0.4756 0.8398
vn -0.2487 0.7325 0.6337
vn -0.2677 0.7751 0.5723
vn -0.3269 0.7026 0.6321
vn -0.3303 0.6787 0.6560
vn -0.2437 0.0334 0.9693
vn -0.2508 -0.0006 0.9680
vn -0.2794 0.0065 0.9601
vn 0.1151 -0.2330 -0.9656
vn -0.4111 0.0153 -0.9115
vn 0.3684 -0.0198 -0.9294
vn 0.3556 0.0526 -0.9332
vn -0.6143 0.4640 -0.6383
vn 0.0130 0.9999 -0.0022
vn -0.6363 0.3769 -0.6731
vn -0.6133 0.3570 -0.7046
vn -0.6037 0.2410 -0.7599
vn -0.5748 0.1021 -0.8119
vn 0.2954 0.2807 -0.9132
vn 0.2967 0.2715 -0.9156
vn 0.3097 0.2325 -0.9220
vn 0.3294 0.1554 -0.9313
vn 0.3055 0.2420 -0.9209
vn 0.2916 0.3363 -0.8954
vn 0.2598 0.5320 -0.8059
vn 0.2724 0.4923 -0.8267
vn 0.2992 0.2968 -0.9069
vn 0.2671 0.2350 -0.9346
vn 1.0000 -0.0000 -0.0075
vn 1.0000 -0.0000 -0.0074
vn 1.0000 0.0001 -0.0076
vn 1.0000 -0.0000 -0.0076
vn 1.0000 -0.0000 -0.0077
vn 1.0000 0.0001 -0.0077
vn 1.0000 -0.0000 -0.0073
vn 0.9911 0.0397 -0.1270
vn 0.9914 0.0312 -0.1268
vn 0.9910 0.0385 -0.1279
vn 0.9910 0.0384 -0.1280
vn 0.9878 -0.0494 0.1475
vn 0.9895 -0.0688 0.1272
vn 1.0000 -0.0001 -0.0074
vn 1.0000 -0.0001 -0.0075
vn 1.0000 0.0001 -0.0074
vn 0.9918 -0.0000 -0.1281
vn 0.9918 -0.0000 0.1275
vn 0.9780 0.1994 -0.0616
vn 0.9985 -0.0000 0.0545
vn 0.9721 0.1983 0.1250
vn 0.9931 0.0273 -0.1140
vn 0.9931 0.0270 -0.1142
vn 0.9932 0.0281 -0.1133
vn 0.9932 0.0282 -0.1131
vn 0.9920 -0.0249 0.1238
vn 0.9913 -0.0330 0.1275
vn 0.9920 -0.0254 0.1234
vn 0.9921 -0.0405 0.1190
vn 0.9915 0.0302 -0.1267
vn 0.9925 0.0428 -0.1142
vn 0.9891 -0.0176 0.1465
vn 0.9913 -0.0341 0.1274
vn 0.9873 -0.1123 -0.1125
vn 0.9920 -0.0413 0.1190
vn 0.9902 -0.1395 0.0029
vn 1.0000 0.0007 -0.0077
vn 1.0000 0.0015 -0.0088
vn 1.0000 0.0018 -0.0088
vn 1.0000 0.0014 -0.0094
vn -1.0000 -0.0000 0.0075
vn -1.0000 -0.0000 0.0076
vn -1.0000 -0.0000 0.0073
vn -1.0000 -0.0000 0.0077
vn -1.0000 -0.0000 0.0074
vn -0.9929 0.0386 -0.1129
vn -0.9932 0.0312 -0.1119
vn -0.9929 0.0397 -0.1120
vn -0.9928 0.0385 -0.1130
vn -0.9855 -0.0493 0.1624
vn -0.9875 -0.0688 0.1420
vn -1.0000 0.0001 0.0075
vn -1.0000 0.0001 0.0074
vn -0.9936 -0.0000 -0.1131
vn -0.9898 -0.0000 0.1424
vn -0.9898 -0.0000 0.1427
vn -1.0000 -0.0001 0.0075
vn -1.0000 0.0001 0.0076
vn -0.9787 0.1999 -0.0466
vn -0.9976 -0.0000 0.0694
vn -0.9702 0.1979 0.1396
vn -0.9948 0.0281 -0.0983
vn -0.9947 0.0270 -0.0993
vn -0.9947 0.0271 -0.0992
vn -0.9948 0.0282 -0.0982
vn -0.9902 -0.0267 0.1369
vn -0.9893 -0.0330 0.1424
vn -0.9899 -0.0246 0.1394
vn -0.9902 -0.0405 0.1339
vn -0.9933 0.0301 -0.1119
vn -0.9941 0.0428 -0.0993
vn -0.9867 -0.0177 0.1614
vn -0.9892 -0.0341 0.1424
vn -0.9889 -0.1123 -0.0976
vn -0.9901 -0.0414 0.1340
vn -0.9901 -0.1395 0.0178
vn -1.0000 -0.0001 0.0076
vn -1.0000 -0.0001 0.0077
vn 0.0073 -0.0001 1.0000
vn 0.0076 0.0001 1.0000
vn -0.0076 -0.0000 -1.0000
vn -0.0075 -0.0000 -1.0000
vn -0.0071 0.3630 -0.9317
vn -0.0070 0.3630 -0.9317
vn -0.0074 0.1708 -0.9853
vn -0.0075 0.1708 -0.9853
vn 0.0065 -0.5040 0.8637
vn 0.0066 -0.5040 0.8637
vn 0.0071 -0.3184 0.9479
vn 0.0070 -0.3184 0.9479
vn 0.0001 -0.9999 0.0148
vn 0.0004 -0.9984 0.0571
vn 0.0074 -0.0899 0.9959
vn 0.0075 -0.0899 0.9959
vn 0.0075 0.0075 0.9999
vn -0.0025 -0.9399 -0.3413
vn -0.0039 -0.8548 -0.5189
vn -0.0073 -0.0000 -1.0000
vn 0.0016 -0.9781 0.2083
vn 0.0016 -0.9781 0.2082
vn -0.0003 -0.9990 -0.0438
vn -0.0000 1.0000 -0.0061
vn -0.0008 0.9940 -0.1095
vn 0.0026 -0.9372 0.3487
vn 0.0074 -0.1013 0.9948
vn 0.0072 -0.2827 0.9592
vn 0.0074 -0.2481 0.9687
vn 0.0073 -0.2483 0.9687
vn 0.0077 -0.0046 1.0000
vn 0.0076 -0.0046 1.0000
vn 0.0074 0.0942 0.9955
vn 0.0075 0.0942 0.9955
vn -0.0075 0.0042 -1.0000
vn -0.0074 -0.1787 -0.9839
vn -0.0074 -0.1790 -0.9838
vn 0.0076 -0.0000 1.0000
vn 0.0075 -0.0000 1.0000
vn 0.0073 -0.0000 1.0000
vn 0.0006 -0.9973 0.0738
vn -0.0000 -1.0000 0.0040
vn -0.0005 -0.9978 -0.0658
vn -0.0075 0.1767 -0.9842
vn -0.0074 0.1767 -0.9842
vn -0.0071 0.3308 -0.9437
vn -0.0072 0.3308 -0.9437
vn 0.0076 -0.1520 0.9884
vn 0.0074 -0.1520 0.9884
vn 0.0073 -0.2558 0.9667
vn 0.0074 -0.2558 0.9667
vn -0.0040 -0.8499 -0.5270
vn -0.0076 0.0807 -0.9967
vn -0.0075 0.0807 -0.9967
vn 0.0061 -0.5973 0.8020
vn 0.0060 -0.5973 0.8020
vn 0.0044 -0.8123 0.5832
vn 0.0045 -0.8123 0.5832
vn -0.0002 -0.9996 -0.0275
vn 0.0007 0.9952 0.0974
vn 0.0008 0.9952 0.0974
vn -0.0074 0.1869 -0.9823
vn -0.0073 0.1869 -0.9823
vn 0.0075 0.2394 0.9709
vn 0.0073 0.2395 0.9709
vn 0.0073 -0.0178 0.9998
vn 0.0073 0.2936 0.9559
vn 0.0069 0.2938 0.9558
vn -0.0060 -0.5741 -0.8188
vn -0.0062 -0.5742 -0.8187
vn -0.0069 -0.3486 -0.9373
vn -0.0072 -0.3486 -0.9372
vn -0.0007 0.9954 -0.0957
vn -0.0007 0.9954 -0.0956
vn 0.0017 0.5751 0.8181
vn 0.0063 0.5759 0.8175
vn 0.0060 -0.6356 0.7720
vn 0.0009 -0.6357 0.7719
vn 0.0081 -0.6330 0.7741
vn -0.0046 -0.7621 -0.6474
vn -0.0091 -0.7621 -0.6474
vn 0.0076 -0.0001 1.0000
vn 0.0073 0.0001 1.0000
vn 0.0002 -0.9998 0.0206
vn 0.0072 -0.2917 0.9565
vn 0.0072 -0.2918 0.9564
vn 0.0071 -0.2917 0.9565
vn 0.0003 -0.9992 0.0412
vn -0.0074 -0.0000 -1.0000
vn -0.0077 -0.0000 -1.0000
vn -0.0072 0.3630 -0.9318
vn -0.0076 0.1708 -0.9853
vn 0.0063 -0.5040 0.8637
vn 0.0072 -0.3184 0.9479
vn 0.0005 -0.9984 0.0571
vn 0.0078 0.0075 0.9999
vn -0.0026 -0.9399 -0.3413
vn 0.0017 -0.9780 0.2084
vn 0.0027 -0.9372 0.3487
vn 0.0075 -0.1013 0.9948
vn 0.0076 -0.2481 0.9687
vn 0.0075 -0.0046 1.0000
vn 0.0074 -0.0000 1.0000
vn -0.0073 0.1767 -0.9842
vn -0.0070 0.3308 -0.9437
vn 0.0073 -0.1520 0.9884
vn 0.0075 -0.2557 0.9667
vn -0.0039 -0.8499 -0.5270
vn -0.0077 0.0808 -0.9967
vn 0.0059 -0.5973 0.8020
vn 0.0043 -0.8123 0.5832
vn 0.0078 0.2395 0.9709
vn 0.0062 0.2934 0.9560
vn -0.0063 -0.5745 -0.8185
vn -0.0040 0.5739 0.8189
vn 0.0018 -0.6336 0.7736
vn 0.0155 -0.6284 0.7777
vn -0.0121 -0.7622 -0.6472
vn 0.0077 -0.0000 1.0000
vn 0.0073 -0.2917 0.9565
vn -0.0504 -0.9987 0.0004
vn -0.0506 -0.9987 0.0004
vn -0.0505 -0.9987 0.0004
vn -0.0075 -0.0006 -1.0000
vn -0.0075 -0.0008 -1.0000
vn -0.0075 -0.0001 -1.0000
vn -0.0075 0.0008 -1.0000
vn -0.0075 -0.0003 -1.0000
vn -0.0075 -0.0007 -1.0000
vn 0.0529 -0.9986 -0.0004
vn 0.0528 -0.9986 -0.0004
vn 0.0527 -0.9986 -0.0004
vn 0.0530 -0.9986 -0.0004
vn 0.0076 -0.0005 1.0000
vn 0.0075 -0.0016 1.0000
vn 0.0075 0.0005 1.0000
vn 0.0075 0.0017 1.0000
vn 0.0075 -0.0017 1.0000
vn -0.0507 -0.9987 0.0004
vn -0.0008 0.9952 -0.0979
vn 0.0001 0.9999 0.0131
vn -0.0000 0.1100 0.9939
vn -0.0000 -0.4617 -0.8871
vn -0.0000 0.9999 0.0131
vn 0.0006 -0.9567 0.2911
vn 0.0017 0.7044 0.7098
vn -0.0031 0.8860 -0.4637
vn 0.0017 0.7047 0.7095
vn -0.0000 -0.8943 0.4474
vn 0.0025 0.8669 0.4984
vn 0.0024 0.8663 0.4995
vn -0.0114 -0.0000 0.9999
vn -0.0453 -0.9990 0.0003
vn -0.0453 -0.9990 0.0004
vn -0.0070 -0.3911 -0.9203
vn -0.0069 -0.3900 -0.9208
vn -0.0070 -0.3906 -0.9205
vn -0.0070 -0.3909 -0.9204
vn -0.0069 -0.3898 -0.9209
vn -0.0068 -0.3891 -0.9212
vn 0.0453 -0.9990 -0.0003
vn 0.0270 -0.0000 0.9996
vn 0.0267 -0.0000 0.9996
vn 0.0265 -0.0000 0.9996
vn 0.0618 -0.0536 0.9966
vn 0.0309 -0.0873 0.9957
vn 0.0075 0.0293 0.9995
vn 0.0076 0.0294 0.9995
vn 0.0075 0.0295 0.9995
vn 0.0076 0.0296 0.9995
vn 0.0076 0.0292 0.9995
vn 0.0076 0.0293 0.9995
vn -0.0139 -0.0536 0.9985
vn -0.0681 -0.0870 0.9939
vn -0.0115 -0.0000 0.9999
vn 0.6475 0.2403 -0.7232
vn 0.6474 0.2403 -0.7233
vn 0.6475 0.2404 -0.7232
vn 0.5654 -0.0000 -0.8248
vn 0.5657 -0.0000 -0.8246
vn 0.7304 0.6830 -0.0055
vn 0.8410 0.5384 -0.0529
vn 0.8324 0.5542 -0.0062
vn 0.7337 0.6783 0.0400
vn 0.7496 -0.0000 0.6619
vn 0.7499 -0.0000 0.6616
vn 0.7499 -0.0000 0.6615
vn 0.5817 -0.3718 0.7234
vn 0.5820 -0.3718 0.7232
vn 0.5821 -0.3718 0.7232
vn 0.5820 -0.3719 0.7232
vn 0.6327 -0.0888 0.7693
vn 0.6329 -0.0888 0.7691
vn 0.6329 -0.0888 0.7692
vn 0.6511 -0.1337 0.7471
vn 0.6511 -0.1337 0.7472
vn 0.7240 -0.2164 0.6550
vn 0.7237 -0.2163 0.6553
vn 0.7238 -0.2162 0.6552
vn 0.9193 -0.3930 0.0222
vn 0.9193 -0.3929 0.0222
vn 0.9233 -0.3828 -0.0322
vn 0.7881 0.0467 -0.6138
vn 0.7880 0.0467 -0.6139
vn 0.7882 0.0466 -0.6137
vn 0.6936 0.1847 -0.6963
vn 0.6938 0.1846 -0.6961
vn 0.6399 0.2844 -0.7139
vn 0.6400 0.2844 -0.7138
vn 0.6396 0.2846 -0.7141
vn -0.6581 0.2403 -0.7135
vn -0.6582 0.2403 -0.7134
vn -0.6505 0.2844 -0.7042
vn -0.6505 0.2844 -0.7043
vn -0.7040 0.1847 -0.6857
vn -0.7972 0.0467 -0.6019
vn -0.7972 0.0468 -0.6019
vn -0.7972 0.0467 -0.6020
vn -0.9236 -0.3828 -0.0183
vn -0.9236 -0.3830 -0.0182
vn -0.9237 -0.3826 -0.0184
vn -0.9188 -0.3930 0.0360
vn -0.9189 -0.3929 0.0359
vn -0.9189 -0.3929 0.0360
vn -0.9188 -0.3931 0.0360
vn -0.7140 -0.2163 0.6659
vn -0.7139 -0.2163 0.6660
vn -0.6398 -0.1336 0.7569
vn -0.6397 -0.1337 0.7569
vn -0.6397 -0.1338 0.7569
vn -0.6399 -0.1338 0.7567
vn -0.6214 -0.0888 0.7784
vn -0.6212 -0.0888 0.7786
vn -0.6215 -0.0888 0.7784
vn -0.5708 -0.3719 0.7321
vn -0.5710 -0.3718 0.7320
vn -0.5711 -0.3717 0.7319
vn -0.5712 -0.3718 0.7318
vn -0.7395 -0.0000 0.6732
vn -0.7397 -0.0000 0.6729
vn -0.7398 -0.0000 0.6728
vn -0.7302 0.6832 0.0055
vn -0.8485 0.5259 0.0591
vn -0.8324 0.5541 0.0062
vn -0.7264 0.6864 -0.0347
vn -0.5777 -0.0000 -0.8162
vn -0.5777 -0.0000 -0.8163
vn 1.0000 -0.0006 -0.0073
vn 1.0000 0.0001 -0.0075
vn 1.0000 -0.0016 -0.0063
vn 1.0000 -0.0018 -0.0070
vn 1.0000 -0.0018 -0.0057
vn -0.0074 0.0928 -0.9957
vn -0.0074 0.0925 -0.9957
vn -0.0077 -0.2175 -0.9760
vn -0.0075 -0.2176 -0.9760
vn 0.0063 0.5039 0.8637
vn 0.0065 0.5039 0.8637
vn 0.0075 0.2750 0.9614
vn 0.0073 0.2750 0.9614
vn -0.0000 -1.0000 -0.0058
vn -0.0000 -1.0000 -0.0059
vn -0.0111 -0.5055 -0.8628
vn -0.0065 -0.5063 -0.8623
vn -0.0054 0.7003 -0.7138
vn -0.0105 0.7004 -0.7137
vn -0.0032 0.6977 -0.7164
vn -0.0054 0.7002 -0.7139
vn 0.0052 0.7014 0.7128
vn 0.0012 0.7014 0.7128
vn -0.0076 0.0926 -0.9957
vn -0.0080 -0.2173 -0.9761
vn 0.0063 0.5044 0.8634
vn 0.0070 0.2750 0.9614
vn -0.0001 -1.0000 -0.0058
vn -0.0168 -0.5042 -0.8634
vn -0.0099 0.6984 -0.7157
vn 0.0046 0.6933 -0.7206
vn -0.0020 0.7015 0.7127
vn 1.0000 -0.0007 -0.0075
vn 1.0000 -0.0001 -0.0076
vn 1.0000 -0.0016 -0.0062
vn 1.0000 -0.0018 -0.0068
vn 1.0000 -0.0017 -0.0058
vn -1.0000 -0.0001 0.0074
vn -0.0078 0.0926 -0.9957
vn -0.0071 -0.2174 -0.9761
vn -0.0072 -0.2176 -0.9760
vn 0.0066 0.5039 0.8637
vn 0.0074 0.2750 0.9614
vn -0.0112 -0.5055 -0.8628
vn -0.0055 0.7001 -0.7140
vn -0.0103 0.7001 -0.7139
vn -0.0034 0.6978 -0.7162
vn -0.0055 0.7002 -0.7139
vn 0.0053 0.7014 0.7128
vn 0.0017 0.7014 0.7128
vn -0.0079 -0.2172 -0.9761
vn 0.0063 0.5044 0.8635
vn -0.0170 -0.5041 -0.8635
vn -0.0097 0.6982 -0.7158
vn 0.0046 0.6934 -0.7205
vn -0.0018 0.7015 0.7127
vn 0.0072 -0.0000 1.0000
vn -0.0690 -0.9947 0.0759
vn -0.0750 -0.9963 0.0417
vn -0.0095 -0.9999 0.0108
vn -0.0360 -0.9958 0.0843
vn -0.0674 -0.9976 0.0172
vn -0.0067 -1.0000 0.0014
vn -0.0000 -1.0000 0.0002
vn 0.0004 -1.0000 0.0082
vn 0.0050 -0.9965 0.0829
vn -0.3451 0.8461 0.4062
vn -0.1979 0.8715 0.4487
vn -0.1560 0.9621 0.2236
vn -0.3677 0.8904 0.2684
vn 0.0357 0.8791 0.4753
vn 0.0154 0.9774 0.2110
vn 0.0021 0.9998 0.0213
vn -0.1064 0.9929 0.0524
vn -0.3364 0.9314 0.1387
vn -0.2544 -0.6072 0.7527
vn -0.5540 -0.5895 0.5879
vn 0.0417 -0.6133 0.7888
vn 0.0562 0.0110 0.9984
vn -0.3233 0.0326 0.9457
vn -0.6816 0.0421 0.7305
vn 0.1052 -0.9922 0.0674
vn 0.1097 -0.9935 0.0305
vn 0.7665 -0.6238 0.1527
vn 0.6528 -0.6089 0.4506
vn 0.0984 -0.9951 -0.0034
vn 0.7819 -0.6227 -0.0311
vn 0.9992 0.0097 -0.0381
vn 0.9795 -0.0290 0.1993
vn 0.8278 -0.0391 0.5597
vn 0.0747 -0.9936 -0.0846
vn 0.0359 -0.9946 -0.0970
vn 0.2296 -0.6137 -0.7554
vn 0.5498 -0.5954 -0.5859
vn -0.0032 -0.9954 -0.0958
vn -0.0031 -0.6224 -0.7827
vn -0.0009 -0.0001 -1.0000
vn 0.2982 -0.0000 -0.9545
vn 0.6840 0.0004 -0.7295
vn -0.0835 -0.9931 -0.0821
vn -0.0935 -0.9949 -0.0376
vn -0.7550 -0.6148 -0.2282
vn -0.5761 -0.5906 -0.5650
vn -0.0841 -0.9965 -0.0024
vn -0.7733 -0.6340 -0.0072
vn -1.0000 0.0004 -0.0086
vn -0.9557 0.0001 -0.2943
vn -0.7122 -0.0002 -0.7020
vn 0.0091 -0.9999 -0.0127
vn -0.0028 -0.9999 -0.0104
vn 0.0846 -0.9955 -0.0437
vn 0.0786 -0.9968 -0.0164
vn 0.0065 -1.0000 -0.0015
vn -0.0021 -1.0000 -0.0006
vn 0.3085 0.8518 0.4233
vn 0.2254 0.9561 0.1871
vn 0.5147 0.7918 0.3289
vn 0.5216 0.8373 0.1637
vn 0.4572 0.8888 0.0325
vn 0.1435 0.9894 0.0217
vn 0.0586 -0.9947 0.0842
vn 0.3646 -0.6141 0.7000
vn 0.4750 -0.0143 0.8799
vn -0.0429 -0.9944 -0.0965
vn -0.2430 -0.6110 -0.7534
vn -0.3091 -0.0001 -0.9510
vn -0.0690 -0.9976 0.0114
vn -0.0754 -0.9971 0.0090
vn -0.0095 -1.0000 0.0002
vn -0.0080 -1.0000 0.0008
vn -0.0111 -0.9999 -0.0011
vn -0.0014 -1.0000 -0.0003
vn -0.0008 -1.0000 -0.0000
vn 0.0110 0.8271 0.5620
vn 0.0206 0.9970 0.0753
vn -0.0732 0.9898 0.1222
vn -0.2324 0.7909 0.5661
vn 0.0419 0.9991 0.0075
vn -0.0357 0.9990 0.0261
vn -0.5212 0.8524 0.0410
vn -0.5163 0.8190 0.2501
vn -0.4522 0.7283 0.5149
vn 0.0802 -0.9967 -0.0145
vn 0.0774 -0.9969 -0.0127
vn 0.7534 -0.6463 -0.1211
vn 0.7519 -0.6455 -0.1345
vn 0.7490 -0.6439 -0.1561
vn 0.9787 0.0083 -0.2049
vn 0.9873 0.0192 -0.1576
vn 0.9841 0.0312 -0.1747
vn -0.0660 -0.9977 0.0125
vn -0.7369 -0.6613 0.1406
vn -0.7354 -0.6646 0.1319
vn -0.7332 -0.6528 0.1906
vn -0.9666 0.0011 0.2565
vn -0.9820 -0.0058 0.1889
vn -0.9842 -0.0040 0.1770
vn 0.0880 -0.9960 -0.0152
vn 0.0087 -1.0000 -0.0014
vn 0.0077 -1.0000 -0.0013
vn 0.0100 -1.0000 -0.0004
vn -0.0003 -1.0000 0.0002
vn 0.5443 0.7823 0.3029
vn 0.5410 0.8396 0.0485
vn 0.1147 0.9919 0.0553
vn 0.2951 0.8334 0.4673
vn 0.5168 0.8530 -0.0737
vn 0.0900 0.9959 -0.0126
vn -0.5755 0.5276 0.6248
vn -0.2826 0.5163 0.8085
vn -0.2368 0.7238 0.6482
vn -0.4600 0.7315 0.5033
vn 0.0485 0.4894 0.8707
vn 0.0452 0.7101 0.7027
vn 0.4298 0.4503 0.7826
vn 0.3753 0.6764 0.6338
vn 0.7661 0.3902 0.5107
vn 0.6673 0.6192 0.4138
vn 0.9237 0.3361 0.1841
vn 0.7922 0.5880 0.1633
vn 0.9428 0.3292 -0.0521
vn 0.7962 0.6046 0.0231
vn 0.9414 0.2960 -0.1616
vn 0.9486 0.2813 -0.1449
vn 0.8865 0.4436 -0.1315
vn 0.8809 0.4502 -0.1463
vn 0.9466 0.2596 -0.1914
vn 0.8889 0.4237 -0.1743
vn 0.8021 0.5779 -0.1508
vn 0.8017 0.5863 -0.1160
vn 0.7970 0.5884 -0.1361
vn 0.6809 0.1749 -0.7112
vn 0.3002 0.1218 -0.9461
vn 0.2869 0.3023 -0.9090
vn 0.6434 0.3507 -0.6805
vn -0.0008 0.1080 -0.9941
vn 0.0011 0.2888 -0.9574
vn 0.0054 0.6268 -0.7792
vn 0.2376 0.6268 -0.7421
vn 0.5452 0.6201 -0.5641
vn -0.3111 0.1294 -0.9415
vn -0.2936 0.3109 -0.9040
vn -0.7062 0.1881 -0.6826
vn -0.6631 0.3649 -0.6536
vn -0.5608 0.6227 -0.5456
vn -0.2362 0.6284 -0.7412
vn -0.9310 0.2347 -0.2796
vn -0.8786 0.3989 -0.2626
vn -0.9661 0.2582 -0.0030
vn -0.9115 0.4114 0.0013
vn -0.8476 0.5306 0.0086
vn -0.7842 0.5780 -0.2257
vn -0.9170 0.3523 0.1868
vn -0.8800 0.4367 0.1870
vn -0.7362 0.6445 0.2064
vn -0.8349 0.5106 0.2054
vn -0.8315 0.5050 0.2314
vn -0.6621 0.7302 0.1684
vn -0.3264 0.9320 0.1576
vn -0.6586 0.6991 0.2785
vn -0.8015 0.5505 0.2336
vn -0.6660 0.5105 0.5439
vn -0.2701 0.5883 0.7622
vn -0.3029 0.3191 0.8980
vn -0.6766 0.2862 0.6785
vn 0.0516 0.7719 0.6337
vn 0.0282 0.3914 0.9198
vn 0.3716 0.7161 0.5909
vn 0.4267 0.4550 0.7816
vn 0.6841 0.7027 0.1956
vn 0.7845 0.4629 0.4127
vn 0.8989 0.4365 -0.0373
vn 0.9067 0.4216 0.0147
vn 0.9269 0.3455 -0.1464
vn 0.9169 0.3762 -0.1336
vn 0.6427 0.4900 -0.5889
vn 0.2681 0.5448 -0.7946
vn 0.2815 0.4305 -0.8576
vn 0.6755 0.3820 -0.6307
vn 0.0081 0.5477 -0.8366
vn 0.0120 0.4477 -0.8941
vn 0.0374 0.8623 -0.5050
vn 0.2167 0.8414 -0.4950
vn 0.4619 0.7772 -0.4273
vn -0.2663 0.5446 -0.7953
vn -0.2720 0.4338 -0.8590
vn -0.6645 0.4836 -0.5698
vn -0.6849 0.3901 -0.6154
vn -0.4548 0.7772 -0.4349
vn -0.1659 0.8437 -0.5105
vn -0.9196 0.3353 -0.2046
vn -0.9096 0.3559 -0.2142
vn -0.9686 0.2428 0.0530
vn -0.9435 0.3287 0.0414
vn -0.5214 0.8383 -0.1597
vn -0.7527 -0.6499 0.1055
vn -0.9900 -0.0013 0.1414
vn 0.0069 -1.0000 -0.0012
vn -0.0150 -0.9998 -0.0130
vn 0.0515 0.9969 -0.0600
vn -0.0478 0.9960 -0.0754
vn 0.7241 -0.6227 -0.2965
vn 0.9234 0.0023 -0.3839
vn 0.5228 0.8299 -0.1948
vn 0.1126 0.9907 -0.0767
vn 0.9027 0.2266 -0.3658
vn 0.8533 0.3940 -0.3414
vn 0.7528 0.5906 -0.2906
vn -0.9468 0.2870 0.1455
vn -0.8867 0.4377 0.1489
vn -0.8411 0.5182 0.1546
vn 0.8808 0.3749 -0.2891
vn 0.8884 0.3609 -0.2837
vn -0.9199 0.2710 0.2835
vn -0.9025 0.3074 0.3017
vn -0.0070 -1.0000 0.0012
vn 0.0002 0.9991 -0.0428
vn 0.0115 0.9940 0.1083
vn -0.0446 0.9900 0.1335
vn -0.0416 0.9991 -0.0044
vn -0.0831 0.9643 0.2513
vn 0.7668 -0.6288 -0.1288
vn 0.9857 0.0331 -0.1651
vn 0.4482 0.8927 -0.0467
vn 0.1030 0.9807 0.1665
vn 0.0555 0.9953 0.0792
vn 0.0505 0.9981 -0.0359
vn -0.7104 -0.6226 0.3283
vn -0.9030 0.0237 0.4290
vn 0.0150 -0.9998 0.0102
vn 0.9394 0.2992 -0.1676
vn 0.8509 0.5044 -0.1468
vn 0.8181 0.5593 -0.1337
vn 0.7383 0.6648 -0.1138
vn -0.6207 0.7524 0.2205
vn -0.5867 0.7966 0.1456
vn -0.2900 0.9558 0.0488
vn -0.0036 0.9967 -0.0812
vn -0.0569 0.9972 -0.0477
vn 0.3991 0.9143 -0.0687
vn 0.0727 0.9951 -0.0670
vn 0.7877 0.6003 -0.1383
vn 0.7734 0.6271 -0.0928
vn 0.7011 0.7080 -0.0846
vn 0.0096 0.7889 -0.6145
vn 0.1970 0.7868 -0.5850
vn 0.4822 0.7481 -0.4560
vn -0.5021 0.7393 -0.4488
vn -0.1912 0.7835 -0.5913
vn -0.8578 0.5130 0.0322
vn -0.7661 0.6136 -0.1913
vn 0.7165 0.6497 -0.2538
vn -0.7683 0.5712 0.2889
vn -0.8488 0.4939 0.1889
vn -0.3578 0.8654 0.3507
vn -0.6304 0.7061 0.3225
vn -0.1386 0.9378 0.3183
vn 0.3676 0.9278 0.0638
vn 0.1657 0.9647 0.2048
vn 0.6139 0.7840 -0.0918
vn 0.0520 0.1828 0.9818
vn -0.3186 0.2070 0.9250
vn -0.6639 0.2172 0.7156
vn 0.9936 0.1073 -0.0358
vn 0.9759 0.0925 0.1976
vn 0.8197 0.1091 0.5623
vn -0.0012 0.0319 -0.9995
vn 0.2999 0.0362 -0.9533
vn 0.6866 0.0527 -0.7251
vn -0.9968 0.0790 -0.0075
vn -0.9539 0.0711 -0.2916
vn -0.7149 0.0560 -0.6970
vn 0.4651 0.1501 0.8724
vn -0.3118 0.0380 -0.9494
vn 0.9757 0.0852 -0.2018
vn 0.9830 0.1002 -0.1542
vn 0.9783 0.1146 -0.1727
vn -0.9498 0.1740 0.2600
vn -0.9708 0.1427 0.1930
vn -0.9777 0.1092 0.1795
vn -0.9858 0.0875 0.1430
vn 0.9222 0.0704 -0.3803
vn 0.9797 0.1167 -0.1630
vn -0.8827 0.2008 0.4249
vn -0.7668 0.5140 0.3844
vn 0.7500 0.6578 -0.0688
vn -0.5937 0.7354 0.3268
vn 0.0360 -0.9958 0.0843
vn 0.0094 -0.9999 0.0108
vn 0.0750 -0.9963 0.0418
vn 0.0690 -0.9947 0.0759
vn 0.0066 -1.0000 0.0014
vn 0.0673 -0.9976 0.0172
vn -0.0004 -1.0000 0.0082
vn -0.0050 -0.9965 0.0829
vn 0.3678 0.8903 0.2684
vn 0.1560 0.9621 0.2237
vn 0.1979 0.8715 0.4488
vn 0.3451 0.8461 0.4063
vn -0.0154 0.9774 0.2111
vn -0.0357 0.8791 0.4753
vn 0.1064 0.9929 0.0526
vn -0.0021 0.9998 0.0216
vn 0.3365 0.9314 0.1389
vn 0.5540 -0.5895 0.5879
vn 0.2544 -0.6072 0.7527
vn -0.0417 -0.6133 0.7888
vn 0.3233 0.0326 0.9457
vn -0.0562 0.0110 0.9984
vn 0.6816 0.0421 0.7305
vn -0.6528 -0.6089 0.4506
vn -0.7665 -0.6238 0.1527
vn -0.1097 -0.9935 0.0305
vn -0.1052 -0.9922 0.0674
vn -0.7818 -0.6228 -0.0311
vn -0.0984 -0.9951 -0.0036
vn -0.9795 -0.0290 0.1993
vn -0.9992 0.0097 -0.0379
vn -0.8278 -0.0391 0.5597
vn -0.5504 -0.5950 -0.5857
vn -0.2305 -0.6135 -0.7553
vn -0.0370 -0.9946 -0.0968
vn -0.0755 -0.9935 -0.0846
vn 0.0021 -0.6226 -0.7826
vn 0.0015 -0.9954 -0.0953
vn -0.2982 0.0001 -0.9545
vn 0.0010 -0.0001 -1.0000
vn -0.6842 0.0006 -0.7293
vn 0.5748 -0.5922 -0.5647
vn 0.7538 -0.6162 -0.2280
vn 0.0909 -0.9952 -0.0365
vn 0.0808 -0.9934 -0.0809
vn 0.7724 -0.6351 -0.0071
vn 0.0820 -0.9966 -0.0013
vn 0.9555 -0.0002 -0.2948
vn 1.0000 -0.0001 -0.0097
vn 0.7121 -0.0004 -0.7020
vn 0.0013 -0.9999 -0.0100
vn -0.0099 -0.9999 -0.0126
vn -0.0852 -0.9954 -0.0438
vn -0.0071 -1.0000 -0.0015
vn -0.0789 -0.9967 -0.0165
vn 0.0010 -1.0000 -0.0003
vn -0.2254 0.9561 0.1872
vn -0.3085 0.8518 0.4233
vn -0.5216 0.8373 0.1638
vn -0.5147 0.7918 0.3289
vn -0.1436 0.9894 0.0219
vn -0.4573 0.8887 0.0329
vn -0.3646 -0.6141 0.7000
vn -0.0586 -0.9947 0.0842
vn -0.4750 -0.0143 0.8799
vn 0.2418 -0.6119 -0.7531
vn 0.0405 -0.9946 -0.0956
vn 0.3093 -0.0003 -0.9510
vn 0.0075 -1.0000 0.0011
vn 0.0085 -1.0000 0.0008
vn 0.0741 -0.9972 0.0101
vn 0.0685 -0.9976 0.0121
vn 0.0095 -1.0000 -0.0003
vn 0.0007 -1.0000 -0.0001
vn 0.0004 -1.0000 -0.0000
vn 0.2311 0.7888 0.5696
vn 0.0701 0.9899 0.1230
vn -0.0222 0.9968 0.0762
vn -0.0115 0.8261 0.5635
vn 0.0350 0.9992 0.0198
vn -0.0417 0.9991 0.0064
vn 0.5196 0.8169 0.2505
vn 0.5251 0.8505 0.0316
vn 0.4537 0.7247 0.5186
vn -0.7520 -0.6453 -0.1345
vn -0.7536 -0.6461 -0.1210
vn -0.0776 -0.9969 -0.0128
vn -0.0804 -0.9967 -0.0146
vn -0.7493 -0.6436 -0.1560
vn -0.9874 0.0196 -0.1573
vn -0.9788 0.0084 -0.2045
vn -0.9842 0.0315 -0.1745
vn 0.7351 -0.6650 0.1319
vn 0.7367 -0.6614 0.1405
vn 0.0659 -0.9977 0.0127
vn 0.7331 -0.6529 0.1905
vn 0.9820 -0.0064 0.1886
vn 0.9666 0.0009 0.2564
vn 0.9843 -0.0047 0.1762
vn -0.0079 -1.0000 -0.0014
vn -0.0088 -1.0000 -0.0016
vn -0.0880 -0.9960 -0.0155
vn -0.0099 -1.0000 -0.0006
vn 0.0001 -1.0000 0.0001
vn -0.2946 0.8326 0.4690
vn -0.1138 0.9919 0.0562
vn -0.5409 0.8397 0.0490
vn -0.5453 0.7805 0.3057
vn -0.0895 0.9959 -0.0118
vn -0.5158 0.8536 -0.0728
vn 0.4601 0.7315 0.5032
vn 0.2368 0.7238 0.6482
vn 0.2826 0.5163 0.8085
vn 0.5755 0.5276 0.6248
vn -0.0452 0.7101 0.7027
vn -0.0485 0.4894 0.8707
vn -0.3753 0.6764 0.6338
vn -0.4298 0.4503 0.7826
vn -0.6673 0.6192 0.4138
vn -0.7661 0.3902 0.5107
vn -0.7922 0.5880 0.1634
vn -0.9237 0.3360 0.1841
vn -0.7962 0.6046 0.0234
vn -0.9429 0.3291 -0.0518
vn -0.8810 0.4500 -0.1459
vn -0.8867 0.4433 -0.1310
vn -0.9487 0.2812 -0.1445
vn -0.9414 0.2961 -0.1613
vn -0.8893 0.4231 -0.1737
vn -0.9467 0.2593 -0.1909
vn -0.8020 0.5860 -0.1154
vn -0.8035 0.5761 -0.1497
vn -0.7973 0.5881 -0.1357
vn -0.6435 0.3504 -0.6806
vn -0.2865 0.3023 -0.9091
vn -0.3001 0.1218 -0.9461
vn -0.6810 0.1747 -0.7111
vn -0.0001 0.2891 -0.9573
vn 0.0012 0.1080 -0.9941
vn -0.2365 0.6264 -0.7427
vn -0.0029 0.6273 -0.7787
vn -0.5455 0.6190 -0.5651
vn 0.2945 0.3120 -0.9033
vn 0.3116 0.1296 -0.9413
vn 0.6629 0.3666 -0.6528
vn 0.7062 0.1886 -0.6824
vn 0.2384 0.6300 -0.7391
vn 0.5604 0.6250 -0.5435
vn 0.8775 0.4006 -0.2635
vn 0.9306 0.2352 -0.2803
vn 0.9111 0.4122 -0.0013
vn 0.9661 0.2582 -0.0048
vn 0.7823 0.5801 -0.2269
vn 0.8471 0.5314 0.0049
vn 0.8362 0.5091 0.2037
vn 0.7374 0.6431 0.2067
vn 0.8805 0.4357 0.1869
vn 0.9177 0.3513 0.1856
vn 0.6625 0.7296 0.1696
vn 0.8317 0.5046 0.2316
vn 0.6596 0.6984 0.2778
vn 0.3262 0.9318 0.1591
vn 0.8024 0.5501 0.2313
vn 0.6773 0.2826 0.6792
vn 0.3025 0.3172 0.8988
vn 0.2692 0.5896 0.7615
vn 0.6669 0.5109 0.5424
vn -0.0282 0.3908 0.9200
vn -0.0515 0.7719 0.6336
vn -0.4267 0.4544 0.7820
vn -0.3710 0.7168 0.5903
vn -0.7848 0.4615 0.4137
vn -0.6837 0.7029 0.1962
vn -0.9070 0.4208 0.0157
vn -0.8990 0.4363 -0.0366
vn -0.9164 0.3775 -0.1328
vn -0.9270 0.3457 -0.1454
vn -0.6756 0.3817 -0.6308
vn -0.2801 0.4300 -0.8583
vn -0.2663 0.5450 -0.7950
vn -0.6414 0.4916 -0.5890
vn -0.0085 0.4473 -0.8943
vn -0.0048 0.5482 -0.8363
vn -0.2138 0.8410 -0.4970
vn -0.0301 0.8616 -0.5068
vn -0.4620 0.7762 -0.4289
vn 0.2760 0.4342 -0.8575
vn 0.2688 0.5453 -0.7940
vn 0.6863 0.3884 -0.6150
vn 0.6649 0.4841 -0.5688
vn 0.1757 0.8407 -0.5121
vn 0.4618 0.7706 -0.4393
vn 0.9105 0.3497 -0.2206
vn 0.9178 0.3382 -0.2080
vn 0.9458 0.3228 0.0358
vn 0.9690 0.2422 0.0490
vn 0.5273 0.8319 -0.1729
vn 0.7522 -0.6505 0.1055
vn 0.9901 -0.0019 0.1401
vn -0.0073 -1.0000 -0.0013
vn 0.0130 -0.9998 -0.0121
vn 0.0570 0.9946 -0.0870
vn -0.0461 0.9969 -0.0637
vn -0.7245 -0.6223 -0.2963
vn -0.9235 0.0027 -0.3835
vn -0.1111 0.9909 -0.0765
vn -0.5227 0.8303 -0.1934
vn -0.8538 0.3934 -0.3410
vn -0.9029 0.2263 -0.3653
vn -0.7543 0.5886 -0.2910
vn 0.8873 0.4374 0.1464
vn 0.9473 0.2864 0.1436
vn 0.8423 0.5171 0.1519
vn -0.8884 0.3611 -0.2835
vn -0.8806 0.3765 -0.2879
vn 0.9046 0.3014 0.3014
vn 0.9204 0.2704 0.2823
vn 0.0068 -1.0000 0.0013
vn 0.0415 0.9991 -0.0041
vn 0.0445 0.9901 0.1333
vn -0.0115 0.9940 0.1089
vn -0.0003 0.9991 -0.0427
vn 0.0826 0.9644 0.2511
vn -0.7670 -0.6286 -0.1288
vn -0.9858 0.0333 -0.1649
vn -0.0504 0.9981 -0.0352
vn -0.0555 0.9952 0.0804
vn -0.1027 0.9807 0.1663
vn -0.4483 0.8927 -0.0462
vn 0.7104 -0.6226 0.3283
vn 0.9030 0.0237 0.4289
vn -0.0149 -0.9998 0.0102
vn -0.8182 0.5593 -0.1334
vn -0.8510 0.5043 -0.1465
vn -0.9394 0.2993 -0.1673
vn -0.7386 0.6646 -0.1132
vn 0.5867 0.7964 0.1465
vn 0.6207 0.7524 0.2208
vn 0.2900 0.9557 0.0495
vn 0.0569 0.9973 -0.0474
vn 0.0036 0.9967 -0.0810
vn -0.0727 0.9951 -0.0667
vn -0.3991 0.9144 -0.0684
vn -0.7735 0.6271 -0.0923
vn -0.7882 0.6001 -0.1366
vn -0.7014 0.7078 -0.0842
vn -0.1956 0.7867 -0.5855
vn -0.0053 0.7899 -0.6132
vn -0.4822 0.7474 -0.4571
vn 0.1943 0.7852 -0.5879
vn 0.5012 0.7414 -0.4463
vn 0.7630 0.6167 -0.1936
vn 0.8569 0.5147 0.0271
vn -0.7174 0.6491 -0.2531
vn 0.8500 0.4926 0.1865
vn 0.7684 0.5723 0.2866
vn 0.6304 0.7072 0.3199
vn 0.3574 0.8664 0.3487
vn 0.1369 0.9385 0.3169
vn -0.1652 0.9649 0.2042
vn -0.3676 0.9278 0.0642
vn -0.6142 0.7839 -0.0913
vn 0.3186 0.2070 0.9250
vn -0.0520 0.1828 0.9818
vn 0.6639 0.2172 0.7156
vn -0.9759 0.0924 0.1976
vn -0.9936 0.1073 -0.0356
vn -0.8197 0.1091 0.5623
vn -0.3000 0.0362 -0.9532
vn 0.0013 0.0319 -0.9995
vn -0.6869 0.0528 -0.7249
vn 0.9537 0.0712 -0.2923
vn 0.9969 0.0787 -0.0088
vn 0.7149 0.0561 -0.6970
vn -0.4651 0.1501 0.8724
vn 0.3119 0.0381 -0.9494
vn -0.9830 0.1004 -0.1539
vn -0.9758 0.0854 -0.2014
vn -0.9783 0.1148 -0.1725
vn 0.9709 0.1421 0.1927
vn 0.9499 0.1737 0.2600
vn 0.9779 0.1085 0.1786
vn 0.9861 0.0870 0.1416
vn -0.9224 0.0705 -0.3798
vn -0.9797 0.1169 -0.1627
vn 0.8827 0.2008 0.4249
vn 0.7669 0.5140 0.3844
vn -0.7501 0.6578 -0.0684
vn 0.5936 0.7354 0.3268
vt 0.372700 0.181100
vt 0.391000 0.182000
vt 0.391000 0.184700
vt 0.372700 0.184700
vt 0.408100 0.182000
vt 0.408100 0.184700
vt 0.408100 0.188200
vt 0.391000 0.188200
vt 0.372700 0.188300
vt 0.404200 0.182000
vt 0.404200 0.184700
vt 0.396300 0.184700
vt 0.396200 0.182000
vt 0.404200 0.188200
vt 0.396300 0.188200
vt 0.388400 0.188200
vt 0.388400 0.184700
vt 0.388400 0.182000
vt 0.427000 0.247800
vt 0.427900 0.251100
vt 0.420000 0.251100
vt 0.420000 0.246600
vt 0.427900 0.257000
vt 0.420000 0.257000
vt 0.404200 0.257000
vt 0.404200 0.251100
vt 0.404200 0.246600
vt 0.435800 0.257100
vt 0.422600 0.257000
vt 0.422600 0.251100
vt 0.435800 0.251100
vt 0.408100 0.257000
vt 0.408100 0.251100
vt 0.408100 0.245300
vt 0.422600 0.245300
vt 0.435800 0.245100
vt 0.404200 0.192900
vt 0.404200 0.203000
vt 0.420000 0.203000
vt 0.420000 0.192900
vt 0.404200 0.224900
vt 0.420000 0.224900
vt 0.435800 0.224900
vt 0.435800 0.203000
vt 0.435800 0.181100
vt 0.372700 0.245100
vt 0.381200 0.251100
vt 0.388400 0.251100
vt 0.388400 0.245100
vt 0.381200 0.257000
vt 0.388400 0.257000
vt 0.404200 0.245100
vt 0.423500 0.263600
vt 0.420000 0.261700
vt 0.420000 0.262800
vt 0.427900 0.262800
vt 0.404200 0.261700
vt 0.404200 0.262800
vt 0.435800 0.268600
vt 0.422600 0.268600
vt 0.422600 0.262800
vt 0.435800 0.262800
vt 0.409400 0.268600
vt 0.408100 0.262800
vt 0.381200 0.262800
vt 0.388400 0.262800
vt 0.372700 0.268600
vt 0.388400 0.268600
vt 0.404200 0.268600
vt 0.420000 0.245100
vt 0.420000 0.268600
vt 0.420000 0.206600
vt 0.404200 0.206600
vt 0.435800 0.206600
vt 0.435800 0.232100
vt 0.420000 0.231200
vt 0.404200 0.230300
vt 0.435800 0.184700
vt 0.420000 0.184700
vt 0.420000 0.182000
vt 0.435800 0.188300
vt 0.420000 0.188200
vt 0.372700 0.257100
vt 0.372700 0.251100
vt 0.380500 0.251100
vt 0.380500 0.257000
vt 0.380500 0.245300
vt 0.388400 0.245300
vt 0.420000 0.243800
vt 0.404200 0.243800
vt 0.372700 0.262800
vt 0.380500 0.262800
vt 0.380500 0.268600
vt 0.435800 0.246700
vt 0.420000 0.246700
vt 0.404200 0.246700
vt 0.435800 0.225600
vt 0.422600 0.225200
vt 0.422600 0.219400
vt 0.435800 0.219400
vt 0.408100 0.225200
vt 0.407900 0.219200
vt 0.409500 0.214100
vt 0.422600 0.214100
vt 0.435800 0.213100
vt 0.404200 0.225200
vt 0.396300 0.225200
vt 0.396300 0.219400
vt 0.404200 0.219400
vt 0.388400 0.225200
vt 0.388400 0.219400
vt 0.388400 0.214100
vt 0.396300 0.214100
vt 0.404200 0.214100
vt 0.227700 0.601200
vt 0.238600 0.639900
vt 0.160600 0.641800
vt 0.166000 0.605700
vt 0.249900 0.694100
vt 0.163600 0.688100
vt 0.092600 0.682100
vt 0.089500 0.638700
vt 0.096500 0.604900
vt 0.435800 0.197300
vt 0.435800 0.199000
vt 0.422600 0.199000
vt 0.422600 0.197400
vt 0.435800 0.200700
vt 0.422600 0.200800
vt 0.410500 0.200800
vt 0.410500 0.199000
vt 0.409800 0.197400
vt 0.404200 0.200800
vt 0.396300 0.200800
vt 0.396300 0.199000
vt 0.404200 0.199000
vt 0.388400 0.200800
vt 0.388400 0.199000
vt 0.388400 0.197400
vt 0.396300 0.197400
vt 0.404200 0.197400
vt 0.420000 0.199000
vt 0.420000 0.197600
vt 0.420000 0.200300
vt 0.404200 0.200300
vt 0.404200 0.197600
vt 0.435800 0.208700
vt 0.422600 0.208800
vt 0.422600 0.206900
vt 0.435800 0.206900
vt 0.410500 0.208800
vt 0.410400 0.206900
vt 0.410300 0.204900
vt 0.422600 0.204900
vt 0.435800 0.205000
vt 0.404200 0.208800
vt 0.396300 0.208800
vt 0.396300 0.206900
vt 0.404200 0.206900
vt 0.388400 0.208800
vt 0.388400 0.206900
vt 0.388400 0.204900
vt 0.396300 0.204900
vt 0.404200 0.204900
vt 0.422600 0.195900
vt 0.435800 0.195900
vt 0.408100 0.195900
vt 0.408100 0.194100
vt 0.422600 0.194000
vt 0.435800 0.194500
vt 0.396300 0.195900
vt 0.404200 0.195900
vt 0.388400 0.195900
vt 0.388400 0.194000
vt 0.396300 0.194000
vt 0.404200 0.194000
vt 0.239200 0.308300
vt 0.230500 0.364500
vt 0.140600 0.368400
vt 0.166900 0.313000
vt 0.209000 0.409200
vt 0.141100 0.410300
vt 0.077000 0.406900
vt 0.064200 0.359300
vt 0.058800 0.304800
vt 0.435800 0.234800
vt 0.422600 0.235000
vt 0.422600 0.230200
vt 0.435800 0.230200
vt 0.408100 0.235000
vt 0.408100 0.230200
vt 0.404200 0.235000
vt 0.396300 0.235000
vt 0.396300 0.230200
vt 0.404200 0.230200
vt 0.388400 0.235000
vt 0.388400 0.230200
vt 0.250600 0.743800
vt 0.171900 0.740600
vt 0.256700 0.796000
vt 0.183300 0.795900
vt 0.119000 0.787100
vt 0.103300 0.733200
vt 0.422600 0.191400
vt 0.435800 0.191400
vt 0.408100 0.191400
vt 0.422600 0.188200
vt 0.396300 0.191400
vt 0.404200 0.191400
vt 0.388400 0.191400
vt 0.205400 0.255800
vt 0.256600 0.252900
vt 0.135400 0.265200
vt 0.420000 0.191400
vt 0.422600 0.210900
vt 0.435800 0.210900
vt 0.410300 0.210900
vt 0.396300 0.210900
vt 0.404200 0.210900
vt 0.388400 0.210900
vt 0.420000 0.213000
vt 0.420000 0.210900
vt 0.404200 0.213000
vt 0.404200 0.209300
vt 0.420000 0.209300
vt 0.435800 0.202900
vt 0.422600 0.202900
vt 0.410400 0.202900
vt 0.396300 0.202900
vt 0.404200 0.202900
vt 0.388400 0.202900
vt 0.422600 0.184700
vt 0.422600 0.182000
vt 0.391000 0.257000
vt 0.391000 0.251100
vt 0.391000 0.245300
vt 0.391000 0.268600
vt 0.391000 0.262800
vt 0.427900 0.268600
vt 0.420000 0.254000
vt 0.435800 0.250300
vt 0.412100 0.268600
vt 0.404200 0.262600
vt 0.404200 0.250300
vt 0.498900 0.705900
vt 0.367100 0.694100
vt 0.338600 0.626000
vt 0.503000 0.641600
vt 0.282500 0.589800
vt 0.404900 0.581400
vt 0.513200 0.585300
vt 0.372700 0.200700
vt 0.375900 0.199600
vt 0.376900 0.201000
vt 0.372700 0.197300
vt 0.378800 0.199100
vt 0.372700 0.199000
vt 0.381200 0.200900
vt 0.381800 0.208700
vt 0.377400 0.208600
vt 0.377000 0.206900
vt 0.381400 0.206900
vt 0.372700 0.208700
vt 0.373700 0.206900
vt 0.373600 0.204900
vt 0.376400 0.204900
vt 0.380400 0.204900
vt 0.315000 0.387100
vt 0.268700 0.413900
vt 0.315200 0.323700
vt 0.419400 0.347400
vt 0.427900 0.401100
vt 0.458900 0.442000
vt 0.359800 0.434200
vt 0.324800 0.453100
vt 0.391000 0.240000
vt 0.408100 0.240000
vt 0.372700 0.240000
vt 0.372700 0.234800
vt 0.391000 0.235000
vt 0.321800 0.258100
vt 0.412800 0.297600
vt 0.391000 0.191400
vt 0.372700 0.191400
vt 0.372700 0.213100
vt 0.372700 0.210900
vt 0.376300 0.210200
vt 0.379100 0.210700
vt 0.373700 0.202900
vt 0.376700 0.202900
vt 0.381000 0.202900
vt 0.081000 0.918000
vt 0.081100 0.919900
vt 0.080000 0.919900
vt 0.080000 0.918000
vt 0.080000 0.921700
vt 0.080000 0.919800
vt 0.143200 0.921700
vt 0.127400 0.922300
vt 0.127400 0.921700
vt 0.111600 0.922300
vt 0.111600 0.921700
vt 0.115500 0.921700
vt 0.129400 0.921700
vt 0.080000 0.913700
vt 0.081000 0.915900
vt 0.080000 0.915900
vt 0.080000 0.916000
vt 0.111600 0.913300
vt 0.127400 0.913300
vt 0.127400 0.913700
vt 0.111600 0.913700
vt 0.143200 0.913700
vt 0.126400 0.913700
vt 0.080000 0.919400
vt 0.080000 0.917900
vt 0.080000 0.920800
vt 0.080000 0.918900
vt 0.135300 0.921700
vt 0.080000 0.916400
vt 0.080000 0.914800
vt 0.080000 0.916800
vt 0.080000 0.915800
vt 0.123400 0.913700
vt 0.135300 0.913700
vt 0.119500 0.913700
vt 0.422600 0.240000
vt 0.435800 0.240000
vt 0.404200 0.245300
vt 0.396300 0.245300
vt 0.396300 0.240000
vt 0.404200 0.240000
vt 0.388400 0.240000
vt 0.420000 0.240000
vt 0.420000 0.235000
vt 0.364800 0.743700
vt 0.361600 0.790600
vt 0.481600 0.744300
vt 0.463100 0.780000
vt 0.391000 0.181100
vt 0.384100 0.181100
vt 0.409700 0.181100
vt 0.408100 0.181100
vt 0.397900 0.181100
vt 0.404200 0.181100
vt 0.420100 0.181100
vt 0.414300 0.181100
vt 0.380500 0.181100
vt 0.380500 0.182000
vt 0.387500 0.181100
vt 0.388400 0.181100
vt 0.422600 0.181100
vt 0.320600 0.407200
vt 0.312700 0.372000
vt 0.326900 0.397900
vt 0.378900 0.416700
vt 0.143900 0.329000
vt 0.187800 0.338100
vt 0.190000 0.401100
vt 0.139500 0.391500
vt 0.487300 0.106400
vt 0.486900 0.102900
vt 0.455800 0.108000
vt 0.467900 0.106200
vt 0.434700 0.108000
vt 0.485000 0.100400
vt 0.419600 0.181100
vt 0.411800 0.181100
vt 0.412100 0.181100
vt 0.419900 0.181100
vt 0.388600 0.181100
vt 0.388800 0.181100
vt 0.382800 0.449300
vt 0.323100 0.448600
vt 0.328500 0.450800
vt 0.375900 0.466000
vt 0.194300 0.398500
vt 0.132800 0.384400
vt 0.412200 0.181100
vt 0.412400 0.181100
vt 0.420400 0.181100
vt 0.420200 0.181100
vt 0.432300 0.107300
vt 0.454500 0.107200
vt 0.486600 0.104000
vt 0.482100 0.099500
vt 0.486900 0.105800
vt 0.468700 0.106300
vt 0.420000 0.181100
vt 0.390700 0.181100
vt 0.383600 0.181100
vt 0.407500 0.181100
vt 0.398000 0.181100
vt 0.390900 0.181100
vt 0.391200 0.181100
vt 0.030000 0.024800
vt 0.175100 0.021600
vt 0.158000 0.125400
vt 0.028100 0.127900
vt 0.320200 0.018400
vt 0.282800 0.143900
vt 0.255800 0.227200
vt 0.141000 0.229100
vt 0.026200 0.231000
vt 0.387100 0.181100
vt 0.387200 0.181100
vt 0.410900 0.181100
vt 0.411400 0.181100
vt 0.381600 0.181100
vt 0.381800 0.181100
vt 0.389900 0.181100
vt 0.537300 0.197100
vt 0.490500 0.197000
vt 0.491700 0.188200
vt 0.527900 0.186300
vt 0.420700 0.181100
vt 0.428400 0.181100
vt 0.428300 0.181100
vt 0.420600 0.181100
vt 0.538000 0.217300
vt 0.489600 0.206000
vt 0.488700 0.215200
vt 0.375200 0.181100
vt 0.387300 0.181100
vt 0.415300 0.181100
vt 0.412700 0.181100
vt 0.429900 0.181100
vt 0.432300 0.181100
vt 0.429700 0.181100
vt 0.409000 0.181100
vt 0.374800 0.181100
vt 0.376900 0.181100
vt 0.379800 0.181100
vt 0.409400 0.181100
vt 0.407100 0.181100
vt 0.435100 0.181100
vt 0.434400 0.181100
vt 0.430900 0.181100
vt 0.419500 0.181100
vt 0.404600 0.181100
vt 0.404900 0.181100
vt 0.390800 0.181100
vt 0.390200 0.459200
vt 0.477000 0.464000
vt 0.487500 0.475300
vt 0.406100 0.473100
vt 0.341800 0.469500
vt 0.417700 0.485900
vt 0.351400 0.484800
vt 0.496700 0.485600
vt 0.503900 0.498500
vt 0.423800 0.499300
vt 0.354700 0.497700
vt 0.425900 0.513400
vt 0.354400 0.510700
vt 0.507100 0.513200
vt 0.509200 0.529500
vt 0.424800 0.529400
vt 0.350000 0.526300
vt 0.420600 0.549200
vt 0.339500 0.546100
vt 0.511000 0.549100
vt 0.104600 0.582300
vt 0.168700 0.582700
vt 0.420000 0.214900
vt 0.404200 0.215000
vt 0.435800 0.214700
vt 0.222400 0.577500
vt 0.254500 0.570100
vt 0.380500 0.212800
vt 0.372700 0.214700
vt 0.291300 0.546500
vt 0.384100 0.210900
vt 0.386500 0.208800
vt 0.309200 0.525200
vt 0.316300 0.510700
vt 0.386100 0.206900
vt 0.385100 0.204900
vt 0.316400 0.498500
vt 0.311800 0.486400
vt 0.385900 0.202900
vt 0.386300 0.200800
vt 0.299000 0.472000
vt 0.276600 0.456400
vt 0.381300 0.197700
vt 0.378400 0.197100
vt 0.235100 0.436800
vt 0.198600 0.433600
vt 0.137700 0.433100
vt 0.420000 0.196900
vt 0.435800 0.197000
vt 0.404200 0.196900
vt 0.075800 0.430100
vt 0.375500 0.181100
vt 0.377700 0.181100
vt 0.381300 0.181100
vt 0.427900 0.181100
vt 0.427400 0.181100
vt 0.549500 0.825500
vt 0.545300 0.821600
vt 0.524200 0.822500
vt 0.527000 0.825500
vt 0.537400 0.817800
vt 0.521500 0.820700
vt 0.419300 0.181100
vt 0.389000 0.181100
vt 0.552500 0.834200
vt 0.552600 0.830000
vt 0.529100 0.830200
vt 0.530800 0.835300
vt 0.402100 0.181100
vt 0.404300 0.181100
vt 0.400700 0.181100
vt 0.396600 0.181100
vt 0.394800 0.181100
vt 0.399300 0.181100
vt 0.552500 0.842600
vt 0.552500 0.838500
vt 0.530900 0.840000
vt 0.529900 0.844300
vt 0.393700 0.181100
vt 0.390400 0.181100
vt 0.385700 0.181100
vt 0.397600 0.181100
vt 0.391700 0.181100
vt 0.008700 0.353000
vt 0.056200 0.304400
vt 0.122300 0.520000
vt 0.147700 0.461500
vt 0.223400 0.456100
vt 0.201400 0.513800
vt 0.427300 0.181100
vt 0.427600 0.181100
vt 0.419200 0.181100
vt 0.537100 0.669000
vt 0.535500 0.690300
vt 0.499300 0.693700
vt 0.498000 0.672100
vt 0.398600 0.181100
vt 0.393800 0.181100
vt 0.386900 0.181100
vt 0.011600 0.387600
vt 0.428600 0.181100
vt 0.428900 0.181100
vt 0.421100 0.181100
vt 0.421900 0.181100
vt 0.399600 0.181100
vt 0.399400 0.181100
vt 0.399700 0.181100
vt 0.395500 0.181100
vt 0.395300 0.181100
vt 0.395000 0.181100
vt 0.411900 0.181100
vt 0.397900 0.205200
vt 0.373700 0.305600
vt 0.421800 0.106400
vt 0.523400 0.194400
vt 0.509500 0.288900
vt 0.495200 0.386300
vt 0.406200 0.181100
vt 0.404500 0.181100
vt 0.402900 0.181100
vt 0.539800 0.850400
vt 0.549200 0.846400
vt 0.529700 0.847200
vt 0.530400 0.848000
vt 0.381500 0.181100
vt 0.487800 0.225000
vt 0.528000 0.234700
vt 0.487200 0.235000
vt 0.412600 0.181100
vt 0.412500 0.181100
vt 0.412800 0.181100
vt 0.413000 0.181100
vt 0.421700 0.181100
vt 0.421600 0.181100
vt 0.411600 0.181100
vt 0.395400 0.181100
vt 0.401900 0.181100
vt 0.398900 0.181100
vt 0.400100 0.181100
vt 0.380500 0.188200
vt 0.380500 0.184700
vt 0.396300 0.251100
vt 0.396300 0.257000
vt 0.396300 0.262800
vt 0.396300 0.268600
vt 0.380500 0.225200
vt 0.380500 0.219400
vt 0.372700 0.225600
vt 0.372700 0.219400
vt 0.380500 0.214100
vt 0.380500 0.200800
vt 0.380500 0.199000
vt 0.380500 0.197400
vt 0.380500 0.208800
vt 0.380500 0.206900
vt 0.372700 0.206900
vt 0.372700 0.205000
vt 0.380500 0.204900
vt 0.380500 0.195900
vt 0.372700 0.195900
vt 0.372700 0.194500
vt 0.380500 0.194000
vt 0.380500 0.235000
vt 0.380500 0.230200
vt 0.372700 0.230200
vt 0.380500 0.191400
vt 0.380500 0.210900
vt 0.380500 0.202900
vt 0.372700 0.202900
vt 0.080000 0.918800
vt 0.080000 0.918500
vt 0.080000 0.917800
vt 0.080000 0.917200
vt 0.380500 0.240000
vt 0.392700 0.181100
vt 0.396000 0.181100
vt 0.396300 0.181100
vt 0.538000 0.638100
vt 0.491300 0.641500
vt 0.491500 0.630800
vt 0.538100 0.628300
vt 0.495900 0.662500
vt 0.537600 0.658900
vt 0.396500 0.181100
vt 0.537800 0.586800
vt 0.489600 0.590100
vt 0.491100 0.575800
vt 0.537600 0.572400
vt 0.490900 0.618100
vt 0.538100 0.615400
vt 0.424800 0.181100
vt 0.425400 0.181100
vt 0.429500 0.181100
vt 0.442400 0.153700
vt 0.422400 0.181100
vt 0.420900 0.181100
vt 0.539300 0.735100
vt 0.538800 0.768900
vt 0.482200 0.760700
vt 0.480800 0.727300
vt 0.537300 0.538500
vt 0.494700 0.538000
vt 0.492900 0.525800
vt 0.537200 0.525300
vt 0.492900 0.563800
vt 0.537500 0.560700
vt 0.399100 0.181100
vt 0.394600 0.181100
vt 0.514200 0.488400
vt 0.532500 0.494200
vt 0.538300 0.479500
vt 0.513500 0.480400
vt 0.508600 0.493200
vt 0.508900 0.480900
vt 0.511600 0.469700
vt 0.540200 0.468900
vt 0.517300 0.469000
vt 0.540200 0.459000
vt 0.518600 0.458900
vt 0.513200 0.460100
vt 0.513200 0.450800
vt 0.540200 0.449500
vt 0.517400 0.449100
vt 0.540100 0.439300
vt 0.513800 0.438800
vt 0.510500 0.440400
vt 0.508200 0.424600
vt 0.540000 0.426000
vt 0.509500 0.423400
vt 0.532900 0.397900
vt 0.421300 0.181100
vt 0.428500 0.181100
vt 0.420800 0.181100
vt 0.484800 0.850500
vt 0.481800 0.846500
vt 0.453100 0.853500
vt 0.466300 0.853500
vt 0.485500 0.104800
vt 0.486100 0.103000
vt 0.454500 0.106400
vt 0.468800 0.105500
vt 0.489700 0.603300
vt 0.538100 0.600900
vt 0.254300 0.403200
vt 0.251800 0.360600
vt 0.412300 0.181100
vt 0.420300 0.181100
vt 0.258900 0.429000
vt 0.264900 0.438800
vt 0.537900 0.649200
vt 0.493000 0.652700
vt 0.428100 0.181100
vt 0.207700 0.339400
vt 0.453300 0.105500
vt 0.467600 0.104700
vt 0.485800 0.103800
vt 0.485500 0.101400
vt 0.344400 0.776100
vt 0.425600 0.775600
vt 0.537200 0.720000
vt 0.516900 0.663700
vt 0.428200 0.181100
vt 0.430500 0.181100
vt 0.430100 0.181100
vt 0.425800 0.181100
vt 0.493400 0.548600
vt 0.537400 0.548300
vt 0.534500 0.797100
vt 0.469800 0.787600
vt 0.493200 0.353200
vt 0.493900 0.300100
vt 0.553100 0.291900
vt 0.553200 0.340700
vt 0.510800 0.249800
vt 0.537300 0.240500
vt 0.553500 0.356700
vt 0.553500 0.353000
vt 0.490500 0.352700
vt 0.495300 0.300700
vt 0.553200 0.287700
vt 0.510100 0.252700
vt 0.537300 0.238300
vt 0.490700 0.375200
vt 0.488800 0.304100
vt 0.553200 0.293300
vt 0.553200 0.341000
vt 0.499000 0.256500
vt 0.537000 0.244100
vt 0.553500 0.352300
vt 0.421800 0.065500
vt 0.419400 0.065500
vt 0.553300 0.351300
vt 0.495600 0.347200
vt 0.553200 0.340600
vt 0.497900 0.297600
vt 0.553200 0.290300
vt 0.511600 0.246200
vt 0.537300 0.237600
vt 0.566900 0.123600
vt 0.552200 0.129900
vt 0.465000 0.122900
vt 0.499800 0.117000
vt 0.547100 0.135400
vt 0.447100 0.127100
vt 0.527200 0.141100
vt 0.452800 0.133400
vt 0.567400 0.114300
vt 0.494500 0.356800
vt 0.480700 0.346600
vt 0.490700 0.353700
vt 0.549600 0.406100
vt 0.567200 0.179700
vt 0.570100 0.179700
vt 0.372700 0.197000
vt 0.481300 0.108000
vt 0.485400 0.107500
vt 0.484200 0.108400
vt 0.486400 0.107400
vt 0.486600 0.107200
vt 0.486900 0.106700
vt 0.486500 0.106300
vt 0.485800 0.105800
vt 0.485900 0.105200
vt 0.482400 0.794400
vt 0.482100 0.802800
vt 0.484500 0.799300
vt 0.188900 0.600600
vt 0.118800 0.605200
vt 0.112800 0.641400
vt 0.201400 0.639400
vt 0.214200 0.693800
vt 0.116200 0.687700
vt 0.035500 0.681800
vt 0.032000 0.638200
vt 0.040000 0.604400
vt 0.202100 0.306900
vt 0.110500 0.296600
vt 0.108000 0.358000
vt 0.192200 0.363300
vt 0.167700 0.408000
vt 0.096300 0.408500
vt 0.023600 0.405000
vt 0.027100 0.365700
vt 0.011700 0.299700
vt 0.125600 0.740400
vt 0.214900 0.743700
vt 0.221900 0.796000
vt 0.138500 0.795900
vt 0.065500 0.787000
vt 0.047700 0.733000
vt 0.221800 0.251300
vt 0.163700 0.254200
vt 0.084200 0.263700
vt 0.496900 0.705700
vt 0.501600 0.641100
vt 0.314900 0.625500
vt 0.347300 0.693800
vt 0.251200 0.589200
vt 0.390200 0.580700
vt 0.513200 0.584600
vt 0.235500 0.412800
vt 0.288100 0.385900
vt 0.288300 0.322300
vt 0.406600 0.346100
vt 0.416300 0.400000
vt 0.451600 0.440900
vt 0.339000 0.433100
vt 0.299300 0.452100
vt 0.399200 0.296100
vt 0.295900 0.256500
vt 0.341100 0.790600
vt 0.344700 0.743600
vt 0.477400 0.744200
vt 0.456200 0.779900
vt 0.373500 0.458200
vt 0.472100 0.463100
vt 0.484100 0.474400
vt 0.391600 0.472200
vt 0.318600 0.468600
vt 0.329400 0.483800
vt 0.404700 0.485000
vt 0.494400 0.484700
vt 0.502600 0.497600
vt 0.411700 0.498400
vt 0.333200 0.496800
vt 0.332900 0.509800
vt 0.414100 0.512600
vt 0.506300 0.512300
vt 0.508700 0.528700
vt 0.412800 0.528700
vt 0.327800 0.525600
vt 0.316000 0.545400
vt 0.408000 0.548500
vt 0.510700 0.548400
vt 0.121900 0.582100
vt 0.049100 0.581600
vt 0.182900 0.576900
vt 0.219400 0.569500
vt 0.261200 0.545800
vt 0.281500 0.524400
vt 0.289500 0.509800
vt 0.289700 0.497600
vt 0.284400 0.485500
vt 0.270000 0.471000
vt 0.244500 0.455400
vt 0.197300 0.435800
vt 0.155900 0.432500
vt 0.092500 0.431400
vt 0.022200 0.428300
vt 0.493500 0.403300
vt 0.458800 0.977800
vt 0.529700 0.978000
vt 0.529700 0.996500
vt 0.458800 0.996500
vt 0.458300 0.925300
vt 0.531500 0.925300
vt 0.531900 0.957900
vt 0.457800 0.958000
vt 0.458700 0.954900
vt 0.495500 0.925300
vt 0.529400 0.954100
vt 0.493700 0.996600
vt 0.462700 0.999000
vt 0.462700 0.923400
vt 0.530600 0.923400
vt 0.530600 0.999000
vt 0.526300 0.923400
vt 0.526300 0.999000
vt 0.457300 0.999000
vt 0.457300 0.923400
vt 0.551000 0.986100
vt 0.551000 0.983800
vt 0.548600 0.986100
vt 0.548600 0.983800
vt 0.551000 0.977400
vt 0.548600 0.977400
vt 0.551100 0.981400
vt 0.548600 0.981400
vt 0.551000 0.977200
vt 0.548700 0.977200
vt 0.551000 0.986400
vt 0.548700 0.986400
vt 0.548500 0.986400
vt 0.550900 0.986400
vt 0.548500 0.977200
vt 0.550900 0.977200
vt 0.105300 0.927600
vt 0.099600 0.927600
vt 0.099600 0.924300
vt 0.105300 0.924300
vt 0.105300 0.916500
vt 0.099600 0.916500
vt 0.099600 0.905500
vt 0.105300 0.905500
vt 0.099600 0.920600
vt 0.112600 0.920600
vt 0.112600 0.905500
vt 0.112600 0.916500
vt 0.110800 0.916500
vt 0.110800 0.905500
vt 0.107100 0.916500
vt 0.112600 0.919600
vt 0.112600 0.921500
vt 0.107100 0.924300
vt 0.112600 0.924300
vt 0.112600 0.927600
vt 0.110800 0.927600
vt 0.110800 0.924300
vt 0.107100 0.905500
vt 0.107100 0.927600
vt 0.112600 0.923400
vt 0.108900 0.916500
vt 0.108000 0.916500
vt 0.108000 0.905500
vt 0.108900 0.905500
vt 0.112600 0.918600
vt 0.112600 0.917500
vt 0.112600 0.922400
vt 0.108900 0.924300
vt 0.108900 0.927600
vt 0.108000 0.927600
vt 0.108000 0.924300
vt 0.112600 0.922000
vt 0.112600 0.919100
vt 0.099200 0.950100
vt 0.104200 0.950100
vt 0.104100 0.950400
vt 0.103800 0.950700
vt 0.103400 0.951000
vt 0.102800 0.951200
vt 0.102000 0.951400
vt 0.101100 0.951600
vt 0.100200 0.951700
vt 0.099200 0.951700
vt 0.098200 0.951700
vt 0.097300 0.951600
vt 0.096400 0.951400
vt 0.095700 0.951200
vt 0.095100 0.951000
vt 0.094600 0.950700
vt 0.094300 0.950400
vt 0.094200 0.950100
vt 0.094300 0.949800
vt 0.094600 0.949500
vt 0.095100 0.949200
vt 0.095700 0.949000
vt 0.096400 0.948800
vt 0.097300 0.948600
vt 0.098200 0.948500
vt 0.099200 0.948500
vt 0.100200 0.948500
vt 0.101100 0.948600
vt 0.102000 0.948800
vt 0.102800 0.949000
vt 0.103400 0.949200
vt 0.103800 0.949500
vt 0.104100 0.949800
vt 0.109000 0.950700
vt 0.109200 0.950100
vt 0.108400 0.951300
vt 0.107500 0.951900
vt 0.106300 0.952300
vt 0.104800 0.952700
vt 0.103000 0.953000
vt 0.101200 0.953200
vt 0.099200 0.953300
vt 0.097300 0.953200
vt 0.095400 0.953000
vt 0.093700 0.952700
vt 0.092200 0.952300
vt 0.090900 0.951900
vt 0.090000 0.951300
vt 0.089500 0.950700
vt 0.089300 0.950100
vt 0.089500 0.949500
vt 0.090000 0.948900
vt 0.090900 0.948300
vt 0.092200 0.947900
vt 0.093700 0.947500
vt 0.095400 0.947200
vt 0.097300 0.947000
vt 0.099200 0.946900
vt 0.101200 0.947000
vt 0.103000 0.947200
vt 0.104800 0.947500
vt 0.106300 0.947900
vt 0.107500 0.948300
vt 0.108400 0.948900
vt 0.109000 0.949500
vt 0.113700 0.951000
vt 0.114000 0.950100
vt 0.112900 0.951900
vt 0.111500 0.952700
vt 0.109700 0.953400
vt 0.107500 0.954000
vt 0.104900 0.954500
vt 0.102100 0.954700
vt 0.099200 0.954800
vt 0.096300 0.954700
vt 0.093600 0.954500
vt 0.091000 0.954000
vt 0.088800 0.953400
vt 0.086900 0.952700
vt 0.085500 0.951900
vt 0.084700 0.951000
vt 0.084400 0.950100
vt 0.084700 0.949200
vt 0.085500 0.948300
vt 0.086900 0.947500
vt 0.088800 0.946800
vt 0.091000 0.946200
vt 0.093600 0.945700
vt 0.096300 0.945500
vt 0.099200 0.945400
vt 0.102100 0.945500
vt 0.104900 0.945700
vt 0.107500 0.946200
vt 0.109700 0.946800
vt 0.111500 0.947500
vt 0.112900 0.948300
vt 0.113700 0.949200
vt 0.145000 0.837800
vt 0.140400 0.837500
vt 0.140700 0.836500
vt 0.145400 0.836500
vt 0.143900 0.838900
vt 0.139600 0.838300
vt 0.142100 0.840000
vt 0.138200 0.839200
vt 0.139700 0.840900
vt 0.136400 0.839900
vt 0.136700 0.841700
vt 0.134100 0.840500
vt 0.133400 0.842300
vt 0.131600 0.840900
vt 0.129700 0.842600
vt 0.128800 0.841200
vt 0.125900 0.842800
vt 0.125900 0.841300
vt 0.122100 0.842600
vt 0.123000 0.841200
vt 0.118400 0.842300
vt 0.120200 0.840900
vt 0.115100 0.841700
vt 0.117700 0.840500
vt 0.112100 0.840900
vt 0.115400 0.839900
vt 0.109700 0.840000
vt 0.113600 0.839200
vt 0.107900 0.838900
vt 0.112200 0.838300
vt 0.106700 0.837800
vt 0.111400 0.837500
vt 0.106400 0.836500
vt 0.111100 0.836500
vt 0.106700 0.835300
vt 0.111400 0.835600
vt 0.107900 0.834200
vt 0.112200 0.834700
vt 0.109700 0.833100
vt 0.113600 0.833900
vt 0.112100 0.832100
vt 0.115400 0.833200
vt 0.115100 0.831400
vt 0.117700 0.832600
vt 0.118400 0.830800
vt 0.120200 0.832200
vt 0.122100 0.830400
vt 0.123000 0.831900
vt 0.125900 0.830300
vt 0.125900 0.831800
vt 0.129700 0.830400
vt 0.128800 0.831900
vt 0.133400 0.830800
vt 0.131600 0.832200
vt 0.136700 0.831400
vt 0.134100 0.832600
vt 0.139700 0.832100
vt 0.136400 0.833200
vt 0.142100 0.833100
vt 0.138200 0.833900
vt 0.143900 0.834200
vt 0.139600 0.834700
vt 0.145000 0.835300
vt 0.140400 0.835600
vt 0.149500 0.838000
vt 0.149900 0.836500
vt 0.148100 0.839500
vt 0.145900 0.840800
vt 0.142900 0.842000
vt 0.139300 0.842900
vt 0.135100 0.843600
vt 0.130600 0.844100
vt 0.125900 0.844200
vt 0.121200 0.844100
vt 0.116700 0.843600
vt 0.112500 0.842900
vt 0.108900 0.842000
vt 0.105900 0.840800
vt 0.103700 0.839500
vt 0.102300 0.838000
vt 0.101800 0.836500
vt 0.102300 0.835000
vt 0.103700 0.833600
vt 0.105900 0.832300
vt 0.108900 0.831100
vt 0.112500 0.830200
vt 0.116700 0.829500
vt 0.121200 0.829000
vt 0.125900 0.828900
vt 0.130600 0.829000
vt 0.135100 0.829500
vt 0.139300 0.830200
vt 0.142900 0.831100
vt 0.145900 0.832300
vt 0.148100 0.833600
vt 0.149500 0.835000
vt 0.153700 0.838300
vt 0.154200 0.836500
vt 0.152100 0.840000
vt 0.149500 0.841600
vt 0.145900 0.842900
vt 0.141600 0.844000
vt 0.136700 0.844900
vt 0.131400 0.845400
vt 0.125900 0.845600
vt 0.120400 0.845400
vt 0.115100 0.844900
vt 0.110200 0.844000
vt 0.105900 0.842900
vt 0.102300 0.841600
vt 0.099700 0.840000
vt 0.098100 0.838300
vt 0.097600 0.836500
vt 0.098100 0.834800
vt 0.099700 0.833100
vt 0.102300 0.831500
vt 0.105900 0.830200
vt 0.110200 0.829000
vt 0.115100 0.828200
vt 0.120400 0.827700
vt 0.125900 0.827500
vt 0.131400 0.827700
vt 0.136700 0.828200
vt 0.141600 0.829000
vt 0.145900 0.830200
vt 0.149500 0.831500
vt 0.152100 0.833100
vt 0.153700 0.834800
vt 0.157600 0.838600
vt 0.158300 0.836500
vt 0.155800 0.840500
vt 0.152800 0.842300
vt 0.148800 0.843800
vt 0.143900 0.845100
vt 0.138300 0.846100
vt 0.132200 0.846600
vt 0.125900 0.846800
vt 0.119600 0.846600
vt 0.113500 0.846100
vt 0.107900 0.845100
vt 0.103000 0.843800
vt 0.099000 0.842300
vt 0.096000 0.840500
vt 0.094200 0.838600
vt 0.093500 0.836500
vt 0.094200 0.834500
vt 0.096000 0.832600
vt 0.099000 0.830800
vt 0.103000 0.829300
vt 0.107900 0.828000
vt 0.113500 0.827000
vt 0.119600 0.826400
vt 0.125900 0.826200
vt 0.132200 0.826400
vt 0.138300 0.827000
vt 0.143900 0.828000
vt 0.148800 0.829300
vt 0.152800 0.830800
vt 0.155800 0.832600
vt 0.157600 0.834500
vt 0.380000 0.934800
vt 0.374500 0.934000
vt 0.375500 0.926900
vt 0.381100 0.926900
vt 0.376900 0.942500
vt 0.371800 0.940900
vt 0.371900 0.949500
vt 0.367300 0.947200
vt 0.365100 0.955700
vt 0.361200 0.952700
vt 0.356900 0.960800
vt 0.353800 0.957300
vt 0.347500 0.964500
vt 0.345400 0.960700
vt 0.337300 0.966900
vt 0.336200 0.962700
vt 0.326700 0.967600
vt 0.326700 0.963500
vt 0.316100 0.966900
vt 0.317200 0.962700
vt 0.305900 0.964500
vt 0.308100 0.960700
vt 0.296500 0.960800
vt 0.299600 0.957300
vt 0.288300 0.955700
vt 0.292200 0.952700
vt 0.281500 0.949500
vt 0.286200 0.947200
vt 0.276500 0.942500
vt 0.281700 0.940900
vt 0.273400 0.934800
vt 0.278900 0.934000
vt 0.272400 0.926900
vt 0.278000 0.926900
vt 0.273400 0.918900
vt 0.278900 0.919700
vt 0.276500 0.911200
vt 0.281700 0.912800
vt 0.281500 0.904200
vt 0.286200 0.906500
vt 0.288300 0.898000
vt 0.292200 0.901000
vt 0.296500 0.892900
vt 0.299600 0.896400
vt 0.305900 0.889200
vt 0.308100 0.893000
vt 0.316100 0.886800
vt 0.317200 0.891000
vt 0.326700 0.886100
vt 0.326700 0.890300
vt 0.337300 0.886800
vt 0.336200 0.891000
vt 0.347500 0.889200
vt 0.345400 0.893000
vt 0.356900 0.892900
vt 0.353800 0.896400
vt 0.365100 0.898000
vt 0.361200 0.901000
vt 0.371900 0.904200
vt 0.367300 0.906500
vt 0.376900 0.911200
vt 0.371800 0.912800
vt 0.380000 0.918900
vt 0.374500 0.919700
vt 0.385000 0.935600
vt 0.386100 0.926900
vt 0.381600 0.943900
vt 0.376100 0.951600
vt 0.368700 0.958400
vt 0.359700 0.963900
vt 0.349500 0.968100
vt 0.338300 0.970600
vt 0.326700 0.971400
vt 0.315100 0.970600
vt 0.304000 0.968100
vt 0.293700 0.963900
vt 0.284700 0.958400
vt 0.277300 0.951600
vt 0.271800 0.943900
vt 0.268500 0.935600
vt 0.267300 0.926900
vt 0.268500 0.918200
vt 0.271800 0.909800
vt 0.277300 0.902100
vt 0.284700 0.895300
vt 0.293700 0.889800
vt 0.304000 0.885700
vt 0.315100 0.883100
vt 0.326700 0.882300
vt 0.338300 0.883100
vt 0.349500 0.885700
vt 0.359700 0.889800
vt 0.368700 0.895300
vt 0.376100 0.902100
vt 0.381600 0.909800
vt 0.385000 0.918200
vt 0.389400 0.936200
vt 0.390600 0.926900
vt 0.385800 0.945200
vt 0.379800 0.953500
vt 0.371900 0.960800
vt 0.362200 0.966700
vt 0.351200 0.971200
vt 0.339200 0.973900
vt 0.326700 0.974800
vt 0.314300 0.973900
vt 0.302300 0.971200
vt 0.291200 0.966700
vt 0.281500 0.960800
vt 0.273600 0.953500
vt 0.267700 0.945200
vt 0.264100 0.936200
vt 0.262800 0.926900
vt 0.264100 0.917500
vt 0.267700 0.908500
vt 0.273600 0.900200
vt 0.281500 0.892900
vt 0.291200 0.887000
vt 0.302300 0.882500
vt 0.314300 0.879800
vt 0.326700 0.878900
vt 0.339200 0.879800
vt 0.351200 0.882500
vt 0.362200 0.887000
vt 0.371900 0.892900
vt 0.379800 0.900200
vt 0.385800 0.908500
vt 0.389400 0.917500
vt 0.393200 0.936800
vt 0.394500 0.926900
vt 0.389300 0.946300
vt 0.383100 0.955100
vt 0.374600 0.962800
vt 0.364400 0.969200
vt 0.352700 0.973900
vt 0.339900 0.976800
vt 0.326700 0.977700
vt 0.313500 0.976800
vt 0.300800 0.973900
vt 0.289100 0.969200
vt 0.278800 0.962800
vt 0.270400 0.955100
vt 0.264100 0.946300
vt 0.260200 0.936800
vt 0.258900 0.926900
vt 0.260200 0.916900
vt 0.264100 0.907400
vt 0.270400 0.898600
vt 0.278800 0.890900
vt 0.289100 0.884500
vt 0.300800 0.879800
vt 0.313500 0.876900
vt 0.326700 0.876000
vt 0.339900 0.876900
vt 0.352700 0.879800
vt 0.364400 0.884500
vt 0.374600 0.890900
vt 0.383100 0.898600
vt 0.389300 0.907400
vt 0.393200 0.916900
vt 0.382600 0.938000
vt 0.379500 0.937500
vt 0.380800 0.927600
vt 0.384000 0.927600
vt 0.392300 0.947200
vt 0.396400 0.937300
vt 0.385800 0.956500
vt 0.376900 0.964500
vt 0.366200 0.971200
vt 0.353900 0.976100
vt 0.340600 0.979100
vt 0.326700 0.980200
vt 0.312900 0.979100
vt 0.299500 0.976100
vt 0.287300 0.971200
vt 0.276500 0.964500
vt 0.267700 0.956500
vt 0.261100 0.947200
vt 0.257100 0.937300
vt 0.255700 0.926900
vt 0.257100 0.916500
vt 0.261100 0.906500
vt 0.267700 0.897200
vt 0.276500 0.889200
vt 0.287300 0.882500
vt 0.299500 0.877600
vt 0.312900 0.874600
vt 0.326700 0.873600
vt 0.340600 0.874600
vt 0.353900 0.877600
vt 0.366200 0.882500
vt 0.376900 0.889200
vt 0.372000 0.898000
vt 0.369400 0.899300
vt 0.360900 0.891600
vt 0.363200 0.889900
vt 0.378600 0.907200
vt 0.375600 0.908100
vt 0.382600 0.917200
vt 0.379500 0.917700
vt 0.385100 0.938400
vt 0.386500 0.927600
vt 0.394700 0.948000
vt 0.398800 0.937600
vt 0.387900 0.957500
vt 0.378700 0.965900
vt 0.367600 0.972800
vt 0.354900 0.977900
vt 0.341100 0.981000
vt 0.326700 0.982100
vt 0.312400 0.981000
vt 0.298600 0.977900
vt 0.285900 0.972800
vt 0.274700 0.965900
vt 0.265600 0.957500
vt 0.258800 0.948000
vt 0.254600 0.937600
vt 0.253200 0.926900
vt 0.254600 0.916100
vt 0.258800 0.905700
vt 0.265600 0.896200
vt 0.274700 0.887800
vt 0.285900 0.880900
vt 0.298600 0.875800
vt 0.312400 0.872700
vt 0.326700 0.871600
vt 0.341100 0.872700
vt 0.354900 0.875800
vt 0.367600 0.880900
vt 0.378700 0.887800
vt 0.374100 0.896900
vt 0.365000 0.888600
vt 0.380900 0.906500
vt 0.385100 0.916800
vt 0.386900 0.938700
vt 0.388400 0.927600
vt 0.396400 0.948500
vt 0.400600 0.937900
vt 0.389400 0.958300
vt 0.380000 0.966900
vt 0.368600 0.973900
vt 0.355600 0.979100
vt 0.341400 0.982300
vt 0.326700 0.983400
vt 0.312000 0.982300
vt 0.297900 0.979100
vt 0.284800 0.973900
vt 0.273400 0.966900
vt 0.264100 0.958300
vt 0.257100 0.948500
vt 0.252800 0.937900
vt 0.251300 0.926900
vt 0.252800 0.915800
vt 0.257100 0.905200
vt 0.264100 0.895400
vt 0.273400 0.886800
vt 0.284800 0.879800
vt 0.297900 0.874600
vt 0.312000 0.871400
vt 0.326700 0.870300
vt 0.341400 0.871400
vt 0.355600 0.874600
vt 0.368600 0.879800
vt 0.380000 0.886800
vt 0.375700 0.896200
vt 0.366300 0.887600
vt 0.382600 0.906000
vt 0.386900 0.916600
vt 0.388000 0.938800
vt 0.389500 0.927600
vt 0.397400 0.948800
vt 0.401700 0.938100
vt 0.390300 0.958700
vt 0.380800 0.967500
vt 0.369200 0.974600
vt 0.356000 0.979900
vt 0.341600 0.983200
vt 0.326700 0.984300
vt 0.311800 0.983200
vt 0.297500 0.979900
vt 0.284200 0.974600
vt 0.272600 0.967500
vt 0.263100 0.958700
vt 0.256100 0.948800
vt 0.251700 0.938100
vt 0.250200 0.926900
vt 0.251700 0.915700
vt 0.256100 0.904900
vt 0.263100 0.895000
vt 0.272600 0.886300
vt 0.284200 0.879100
vt 0.297500 0.873800
vt 0.311800 0.870500
vt 0.326700 0.869400
vt 0.341600 0.870500
vt 0.356000 0.873800
vt 0.369200 0.879100
vt 0.380800 0.886300
vt 0.376600 0.895700
vt 0.367100 0.887000
vt 0.383700 0.905600
vt 0.388000 0.916400
vt 0.388400 0.938900
vt 0.389800 0.927600
vt 0.397700 0.948900
vt 0.402100 0.938100
vt 0.390600 0.958900
vt 0.381100 0.967600
vt 0.369400 0.974800
vt 0.356100 0.980200
vt 0.341700 0.983400
vt 0.326700 0.984500
vt 0.311700 0.983400
vt 0.297300 0.980200
vt 0.284000 0.974800
vt 0.272400 0.967600
vt 0.262800 0.958900
vt 0.255700 0.948900
vt 0.251300 0.938100
vt 0.249900 0.926900
vt 0.251300 0.915600
vt 0.255700 0.904800
vt 0.262800 0.894800
vt 0.272400 0.886100
vt 0.284000 0.878900
vt 0.297300 0.873600
vt 0.311700 0.870300
vt 0.326700 0.869200
vt 0.341700 0.870300
vt 0.356100 0.873600
vt 0.369400 0.878900
vt 0.381100 0.886100
vt 0.376900 0.895600
vt 0.367300 0.886800
vt 0.384000 0.905500
vt 0.388400 0.916400
vt 0.403600 0.926900
vt 0.403200 0.926900
vt 0.390300 0.895000
vt 0.390600 0.894800
vt 0.397400 0.904900
vt 0.397700 0.904800
vt 0.401700 0.915700
vt 0.402100 0.915600
vt 0.402100 0.926900
vt 0.389400 0.895400
vt 0.396400 0.905200
vt 0.400600 0.915800
vt 0.400300 0.926900
vt 0.387900 0.896200
vt 0.394700 0.905700
vt 0.398800 0.916100
vt 0.397700 0.926900
vt 0.385800 0.897200
vt 0.392300 0.906500
vt 0.396400 0.916500
vt 0.368600 0.933100
vt 0.369400 0.926900
vt 0.366200 0.939100
vt 0.362200 0.944700
vt 0.356900 0.949500
vt 0.350400 0.953500
vt 0.343100 0.956500
vt 0.335000 0.958300
vt 0.326700 0.958900
vt 0.318400 0.958300
vt 0.310400 0.956500
vt 0.303000 0.953500
vt 0.296500 0.949500
vt 0.291200 0.944700
vt 0.287300 0.939100
vt 0.284800 0.933100
vt 0.284000 0.926900
vt 0.284800 0.920600
vt 0.287300 0.914600
vt 0.291200 0.909000
vt 0.296500 0.904200
vt 0.303000 0.900200
vt 0.310400 0.897200
vt 0.318400 0.895400
vt 0.326700 0.894800
vt 0.335000 0.895400
vt 0.343100 0.897200
vt 0.350400 0.900200
vt 0.356900 0.904200
vt 0.362200 0.909000
vt 0.366200 0.914600
vt 0.368600 0.920600
vt 0.362200 0.932200
vt 0.362900 0.926900
vt 0.360200 0.937300
vt 0.356800 0.942000
vt 0.352300 0.946100
vt 0.346800 0.949500
vt 0.340600 0.952000
vt 0.333800 0.953500
vt 0.326700 0.954000
vt 0.319700 0.953500
vt 0.312900 0.952000
vt 0.306600 0.949500
vt 0.301100 0.946100
vt 0.296600 0.942000
vt 0.293300 0.937300
vt 0.291200 0.932200
vt 0.290500 0.926900
vt 0.291200 0.921500
vt 0.293300 0.916400
vt 0.296600 0.911700
vt 0.301100 0.907600
vt 0.306600 0.904200
vt 0.312900 0.901700
vt 0.319700 0.900200
vt 0.326700 0.899700
vt 0.333800 0.900200
vt 0.340600 0.901700
vt 0.346800 0.904200
vt 0.352300 0.907600
vt 0.356800 0.911700
vt 0.360200 0.916400
vt 0.362200 0.921500
vt 0.355600 0.931200
vt 0.356100 0.926900
vt 0.353900 0.935300
vt 0.351200 0.939100
vt 0.347500 0.942500
vt 0.343100 0.945200
vt 0.338000 0.947200
vt 0.332500 0.948500
vt 0.326700 0.948900
vt 0.321000 0.948500
vt 0.315500 0.947200
vt 0.310400 0.945200
vt 0.305900 0.942500
vt 0.302300 0.939100
vt 0.299500 0.935300
vt 0.297900 0.931200
vt 0.297300 0.926900
vt 0.297900 0.922500
vt 0.299500 0.918400
vt 0.302300 0.914600
vt 0.305900 0.911200
vt 0.310400 0.908500
vt 0.315500 0.906500
vt 0.321000 0.905200
vt 0.326700 0.904800
vt 0.332500 0.905200
vt 0.338000 0.906500
vt 0.343100 0.908500
vt 0.347500 0.911200
vt 0.351200 0.914600
vt 0.353900 0.918400
vt 0.355600 0.922500
vt 0.348600 0.930100
vt 0.349000 0.926900
vt 0.347300 0.933300
vt 0.345300 0.936200
vt 0.342500 0.938700
vt 0.339100 0.940800
vt 0.335300 0.942300
vt 0.331100 0.943300
vt 0.326700 0.943600
vt 0.322400 0.943300
vt 0.318200 0.942300
vt 0.314300 0.940800
vt 0.310900 0.938700
vt 0.308200 0.936200
vt 0.306100 0.933300
vt 0.304800 0.930100
vt 0.304400 0.926900
vt 0.304800 0.923600
vt 0.306100 0.920400
vt 0.308200 0.917500
vt 0.310900 0.915000
vt 0.314300 0.912900
vt 0.318200 0.911400
vt 0.322400 0.910400
vt 0.326700 0.910100
vt 0.331100 0.910400
vt 0.335300 0.911400
vt 0.339100 0.912900
vt 0.342500 0.915000
vt 0.345300 0.917500
vt 0.347300 0.920400
vt 0.348600 0.923600
vt 0.341400 0.929000
vt 0.341700 0.926900
vt 0.340600 0.931200
vt 0.339200 0.933100
vt 0.337300 0.934800
vt 0.335000 0.936200
vt 0.332500 0.937300
vt 0.329600 0.937900
vt 0.326700 0.938100
vt 0.323800 0.937900
vt 0.321000 0.937300
vt 0.318400 0.936200
vt 0.316100 0.934800
vt 0.314300 0.933100
vt 0.312900 0.931200
vt 0.312000 0.929000
vt 0.311700 0.926900
vt 0.312000 0.924700
vt 0.312900 0.922500
vt 0.314300 0.920600
vt 0.316100 0.918900
vt 0.318400 0.917500
vt 0.321000 0.916500
vt 0.323800 0.915800
vt 0.326700 0.915600
vt 0.329600 0.915800
vt 0.332500 0.916500
vt 0.335000 0.917500
vt 0.337300 0.918900
vt 0.339200 0.920600
vt 0.340600 0.922500
vt 0.341400 0.924700
vt 0.334100 0.928000
vt 0.334300 0.926900
vt 0.333700 0.929000
vt 0.333000 0.930000
vt 0.332000 0.930900
vt 0.330900 0.931600
vt 0.329600 0.932100
vt 0.328200 0.932400
vt 0.326700 0.932500
vt 0.325200 0.932400
vt 0.323800 0.932100
vt 0.322500 0.931600
vt 0.321400 0.930900
vt 0.320500 0.930000
vt 0.319800 0.929000
vt 0.319300 0.928000
vt 0.319200 0.926900
vt 0.319300 0.925700
vt 0.319800 0.924700
vt 0.320500 0.923700
vt 0.321400 0.922900
vt 0.322500 0.922200
vt 0.323800 0.921600
vt 0.325200 0.921300
vt 0.326700 0.921200
vt 0.328200 0.921300
vt 0.329600 0.921600
vt 0.330900 0.922200
vt 0.332000 0.922900
vt 0.333000 0.923700
vt 0.333700 0.924700
vt 0.334100 0.925700
vt 0.326700 0.926900
vt 0.102700 0.914800
vt 0.102100 0.914700
vt 0.102700 0.914700
vt 0.102700 0.914900
vt 0.102100 0.914800
vt 0.102000 0.914900
vt 0.102700 0.915000
vt 0.103200 0.914800
vt 0.103200 0.914900
vt 0.103200 0.915000
vt 0.103800 0.914800
vt 0.103800 0.914900
vt 0.103800 0.915000
vt 0.104300 0.914800
vt 0.104300 0.914900
vt 0.104300 0.915000
vt 0.104700 0.914800
vt 0.104700 0.914900
vt 0.104700 0.915000
vt 0.105200 0.914800
vt 0.105200 0.914700
vt 0.105200 0.914900
vt 0.105600 0.914700
vt 0.105600 0.914800
vt 0.105700 0.914900
vt 0.106900 0.914400
vt 0.106900 0.914500
vt 0.107000 0.914500
vt 0.107000 0.914600
vt 0.108000 0.913900
vt 0.107900 0.913900
vt 0.108000 0.914000
vt 0.108100 0.914000
vt 0.108200 0.913500
vt 0.108300 0.913600
vt 0.108400 0.913600
vt 0.108500 0.913600
vt 0.108300 0.913200
vt 0.108200 0.913200
vt 0.108400 0.913200
vt 0.108500 0.913200
vt 0.108000 0.912600
vt 0.108100 0.912600
vt 0.108200 0.912600
vt 0.108300 0.912600
vt 0.108000 0.912000
vt 0.108100 0.912100
vt 0.108200 0.912100
vt 0.108300 0.912100
vt 0.108900 0.911600
vt 0.108900 0.911700
vt 0.109000 0.911800
vt 0.110000 0.911500
vt 0.110000 0.911400
vt 0.110000 0.911600
vt 0.110600 0.911800
vt 0.110600 0.911700
vt 0.110500 0.911800
vt 0.110400 0.911900
vt 0.111000 0.912200
vt 0.111000 0.912100
vt 0.110900 0.912200
vt 0.110900 0.912300
vt 0.111300 0.912200
vt 0.111300 0.912100
vt 0.111400 0.912200
vt 0.111400 0.912300
vt 0.111600 0.912000
vt 0.111700 0.912000
vt 0.111800 0.912100
vt 0.111700 0.911700
vt 0.111600 0.911800
vt 0.111800 0.911700
vt 0.111900 0.911700
vt 0.111500 0.911500
vt 0.111500 0.911600
vt 0.111600 0.911500
vt 0.111600 0.911400
vt 0.111700 0.911400
vt 0.111000 0.911300
vt 0.110900 0.911300
vt 0.111000 0.911200
vt 0.111100 0.911200
vt 0.111100 0.911100
vt 0.110500 0.910800
vt 0.110400 0.910800
vt 0.110600 0.910800
vt 0.110700 0.910800
vt 0.110300 0.910200
vt 0.110400 0.910200
vt 0.110500 0.910200
vt 0.110400 0.909800
vt 0.110500 0.909900
vt 0.110600 0.909900
vt 0.110700 0.909900
vt 0.110700 0.909600
vt 0.110800 0.909700
vt 0.110900 0.909800
vt 0.111500 0.909200
vt 0.111500 0.909300
vt 0.111600 0.909400
vt 0.112500 0.909100
vt 0.112500 0.909200
vt 0.112500 0.909300
vt 0.113800 0.909200
vt 0.113800 0.909100
vt 0.113800 0.909300
vt 0.115000 0.909100
vt 0.115000 0.909200
vt 0.115000 0.909300
vt 0.116800 0.908900
vt 0.116700 0.908900
vt 0.116800 0.909000
vt 0.116800 0.909100
vt 0.118800 0.908400
vt 0.118700 0.908400
vt 0.118800 0.908500
vt 0.118800 0.908600
vt 0.118900 0.908600
vt 0.120500 0.907700
vt 0.120400 0.907700
vt 0.120500 0.907800
vt 0.120600 0.907900
vt 0.122000 0.906900
vt 0.122100 0.907000
vt 0.122100 0.907100
vt 0.122200 0.907100
vt 0.123000 0.906100
vt 0.123100 0.906100
vt 0.123200 0.906200
vt 0.123800 0.905300
vt 0.123700 0.905200
vt 0.123900 0.905300
vt 0.124000 0.905400
vt 0.103500 0.913600
vt 0.102000 0.914100
vt 0.101900 0.914100
vt 0.103500 0.913700
vt 0.102000 0.914200
vt 0.103600 0.913700
vt 0.103600 0.913800
vt 0.102100 0.914300
vt 0.103600 0.913900
vt 0.103700 0.913900
vt 0.102100 0.914400
vt 0.105100 0.913300
vt 0.105100 0.913400
vt 0.105100 0.913500
vt 0.105200 0.913600
vt 0.106500 0.913000
vt 0.106600 0.913100
vt 0.106600 0.913200
vt 0.106700 0.913300
vt 0.107900 0.912500
vt 0.107800 0.912400
vt 0.108100 0.912700
vt 0.108400 0.911900
vt 0.108500 0.911900
vt 0.108600 0.912000
vt 0.108700 0.912000
vt 0.108800 0.912000
vt 0.108900 0.912000
vt 0.108300 0.911400
vt 0.108200 0.911400
vt 0.108400 0.911400
vt 0.108600 0.911400
vt 0.108700 0.911400
vt 0.108500 0.910600
vt 0.108400 0.910600
vt 0.108600 0.910700
vt 0.108700 0.910700
vt 0.108800 0.910800
vt 0.109700 0.910200
vt 0.109700 0.910300
vt 0.109800 0.910400
vt 0.109800 0.910500
vt 0.110900 0.910100
vt 0.110900 0.910200
vt 0.110900 0.910300
vt 0.110900 0.910400
vt 0.113000 0.909900
vt 0.113000 0.910000
vt 0.113100 0.910100
vt 0.113100 0.910200
vt 0.113800 0.909800
vt 0.113800 0.909900
vt 0.113900 0.910000
vt 0.114000 0.910100
vt 0.114300 0.909600
vt 0.114400 0.909600
vt 0.114500 0.909600
vt 0.114600 0.909700
vt 0.114700 0.909700
vt 0.114400 0.909200
vt 0.114500 0.909200
vt 0.114600 0.909200
vt 0.114800 0.909200
vt 0.114800 0.909100
vt 0.114900 0.909100
vt 0.114000 0.908900
vt 0.114000 0.909000
vt 0.114100 0.908900
vt 0.114200 0.908800
vt 0.114300 0.908700
vt 0.113000 0.908500
vt 0.112900 0.908600
vt 0.113100 0.908500
vt 0.113200 0.908400
vt 0.113300 0.908300
vt 0.112700 0.908100
vt 0.112800 0.908100
vt 0.112900 0.908200
vt 0.113000 0.908200
vt 0.113100 0.908200
vt 0.113200 0.908200
vt 0.113100 0.907800
vt 0.113100 0.907700
vt 0.113200 0.907800
vt 0.113200 0.907900
vt 0.113300 0.907900
vt 0.113400 0.908000
vt 0.114200 0.907500
vt 0.114300 0.907600
vt 0.114300 0.907700
vt 0.115300 0.907200
vt 0.115300 0.907300
vt 0.115400 0.907300
vt 0.115400 0.907400
vt 0.115400 0.907500
vt 0.116200 0.907100
vt 0.116200 0.907200
vt 0.116200 0.907300
vt 0.116200 0.907400
vt 0.117900 0.907300
vt 0.117800 0.907400
vt 0.117800 0.907500
vt 0.117800 0.907600
vt 0.118900 0.907300
vt 0.118900 0.907400
vt 0.118900 0.907500
vt 0.118900 0.907600
vt 0.119900 0.907200
vt 0.119900 0.907300
vt 0.120000 0.907300
vt 0.120000 0.907400
vt 0.120000 0.907500
vt 0.120600 0.907000
vt 0.120700 0.907100
vt 0.120800 0.907200
vt 0.121100 0.906700
vt 0.121000 0.906700
vt 0.121200 0.906800
vt 0.121300 0.906800
vt 0.121300 0.906900
vt 0.122500 0.905800
vt 0.122600 0.905800
vt 0.122700 0.905800
vt 0.122800 0.905900
vt 0.123100 0.905100
vt 0.123200 0.905100
vt 0.123300 0.905200
vt 0.123400 0.905200
vt 0.123500 0.905200
vt 0.123500 0.904600
vt 0.123600 0.904600
vt 0.123700 0.904700
vt 0.123800 0.904700
vt 0.123900 0.904700
vt 0.102300 0.914100
vt 0.102300 0.914200
vt 0.102000 0.914300
vt 0.102400 0.914300
vt 0.102600 0.914100
vt 0.102600 0.914200
vt 0.102600 0.914300
vt 0.102700 0.914300
vt 0.102800 0.914100
vt 0.102900 0.914200
vt 0.102900 0.914300
vt 0.103000 0.914100
vt 0.103000 0.914200
vt 0.103100 0.914200
vt 0.103100 0.914300
vt 0.103200 0.914100
vt 0.103200 0.914200
vt 0.103200 0.914300
vt 0.103400 0.914100
vt 0.103400 0.914000
vt 0.103400 0.914200
vt 0.103400 0.914300
vt 0.103500 0.914100
vt 0.103500 0.914000
vt 0.103500 0.914200
vt 0.103500 0.914300
vt 0.104700 0.913900
vt 0.104700 0.914000
vt 0.104800 0.914000
vt 0.104800 0.914100
vt 0.104900 0.914100
vt 0.105600 0.913600
vt 0.105700 0.913600
vt 0.105800 0.913700
vt 0.105900 0.913700
vt 0.105800 0.913200
vt 0.105900 0.913200
vt 0.106000 0.913200
vt 0.106100 0.913200
vt 0.106200 0.913200
vt 0.105700 0.912800
vt 0.105800 0.912800
vt 0.105900 0.912800
vt 0.106000 0.912800
vt 0.106100 0.912800
vt 0.105500 0.912600
vt 0.105600 0.912500
vt 0.105700 0.912500
vt 0.105800 0.912500
vt 0.105900 0.912400
vt 0.105000 0.912300
vt 0.105100 0.912300
vt 0.105200 0.912300
vt 0.105300 0.912200
vt 0.105400 0.912200
vt 0.104800 0.912000
vt 0.104800 0.911900
vt 0.104900 0.912000
vt 0.105000 0.912000
vt 0.105100 0.912000
vt 0.105200 0.911900
vt 0.105100 0.911900
vt 0.105000 0.911900
vt 0.104900 0.911900
vt 0.104900 0.911600
vt 0.104800 0.911600
vt 0.105000 0.911600
vt 0.105100 0.911700
vt 0.105200 0.911700
vt 0.105300 0.911700
vt 0.105200 0.911600
vt 0.105800 0.910800
vt 0.105700 0.910800
vt 0.105900 0.910900
vt 0.106000 0.910900
vt 0.106100 0.911000
vt 0.106100 0.910900
vt 0.107300 0.910000
vt 0.107400 0.910000
vt 0.107500 0.910100
vt 0.107600 0.910100
vt 0.109400 0.909100
vt 0.109500 0.909200
vt 0.109600 0.909200
vt 0.109600 0.909300
vt 0.111400 0.908600
vt 0.111400 0.908500
vt 0.111500 0.908700
vt 0.113600 0.908200
vt 0.113700 0.908200
vt 0.113700 0.908300
vt 0.113700 0.908400
vt 0.117000 0.907700
vt 0.116900 0.907700
vt 0.117000 0.907800
vt 0.117000 0.907900
vt 0.117100 0.907900
vt 0.118600 0.907500
vt 0.118500 0.907500
vt 0.118600 0.907600
vt 0.118700 0.907600
vt 0.118700 0.907700
vt 0.119800 0.907100
vt 0.120000 0.907200
vt 0.120400 0.906800
vt 0.120500 0.906800
vt 0.120600 0.906900
vt 0.120700 0.906900
vt 0.120700 0.906400
vt 0.120800 0.906500
vt 0.120900 0.906500
vt 0.121000 0.906500
vt 0.121100 0.906500
vt 0.120700 0.906000
vt 0.120800 0.906000
vt 0.120900 0.906000
vt 0.121000 0.905900
vt 0.121100 0.905900
vt 0.120500 0.905600
vt 0.120400 0.905600
vt 0.120600 0.905500
vt 0.120700 0.905500
vt 0.120800 0.905500
vt 0.120600 0.905600
vt 0.120200 0.905400
vt 0.120100 0.905400
vt 0.120200 0.905300
vt 0.120300 0.905300
vt 0.120400 0.905300
vt 0.120400 0.905200
vt 0.119700 0.905200
vt 0.119800 0.905100
vt 0.119800 0.905000
vt 0.119100 0.905200
vt 0.119100 0.905100
vt 0.119100 0.905000
vt 0.118400 0.905200
vt 0.118400 0.905300
vt 0.118300 0.905100
vt 0.118300 0.905000
vt 0.117300 0.905400
vt 0.117300 0.905500
vt 0.117200 0.905400
vt 0.117200 0.905300
vt 0.117100 0.905300
vt 0.116900 0.905600
vt 0.116900 0.905700
vt 0.116800 0.905600
vt 0.116700 0.905600
vt 0.116600 0.905600
vt 0.116600 0.905500
vt 0.116700 0.905900
vt 0.116800 0.905900
vt 0.116600 0.905800
vt 0.116500 0.905800
vt 0.116400 0.905800
vt 0.116300 0.905800
vt 0.116700 0.906000
vt 0.116800 0.906000
vt 0.116600 0.906100
vt 0.116500 0.906100
vt 0.116400 0.906100
vt 0.116300 0.906100
vt 0.116700 0.906100
vt 0.116900 0.906300
vt 0.117000 0.906300
vt 0.116800 0.906300
vt 0.116700 0.906300
vt 0.116600 0.906400
vt 0.116700 0.906400
vt 0.117300 0.906500
vt 0.117200 0.906500
vt 0.117100 0.906600
vt 0.117000 0.906600
vt 0.117100 0.906700
vt 0.117200 0.906600
vt 0.117700 0.906600
vt 0.117800 0.906600
vt 0.117700 0.906700
vt 0.117600 0.906800
vt 0.117700 0.906800
vt 0.117800 0.906700
vt 0.118600 0.906600
vt 0.118700 0.906600
vt 0.118600 0.906700
vt 0.118700 0.906800
vt 0.118700 0.906700
vt 0.119700 0.906500
vt 0.119700 0.906600
vt 0.119800 0.906600
vt 0.119800 0.906700
vt 0.119900 0.906700
vt 0.119900 0.906600
vt 0.119800 0.906500
vt 0.121800 0.906000
vt 0.121800 0.905900
vt 0.121900 0.906000
vt 0.122000 0.906100
vt 0.122100 0.906100
vt 0.122000 0.906000
vt 0.122600 0.905600
vt 0.122700 0.905700
vt 0.122800 0.905700
vt 0.122900 0.905700
vt 0.122700 0.905600
vt 0.123100 0.905300
vt 0.123200 0.905300
vt 0.123300 0.905300
vt 0.123400 0.905300
vt 0.123400 0.905400
vt 0.123500 0.905400
vt 0.123300 0.904900
vt 0.123400 0.904900
vt 0.123500 0.905000
vt 0.123600 0.905000
vt 0.123700 0.905000
vt 0.123700 0.904600
vt 0.123800 0.904600
vt 0.551900 0.298100
vt 0.551900 0.288400
vt 0.574000 0.288400
vt 0.574000 0.298100
vt 0.551900 0.278600
vt 0.574000 0.278600
vt 0.600300 0.742000
vt 0.752400 0.742300
vt 0.752400 0.741100
vt 0.600300 0.740700
vt 0.751700 0.740600
vt 0.751700 0.741800
vt 0.751700 0.743200
vt 0.600300 0.743300
vt 0.752400 0.743600
vt 0.584400 0.663200
vt 0.874100 0.656000
vt 0.874100 0.650000
vt 0.584400 0.657100
vt 0.887400 0.651200
vt 0.887900 0.657700
vt 0.888400 0.664700
vt 0.584400 0.669700
vt 0.874100 0.662500
vt 0.585700 0.487300
vt 0.591000 0.487700
vt 0.591000 0.485900
vt 0.588300 0.485900
vt 0.585700 0.485900
vt 0.583000 0.485900
vt 0.580400 0.485900
vt 0.580400 0.487700
vt 0.580400 0.489500
vt 0.585700 0.489500
vt 0.591000 0.489500
vt 0.648300 0.266200
vt 0.640300 0.264300
vt 0.708800 0.260700
vt 0.689200 0.702300
vt 0.650400 0.704400
vt 0.602800 0.701800
vt 0.652600 0.699700
vt 0.645200 0.300000
vt 0.644800 0.300600
vt 0.741200 0.299600
vt 0.694100 0.299100
vt 0.849500 0.327000
vt 0.819700 0.327000
vt 0.819300 0.309400
vt 0.848800 0.309700
vt 0.879200 0.302500
vt 0.879200 0.327000
vt 0.879200 0.351400
vt 0.849500 0.355100
vt 0.819700 0.355100
vt 0.585700 0.491700
vt 0.580400 0.491400
vt 0.580400 0.493200
vt 0.583000 0.493200
vt 0.585700 0.493200
vt 0.588300 0.493200
vt 0.591000 0.493200
vt 0.591000 0.491400
vt 0.846700 0.307100
vt 0.875500 0.308600
vt 0.817900 0.305500
vt 0.814900 0.310600
vt 0.842100 0.314700
vt 0.871800 0.314800
vt 0.600300 0.739700
vt 0.751700 0.739600
vt 0.752400 0.740100
vt 0.752400 0.739100
vt 0.600400 0.738700
vt 0.751700 0.738600
vt 0.614400 0.705500
vt 0.670900 0.707900
vt 0.825000 0.302500
vt 0.826300 0.303800
vt 0.819700 0.302500
vt 0.830000 0.302500
vt 0.819700 0.352200
vt 0.839000 0.548700
vt 0.838900 0.550300
vt 0.593800 0.550600
vt 0.593900 0.548900
vt 0.594200 0.546500
vt 0.839100 0.546400
vt 0.825200 0.549100
vt 0.825200 0.550700
vt 0.819700 0.451700
vt 0.819700 0.501400
vt 0.825200 0.546800
vt 0.804900 0.308600
vt 0.819700 0.308600
vt 0.804900 0.310100
vt 0.790000 0.310100
vt 0.790000 0.308600
vt 0.790000 0.318800
vt 0.804900 0.318800
vt 0.819700 0.314800
vt 0.833900 0.328400
vt 0.809400 0.319800
vt 0.802500 0.331400
vt 0.823600 0.345800
vt 0.845100 0.359400
vt 0.858500 0.337100
vt 0.600500 0.737300
vt 0.752500 0.737700
vt 0.752500 0.736200
vt 0.600500 0.735800
vt 0.751800 0.735700
vt 0.751800 0.737100
vt 0.829400 0.302500
vt 0.833600 0.302500
vt 0.826000 0.302500
vt 0.832200 0.302500
vt 0.839100 0.302500
vt 0.845600 0.302500
vt 0.839300 0.542700
vt 0.594900 0.542600
vt 0.595300 0.538400
vt 0.839400 0.538700
vt 0.825300 0.542900
vt 0.825300 0.538800
vt 0.584300 0.641400
vt 0.584300 0.647800
vt 0.874000 0.640600
vt 0.874000 0.634200
vt 0.873900 0.627300
vt 0.584300 0.634600
vt 0.886500 0.627500
vt 0.886700 0.634700
vt 0.887100 0.641500
vt 0.600200 0.748800
vt 0.600200 0.748300
vt 0.751700 0.748200
vt 0.751600 0.748700
vt 0.751600 0.749000
vt 0.600200 0.749100
vt 0.752100 0.749200
vt 0.752200 0.749000
vt 0.752200 0.748500
vt 0.804900 0.494800
vt 0.804900 0.482500
vt 0.819700 0.482500
vt 0.819700 0.494800
vt 0.804900 0.501400
vt 0.790000 0.501400
vt 0.790000 0.494800
vt 0.790000 0.482500
vt 0.864300 0.494800
vt 0.864300 0.482500
vt 0.879200 0.488100
vt 0.879200 0.494800
vt 0.879200 0.501400
vt 0.864300 0.501400
vt 0.849500 0.501400
vt 0.849500 0.494800
vt 0.849500 0.482500
vt 0.600300 0.747400
vt 0.600300 0.746200
vt 0.751700 0.746100
vt 0.751700 0.747300
vt 0.752300 0.747600
vt 0.752300 0.746400
vt 0.804900 0.459000
vt 0.804900 0.427300
vt 0.819700 0.427300
vt 0.819700 0.459000
vt 0.790000 0.459000
vt 0.790000 0.427300
vt 0.864300 0.459000
vt 0.864300 0.427300
vt 0.879200 0.429800
vt 0.879200 0.459000
vt 0.849500 0.459000
vt 0.849500 0.427300
vt 0.600300 0.744800
vt 0.751700 0.744700
vt 0.752300 0.745000
vt 0.804900 0.390600
vt 0.804900 0.355100
vt 0.819700 0.390600
vt 0.790000 0.390600
vt 0.790000 0.355100
vt 0.864300 0.390600
vt 0.864800 0.355100
vt 0.879200 0.390600
vt 0.849500 0.390600
vt 0.850200 0.355000
vt 0.791100 0.400100
vt 0.801300 0.383000
vt 0.787700 0.356200
vt 0.780900 0.367600
vt 0.774800 0.377600
vt 0.782100 0.415200
vt 0.788400 0.454400
vt 0.801400 0.432600
vt 0.814400 0.410800
vt 0.600400 0.732900
vt 0.600500 0.733500
vt 0.752500 0.733800
vt 0.752500 0.733200
vt 0.752500 0.732700
vt 0.600400 0.732300
vt 0.751700 0.732300
vt 0.751700 0.732800
vt 0.751700 0.733400
vt 0.815200 0.302500
vt 0.818600 0.302500
vt 0.812100 0.302500
vt 0.804600 0.302500
vt 0.810600 0.302500
vt 0.817400 0.302500
vt 0.839200 0.531300
vt 0.839300 0.532800
vt 0.594700 0.532300
vt 0.594300 0.530900
vt 0.594000 0.529500
vt 0.839100 0.530100
vt 0.825200 0.531400
vt 0.825100 0.530100
vt 0.825200 0.532900
vt 0.584400 0.621600
vt 0.584300 0.624200
vt 0.874000 0.616900
vt 0.874100 0.614300
vt 0.874200 0.611900
vt 0.584400 0.619200
vt 0.888000 0.610900
vt 0.887700 0.613500
vt 0.887300 0.616400
vt 0.812400 0.364500
vt 0.795000 0.343800
vt 0.829800 0.385100
vt 0.600500 0.734500
vt 0.752500 0.734900
vt 0.751800 0.734400
vt 0.822300 0.302500
vt 0.824800 0.302500
vt 0.839400 0.535300
vt 0.595200 0.534900
vt 0.825300 0.535400
vt 0.584300 0.628700
vt 0.874000 0.621400
vt 0.886800 0.621200
vt 0.774500 0.427900
vt 0.769800 0.386100
vt 0.766100 0.392200
vt 0.769000 0.437100
vt 0.770200 0.484900
vt 0.779300 0.469700
vt 0.600400 0.731500
vt 0.752500 0.731900
vt 0.752500 0.731100
vt 0.600400 0.730800
vt 0.751600 0.730700
vt 0.751600 0.731500
vt 0.809600 0.302500
vt 0.807800 0.302500
vt 0.795800 0.302500
vt 0.799500 0.302500
vt 0.839200 0.528200
vt 0.593800 0.527500
vt 0.593700 0.525600
vt 0.839300 0.526400
vt 0.825100 0.528000
vt 0.825100 0.526000
vt 0.584500 0.615400
vt 0.874200 0.608000
vt 0.874300 0.604400
vt 0.584500 0.611800
vt 0.888900 0.603300
vt 0.888500 0.607000
vt 0.766000 0.442100
vt 0.764100 0.395600
vt 0.762900 0.397600
vt 0.764200 0.445100
vt 0.765600 0.492500
vt 0.767900 0.488700
vt 0.600400 0.730300
vt 0.752500 0.730600
vt 0.752500 0.730300
vt 0.600400 0.730000
vt 0.751600 0.730000
vt 0.751600 0.730300
vt 0.806800 0.302500
vt 0.806200 0.302500
vt 0.792600 0.302500
vt 0.793800 0.302500
vt 0.839400 0.525500
vt 0.593700 0.524700
vt 0.593700 0.524200
vt 0.839600 0.525000
vt 0.825000 0.525100
vt 0.825000 0.524600
vt 0.584600 0.610000
vt 0.874400 0.602500
vt 0.874500 0.601600
vt 0.584600 0.609200
vt 0.889700 0.600600
vt 0.889400 0.601500
vt 0.762300 0.448300
vt 0.761600 0.399700
vt 0.760300 0.401900
vt 0.760300 0.451700
vt 0.764000 0.489000
vt 0.763000 0.497000
vt 0.600400 0.729800
vt 0.752600 0.730100
vt 0.752600 0.729900
vt 0.600500 0.729600
vt 0.751600 0.729600
vt 0.751600 0.729800
vt 0.805500 0.302500
vt 0.816000 0.314900
vt 0.804900 0.302500
vt 0.790000 0.302500
vt 0.791400 0.302500
vt 0.839700 0.524500
vt 0.593700 0.523700
vt 0.593700 0.523200
vt 0.839700 0.524000
vt 0.816000 0.489000
vt 0.825000 0.524100
vt 0.825000 0.523600
vt 0.584600 0.608300
vt 0.874500 0.600700
vt 0.874500 0.599800
vt 0.584700 0.607400
vt 0.890100 0.598700
vt 0.889900 0.599700
vt 0.839600 0.302500
vt 0.851600 0.302500
vt 0.854600 0.308500
vt 0.842200 0.308100
vt 0.791600 0.708800
vt 0.707600 0.702700
vt 0.598600 0.692100
vt 0.597100 0.794400
vt 0.718500 0.764800
vt 0.889800 0.725600
vt 0.802300 0.773300
vt 0.735500 0.811100
vt 0.597300 0.817900
vt 0.726300 0.811500
vt 0.726300 0.794700
vt 0.716100 0.691500
vt 0.716100 0.695300
vt 0.848800 0.302500
vt 0.838400 0.302500
vt 0.845100 0.302500
vt 0.858500 0.302500
vt 0.871800 0.302500
vt 0.857500 0.302500
vt 0.597800 0.913700
vt 0.731700 0.907100
vt 0.731700 0.909100
vt 0.597600 0.916300
vt 0.726600 0.909700
vt 0.726400 0.907200
vt 0.726400 0.899100
vt 0.597800 0.905800
vt 0.732100 0.899200
vt 0.597800 0.889900
vt 0.732400 0.883200
vt 0.726400 0.882800
vt 0.726300 0.860700
vt 0.597700 0.868300
vt 0.733000 0.861500
vt 0.597500 0.843400
vt 0.734100 0.836500
vt 0.726300 0.835300
vt 0.806000 0.302500
vt 0.797000 0.302500
vt 0.788400 0.302500
vt 0.801400 0.302500
vt 0.814400 0.302500
vt 0.816200 0.302500
vt 0.827300 0.302500
vt 0.829800 0.302500
vt 0.789400 0.302500
vt 0.783900 0.302500
vt 0.770200 0.302500
vt 0.779300 0.302500
vt 0.780900 0.302500
vt 0.779100 0.302500
vt 0.765600 0.302500
vt 0.767900 0.302500
vt 0.777200 0.302500
vt 0.775200 0.302500
vt 0.764000 0.314900
vt 0.763000 0.302500
vt 0.863500 0.302500
vt 0.875500 0.302500
vt 0.866600 0.308600
vt 0.866300 0.327000
vt 0.852400 0.326500
vt 0.804900 0.327000
vt 0.790000 0.327000
vt 0.584300 0.652500
vt 0.887200 0.646400
vt 0.874100 0.645400
vt 0.804900 0.337100
vt 0.790000 0.337100
vt 0.790000 0.360300
vt 0.804900 0.360300
vt 0.819700 0.359400
vt 0.819700 0.337100
vt 0.584200 0.692100
vt 0.886800 0.687500
vt 0.886400 0.688100
vt 0.584200 0.693100
vt 0.873900 0.687000
vt 0.873900 0.686100
vt 0.873900 0.684000
vt 0.584300 0.690100
vt 0.887000 0.685400
vt 0.584300 0.686100
vt 0.887600 0.681500
vt 0.874000 0.679700
vt 0.874100 0.674300
vt 0.584400 0.681000
vt 0.888300 0.676400
vt 0.584400 0.675600
vt 0.888500 0.670900
vt 0.874100 0.668600
vt 0.804900 0.432600
vt 0.790000 0.432600
vt 0.790000 0.452800
vt 0.804900 0.452800
vt 0.819700 0.454400
vt 0.819700 0.432600
vt 0.819700 0.410800
vt 0.804900 0.409900
vt 0.790000 0.409900
vt 0.804900 0.385100
vt 0.790000 0.385100
vt 0.819700 0.385100
vt 0.804900 0.469700
vt 0.790000 0.469700
vt 0.790000 0.482000
vt 0.804900 0.482000
vt 0.819700 0.484900
vt 0.819700 0.469700
vt 0.804900 0.488700
vt 0.790000 0.488700
vt 0.790000 0.492700
vt 0.804900 0.492700
vt 0.819700 0.492500
vt 0.819700 0.488700
vt 0.804900 0.497000
vt 0.790000 0.497000
vt 0.819700 0.497000
vt 0.723400 0.266100
vt 0.640669 0.109738
vt 0.638271 0.109738
vt 0.638271 0.090436
vt 0.640669 0.090436
vt 0.640669 0.083291
vt 0.640669 0.062959
vt 0.648696 0.062959
vt 0.648696 0.083291
vt 0.665629 0.083291
vt 0.665629 0.062959
vt 0.668317 0.062959
vt 0.668317 0.083291
vt 0.854167 0.073277
vt 0.846399 0.073277
vt 0.871831 0.073277
vt 0.869047 0.073277
vt 0.683292 0.083291
vt 0.683292 0.062959
vt 0.685116 0.062959
vt 0.685116 0.083291
vt 0.896023 0.073277
vt 0.893911 0.073277
vt 0.707484 0.083291
vt 0.707484 0.062959
vt 0.710462 0.062959
vt 0.710462 0.083291
vt 0.695580 0.062959
vt 0.695580 0.083291
vt 0.873655 0.073277
vt 0.884119 0.073277
vt 0.705372 0.083291
vt 0.705372 0.062959
vt 0.680508 0.083291
vt 0.680508 0.062959
vt 0.862951 0.073277
vt 0.674413 0.062959
vt 0.674413 0.083291
vt 0.856855 0.073277
vt 0.702705 0.135995
vt 0.713169 0.135995
vt 0.722961 0.135995
vt 0.751944 0.117679
vt 0.749160 0.117679
vt 0.638271 0.083291
vt 0.657860 0.090436
vt 0.665629 0.090436
vt 0.665629 0.109738
vt 0.657860 0.109738
vt 0.668317 0.090436
vt 0.668317 0.109738
vt 0.683292 0.090436
vt 0.685116 0.090436
vt 0.685116 0.109738
vt 0.683292 0.109738
vt 0.707484 0.090436
vt 0.710462 0.090436
vt 0.710462 0.109738
vt 0.707484 0.109738
vt 0.695580 0.090436
vt 0.695580 0.109738
vt 0.705372 0.090436
vt 0.705372 0.109738
vt 0.681869 0.090047
vt 0.680508 0.109738
vt 0.675773 0.090047
vt 0.674413 0.109738
vt 0.733242 0.176755
vt 0.733242 0.154998
vt 0.741210 0.154804
vt 0.741210 0.176561
vt 0.657860 0.083291
vt 0.638271 0.062959
vt 0.657860 0.062959
vt 0.837235 0.073277
vt 0.648696 0.109738
vt 0.648696 0.090436
vt 0.836580 0.084401
vt 0.836580 0.091546
vt 0.827416 0.091546
vt 0.827416 0.084401
vt 0.829207 0.073277
vt 0.819389 0.091546
vt 0.819389 0.084401
vt 0.804652 0.154998
vt 0.814952 0.154998
vt 0.814952 0.176755
vt 0.804652 0.176755
vt 0.769849 0.066116
vt 0.769849 0.066662
vt 0.782734 0.066369
vt 0.782734 0.066167
vt 0.769849 0.065914
vt 0.769044 0.154998
vt 0.769044 0.176755
vt 0.769849 0.065340
vt 0.807064 0.061849
vt 0.804281 0.061849
vt 0.125800 0.916000
vt 0.125800 0.917800
vt 0.115300 0.917800
vt 0.115300 0.916000
vt 0.125800 0.919600
vt 0.115300 0.919600
vt 0.104700 0.919600
vt 0.104700 0.917800
vt 0.104700 0.916000
vt 0.095000 0.919500
vt 0.094100 0.918000
vt 0.094100 0.916900
vt 0.090800 0.918500
vt 0.104700 0.918000
vt 0.104700 0.916900
vt 0.094100 0.917800
vt 0.090000 0.919200
vt 0.083600 0.916000
vt 0.094100 0.916000
vt 0.094100 0.917500
vt 0.083600 0.917500
vt 0.104700 0.917500
vt 0.104700 0.920000
vt 0.094100 0.920000
vt 0.083600 0.918900
vt 0.088900 0.916000
vt 0.088900 0.917500
vt 0.088900 0.920000
vt 0.104700 0.930300
vt 0.094100 0.930300
vt 0.094100 0.928500
vt 0.104700 0.928500
vt 0.083600 0.930300
vt 0.083600 0.928500
vt 0.083600 0.926700
vt 0.094100 0.926700
vt 0.104700 0.926700
vt 0.115300 0.918000
vt 0.115300 0.916900
vt 0.119100 0.919500
vt 0.118600 0.918500
vt 0.119400 0.919200
vt 0.115300 0.917500
vt 0.125800 0.917500
vt 0.125800 0.918900
vt 0.115300 0.920000
vt 0.125800 0.923200
vt 0.125800 0.925000
vt 0.115300 0.925000
vt 0.115300 0.923200
vt 0.125800 0.926700
vt 0.115300 0.926700
vt 0.104700 0.925000
vt 0.104700 0.923200
vt 0.104700 0.923600
vt 0.094100 0.925000
vt 0.094100 0.923600
vt 0.086200 0.926700
vt 0.086200 0.925000
vt 0.088300 0.924000
vt 0.110000 0.916000
vt 0.110000 0.917500
vt 0.110000 0.920000
vt 0.083600 0.923200
vt 0.083600 0.921400
vt 0.094100 0.921400
vt 0.094100 0.923200
vt 0.083600 0.919600
vt 0.094100 0.919600
vt 0.104700 0.921400
vt 0.121100 0.924000
vt 0.123200 0.925000
vt 0.115300 0.923600
vt 0.123200 0.926700
vt 0.094100 0.927100
vt 0.104700 0.927100
vt 0.115300 0.927100
vt 0.125800 0.930300
vt 0.093500 0.927200
vt 0.107300 0.923600
vt 0.098700 0.927800
vt 0.110600 0.923600
vt 0.106300 0.928400
vt 0.111000 0.928600
vt 0.114000 0.929000
vt 0.111000 0.928200
vt 0.115900 0.928700
vt 0.117900 0.929400
vt 0.120600 0.928500
vt 0.117900 0.927600
vt 0.116700 0.926300
vt 0.095500 0.928900
vt 0.099400 0.930300
vt 0.104700 0.928900
vt 0.114000 0.928900
vt 0.110000 0.930300
vt 0.115300 0.930300
vt 0.088500 0.928800
vt 0.087500 0.929900
vt 0.093500 0.928700
vt 0.091500 0.929400
vt 0.088900 0.928500
vt 0.086200 0.929400
vt 0.103100 0.928400
vt 0.107300 0.928000
vt 0.099400 0.926700
vt 0.098400 0.928200
vt 0.110700 0.927800
vt 0.098100 0.924800
vt 0.087600 0.920700
vt 0.091100 0.924100
vt 0.092700 0.926300
vt 0.085900 0.923400
vt 0.093300 0.922900
vt 0.086200 0.923600
vt 0.104700 0.922700
vt 0.116200 0.922900
vt 0.123600 0.923400
vt 0.123200 0.923600
vt 0.124800 0.925300
vt 0.125200 0.927000
vt 0.122800 0.929900
vt 0.114000 0.930300
vt 0.123200 0.929900
vt 0.104700 0.929900
vt 0.115300 0.929900
vt 0.121100 0.929500
vt 0.095500 0.930300
vt 0.088000 0.929900
vt 0.086200 0.929900
vt 0.088300 0.929500
vt 0.094100 0.929900
vt 0.083900 0.928700
vt 0.084200 0.927000
vt 0.086200 0.928500
vt 0.099400 0.916000
vt 0.099400 0.917500
vt 0.099400 0.920000
vt 0.083600 0.925000
vt 0.125800 0.928500
vt 0.115300 0.928500
vt 0.120600 0.916000
vt 0.120600 0.917500
vt 0.120600 0.920000
vt 0.123200 0.928500
vt 0.120900 0.928800
vt 0.121900 0.929900
vt 0.123200 0.929400
vt 0.098400 0.928600
vt 0.095500 0.929000
vt 0.091500 0.927600
vt 0.125500 0.928700
vt 0.084600 0.925300
vt 0.125800 0.921400
vt 0.115300 0.921400
vt 0.104700 0.919700
vt 0.104700 0.921100
vt 0.097700 0.920800
vt 0.095000 0.919600
vt 0.121800 0.920700
vt 0.111700 0.920800
vt 0.114400 0.919600
vt 0.083600 0.917800
vt 0.102100 0.928000
vt 0.110000 0.926700
vt 0.111300 0.924800
vt 0.118400 0.924100
vt 0.098800 0.923600
vt 0.094100 0.922600
vt 0.088900 0.919600
vt 0.104700 0.918700
vt 0.094100 0.918700
vt 0.120600 0.919600
vt 0.115300 0.918700
vt 0.123200 0.927600
vt 0.121900 0.926300
vt 0.121300 0.924800
vt 0.086200 0.927600
vt 0.084900 0.929000
vt 0.124500 0.929000
vt 0.088100 0.924800
vt 0.087500 0.926300
vt 0.086200 0.922000
vt 0.087100 0.923200
vt 0.090600 0.922000
vt 0.123200 0.922000
vt 0.118800 0.922000
vt 0.122300 0.923200
vt 0.104700 0.924600
vt 0.094100 0.924600
vt 0.083600 0.924600
vt 0.088900 0.924600
vt 0.125800 0.924600
vt 0.115300 0.924600
vt 0.110000 0.924600
vt 0.099400 0.924600
vt 0.120600 0.924600
vt 0.115900 0.927200
vt 0.115300 0.922600
vt 0.102100 0.923600
s 1
g off
g Torso.001_Material_#156.001
usemtl Material_#156.001
f 1/1/1 2/2/2 3/3/3
f 3/3/3 4/4/4 1/1/1
f 5/5/5 6/6/6 3/3/3
f 3/3/3 2/2/2 5/5/5
f 7/7/7 8/8/8 3/3/3
f 3/3/3 6/6/6 7/7/7
f 9/9/9 4/4/4 3/3/3
f 3/3/3 8/8/8 9/9/9
f 10/10/10 11/11/11 12/12/12
f 12/12/12 13/13/13 10/10/10
f 14/14/14 15/15/15 12/12/12
f 12/12/12 11/11/11 14/14/14
f 16/16/16 17/17/17 12/12/12
f 12/12/12 15/15/15 16/16/16
f 18/18/18 13/13/13 12/12/12
f 12/12/12 17/17/17 18/18/18
f 19/19/19 20/20/20 21/21/21
f 21/21/21 22/22/22 19/19/19
f 23/23/23 24/24/24 21/21/21
f 21/21/21 20/20/20 23/23/23
f 25/25/25 26/26/26 21/21/21
f 21/21/21 24/24/24 25/25/25
f 27/27/27 22/22/22 21/21/21
f 21/21/21 26/26/26 27/27/27
f 28/28/28 29/29/29 30/30/30
f 30/30/30 31/31/31 28/28/28
f 32/32/32 33/33/33 30/30/30
f 30/30/30 29/29/29 32/32/32
f 34/34/34 35/35/35 30/30/30
f 30/30/30 33/33/33 34/34/34
f 36/36/36 31/31/31 30/30/30
f 30/30/30 35/35/35 36/36/36
f 37/37/37 38/38/38 39/39/39
f 39/39/39 40/40/40 37/37/37
f 41/41/41 42/42/42 39/39/39
f 39/39/39 38/38/38 41/41/41
f 43/43/43 44/44/44 39/39/39
f 39/39/39 42/42/42 43/43/43
f 45/45/45 40/40/40 39/39/39
f 39/39/39 44/44/44 45/45/45
f 46/46/46 47/47/47 48/48/48
f 48/48/48 49/49/49 46/46/46
f 50/50/50 51/51/51 48/48/48
f 48/48/48 47/47/47 50/50/50
f 52/25/52 53/26/53 48/48/48
f 48/48/48 51/51/51 52/25/52
f 54/52/54 49/49/49 48/48/48
f 48/48/48 53/26/53 54/52/54
f 55/53/55 56/54/56 57/55/57
f 57/55/57 58/56/58 55/53/55
f 59/57/59 60/58/60 57/55/57
f 57/55/57 56/54/56 59/57/59
f 25/25/25 24/24/24 57/55/57
f 57/55/57 60/58/60 25/25/25
f 23/23/23 58/56/58 57/55/57
f 57/55/57 24/24/24 23/23/23
f 61/59/61 62/60/62 63/61/63
f 63/61/63 64/62/64 61/59/61
f 65/63/65 66/64/66 63/61/63
f 63/61/63 62/60/62 65/63/65
f 32/32/32 29/29/29 63/61/63
f 63/61/63 66/64/66 32/32/32
f 28/28/28 64/62/64 63/61/63
f 63/61/63 29/29/29 28/28/28
f 50/50/50 67/65/67 68/66/68
f 68/66/68 51/51/51 50/50/50
f 45/67/45 44/68/44 68/66/68
f 68/66/68 67/65/67 45/67/45
f 43/69/43 69/58/69 68/66/68
f 68/66/68 44/68/44 43/69/43
f 52/25/52 51/51/51 68/66/68
f 68/66/68 69/58/69 52/25/52
f 19/19/19 22/22/22 70/70/70
f 70/70/70 71/36/71 19/19/19
f 27/27/27 72/52/72 70/70/70
f 70/70/70 22/22/22 27/27/27
f 73/52/73 74/70/74 70/70/70
f 70/70/70 72/52/72 73/52/73
f 54/36/54 71/36/71 70/70/70
f 70/70/70 74/70/74 54/36/54
f 52/25/52 75/24/75 76/21/76
f 76/21/76 53/26/53 52/25/52
f 23/23/23 20/20/20 76/21/76
f 76/21/76 75/24/75 23/23/23
f 19/19/19 71/70/71 76/21/76
f 76/21/76 20/20/20 19/19/19
f 54/52/54 53/26/53 76/21/76
f 76/21/76 71/70/71 54/52/54
f 55/53/55 58/56/58 77/55/77
f 77/55/77 78/71/78 55/53/55
f 23/23/23 75/24/75 77/55/77
f 77/55/77 58/56/58 23/23/23
f 52/25/52 69/58/69 77/55/77
f 77/55/77 75/24/75 52/25/52
f 43/69/43 78/71/78 77/55/77
f 77/55/77 69/58/69 43/69/43
f 37/37/37 40/40/40 79/72/79
f 79/72/79 80/73/80 37/37/37
f 45/45/45 81/74/81 79/72/79
f 79/72/79 40/40/40 45/45/45
f 65/75/65 82/76/82 79/72/79
f 79/72/79 81/74/81 65/75/65
f 83/77/83 80/73/80 79/72/79
f 79/72/79 82/76/82 83/77/83
f 1/45/1 4/78/4 84/79/84
f 84/79/84 85/80/85 1/45/1
f 9/81/9 86/82/86 84/79/84
f 84/79/84 4/78/4 9/81/9
f 87/14/87 88/11/88 84/79/84
f 84/79/84 86/82/86 87/14/87
f 89/10/89 85/80/85 84/79/84
f 84/79/84 88/11/88 89/10/89
f 28/83/28 31/84/31 90/85/90
f 90/85/90 91/86/91 28/83/28
f 36/46/36 92/87/92 90/85/90
f 90/85/90 31/84/31 36/46/36
f 93/88/93 94/48/94 90/85/90
f 90/85/90 92/87/92 93/88/93
f 95/51/95 91/86/91 90/85/90
f 90/85/90 94/48/94 95/51/95
f 46/36/46 49/36/49 96/70/96
f 96/70/96 97/89/97 46/36/46
f 54/36/54 74/70/74 96/70/96
f 96/70/96 49/36/49 54/36/54
f 73/52/73 98/52/98 96/70/96
f 96/70/96 74/70/74 73/52/73
f 99/90/99 97/89/97 96/70/96
f 96/70/96 98/52/98 99/90/99
f 61/67/61 64/91/64 100/92/100
f 100/92/100 101/93/101 61/67/61
f 28/83/28 91/86/91 100/92/100
f 100/92/100 64/91/64 28/83/28
f 95/51/95 102/66/102 100/92/100
f 100/92/100 91/86/91 95/51/95
f 103/68/103 101/93/101 100/92/100
f 100/92/100 102/66/102 103/68/103
f 55/53/55 78/94/78 104/95/104
f 104/95/104 56/54/56 55/53/55
f 43/43/43 42/42/42 104/95/104
f 104/95/104 78/94/78 43/43/43
f 41/41/41 105/96/105 104/95/104
f 104/95/104 42/42/42 41/41/41
f 59/57/59 56/54/56 104/95/104
f 104/95/104 105/96/105 59/57/59
f 106/97/106 107/98/107 108/99/108
f 108/99/108 109/100/109 106/97/106
f 110/101/110 111/102/111 108/99/108
f 108/99/108 107/98/107 110/101/110
f 112/103/112 113/104/113 108/99/108
f 108/99/108 111/102/111 112/103/112
f 114/105/114 109/100/109 108/99/108
f 108/99/108 113/104/113 114/105/114
f 115/106/115 116/107/116 117/108/117
f 117/108/117 118/109/118 115/106/115
f 119/110/119 120/111/120 117/108/117
f 117/108/117 116/107/116 119/110/119
f 121/112/121 122/113/122 117/108/117
f 117/108/117 120/111/120 121/112/121
f 123/114/123 118/109/118 117/108/117
f 117/108/117 122/113/122 123/114/123
f 124/115/124 125/116/125 126/117/126
f 126/117/126 127/118/127 124/115/124
f 128/119/128 129/120/129 126/117/126
f 126/117/126 125/116/125 128/119/128
f 130/121/130 131/122/131 126/117/126
f 126/117/126 129/120/129 130/121/130
f 132/123/132 127/118/127 126/117/126
f 126/117/126 131/122/131 132/123/132
f 133/124/133 134/125/134 135/126/135
f 135/126/135 136/127/136 133/124/133
f 137/128/137 138/129/138 135/126/135
f 135/126/135 134/125/134 137/128/137
f 139/130/139 140/131/140 135/126/135
f 135/126/135 138/129/138 139/130/139
f 141/132/141 136/127/136 135/126/135
f 135/126/135 140/131/140 141/132/141
f 142/133/142 143/134/143 144/135/144
f 144/135/144 145/136/145 142/133/142
f 146/137/146 147/138/147 144/135/144
f 144/135/144 143/134/143 146/137/146
f 148/139/148 149/140/149 144/135/144
f 144/135/144 147/138/147 148/139/148
f 150/141/150 145/136/145 144/135/144
f 144/135/144 149/140/149 150/141/150
f 151/124/151 152/125/152 153/142/153
f 153/142/153 154/143/154 151/124/151
f 155/128/155 156/144/156 153/142/153
f 153/142/153 152/125/152 155/128/155
f 157/145/157 158/136/158 153/142/153
f 153/142/153 156/144/156 157/145/157
f 159/146/159 154/143/154 153/142/153
f 153/142/153 158/136/158 159/146/159
f 160/147/160 161/148/161 162/149/162
f 162/149/162 163/150/163 160/147/160
f 164/151/164 165/152/165 162/149/162
f 162/149/162 161/148/161 164/151/164
f 166/153/166 167/154/167 162/149/162
f 162/149/162 165/152/165 166/153/166
f 168/155/168 163/150/163 162/149/162
f 162/149/162 167/154/167 168/155/168
f 169/156/169 170/157/170 171/158/171
f 171/158/171 172/159/172 169/156/169
f 173/160/173 174/161/174 171/158/171
f 171/158/171 170/157/170 173/160/173
f 175/162/175 176/163/176 171/158/171
f 171/158/171 174/161/174 175/162/175
f 177/164/177 172/159/172 171/158/171
f 171/158/171 176/163/176 177/164/177
f 133/124/133 136/127/136 178/165/178
f 178/165/178 179/166/179 133/124/133
f 141/132/141 180/167/180 178/165/178
f 178/165/178 136/127/136 141/132/141
f 181/168/181 182/169/182 178/165/178
f 178/165/178 180/167/180 181/168/181
f 183/170/183 179/166/179 178/165/178
f 178/165/178 182/169/182 183/170/183
f 150/141/150 149/140/149 184/171/184
f 184/171/184 185/172/185 150/141/150
f 148/139/148 186/173/186 184/171/184
f 184/171/184 149/140/149 148/139/148
f 187/174/187 188/175/188 184/171/184
f 184/171/184 186/173/186 187/174/187
f 189/176/189 185/172/185 184/171/184
f 184/171/184 188/175/188 189/176/189
f 190/177/190 191/178/191 192/179/192
f 192/179/192 193/180/193 190/177/190
f 194/181/194 195/182/195 192/179/192
f 192/179/192 191/178/191 194/181/194
f 196/183/196 197/184/197 192/179/192
f 192/179/192 195/182/195 196/183/196
f 198/185/198 193/180/193 192/179/192
f 192/179/192 197/184/197 198/185/198
f 199/186/199 200/187/200 201/188/201
f 201/188/201 202/189/202 199/186/199
f 203/190/203 204/191/204 201/188/201
f 201/188/201 200/187/200 203/190/203
f 110/101/110 107/98/107 201/188/201
f 201/188/201 204/191/204 110/101/110
f 106/97/106 202/189/202 201/188/201
f 201/188/201 107/98/107 106/97/106
f 205/192/205 206/193/206 207/194/207
f 207/194/207 208/195/208 205/192/205
f 209/196/209 210/197/210 207/194/207
f 207/194/207 206/193/206 209/196/209
f 119/110/119 116/107/116 207/194/207
f 207/194/207 210/197/210 119/110/119
f 115/106/115 208/195/208 207/194/207
f 207/194/207 116/107/116 115/106/115
f 128/119/128 211/198/211 212/199/212
f 212/199/212 129/120/129 128/119/128
f 213/200/213 214/201/214 212/199/212
f 212/199/212 211/198/211 213/200/213
f 215/202/215 216/203/216 212/199/212
f 212/199/212 214/201/214 215/202/215
f 130/121/130 129/120/129 212/199/212
f 212/199/212 216/203/216 130/121/130
f 183/170/183 182/169/182 217/204/217
f 217/204/217 218/205/218 183/170/183
f 181/168/181 219/206/219 217/204/217
f 217/204/217 182/169/182 181/168/181
f 7/7/7 220/207/220 217/204/217
f 217/204/217 219/206/219 7/7/7
f 221/81/221 218/205/218 217/204/217
f 217/204/217 220/207/220 221/81/221
f 189/176/189 188/175/188 222/208/222
f 222/208/222 223/209/223 189/176/189
f 187/174/187 224/210/224 222/208/222
f 222/208/222 188/175/188 187/174/187
f 16/16/16 15/15/15 222/208/222
f 222/208/222 224/210/224 16/16/16
f 14/14/14 223/209/223 222/208/222
f 222/208/222 15/15/15 14/14/14
f 190/177/190 193/180/193 225/211/225
f 225/211/225 226/212/226 190/177/190
f 198/185/198 227/213/227 225/211/225
f 225/211/225 193/180/193 198/185/198
f 87/14/87 86/82/86 225/214/225
f 225/214/225 227/209/227 87/14/87
f 9/81/9 226/205/226 225/214/225
f 225/214/225 86/82/86 9/81/9
f 114/105/114 113/104/113 228/215/228
f 228/215/228 229/216/229 114/105/114
f 112/103/112 230/217/230 228/215/228
f 228/215/228 113/104/113 112/103/112
f 164/151/164 161/148/161 228/215/228
f 228/215/228 230/217/230 164/151/164
f 160/147/160 229/216/229 228/215/228
f 228/215/228 161/148/161 160/147/160
f 123/114/123 122/113/122 231/218/231
f 231/218/231 232/219/232 123/114/123
f 121/112/121 233/220/233 231/218/231
f 231/218/231 122/113/122 121/112/121
f 173/160/173 170/157/170 231/218/231
f 231/218/231 233/220/233 173/160/173
f 169/156/169 232/219/232 231/218/231
f 231/218/231 170/157/170 169/156/169
f 234/105/234 235/221/235 236/222/236
f 236/222/236 237/216/237 234/105/234
f 238/223/238 239/219/239 236/222/236
f 236/222/236 235/221/235 238/223/238
f 240/224/240 241/225/241 236/222/236
f 236/222/236 239/219/239 240/224/240
f 242/147/242 237/216/237 236/222/236
f 236/222/236 241/225/241 242/147/242
f 137/128/137 243/226/243 244/227/244
f 244/227/244 138/129/138 137/128/137
f 168/155/168 167/154/167 244/227/244
f 244/227/244 243/226/243 168/155/168
f 166/153/166 245/228/245 244/227/244
f 244/227/244 167/154/167 166/153/166
f 139/130/139 138/129/138 244/227/244
f 244/227/244 245/228/245 139/130/139
f 177/164/177 176/163/176 246/229/246
f 246/229/246 247/230/247 177/164/177
f 175/162/175 248/231/248 246/229/246
f 246/229/246 176/163/176 175/162/175
f 146/137/146 143/134/143 246/229/246
f 246/229/246 248/231/248 146/137/146
f 142/133/142 247/230/247 246/229/246
f 246/229/246 143/134/143 142/133/142
f 249/45/249 250/78/250 251/232/251
f 251/232/251 252/233/252 249/45/249
f 221/81/221 220/207/220 251/232/251
f 251/232/251 250/78/250 221/81/221
f 7/7/7 6/6/6 251/232/251
f 251/232/251 220/207/220 7/7/7
f 5/5/5 252/233/252 251/232/251
f 251/232/251 6/6/6 5/5/5
f 32/32/32 253/234/253 254/235/254
f 254/235/254 33/33/33 32/32/32
f 50/50/50 47/47/47 254/235/254
f 254/235/254 253/234/253 50/50/50
f 46/46/46 255/236/255 254/235/254
f 254/235/254 47/47/47 46/46/46
f 34/34/34 33/33/33 254/235/254
f 254/235/254 255/236/255 34/34/34
f 65/63/65 81/237/81 256/238/256
f 256/238/256 66/64/66 65/63/65
f 45/67/45 67/65/67 256/238/256
f 256/238/256 81/237/81 45/67/45
f 50/50/50 253/234/253 256/238/256
f 256/238/256 67/65/67 50/50/50
f 32/32/32 66/64/66 256/238/256
f 256/238/256 253/234/253 32/32/32
f 61/59/61 101/239/101 257/240/257
f 257/240/257 62/241/62 61/59/61
f 103/71/103 258/242/258 257/240/257
f 257/240/257 101/239/101 103/71/103
f 259/243/259 260/244/260 257/240/257
f 257/240/257 258/242/258 259/243/259
f 83/77/83 82/76/82 257/240/257
f 257/240/257 260/244/260 83/77/83
f 65/75/65 62/241/62 257/240/257
f 257/240/257 82/76/82 65/75/65
f 110/245/110 261/246/261 262/247/262
f 262/247/262 111/248/111 110/245/110
f 128/119/128 125/116/125 262/247/262
f 262/247/262 261/246/261 128/119/128
f 124/115/124 263/249/263 262/247/262
f 262/247/262 125/116/125 124/115/124
f 264/250/264 262/247/262 263/249/263
f 112/251/112 111/248/111 262/247/262
f 262/247/262 264/250/264 112/251/112
f 155/252/155 265/253/265 266/254/266
f 151/255/151 267/256/267 265/253/265
f 265/253/265 152/257/152 151/255/151
f 268/258/268 266/254/266 265/253/265
f 265/253/265 267/256/267 268/258/268
f 269/259/269 270/260/270 271/261/271
f 271/261/271 272/262/272 269/259/269
f 242/263/242 273/264/273 271/261/271
f 271/261/271 270/260/270 242/263/242
f 274/265/274 275/266/275 271/261/271
f 271/261/271 273/264/273 274/265/274
f 276/267/276 272/262/272 271/261/271
f 271/261/271 275/266/275 276/267/276
f 194/181/194 191/178/191 277/268/277
f 277/268/277 278/269/278 194/181/194
f 190/177/190 279/270/279 277/268/277
f 277/268/277 191/178/191 190/177/190
f 181/271/181 180/272/180 277/268/277
f 277/268/277 279/270/279 181/271/181
f 141/273/141 280/274/280 277/268/277
f 277/268/277 180/272/180 141/273/141
f 281/275/281 278/269/278 277/268/277
f 277/268/277 280/274/280 281/275/281
f 34/34/34 255/236/255 282/276/282
f 282/276/282 283/277/283 34/34/34
f 46/46/46 284/278/284 282/276/282
f 282/276/282 255/236/255 46/46/46
f 213/279/213 285/280/285 282/276/282
f 282/276/282 284/278/284 213/279/213
f 203/190/203 283/277/283 282/276/282
f 282/276/282 285/280/285 203/190/203
f 181/271/181 279/270/279 286/281/286
f 286/281/286 219/282/219 181/271/181
f 190/177/190 226/212/226 286/281/286
f 286/281/286 279/270/279 190/177/190
f 9/9/9 8/8/8 286/283/286
f 286/283/286 226/284/226 9/9/9
f 7/7/7 219/206/219 286/283/286
f 286/283/286 8/8/8 7/7/7
f 234/285/234 237/286/237 287/287/287
f 287/287/287 288/288/288 234/285/234
f 242/263/242 287/287/287 237/286/237
f 269/259/269 288/288/288 287/287/287
f 287/287/287 270/260/270 269/259/269
f 274/265/274 289/289/289 290/290/290
f 290/290/290 275/266/275 274/265/274
f 155/252/155 266/254/266 290/290/290
f 290/290/290 289/289/289 155/252/155
f 268/258/268 291/291/291 290/290/290
f 290/290/290 266/254/266 268/258/268
f 276/267/276 275/266/275 290/290/290
f 290/290/290 291/291/291 276/267/276
f 274/292/274 273/293/273 292/294/292
f 292/294/292 293/295/293 274/292/274
f 242/296/242 294/296/294 292/294/292
f 292/294/292 273/293/273 242/296/242
f 295/296/295 296/297/296 292/294/292
f 292/294/292 294/296/294 295/296/295
f 297/295/297 293/295/293 292/294/292
f 292/294/292 296/297/296 297/295/297
f 242/298/242 241/299/241 298/300/298
f 298/300/298 294/298/294 242/298/242
f 240/301/240 299/302/299 298/300/298
f 298/300/298 241/299/241 240/301/240
f 300/303/300 301/304/301 298/300/298
f 298/300/298 299/302/299 300/303/300
f 295/298/295 294/298/294 298/300/298
f 298/300/298 301/304/301 295/298/295
f 155/305/155 289/306/289 302/307/302
f 302/307/302 303/305/303 155/305/155
f 274/292/274 293/295/293 302/307/302
f 302/307/302 289/306/289 274/292/274
f 297/295/297 304/308/304 302/307/302
f 302/307/302 293/295/293 297/295/297
f 305/305/305 303/305/303 302/307/302
f 302/307/302 304/308/304 305/305/305
f 157/309/157 156/310/156 306/311/306
f 306/311/306 307/312/307 157/309/157
f 155/313/155 303/313/303 306/311/306
f 306/311/306 156/310/156 155/313/155
f 305/313/305 308/314/308 306/311/306
f 306/311/306 303/313/303 305/313/305
f 309/312/309 307/312/307 306/311/306
f 306/311/306 308/314/308 309/312/309
f 297/295/297 296/297/296 310/315/310
f 310/315/310 311/316/311 297/295/297
f 295/296/295 312/317/312 310/315/310
f 310/315/310 296/297/296 295/296/295
f 313/297/313 314/318/314 310/315/310
f 310/315/310 312/317/312 313/297/313
f 315/316/315 311/316/311 310/315/310
f 310/315/310 314/318/314 315/316/315
f 295/298/295 301/304/301 316/319/316
f 316/319/316 312/298/312 295/298/295
f 300/303/300 317/300/317 316/319/316
f 316/319/316 301/304/301 300/303/300
f 318/298/318 319/298/319 316/319/316
f 316/319/316 317/300/317 318/298/318
f 313/298/313 312/298/312 316/319/316
f 316/319/316 319/298/319 313/298/313
f 305/305/305 304/308/304 320/320/320
f 320/320/320 321/321/321 305/305/305
f 297/295/297 311/316/311 320/320/320
f 320/320/320 304/308/304 297/295/297
f 315/316/315 322/322/322 320/320/320
f 320/320/320 311/316/311 315/316/315
f 323/323/323 321/321/321 320/320/320
f 320/320/320 322/322/322 323/323/323
f 309/312/309 308/314/308 324/324/324
f 324/324/324 325/312/325 309/312/309
f 305/313/305 321/325/321 324/324/324
f 324/324/324 308/314/308 305/313/305
f 323/311/323 326/326/326 324/324/324
f 324/324/324 321/325/321 323/311/323
f 318/312/318 325/312/325 324/324/324
f 324/324/324 326/326/326 318/312/318
f 36/36/36 35/35/35 327/327/327
f 327/327/327 328/328/328 36/36/36
f 34/34/34 283/277/283 327/327/327
f 327/327/327 35/35/35 34/34/34
f 203/190/203 200/187/200 327/327/327
f 327/327/327 283/277/283 203/190/203
f 199/186/199 328/328/328 327/327/327
f 327/327/327 200/187/200 199/186/199
f 329/329/329 330/330/330 331/331/331
f 331/331/331 332/332/332 329/329/329
f 93/88/93 333/333/333 331/331/331
f 331/331/331 330/330/330 93/88/93
f 209/196/209 206/193/206 331/331/331
f 331/331/331 333/333/333 209/196/209
f 205/192/205 332/332/332 331/331/331
f 331/331/331 206/193/206 205/192/205
f 213/186/213 284/328/284 334/334/334
f 334/334/334 214/335/214 213/186/213
f 46/36/46 97/89/97 334/334/334
f 334/334/334 284/328/284 46/36/46
f 99/90/99 335/332/335 334/334/334
f 334/334/334 97/89/97 99/90/99
f 215/192/215 214/335/214 334/334/334
f 334/334/334 335/332/335 215/192/215
f 213/200/213 211/198/211 336/336/336
f 336/336/336 285/337/285 213/200/213
f 128/119/128 261/246/261 336/336/336
f 336/336/336 211/198/211 128/119/128
f 110/245/110 204/338/204 336/336/336
f 336/336/336 261/246/261 110/245/110
f 203/339/203 285/337/285 336/336/336
f 336/336/336 204/338/204 203/339/203
f 1/1/1 337/1/337 338/340/338
f 338/340/338 2/2/2 1/1/1
f 339/1/339 340/341/340 338/340/338
f 338/340/338 337/1/337 339/1/339
f 341/340/341 338/340/338 340/341/340
f 342/342/342 343/343/343 338/340/338
f 338/340/338 344/344/344 342/342/342
f 5/5/5 2/2/2 338/340/338
f 338/340/338 343/343/343 5/5/5
f 89/10/89 345/345/345 346/346/346
f 346/346/346 85/80/85 89/10/89
f 347/345/347 348/347/348 346/346/346
f 346/346/346 345/345/345 347/345/347
f 339/45/339 337/45/337 346/346/346
f 346/346/346 348/347/348 339/45/339
f 1/45/1 85/80/85 346/346/346
f 346/346/346 337/45/337 1/45/1
f 249/1/249 349/1/349 350/348/350
f 350/348/350 351/349/351 249/1/249
f 352/1/352 353/348/353 350/348/350
f 350/348/350 349/1/349 352/1/352
f 354/350/354 355/351/355 350/348/350
f 350/348/350 353/348/353 354/350/354
f 18/18/18 351/349/351 350/348/350
f 350/348/350 355/351/355 18/18/18
f 5/5/5 343/343/343 356/352/356
f 356/352/356 252/233/252 5/5/5
f 342/342/342 357/352/357 356/352/356
f 356/352/356 343/343/343 342/342/342
f 352/45/352 349/45/349 356/352/356
f 356/352/356 357/352/357 352/45/352
f 249/45/249 252/233/252 356/352/356
f 356/352/356 349/45/349 249/45/249
f 358/340/358 359/340/359 360/1/360
f 360/1/360 361/1/361 358/340/358
f 362/353/362 359/354/359 358/355/358
f 358/355/358 363/356/363 362/353/362
f 364/357/364 365/358/365 366/359/366
f 366/359/366 367/360/367 364/357/364
f 368/1/368 369/1/369 365/340/365
f 365/340/365 364/340/364 368/1/368
f 370/361/370 371/362/371 372/363/372
f 372/363/372 373/364/373 370/361/370
f 374/365/374 372/363/372 371/362/371
f 371/362/371 375/366/375 374/365/374
f 376/367/376 377/368/377 378/369/378
f 378/369/378 379/370/379 376/367/376
f 380/345/380 378/369/378 377/368/377
f 377/368/377 381/345/381 380/345/380
f 382/1/382 383/348/383 384/348/384
f 384/348/384 385/1/385 382/1/382
f 386/351/386 384/348/384 383/348/383
f 383/348/383 387/351/387 386/351/386
f 388/348/388 389/348/389 390/371/390
f 390/371/390 391/372/391 388/348/388
f 392/1/392 389/348/389 388/348/388
f 388/348/388 393/1/393 392/1/392
f 363/356/363 394/373/394 395/374/395
f 395/374/395 362/353/362 363/356/363
f 385/375/385 395/374/395 394/373/394
f 394/373/394 382/376/382 385/375/385
f 393/45/393 396/352/396 397/352/397
f 397/352/397 392/45/392 393/45/393
f 366/359/366 397/377/397 396/378/396
f 396/378/396 367/360/367 366/359/366
f 398/1/398 399/340/399 400/340/400
f 400/340/400 401/1/401 398/1/398
f 402/343/402 400/340/400 399/340/399
f 399/340/399 403/343/403 402/343/402
f 363/343/363 358/340/358 404/340/404
f 404/340/404 405/343/405 363/343/363
f 406/1/406 404/340/404 358/340/358
f 358/340/358 361/1/361 406/1/406
f 407/345/407 408/379/408 409/380/409
f 409/380/409 410/345/410 407/345/407
f 411/381/411 409/380/409 408/379/408
f 408/379/408 412/382/412 411/381/411
f 413/383/413 414/384/414 415/385/415
f 415/385/415 416/386/416 413/383/413
f 417/387/417 415/385/415 414/384/414
f 414/384/414 418/388/418 417/387/417
f 419/348/419 420/348/420 421/1/421
f 421/1/421 422/1/422 419/348/419
f 423/351/423 424/351/424 420/348/420
f 420/348/420 419/348/419 423/351/423
f 383/348/383 425/348/425 426/351/426
f 426/351/426 387/351/387 383/348/383
f 427/1/427 425/348/425 383/348/383
f 383/348/383 382/1/382 427/1/427
f 428/352/428 429/352/429 402/343/402
f 402/343/402 403/343/403 428/352/428
f 422/45/422 421/45/421 429/352/429
f 429/352/429 428/352/428 422/45/422
f 394/352/394 430/352/430 427/45/427
f 427/45/427 382/45/382 394/352/394
f 405/343/405 430/352/430 394/352/394
f 394/352/394 363/343/363 405/343/405
f 431/340/431 432/340/432 433/1/433
f 433/1/433 434/1/434 431/340/431
f 435/343/435 432/340/432 431/340/431
f 431/340/431 436/343/436 435/343/435
f 399/340/399 437/340/437 438/343/438
f 438/343/438 403/343/403 399/340/399
f 439/1/439 437/340/437 399/340/399
f 399/340/399 398/1/398 439/1/439
f 440/369/440 441/369/441 442/345/442
f 442/345/442 443/345/443 440/369/440
f 444/389/444 445/389/445 441/369/441
f 441/369/441 440/369/440 444/389/444
f 408/379/408 446/379/446 447/346/447
f 447/346/447 412/382/412 408/379/408
f 407/345/407 448/345/448 446/379/446
f 446/379/446 408/379/408 407/345/407
f 449/348/449 450/348/450 451/1/451
f 451/1/451 452/1/452 449/348/449
f 453/351/453 454/351/454 450/348/450
f 450/348/450 449/348/449 453/351/453
f 419/348/419 455/348/455 456/351/456
f 456/351/456 423/351/423 419/348/419
f 422/1/422 457/1/457 455/348/455
f 455/348/455 419/348/419 422/1/422
f 458/352/458 459/352/459 435/343/435
f 435/343/435 436/343/436 458/352/458
f 452/45/452 451/45/451 459/352/459
f 459/352/459 458/352/458 452/45/452
f 428/352/428 460/352/460 457/45/457
f 457/45/457 422/45/422 428/352/428
f 403/343/403 438/343/438 460/352/460
f 460/352/460 428/352/428 403/343/403
f 461/1/461 462/390/462 463/391/463
f 464/392/464 465/393/465 462/390/462
f 462/390/462 466/394/466 464/392/464
f 467/395/467 463/391/463 462/390/462
f 462/390/462 465/393/465 467/395/467
f 468/396/468 469/397/469 470/398/470
f 470/398/470 471/399/471 468/396/468
f 472/400/472 473/401/473 470/398/470
f 470/398/470 469/397/469 472/400/472
f 474/402/474 475/403/475 470/398/470
f 470/398/470 473/401/473 474/402/474
f 476/404/476 471/399/471 470/398/470
f 470/398/470 475/403/475 476/404/476
f 477/1/477 478/348/478 479/348/479
f 479/348/479 480/1/480 477/1/477
f 481/405/481 482/406/482 479/348/479
f 479/348/479 478/348/478 481/405/481
f 483/406/483 484/348/484 479/348/479
f 479/348/479 482/406/482 483/406/483
f 485/1/485 480/1/480 479/348/479
f 479/348/479 484/348/484 485/1/485
f 464/392/464 486/352/486 487/352/487
f 487/352/487 488/407/488 464/392/464
f 477/45/477 480/45/480 487/352/487
f 487/352/487 486/352/486 477/45/477
f 485/45/485 489/352/489 487/352/487
f 487/352/487 480/45/480 485/45/485
f 490/408/490 488/407/488 487/352/487
f 487/352/487 489/352/489 490/408/490
f 491/1/491 492/409/492 493/410/493
f 493/410/493 494/1/494 491/1/491
f 495/411/495 496/394/496 493/410/493
f 493/410/493 492/409/492 495/411/495
f 341/340/341 340/341/340 493/410/493
f 493/410/493 496/394/496 341/340/341
f 339/412/339 494/413/494 493/414/493
f 493/414/493 340/415/340 339/412/339
f 497/416/497 498/417/498 499/418/499
f 499/418/499 500/419/500 497/416/497
f 491/45/491 494/45/494 499/418/499
f 499/418/499 498/417/498 491/45/491
f 339/412/339 348/420/348 499/421/499
f 499/421/499 494/413/494 339/412/339
f 348/420/348 500/422/500 499/421/499
f 501/1/501 502/348/502 503/348/503
f 503/348/503 504/423/504 501/1/501
f 505/424/505 506/424/506 503/348/503
f 503/348/503 502/348/502 505/424/505
f 354/350/354 353/348/353 503/348/503
f 503/348/503 506/424/506 354/350/354
f 352/1/352 504/423/504 503/348/503
f 503/348/503 353/348/353 352/1/352
f 507/425/507 508/352/508 509/352/509
f 509/352/509 510/426/510 507/425/507
f 511/427/511 512/428/512 509/352/509
f 509/352/509 508/352/508 511/427/511
f 513/429/513 514/352/514 509/352/509
f 509/352/509 512/428/512 513/429/513
f 515/425/515 510/426/510 509/352/509
f 509/352/509 514/352/514 515/425/515
f 516/430/516 517/352/517 518/352/518
f 518/352/518 519/426/519 516/430/516
f 501/45/501 520/45/520 518/352/518
f 518/352/518 517/352/517 501/45/501
f 521/45/521 522/352/522 518/352/518
f 518/352/518 520/45/520 521/45/521
f 523/426/523 519/426/519 518/352/518
f 518/352/518 522/352/522 523/426/523
f 352/1/352 524/431/524 525/431/525
f 525/431/525 504/423/504 352/1/352
f 526/432/526 527/433/527 525/431/525
f 525/431/525 524/431/524 526/432/526
f 521/432/521 520/431/520 525/431/525
f 525/431/525 527/433/527 521/432/521
f 501/1/501 504/423/504 525/431/525
f 525/431/525 520/431/520 501/1/501
f 342/342/342 528/426/528 529/352/529
f 529/352/529 357/352/357 342/342/342
f 530/426/530 531/352/531 529/352/529
f 529/352/529 528/426/528 530/426/530
f 526/45/526 524/45/524 529/352/529
f 529/352/529 531/352/531 526/45/526
f 352/45/352 357/352/357 529/352/529
f 529/352/529 524/45/524 352/45/352
f 516/430/516 519/426/519 532/434/532
f 532/434/532 533/435/533 516/430/516
f 523/426/523 534/434/534 532/434/532
f 532/434/532 519/426/519 523/426/523
f 530/426/530 528/426/528 532/434/532
f 532/434/532 534/434/534 530/426/530
f 342/342/342 533/435/533 532/434/532
f 532/434/532 528/426/528 342/342/342
f 511/427/511 508/352/508 535/352/535
f 535/352/535 536/45/536 511/427/511
f 507/425/507 537/426/537 535/352/535
f 535/352/535 508/352/508 507/425/507
f 538/426/538 539/352/539 535/352/535
f 535/352/535 537/426/537 538/426/538
f 540/45/540 536/45/536 535/352/535
f 535/352/535 539/352/539 540/45/540
f 513/429/513 512/428/512 541/436/541
f 541/436/541 542/436/542 513/429/513
f 511/427/511 536/436/536 541/436/541
f 541/436/541 512/428/512 511/427/511
f 540/437/540 543/438/543 541/436/541
f 541/436/541 536/436/536 540/437/540
f 544/437/544 542/436/542 541/436/541
f 541/436/541 543/438/543 544/437/544
f 530/426/530 545/426/545 546/352/546
f 546/352/546 531/352/531 530/426/530
f 547/426/547 548/352/548 546/352/546
f 546/352/546 545/426/545 547/426/547
f 549/45/549 550/45/550 546/352/546
f 546/352/546 548/352/548 549/45/549
f 526/45/526 531/352/531 546/352/546
f 546/352/546 550/45/550 526/45/526
f 507/425/507 510/426/510 551/434/551
f 551/434/551 537/426/537 507/425/507
f 515/425/515 552/426/552 551/434/551
f 551/434/551 510/426/510 515/425/515
f 553/426/553 554/434/554 551/434/551
f 551/434/551 552/426/552 553/426/553
f 538/426/538 537/426/537 551/434/551
f 551/434/551 554/434/554 538/426/538
f 538/426/538 555/426/555 556/352/556
f 556/352/556 539/352/539 538/426/538
f 557/426/557 558/352/558 556/352/556
f 556/352/556 555/426/555 557/426/557
f 559/45/559 560/45/560 556/352/556
f 556/352/556 558/352/558 559/45/559
f 540/45/540 539/352/539 556/352/556
f 556/352/556 560/45/560 540/45/540
f 540/437/540 560/439/560 561/439/561
f 561/439/561 543/438/543 540/437/540
f 559/440/559 562/441/562 561/439/561
f 561/439/561 560/439/560 559/440/559
f 549/440/549 563/439/563 561/439/561
f 561/439/561 562/441/562 549/440/549
f 544/437/544 543/438/543 561/439/561
f 561/439/561 563/439/563 544/437/544
f 553/426/553 552/426/552 564/352/564
f 564/352/564 565/352/565 553/426/553
f 515/425/515 514/352/514 564/352/564
f 564/352/564 552/426/552 515/425/515
f 513/429/513 542/45/542 564/352/564
f 564/352/564 514/352/514 513/429/513
f 544/45/544 565/352/565 564/352/564
f 564/352/564 542/45/542 544/45/544
f 553/426/553 566/426/566 567/434/567
f 567/434/567 554/434/554 553/426/553
f 547/426/547 568/434/568 567/434/567
f 567/434/567 566/426/566 547/426/547
f 557/426/557 555/426/555 567/434/567
f 567/434/567 568/434/568 557/426/557
f 538/426/538 554/434/554 567/434/567
f 567/434/567 555/426/555 538/426/538
f 547/426/547 566/426/566 569/352/569
f 569/352/569 548/352/548 547/426/547
f 553/426/553 565/352/565 569/352/569
f 569/352/569 566/426/566 553/426/553
f 544/45/544 563/45/563 569/352/569
f 569/352/569 565/352/565 544/45/544
f 549/45/549 548/352/548 569/352/569
f 569/352/569 563/45/563 549/45/549
f 557/426/557 570/426/570 571/352/571
f 571/352/571 558/352/558 557/426/557
f 523/426/523 522/352/522 571/352/571
f 571/352/571 570/426/570 523/426/523
f 521/45/521 572/45/572 571/352/571
f 571/352/571 522/352/522 521/45/521
f 559/45/559 558/352/558 571/352/571
f 571/352/571 572/45/572 559/45/559
f 559/440/559 572/442/572 573/442/573
f 573/442/573 562/441/562 559/440/559
f 521/432/521 527/433/527 573/442/573
f 573/442/573 572/442/572 521/432/521
f 526/432/526 550/442/550 573/442/573
f 573/442/573 527/433/527 526/432/526
f 549/440/549 562/441/562 573/442/573
f 573/442/573 550/442/550 549/440/549
f 547/426/547 545/426/545 574/434/574
f 574/434/574 568/434/568 547/426/547
f 530/426/530 534/434/534 574/434/574
f 574/434/574 545/426/545 530/426/530
f 523/426/523 570/426/570 574/434/574
f 574/434/574 534/434/534 523/426/523
f 557/426/557 568/434/568 574/434/574
f 574/434/574 570/426/570 557/426/557
f 280/274/280 575/443/575 281/275/281
f 141/273/141 140/444/140 575/443/575
f 575/443/575 280/274/280 141/273/141
f 139/445/139 576/446/576 575/443/575
f 575/443/575 140/444/140 139/445/139
f 577/447/577 281/275/281 575/443/575
f 575/443/575 576/446/576 577/447/577
f 577/447/577 576/446/576 578/448/578
f 578/448/578 579/449/579 577/447/577
f 139/445/139 245/450/245 578/448/578
f 578/448/578 576/446/576 139/445/139
f 166/451/166 580/452/580 578/448/578
f 578/448/578 245/450/245 166/451/166
f 581/453/581 579/449/579 578/448/578
f 578/448/578 580/452/580 581/453/581
f 581/453/581 580/452/580 582/454/582
f 582/454/582 583/455/583 581/453/581
f 166/451/166 165/456/165 582/454/582
f 582/454/582 580/452/580 166/451/166
f 164/457/164 584/458/584 582/454/582
f 582/454/582 165/456/165 164/457/164
f 585/459/585 583/455/583 582/454/582
f 582/454/582 584/458/584 585/459/585
f 585/459/585 584/458/584 586/460/586
f 586/460/586 587/461/587 585/459/585
f 164/457/164 230/462/230 586/460/586
f 586/460/586 584/458/584 164/457/164
f 112/251/112 264/250/264 586/460/586
f 586/460/586 230/462/230 112/251/112
f 263/249/263 587/461/587 586/460/586
f 586/460/586 264/250/264 263/249/263
f 132/123/132 588/463/588 589/464/589
f 589/464/589 127/118/127 132/123/132
f 238/223/238 235/221/235 589/465/589
f 589/465/589 588/466/588 238/223/238
f 234/105/234 590/467/590 589/465/589
f 589/465/589 235/221/235 234/105/234
f 124/115/124 127/118/127 589/464/589
f 589/464/589 590/468/590 124/115/124
f 124/115/124 590/468/590 591/469/591
f 591/469/591 263/249/263 124/115/124
f 234/285/234 591/470/591 590/471/590
f 263/249/263 591/469/591 592/472/592
f 592/472/592 587/461/587 263/249/263
f 234/285/234 288/288/288 592/473/592
f 592/473/592 591/470/591 234/285/234
f 269/259/269 593/474/593 592/473/592
f 592/473/592 288/288/288 269/259/269
f 585/459/585 587/461/587 592/472/592
f 592/472/592 593/475/593 585/459/585
f 585/459/585 593/475/593 594/476/594
f 594/476/594 583/455/583 585/459/585
f 269/259/269 272/262/272 594/477/594
f 594/477/594 593/474/593 269/259/269
f 276/267/276 595/478/595 594/477/594
f 594/477/594 272/262/272 276/267/276
f 581/453/581 583/455/583 594/476/594
f 594/476/594 595/479/595 581/453/581
f 581/453/581 595/479/595 596/480/596
f 596/480/596 579/449/579 581/453/581
f 276/267/276 291/291/291 596/481/596
f 596/481/596 595/478/595 276/267/276
f 268/258/268 597/482/597 596/481/596
f 596/481/596 291/291/291 268/258/268
f 577/447/577 579/449/579 596/480/596
f 596/480/596 597/483/597 577/447/577
f 577/447/577 597/483/597 598/484/598
f 598/484/598 281/275/281 577/447/577
f 268/258/268 267/256/267 598/485/598
f 598/485/598 597/482/597 268/258/268
f 151/255/151 599/486/599 598/485/598
f 598/485/598 267/256/267 151/255/151
f 281/275/281 598/484/598 599/487/599
f 599/487/599 278/269/278 281/275/281
f 194/181/194 278/269/278 599/487/599
f 599/487/599 600/488/600 194/181/194
f 194/181/194 600/488/600 601/489/601
f 601/489/601 195/182/195 194/181/194
f 151/124/151 154/143/154 601/490/601
f 601/490/601 600/491/600 151/124/151
f 159/146/159 602/492/602 601/490/601
f 601/490/601 154/143/154 159/146/159
f 196/183/196 195/182/195 601/489/601
f 601/489/601 602/493/602 196/183/196
f 491/1/491 603/1/603 604/494/604
f 604/494/604 605/495/605 491/1/491
f 474/1/474 606/432/606 604/494/604
f 604/494/604 603/1/603 474/1/474
f 607/496/607 605/495/605 604/494/604
f 604/494/604 606/432/606 607/496/607
f 461/45/461 608/45/608 609/497/609
f 609/497/609 610/498/610 461/45/461
f 472/499/472 469/500/469 609/501/609
f 609/501/609 608/502/608 472/499/472
f 468/503/468 611/504/611 609/501/609
f 609/501/609 469/500/469 468/503/468
f 612/505/612 610/498/610 609/497/609
f 609/497/609 611/346/611 612/505/612
f 461/1/461 463/391/463 613/496/613
f 613/496/613 608/1/608 461/1/461
f 467/395/467 614/506/614 613/496/613
f 613/496/613 463/391/463 467/395/467
f 615/507/615 616/508/616 613/509/613
f 613/509/613 614/510/614 615/507/615
f 472/499/472 608/502/608 613/509/613
f 613/509/613 616/508/616 472/499/472
f 464/392/464 488/407/488 617/511/617
f 617/511/617 465/393/465 464/392/464
f 490/408/490 618/512/618 617/511/617
f 617/511/617 488/407/488 490/408/490
f 619/513/619 620/514/620 617/511/617
f 617/511/617 618/512/618 619/513/619
f 467/395/467 465/393/465 617/511/617
f 617/511/617 620/514/620 467/395/467
f 467/395/467 620/514/620 621/515/621
f 621/515/621 614/506/614 467/395/467
f 619/513/619 622/516/622 621/515/621
f 621/515/621 620/514/620 619/513/619
f 623/517/623 624/518/624 621/519/621
f 621/519/621 622/520/622 623/517/623
f 615/507/615 614/510/614 621/519/621
f 621/519/621 624/518/624 615/507/615
f 615/411/615 624/521/624 625/522/625
f 625/522/625 626/523/626 615/411/615
f 623/524/623 627/525/627 625/522/625
f 625/522/625 624/521/624 623/524/623
f 607/496/607 626/523/626 625/522/625
f 625/522/625 627/525/627 607/496/607
f 367/360/367 628/526/628 629/527/629
f 629/527/629 364/357/364 367/360/367
f 464/528/464 466/529/466 629/530/629
f 629/530/629 628/531/628 464/528/464
f 461/1/461 630/1/630 629/340/629
f 629/340/629 466/394/466 461/1/461
f 368/1/368 364/340/364 629/340/629
f 629/340/629 630/1/630 368/1/368
f 368/45/368 630/45/630 631/532/631
f 631/532/631 632/533/632 368/45/368
f 461/45/461 610/498/610 631/532/631
f 631/532/631 630/45/630 461/45/461
f 612/505/612 633/534/633 631/532/631
f 631/532/631 610/498/610 612/505/612
f 376/367/376 632/533/632 631/532/631
f 631/532/631 633/534/633 376/367/376
f 634/535/634 635/536/635 636/537/636
f 636/537/636 637/538/637 634/535/634
f 638/345/638 639/539/639 636/524/636
f 636/524/636 635/345/635 638/345/638
f 640/540/640 641/541/641 636/524/636
f 636/524/636 639/539/639 640/540/640
f 391/372/391 637/514/637 636/524/636
f 636/524/636 641/541/641 391/372/391
f 393/45/393 642/45/642 643/352/643
f 643/352/643 396/352/396 393/45/393
f 477/45/477 486/352/486 643/352/643
f 643/352/643 642/45/642 477/45/477
f 464/392/464 628/343/628 643/352/643
f 643/352/643 486/352/486 464/392/464
f 367/360/367 396/378/396 643/542/643
f 643/542/643 628/526/628 367/360/367
f 474/45/474 603/45/603 644/543/644
f 644/543/644 475/544/475 474/45/474
f 491/45/491 498/417/498 644/543/644
f 644/543/644 603/45/603 491/45/491
f 497/416/497 645/545/645 644/543/644
f 644/543/644 498/417/498 497/416/497
f 476/546/476 475/544/475 644/543/644
f 644/543/644 645/545/645 476/546/476
f 646/345/646 647/345/647 648/547/648
f 648/547/648 649/548/649 646/345/646
f 1421/345/650 650/549/651 648/547/648
f 648/547/648 647/345/647 1421/345/650
f 651/550/652 652/551/653 648/547/648
f 648/547/648 650/549/651 651/550/652
f 653/552/654 649/548/649 648/547/648
f 648/547/648 652/551/653 653/552/654
f 485/45/485 654/45/655 655/352/656
f 655/352/656 489/352/489 485/45/485
f 501/45/501 517/352/517 655/352/656
f 655/352/656 654/45/655 501/45/501
f 516/430/516 656/553/657 655/352/656
f 655/352/656 517/352/517 516/430/516
f 490/408/490 489/352/489 655/352/656
f 655/352/656 656/553/657 490/408/490
f 474/402/474 473/401/473 657/554/658
f 657/554/658 606/555/606 474/402/474
f 472/400/472 616/556/616 657/554/658
f 657/554/658 473/401/473 472/400/472
f 615/557/615 626/558/626 657/554/658
f 657/554/658 616/556/616 615/557/615
f 607/559/607 606/555/606 657/554/658
f 657/554/658 626/558/626 607/559/607
f 490/408/490 656/553/657 658/560/659
f 658/560/659 618/512/618 490/408/490
f 516/430/516 658/560/659 656/553/657
f 619/513/619 618/512/618 658/560/659
f 658/560/659 659/561/660 619/513/619
f 619/513/619 659/561/660 660/562/661
f 660/562/661 622/516/622 619/513/619
f 516/563/516 661/564/662 660/565/661
f 660/565/661 659/566/660 516/563/516
f 623/517/623 622/520/622 660/565/661
f 660/565/661 661/564/662 623/517/623
f 495/411/495 492/409/492 662/567/663
f 662/567/663 663/406/664 495/411/495
f 491/1/491 605/495/605 662/567/663
f 662/567/663 492/409/492 491/1/491
f 607/496/607 663/406/664 662/567/663
f 662/567/663 605/495/605 607/496/607
f 348/420/348 664/568/665 500/422/500
f 347/569/347 665/570/666 664/568/665
f 664/568/665 348/420/348 347/569/347
f 666/345/667 667/571/668 664/572/665
f 664/572/665 665/345/666 666/345/667
f 497/416/497 500/419/500 664/572/665
f 664/572/665 667/571/668 497/416/497
f 497/416/497 667/571/668 668/573/669
f 668/573/669 645/545/645 497/416/497
f 666/345/667 669/345/670 668/573/669
f 668/573/669 667/571/668 666/345/667
f 670/345/671 671/574/672 668/573/669
f 668/573/669 669/345/670 670/345/671
f 476/546/476 645/545/645 668/573/669
f 668/573/669 671/574/672 476/546/476
f 476/546/476 671/574/672 672/574/673
f 672/574/673 471/575/471 476/546/476
f 670/345/671 673/345/674 672/574/673
f 672/574/673 671/574/672 670/345/671
f 674/345/675 675/426/676 672/574/673
f 672/574/673 673/345/674 674/345/675
f 468/576/468 471/575/471 672/574/673
f 672/574/673 675/426/676 468/576/468
f 468/576/468 675/426/676 676/379/677
f 676/379/677 611/346/611 468/576/468
f 674/345/675 677/345/678 676/379/677
f 676/379/677 675/426/676 674/345/675
f 678/345/679 679/577/680 676/379/677
f 676/379/677 677/345/678 678/345/679
f 612/505/612 611/346/611 676/379/677
f 676/379/677 679/577/680 612/505/612
f 612/505/612 679/577/680 680/577/681
f 680/577/681 633/534/633 612/505/612
f 678/345/679 681/345/682 680/577/681
f 680/577/681 679/577/680 678/345/679
f 381/345/381 377/368/377 680/577/681
f 680/577/681 681/345/682 381/345/381
f 376/367/376 633/534/633 680/577/681
f 680/577/681 377/368/377 376/367/376
f 607/496/607 627/525/627 682/578/683
f 682/578/683 663/406/664 607/496/607
f 623/524/623 661/579/662 682/578/683
f 682/578/683 627/525/627 623/524/623
f 516/430/516 683/580/684 682/578/683
f 682/578/683 661/579/662 516/430/516
f 495/411/495 663/406/664 682/578/683
f 682/578/683 683/580/684 495/411/495
f 495/411/495 683/580/684 684/581/685
f 684/581/685 496/394/496 495/411/495
f 516/430/516 533/435/533 684/581/685
f 684/581/685 683/580/684 516/430/516
f 342/342/342 344/344/344 684/581/685
f 684/581/685 533/435/533 342/342/342
f 341/340/341 496/394/496 684/581/685
f 684/581/685 344/344/344 341/340/341
f 16/16/16 685/582/686 686/583/687
f 686/583/687 17/17/17 16/16/16
f 221/9/221 250/4/250 686/583/687
f 686/583/687 685/582/686 221/9/221
f 249/1/249 351/349/351 686/583/687
f 686/583/687 250/4/250 249/1/249
f 18/18/18 17/17/17 686/583/687
f 686/583/687 351/349/351 18/18/18
f 93/88/93 330/330/330 687/584/688
f 687/584/688 94/48/94 93/88/93
f 329/329/329 688/26/689 687/584/688
f 687/584/688 330/330/330 329/329/329
f 689/25/690 690/585/691 687/584/688
f 687/584/688 688/26/689 689/25/690
f 95/51/95 94/48/94 687/584/688
f 687/584/688 690/585/691 95/51/95
f 95/51/95 690/585/691 691/586/692
f 691/586/692 102/66/102 95/51/95
f 689/25/690 692/58/693 691/586/692
f 691/586/692 690/585/691 689/25/690
f 259/243/259 258/587/258 691/586/692
f 691/586/692 692/58/693 259/243/259
f 103/68/103 102/66/102 691/586/692
f 691/586/692 258/587/258 103/68/103
f 119/110/119 693/588/694 694/589/695
f 694/589/695 120/111/120 119/110/119
f 106/590/106 109/591/109 694/589/695
f 694/589/695 693/588/694 106/590/106
f 114/285/114 695/592/696 694/589/695
f 694/589/695 109/591/109 114/285/114
f 121/112/121 120/111/120 694/589/695
f 694/589/695 695/592/696 121/112/121
f 146/137/146 696/593/697 697/594/698
f 697/594/698 147/138/147 146/137/146
f 137/252/137 134/257/134 697/594/698
f 697/594/698 696/593/697 137/252/137
f 133/255/133 698/595/699 697/594/698
f 697/594/698 134/257/134 133/255/133
f 148/139/148 147/138/147 697/594/698
f 697/594/698 698/595/699 148/139/148
f 173/160/173 699/596/700 700/597/701
f 700/597/701 174/161/174 173/160/173
f 160/263/160 163/598/163 700/597/701
f 700/597/701 699/596/700 160/263/160
f 168/599/168 701/600/702 700/597/701
f 700/597/701 163/598/163 168/599/168
f 175/162/175 174/161/174 700/597/701
f 700/597/701 701/600/702 175/162/175
f 148/139/148 698/595/699 702/601/703
f 702/601/703 186/173/186 148/139/148
f 133/255/133 179/602/179 702/601/703
f 702/601/703 698/595/699 133/255/133
f 183/603/183 703/604/704 702/601/703
f 702/601/703 179/602/179 183/603/183
f 187/174/187 186/173/186 702/601/703
f 702/601/703 703/604/704 187/174/187
f 209/196/209 704/605/705 705/606/706
f 705/606/706 210/197/210 209/196/209
f 199/279/199 202/607/202 705/606/706
f 705/606/706 704/605/705 199/279/199
f 106/590/106 693/588/694 705/606/706
f 705/606/706 202/607/202 106/590/106
f 119/110/119 210/197/210 705/606/706
f 705/606/706 693/588/694 119/110/119
f 187/174/187 703/604/704 706/608/707
f 706/608/707 224/210/224 187/174/187
f 183/603/183 218/284/218 706/608/707
f 706/608/707 703/604/704 183/603/183
f 221/9/221 685/582/686 706/608/707
f 706/608/707 218/284/218 221/9/221
f 16/16/16 224/210/224 706/608/707
f 706/608/707 685/582/686 16/16/16
f 121/112/121 695/592/696 707/609/708
f 707/609/708 233/220/233 121/112/121
f 114/285/114 229/286/229 707/609/708
f 707/609/708 695/592/696 114/285/114
f 160/263/160 699/596/700 707/609/708
f 707/609/708 229/286/229 160/263/160
f 173/160/173 233/220/233 707/609/708
f 707/609/708 699/596/700 173/160/173
f 175/162/175 701/600/702 708/610/709
f 708/610/709 248/231/248 175/162/175
f 168/599/168 243/611/243 708/610/709
f 708/610/709 701/600/702 168/599/168
f 137/252/137 696/593/697 708/610/709
f 708/610/709 243/611/243 137/252/137
f 146/137/146 248/231/248 708/610/709
f 708/610/709 696/593/697 146/137/146
f 313/297/313 319/612/319 709/613/710
f 709/613/710 314/318/314 313/297/313
f 318/614/318 710/316/711 709/613/710
f 709/613/710 319/612/319 318/614/318
f 315/316/315 314/318/314 709/613/710
f 709/613/710 710/316/711 315/316/315
f 315/316/315 710/316/711 711/615/712
f 711/615/712 322/322/322 315/316/315
f 318/614/318 326/322/326 711/615/712
f 711/615/712 710/316/711 318/614/318
f 323/323/323 322/322/322 711/615/712
f 711/615/712 326/322/326 323/323/323
f 93/88/93 92/87/92 712/616/713
f 712/616/713 333/333/333 93/88/93
f 36/46/36 328/278/328 712/616/713
f 712/616/713 92/87/92 36/46/36
f 199/279/199 704/605/705 712/616/713
f 712/616/713 328/278/328 199/279/199
f 209/196/209 333/333/333 712/616/713
f 712/616/713 704/605/705 209/196/209
f 354/350/354 713/617/714 714/618/715
f 714/618/715 355/351/355 354/350/354
f 715/550/716 716/539/717 714/618/715
f 714/618/715 713/617/714 715/550/716
f 1477/345/718 1478/345/719 714/618/715
f 714/618/715 716/539/717 1477/345/718
f 10/10/10 13/13/13 714/618/715
f 714/618/715 1478/345/719 10/10/10
f 18/18/18 355/351/355 714/618/715
f 714/618/715 13/13/13 18/18/18
f 387/351/387 717/619/720 718/619/721
f 718/619/721 386/351/386 387/351/387
f 719/620/722 718/621/721 717/622/720
f 717/622/720 720/623/723 719/620/722
f 634/535/634 637/538/637 721/624/724
f 721/624/724 722/625/725 634/535/634
f 390/371/390 721/626/724 637/514/637
f 637/514/637 391/372/391 390/371/390
f 723/619/726 724/619/727 424/351/424
f 424/351/424 423/351/423 723/619/726
f 725/627/728 724/628/727 723/629/726
f 723/629/726 726/630/729 725/627/728
f 717/622/720 727/631/730 728/632/731
f 728/632/731 720/623/723 717/622/720
f 426/351/426 727/619/730 717/619/720
f 717/619/720 387/351/387 426/351/426
f 729/633/732 730/634/733 445/389/445
f 445/389/445 444/389/444 729/633/732
f 434/45/434 433/45/433 731/427/734
f 731/427/734 732/635/735 434/45/434
f 733/636/736 734/576/737 439/637/439
f 439/637/439 398/637/398 733/636/736
f 412/346/412 447/346/447 735/638/738
f 735/638/738 733/636/736 412/346/412
f 736/639/739 737/640/740 454/641/454
f 454/641/454 453/642/453 736/639/739
f 738/643/741 737/644/740 736/645/739
f 736/645/739 739/646/742 738/643/741
f 723/629/726 740/647/743 741/648/744
f 741/648/744 726/630/729 723/629/726
f 423/351/423 456/351/456 740/619/743
f 740/619/743 723/619/726 423/351/423
f 640/540/640 639/539/639 742/649/745
f 742/649/745 743/650/746 640/540/640
f 638/345/638 744/345/747 742/649/745
f 742/649/745 639/539/639 638/345/638
f 646/345/646 649/548/649 742/649/745
f 742/649/745 744/345/747 646/345/646
f 653/552/654 743/650/746 742/649/745
f 742/649/745 649/548/649 653/552/654
f 651/550/652 650/549/651 745/547/748
f 745/547/748 746/578/749 651/550/652
f 1421/345/650 1499/345/750 745/547/748
f 745/547/748 650/549/651 1421/345/650
f 1477/345/718 716/539/717 745/547/748
f 745/547/748 1499/345/750 1477/345/718
f 715/550/716 746/578/749 745/547/748
f 745/547/748 716/539/717 715/550/716
f 481/405/481 478/348/478 747/348/751
f 747/348/751 641/541/641 481/405/481
f 477/1/477 642/1/642 747/348/751
f 747/348/751 478/348/478 477/1/477
f 393/1/393 388/348/388 747/348/751
f 747/348/751 642/1/642 393/1/393
f 391/372/391 641/541/641 747/348/751
f 747/348/751 388/348/388 391/372/391
f 505/424/505 502/348/502 748/348/752
f 748/348/752 749/424/753 505/424/505
f 501/1/501 654/1/655 748/348/752
f 748/348/752 502/348/502 501/1/501
f 485/1/485 484/348/484 748/348/752
f 748/348/752 654/1/655 485/1/485
f 483/406/483 749/424/753 748/348/752
f 748/348/752 484/348/484 483/406/483
f 715/651/716 713/652/714 750/653/754
f 750/653/754 746/654/749 715/651/716
f 354/655/354 506/656/506 750/653/754
f 750/653/754 713/652/714 354/655/354
f 505/657/505 751/658/755 750/653/754
f 750/653/754 506/656/506 505/657/505
f 651/659/652 746/654/749 750/653/754
f 750/653/754 751/658/755 651/659/652
f 651/659/652 751/658/755 752/660/756
f 752/660/756 652/661/653 651/659/652
f 505/657/505 749/662/753 752/660/756
f 752/660/756 751/658/755 505/657/505
f 483/663/483 753/664/757 752/660/756
f 752/660/756 749/662/753 483/663/483
f 653/665/654 652/661/653 752/660/756
f 752/660/756 753/664/757 653/665/654
f 653/665/654 753/664/757 754/666/758
f 754/666/758 743/667/746 653/665/654
f 483/663/483 482/668/482 754/666/758
f 754/666/758 753/664/757 483/663/483
f 481/669/481 755/670/759 754/666/758
f 754/666/758 482/668/482 481/669/481
f 640/671/640 743/667/746 754/666/758
f 754/666/758 755/670/759 640/671/640
f 640/671/640 755/670/759 641/672/641
f 481/669/481 641/672/641 755/670/759
f 412/346/412 733/636/736 756/673/760
f 756/673/760 411/346/411 412/346/412
f 398/637/398 401/637/401 756/673/760
f 756/673/760 733/636/736 398/637/398
f 361/1/361 757/674/761 758/417/762
f 758/417/762 406/45/406 361/1/361
f 416/675/416 758/417/762 757/674/761
f 757/674/761 413/638/413 416/675/416
f 375/638/375 759/674/763 760/418/764
f 760/418/764 374/416/374 375/638/375
f 360/1/360 760/418/764 759/674/763
f 759/674/763 361/45/361 360/1/360
f 368/45/368 632/533/632 761/497/765
f 761/497/765 369/45/369 368/45/368
f 379/370/379 761/497/765 632/533/632
f 632/533/632 376/367/376 379/370/379
f 516/430/516 659/561/660 658/560/659
f 461/1/461 466/394/466 462/390/462
f 762/340/766 763/343/767 405/343/405
f 405/343/405 404/340/404 762/340/766
f 764/1/768 762/340/766 404/340/404
f 404/340/404 406/1/406 764/1/768
f 765/676/769 766/677/770 767/678/771
f 767/678/771 768/679/772 765/676/769
f 769/680/773 765/681/769 768/682/772
f 768/682/772 770/683/774 769/680/773
f 425/348/425 771/348/775 772/351/776
f 772/351/776 426/351/426 425/348/425
f 427/1/427 773/1/777 771/348/775
f 771/348/775 425/348/425 427/1/427
f 430/352/430 774/352/778 773/45/777
f 773/45/777 427/45/427 430/352/430
f 763/343/767 774/352/778 430/352/430
f 430/352/430 405/343/405 763/343/767
f 775/684/779 776/685/780 728/632/731
f 728/632/731 727/631/730 775/684/779
f 772/351/776 775/619/779 727/619/730
f 727/619/730 426/351/426 772/351/776
f 777/418/781 764/45/768 406/1/406
f 406/1/406 778/417/782 777/418/781
f 766/416/770 777/418/781 778/417/782
f 778/417/782 767/675/771 766/416/770
f 359/340/359 779/340/783 780/1/784
f 780/1/784 360/1/360 359/340/359
f 781/686/785 779/687/783 359/354/359
f 359/354/359 362/353/362 781/686/785
f 782/688/786 783/345/787 784/345/788
f 784/345/788 785/572/789 782/688/786
f 786/689/790 782/688/786 785/572/789
f 785/572/789 787/416/791 786/689/790
f 788/348/792 789/1/793 385/1/385
f 385/1/385 384/348/384 788/348/792
f 790/351/794 788/348/792 384/348/384
f 384/348/384 386/351/386 790/351/794
f 791/690/795 781/686/785 362/353/362
f 362/353/362 395/374/395 791/690/795
f 789/691/793 791/690/795 395/374/395
f 395/374/395 385/375/385 789/691/793
f 792/619/796 790/351/794 386/351/386
f 386/351/386 718/619/721 792/619/796
f 793/692/797 792/693/796 718/621/721
f 718/621/721 719/620/722 793/692/797
f 794/694/798 786/689/790 787/416/791
f 787/416/791 795/418/799 794/694/798
f 780/45/784 794/694/798 795/418/799
f 795/418/799 360/45/360 780/45/784
f 796/695/800 779/687/783 781/686/785
f 781/686/785 366/359/366 796/695/800
f 780/1/784 779/340/783 796/340/800
f 796/340/800 797/1/801 780/1/784
f 782/688/786 786/689/790 798/370/802
f 798/370/802 799/369/803 782/688/786
f 783/345/787 782/688/786 799/369/803
f 799/369/803 800/345/804 783/345/787
f 389/348/389 788/348/792 790/351/794
f 790/351/794 390/371/390 389/348/389
f 789/1/793 788/348/792 389/348/389
f 389/348/389 392/1/392 789/1/793
f 791/352/795 789/45/793 392/45/392
f 392/45/392 397/352/397 791/352/795
f 781/686/785 791/690/795 397/377/397
f 397/377/397 366/359/366 781/686/785
f 792/693/796 793/692/797 722/625/725
f 722/625/725 721/624/724 792/693/796
f 790/351/794 792/619/796 721/626/724
f 721/626/724 390/371/390 790/351/794
f 794/694/798 780/45/784 797/45/801
f 797/45/801 801/497/805 794/694/798
f 786/689/790 794/694/798 801/497/805
f 801/497/805 798/370/802 786/689/790
f 762/340/766 764/1/768 401/1/401
f 401/1/401 400/340/400 762/340/766
f 763/343/767 762/340/766 400/340/400
f 400/340/400 402/343/402 763/343/767
f 802/696/806 803/697/807 804/698/808
f 804/698/808 805/699/809 802/696/806
f 806/700/810 802/701/806 805/702/809
f 805/702/809 807/703/811 806/700/810
f 420/348/420 771/348/775 773/1/777
f 773/1/777 421/1/421 420/348/420
f 424/351/424 772/351/776 771/348/775
f 771/348/775 420/348/420 424/351/424
f 429/352/429 774/352/778 763/343/767
f 763/343/767 402/343/402 429/352/429
f 421/45/421 773/45/777 774/352/778
f 774/352/778 429/352/429 421/45/421
f 724/619/727 775/619/779 772/351/776
f 772/351/776 424/351/424 724/619/727
f 776/685/780 775/684/779 724/628/727
f 724/628/727 725/627/728 776/685/780
f 808/418/812 806/416/810 807/381/811
f 807/381/811 809/704/813 808/418/812
f 764/1/768 808/418/812 809/704/813
f 809/704/813 401/45/401 764/1/768
f 810/340/814 811/343/815 438/343/438
f 438/343/438 437/340/437 810/340/814
f 812/1/816 810/340/814 437/340/437
f 437/340/437 439/1/439 812/1/816
f 446/379/446 813/369/817 814/389/818
f 814/389/818 447/346/447 446/379/446
f 448/345/448 815/345/819 813/369/817
f 813/369/817 446/379/446 448/345/448
f 455/348/455 816/348/820 817/351/821
f 817/351/821 456/351/456 455/348/455
f 457/1/457 818/1/822 816/348/820
f 816/348/820 455/348/455 457/1/457
f 460/352/460 819/352/823 818/45/822
f 818/45/822 457/45/457 460/352/460
f 438/343/438 811/343/815 819/352/823
f 819/352/823 460/352/460 438/343/438
f 812/45/816 439/45/439 734/705/737
f 734/705/737 820/706/824 812/45/816
f 447/346/447 814/389/818 821/634/825
f 821/634/825 735/707/738 447/346/447
f 822/708/826 823/709/827 741/648/744
f 741/648/744 740/647/743 822/708/826
f 456/351/456 817/351/821 822/619/826
f 822/619/826 740/619/743 456/351/456
f 810/340/814 812/1/816 433/1/433
f 433/1/433 432/340/432 810/340/814
f 811/343/815 810/340/814 432/340/432
f 432/340/432 435/343/435 811/343/815
f 441/369/441 813/369/817 815/345/819
f 815/345/819 442/345/442 441/369/441
f 445/389/445 814/389/818 813/369/817
f 813/369/817 441/369/441 445/389/445
f 450/348/450 816/348/820 818/1/822
f 818/1/822 451/1/451 450/348/450
f 454/351/454 817/351/821 816/348/820
f 816/348/820 450/348/450 454/351/454
f 819/352/823 811/343/815 435/343/435
f 435/343/435 459/352/459 819/352/823
f 451/45/451 818/45/822 819/352/823
f 819/352/823 459/352/459 451/45/451
f 814/389/818 445/389/445 730/634/733
f 730/634/733 821/634/825 814/389/818
f 433/45/433 812/45/816 820/706/824
f 820/706/824 731/427/734 433/45/433
f 737/640/740 822/710/826 817/711/821
f 817/711/821 454/641/454 737/640/740
f 823/709/827 822/708/826 737/644/740
f 737/644/740 738/643/741 823/709/827
f 824/712/828 825/713/829 765/714/769
f 765/714/769 769/715/773 824/712/828
f 825/713/829 826/716/830 766/717/770
f 766/717/770 765/714/769 825/713/829
f 826/416/830 827/418/831 777/418/781
f 777/418/781 766/416/770 826/416/830
f 827/418/831 764/45/768 777/418/781
f 406/45/406 828/417/832 778/417/782
f 828/417/832 829/675/833 767/675/771
f 767/675/771 778/417/782 828/417/832
f 829/675/833 830/426/834 768/426/772
f 768/426/772 767/675/771 829/675/833
f 830/426/834 831/345/835 770/345/774
f 770/345/774 768/426/772 830/426/834
f 832/718/836 824/712/828 769/715/773
f 833/426/837 834/345/838 418/345/418
f 418/345/418 414/426/414 833/426/837
f 835/719/839 831/720/835 417/715/417
f 831/720/835 830/721/834 415/722/415
f 415/722/415 417/715/417 831/720/835
f 830/721/834 829/723/833 416/724/416
f 416/724/416 415/722/415 830/721/834
f 829/675/833 828/417/832 758/417/762
f 758/417/762 416/675/416 829/675/833
f 828/417/832 406/45/406 758/417/762
f 361/45/361 836/674/840 757/674/761
f 836/674/840 837/638/841 413/638/413
f 413/638/413 757/674/761 836/674/840
f 837/638/841 833/426/837 414/426/414
f 414/426/414 413/638/413 837/638/841
f 834/725/838 833/726/837 371/727/371
f 371/727/371 370/728/370 834/725/838
f 833/726/837 837/729/841 375/730/375
f 375/730/375 371/727/371 833/726/837
f 837/638/841 836/674/840 759/674/763
f 759/674/763 375/638/375 837/638/841
f 836/674/840 361/45/361 759/674/763
f 360/45/360 795/418/799 760/418/764
f 795/418/799 787/416/791 374/416/374
f 374/416/374 760/418/764 795/418/799
f 787/416/791 785/572/789 372/572/372
f 372/572/372 374/416/374 787/416/791
f 785/572/789 784/345/788 373/345/373
f 373/345/373 372/572/372 785/572/789
f 838/731/842 834/725/838 370/728/370
f 764/45/768 827/418/831 808/418/812
f 827/418/831 826/416/830 806/416/810
f 806/416/810 808/418/812 827/418/831
f 826/416/830 825/571/829 802/571/806
f 802/571/806 806/416/810 826/416/830
f 825/732/829 824/733/828 803/733/807
f 803/733/807 802/732/806 825/732/829
f 839/734/843 410/735/410 804/736/808
f 410/735/410 409/737/409 805/738/809
f 805/738/809 804/736/808 410/735/410
f 409/737/409 411/739/411 807/740/811
f 807/740/811 805/738/809 409/737/409
f 411/381/411 756/704/760 809/704/813
f 809/704/813 807/381/811 411/381/411
f 756/704/760 401/45/401 809/704/813
f 840/741/844 800/742/804 380/743/380
f 380/743/380 381/744/381 840/741/844
f 800/742/804 799/745/803 378/746/378
f 378/746/378 380/743/380 800/742/804
f 799/745/803 798/747/802 379/748/379
f 379/748/379 378/746/378 799/745/803
f 798/370/802 801/497/805 761/497/765
f 761/497/765 379/370/379 798/370/802
f 801/497/805 797/45/801 369/45/369
f 369/45/369 761/497/765 801/497/805
f 797/1/801 796/340/800 365/340/365
f 365/340/365 369/1/369 797/1/801
f 796/695/800 366/359/366 365/358/365
f 681/749/682 840/741/844 381/744/381
f 839/734/843 842/750/845 841/751/846
f 841/751/846 410/735/410 839/734/843
f 410/345/410 841/345/846 407/345/407
f 784/345/788 783/345/787 843/345/847
f 832/718/836 831/752/835 842/750/845
f 842/750/845 824/712/828 832/718/836
f 834/725/838 838/731/842 843/753/847
f 341/340/341 344/344/344 338/340/338
f 800/345/804 840/345/844 844/345/848
f 800/345/804 844/345/848 783/345/787
f 845/754/849 730/634/733 729/633/732
f 729/633/732 846/754/850 845/754/849
f 846/754/850 732/635/735 731/427/734
f 731/427/734 845/754/849 846/754/850
f 733/755/736 847/754/851 734/705/737
f 735/707/738 847/754/851 733/755/736
f 848/754/852 820/706/824 734/705/737
f 734/705/737 847/754/851 848/754/852
f 847/754/851 735/707/738 821/634/825
f 821/634/825 848/754/852 847/754/851
f 848/754/852 821/634/825 730/634/733
f 730/634/733 845/754/849 848/754/852
f 845/754/849 731/427/734 820/706/824
f 820/706/824 848/754/852 845/754/849
f 242/263/242 270/260/270 287/287/287
f 155/252/155 152/257/152 265/253/265
f 151/255/151 600/756/600 599/486/599
f 784/757/788 838/758/842 370/361/370
f 370/361/370 373/364/373 784/757/788
f 838/758/842 784/757/788 843/759/847
f 834/760/838 835/761/839 417/387/417
f 417/387/417 418/388/418 834/760/838
f 831/762/835 832/763/836 769/680/773
f 769/680/773 770/683/774 831/762/835
f 824/764/828 839/765/843 804/698/808
f 804/698/808 803/697/807 824/764/828
f 839/766/843 824/767/828 842/768/845
f 849/1/853 850/4/854 851/3/855
f 851/3/855 852/2/856 849/1/853
f 853/5/857 852/2/856 851/3/855
f 851/3/855 854/6/858 853/5/857
f 855/7/859 854/6/858 851/3/855
f 851/3/855 856/8/860 855/7/859
f 857/9/861 856/8/860 851/3/855
f 851/3/855 850/4/854 857/9/861
f 10/10/10 858/13/862 859/12/863
f 859/12/863 11/11/11 10/10/10
f 14/14/14 11/11/11 859/12/863
f 859/12/863 860/15/864 14/14/14
f 861/16/865 860/15/864 859/12/863
f 859/12/863 862/17/866 861/16/865
f 863/18/867 862/17/866 859/12/863
f 859/12/863 858/13/862 863/18/867
f 864/19/868 865/22/869 866/21/870
f 866/21/870 867/20/871 864/19/868
f 868/23/872 867/20/871 866/21/870
f 866/21/870 869/24/873 868/23/872
f 25/25/25 869/24/873 866/21/870
f 866/21/870 26/26/26 25/25/25
f 27/27/27 26/26/26 866/21/870
f 866/21/870 865/22/869 27/27/27
f 870/28/874 871/31/875 872/30/876
f 872/30/876 873/29/877 870/28/874
f 874/32/878 873/29/877 872/30/876
f 872/30/876 875/33/879 874/32/878
f 876/34/880 875/33/879 872/30/876
f 872/30/876 877/35/881 876/34/880
f 878/36/882 877/35/881 872/30/876
f 872/30/876 871/31/875 878/36/882
f 37/37/37 879/40/883 880/39/884
f 880/39/884 38/38/38 37/37/37
f 41/41/41 38/38/38 880/39/884
f 880/39/884 881/42/885 41/41/41
f 882/43/886 881/42/885 880/39/884
f 880/39/884 883/44/887 882/43/886
f 884/45/888 883/44/887 880/39/884
f 880/39/884 879/40/883 884/45/888
f 885/46/889 886/49/890 887/48/891
f 887/48/891 888/47/892 885/46/889
f 889/50/893 888/47/892 887/48/891
f 887/48/891 890/51/894 889/50/893
f 891/25/895 890/51/894 887/48/891
f 887/48/891 892/26/896 891/25/895
f 893/52/897 892/26/896 887/48/891
f 887/48/891 886/49/890 893/52/897
f 894/53/898 895/56/899 896/55/900
f 896/55/900 897/54/901 894/53/898
f 59/57/59 897/54/901 896/55/900
f 896/55/900 60/58/60 59/57/59
f 25/25/25 60/58/60 896/55/900
f 896/55/900 869/24/873 25/25/25
f 868/23/872 869/24/873 896/55/900
f 896/55/900 895/56/899 868/23/872
f 898/59/902 899/62/903 900/61/904
f 900/61/904 901/60/905 898/59/902
f 902/63/906 901/60/905 900/61/904
f 900/61/904 903/64/907 902/63/906
f 874/32/878 903/64/907 900/61/904
f 900/61/904 873/29/877 874/32/878
f 870/28/874 873/29/877 900/61/904
f 900/61/904 899/62/903 870/28/874
f 889/50/893 890/51/894 904/66/908
f 904/66/908 905/65/909 889/50/893
f 884/67/888 905/65/909 904/66/908
f 904/66/908 883/68/887 884/67/888
f 882/69/886 883/68/887 904/66/908
f 904/66/908 906/58/910 882/69/886
f 891/25/895 906/58/910 904/66/908
f 904/66/908 890/51/894 891/25/895
f 864/19/868 907/36/911 908/70/912
f 908/70/912 865/22/869 864/19/868
f 27/27/27 865/22/869 908/70/912
f 908/70/912 72/52/72 27/27/27
f 73/52/73 72/52/72 908/70/912
f 908/70/912 909/70/913 73/52/73
f 893/36/897 909/70/913 908/70/912
f 908/70/912 907/36/911 893/36/897
f 891/25/895 892/26/896 910/21/914
f 910/21/914 911/24/915 891/25/895
f 868/23/872 911/24/915 910/21/914
f 910/21/914 867/20/871 868/23/872
f 864/19/868 867/20/871 910/21/914
f 910/21/914 907/70/911 864/19/868
f 893/52/897 907/70/911 910/21/914
f 910/21/914 892/26/896 893/52/897
f 894/53/898 912/71/916 913/55/917
f 913/55/917 895/56/899 894/53/898
f 868/23/872 895/56/899 913/55/917
f 913/55/917 911/24/915 868/23/872
f 891/25/895 911/24/915 913/55/917
f 913/55/917 906/58/910 891/25/895
f 882/69/886 906/58/910 913/55/917
f 913/55/917 912/71/916 882/69/886
f 37/37/37 80/73/80 914/72/918
f 914/72/918 879/40/883 37/37/37
f 884/45/888 879/40/883 914/72/918
f 914/72/918 915/74/919 884/45/888
f 902/75/906 915/74/919 914/72/918
f 914/72/918 916/76/920 902/75/906
f 83/77/83 916/76/920 914/72/918
f 914/72/918 80/73/80 83/77/83
f 849/45/853 917/80/921 918/79/922
f 918/79/922 850/78/854 849/45/853
f 857/81/861 850/78/854 918/79/922
f 918/79/922 919/82/923 857/81/861
f 87/14/87 919/82/923 918/79/922
f 918/79/922 88/11/88 87/14/87
f 89/10/89 88/11/88 918/79/922
f 918/79/922 917/80/921 89/10/89
f 870/83/874 920/86/924 921/85/925
f 921/85/925 871/84/875 870/83/874
f 878/46/882 871/84/875 921/85/925
f 921/85/925 922/87/926 878/46/882
f 923/88/927 922/87/926 921/85/925
f 921/85/925 924/48/928 923/88/927
f 925/51/929 924/48/928 921/85/925
f 921/85/925 920/86/924 925/51/929
f 885/36/889 926/89/930 927/70/931
f 927/70/931 886/36/890 885/36/889
f 893/36/897 886/36/890 927/70/931
f 927/70/931 909/70/913 893/36/897
f 73/52/73 909/70/913 927/70/931
f 927/70/931 98/52/98 73/52/73
f 99/90/99 98/52/98 927/70/931
f 927/70/931 926/89/930 99/90/99
f 898/67/902 928/93/932 929/92/933
f 929/92/933 899/91/903 898/67/902
f 870/83/874 899/91/903 929/92/933
f 929/92/933 920/86/924 870/83/874
f 925/51/929 920/86/924 929/92/933
f 929/92/933 930/66/934 925/51/929
f 931/68/935 930/66/934 929/92/933
f 929/92/933 928/93/932 931/68/935
f 894/53/898 897/54/901 932/95/936
f 932/95/936 912/94/916 894/53/898
f 882/43/886 912/94/916 932/95/936
f 932/95/936 881/42/885 882/43/886
f 41/41/41 881/42/885 932/95/936
f 932/95/936 105/96/105 41/41/41
f 59/57/59 105/96/105 932/95/936
f 932/95/936 897/54/901 59/57/59
f 933/97/937 934/100/938 935/99/939
f 935/99/939 936/98/940 933/97/937
f 937/101/941 936/98/940 935/99/939
f 935/99/939 938/102/942 937/101/941
f 939/103/943 938/102/942 935/99/939
f 935/99/939 940/104/944 939/103/943
f 941/105/945 940/104/944 935/99/939
f 935/99/939 934/100/938 941/105/945
f 115/106/115 118/109/118 942/108/946
f 942/108/946 943/107/947 115/106/115
f 944/110/948 943/107/947 942/108/946
f 942/108/946 945/111/949 944/110/948
f 946/112/950 945/111/949 942/108/946
f 942/108/946 947/113/951 946/112/950
f 123/114/123 947/113/951 942/108/946
f 942/108/946 118/109/118 123/114/123
f 948/769/952 949/770/953 950/771/954
f 950/771/954 951/772/955 948/769/952
f 952/773/956 951/772/955 950/771/954
f 950/771/954 953/774/957 952/773/956
f 130/775/130 953/774/957 950/771/954
f 950/771/954 131/776/131 130/775/130
f 132/777/132 131/776/131 950/771/954
f 950/771/954 949/770/953 132/777/132
f 954/124/958 955/127/959 956/126/960
f 956/126/960 957/125/961 954/124/958
f 958/128/962 957/125/961 956/126/960
f 956/126/960 959/129/963 958/128/962
f 960/130/964 959/129/963 956/126/960
f 956/126/960 961/131/965 960/130/964
f 962/132/966 961/131/965 956/126/960
f 956/126/960 955/127/959 962/132/966
f 142/133/142 145/136/145 963/135/967
f 963/135/967 964/134/968 142/133/142
f 965/137/969 964/134/968 963/135/967
f 963/135/967 966/138/970 965/137/969
f 967/139/971 966/138/970 963/135/967
f 963/135/967 968/140/972 967/139/971
f 150/141/150 968/140/972 963/135/967
f 963/135/967 145/136/145 150/141/150
f 969/124/973 970/143/974 971/142/975
f 971/142/975 972/125/976 969/124/973
f 973/128/977 972/125/976 971/142/975
f 971/142/975 974/144/978 973/128/977
f 157/145/157 974/144/978 971/142/975
f 971/142/975 158/136/158 157/145/157
f 159/146/159 158/136/158 971/142/975
f 971/142/975 970/143/974 159/146/159
f 975/147/979 976/150/980 977/149/981
f 977/149/981 978/148/982 975/147/979
f 979/151/983 978/148/982 977/149/981
f 977/149/981 980/152/984 979/151/983
f 981/153/985 980/152/984 977/149/981
f 977/149/981 982/154/986 981/153/985
f 983/155/987 982/154/986 977/149/981
f 977/149/981 976/150/980 983/155/987
f 169/156/169 172/159/172 984/158/988
f 984/158/988 985/157/989 169/156/169
f 986/160/990 985/157/989 984/158/988
f 984/158/988 987/161/991 986/160/990
f 988/162/992 987/161/991 984/158/988
f 984/158/988 989/163/993 988/162/992
f 177/164/177 989/163/993 984/158/988
f 984/158/988 172/159/172 177/164/177
f 954/124/958 990/166/994 991/165/995
f 991/165/995 955/127/959 954/124/958
f 962/132/966 955/127/959 991/165/995
f 991/165/995 992/167/996 962/132/966
f 993/168/997 992/167/996 991/165/995
f 991/165/995 994/169/998 993/168/997
f 995/170/999 994/169/998 991/165/995
f 991/165/995 990/166/994 995/170/999
f 150/141/150 185/172/185 996/171/1000
f 996/171/1000 968/140/972 150/141/150
f 967/139/971 968/140/972 996/171/1000
f 996/171/1000 997/173/1001 967/139/971
f 998/174/1002 997/173/1001 996/171/1000
f 996/171/1000 999/175/1003 998/174/1002
f 189/176/189 999/175/1003 996/171/1000
f 996/171/1000 185/172/185 189/176/189
f 1000/778/1004 1001/779/1005 1002/780/1006
f 1002/780/1006 1003/781/1007 1000/778/1004
f 1004/782/1008 1003/781/1007 1002/780/1006
f 1002/780/1006 1005/783/1009 1004/782/1008
f 196/784/196 1005/783/1009 1002/780/1006
f 1002/780/1006 197/785/197 196/784/196
f 198/786/198 197/785/197 1002/780/1006
f 1002/780/1006 1001/779/1005 198/786/198
f 1006/186/1010 1007/189/1011 1008/188/1012
f 1008/188/1012 1009/187/1013 1006/186/1010
f 1010/190/1014 1009/187/1013 1008/188/1012
f 1008/188/1012 1011/191/1015 1010/190/1014
f 937/101/941 1011/191/1015 1008/188/1012
f 1008/188/1012 936/98/940 937/101/941
f 933/97/937 936/98/940 1008/188/1012
f 1008/188/1012 1007/189/1011 933/97/937
f 205/192/205 208/195/208 1012/194/1016
f 1012/194/1016 1013/193/1017 205/192/205
f 1014/196/1018 1013/193/1017 1012/194/1016
f 1012/194/1016 1015/197/1019 1014/196/1018
f 944/110/948 1015/197/1019 1012/194/1016
f 1012/194/1016 943/107/947 944/110/948
f 115/106/115 943/107/947 1012/194/1016
f 1012/194/1016 208/195/208 115/106/115
f 952/773/956 953/774/957 1016/787/1020
f 1016/787/1020 1017/788/1021 952/773/956
f 1018/789/1022 1017/788/1021 1016/787/1020
f 1016/787/1020 1019/790/1023 1018/789/1022
f 215/791/215 1019/790/1023 1016/787/1020
f 1016/787/1020 216/792/216 215/791/215
f 130/775/130 216/792/216 1016/787/1020
f 1016/787/1020 953/774/957 130/775/130
f 995/170/999 1020/205/1024 1021/204/1025
f 1021/204/1025 994/169/998 995/170/999
f 993/168/997 994/169/998 1021/204/1025
f 1021/204/1025 1022/206/1026 993/168/997
f 855/7/859 1022/206/1026 1021/204/1025
f 1021/204/1025 1023/207/1027 855/7/859
f 1024/81/1028 1023/207/1027 1021/204/1025
f 1021/204/1025 1020/205/1024 1024/81/1028
f 189/176/189 223/209/223 1025/208/1029
f 1025/208/1029 999/175/1003 189/176/189
f 998/174/1002 999/175/1003 1025/208/1029
f 1025/208/1029 1026/210/1030 998/174/1002
f 861/16/865 1026/210/1030 1025/208/1029
f 1025/208/1029 860/15/864 861/16/865
f 14/14/14 860/15/864 1025/208/1029
f 1025/208/1029 223/209/223 14/14/14
f 1000/778/1004 1027/793/1031 1028/794/1032
f 1028/794/1032 1001/779/1005 1000/778/1004
f 198/786/198 1001/779/1005 1028/794/1032
f 1028/794/1032 227/795/227 198/786/198
f 87/14/87 227/209/227 1028/214/1032
f 1028/214/1032 919/82/923 87/14/87
f 857/81/861 919/82/923 1028/214/1032
f 1028/214/1032 1027/205/1031 857/81/861
f 941/105/945 1029/216/1033 1030/215/1034
f 1030/215/1034 940/104/944 941/105/945
f 939/103/943 940/104/944 1030/215/1034
f 1030/215/1034 1031/217/1035 939/103/943
f 979/151/983 1031/217/1035 1030/215/1034
f 1030/215/1034 978/148/982 979/151/983
f 975/147/979 978/148/982 1030/215/1034
f 1030/215/1034 1029/216/1033 975/147/979
f 123/114/123 232/219/232 1032/218/1036
f 1032/218/1036 947/113/951 123/114/123
f 946/112/950 947/113/951 1032/218/1036
f 1032/218/1036 1033/220/1037 946/112/950
f 986/160/990 1033/220/1037 1032/218/1036
f 1032/218/1036 985/157/989 986/160/990
f 169/156/169 985/157/989 1032/218/1036
f 1032/218/1036 232/219/232 169/156/169
f 1034/105/1038 1035/216/1039 1036/222/1040
f 1036/222/1040 1037/221/1041 1034/105/1038
f 238/223/238 1037/221/1041 1036/222/1040
f 1036/222/1040 239/219/239 238/223/238
f 240/224/240 239/219/239 1036/222/1040
f 1036/222/1040 1038/225/1042 240/224/240
f 1039/147/1043 1038/225/1042 1036/222/1040
f 1036/222/1040 1035/216/1039 1039/147/1043
f 958/128/962 959/129/963 1040/227/1044
f 1040/227/1044 1041/226/1045 958/128/962
f 983/155/987 1041/226/1045 1040/227/1044
f 1040/227/1044 982/154/986 983/155/987
f 981/153/985 982/154/986 1040/227/1044
f 1040/227/1044 1042/228/1046 981/153/985
f 960/130/964 1042/228/1046 1040/227/1044
f 1040/227/1044 959/129/963 960/130/964
f 177/164/177 247/230/247 1043/229/1047
f 1043/229/1047 989/163/993 177/164/177
f 988/162/992 989/163/993 1043/229/1047
f 1043/229/1047 1044/231/1048 988/162/992
f 965/137/969 1044/231/1048 1043/229/1047
f 1043/229/1047 964/134/968 965/137/969
f 142/133/142 964/134/968 1043/229/1047
f 1043/229/1047 247/230/247 142/133/142
f 1045/45/1049 1046/233/1050 1047/232/1051
f 1047/232/1051 1048/78/1052 1045/45/1049
f 1024/81/1028 1048/78/1052 1047/232/1051
f 1047/232/1051 1023/207/1027 1024/81/1028
f 855/7/859 1023/207/1027 1047/232/1051
f 1047/232/1051 854/6/858 855/7/859
f 853/5/857 854/6/858 1047/232/1051
f 1047/232/1051 1046/233/1050 853/5/857
f 874/32/878 875/33/879 1049/235/1053
f 1049/235/1053 1050/234/1054 874/32/878
f 889/50/893 1050/234/1054 1049/235/1053
f 1049/235/1053 888/47/892 889/50/893
f 885/46/889 888/47/892 1049/235/1053
f 1049/235/1053 1051/236/1055 885/46/889
f 876/34/880 1051/236/1055 1049/235/1053
f 1049/235/1053 875/33/879 876/34/880
f 902/63/906 903/64/907 1052/238/1056
f 1052/238/1056 915/237/919 902/63/906
f 884/67/888 915/237/919 1052/238/1056
f 1052/238/1056 905/65/909 884/67/888
f 889/50/893 905/65/909 1052/238/1056
f 1052/238/1056 1050/234/1054 889/50/893
f 874/32/878 1050/234/1054 1052/238/1056
f 1052/238/1056 903/64/907 874/32/878
f 898/59/902 901/241/905 1053/240/1057
f 1053/240/1057 928/239/932 898/59/902
f 931/71/935 928/239/932 1053/240/1057
f 1053/240/1057 1054/242/1058 931/71/935
f 259/243/259 1054/242/1058 1053/240/1057
f 1053/240/1057 260/244/260 259/243/259
f 83/77/83 260/244/260 1053/240/1057
f 1053/240/1057 916/76/920 83/77/83
f 902/75/906 916/76/920 1053/240/1057
f 1053/240/1057 901/241/905 902/75/906
f 937/796/941 938/797/942 1055/798/1059
f 1055/798/1059 1056/799/1060 937/796/941
f 952/773/956 1056/799/1060 1055/798/1059
f 1055/798/1059 951/772/955 952/773/956
f 948/769/952 951/772/955 1055/798/1059
f 1055/798/1059 1057/800/1061 948/769/952
f 1058/801/1062 1057/800/1061 1055/798/1059
f 939/802/943 1058/801/1062 1055/798/1059
f 1055/798/1059 938/797/942 939/802/943
f 973/252/977 1059/254/1063 1060/253/1064
f 969/255/973 972/257/976 1060/253/1064
f 1060/253/1064 1061/256/1065 969/255/973
f 1062/258/1066 1061/256/1065 1060/253/1064
f 1060/253/1064 1059/254/1063 1062/258/1066
f 1063/259/1067 1064/262/1068 1065/261/1069
f 1065/261/1069 1066/260/1070 1063/259/1067
f 1039/263/1043 1066/260/1070 1065/261/1069
f 1065/261/1069 1067/264/1071 1039/263/1043
f 1068/265/1072 1067/264/1071 1065/261/1069
f 1065/261/1069 1069/266/1073 1068/265/1072
f 1070/267/1074 1069/266/1073 1065/261/1069
f 1065/261/1069 1064/262/1068 1070/267/1074
f 1004/782/1008 1071/803/1075 1072/804/1076
f 1072/804/1076 1003/781/1007 1004/782/1008
f 1000/778/1004 1003/781/1007 1072/804/1076
f 1072/804/1076 1073/805/1077 1000/778/1004
f 993/806/997 1073/805/1077 1072/804/1076
f 1072/804/1076 992/807/996 993/806/997
f 962/808/966 992/807/996 1072/804/1076
f 1072/804/1076 1074/809/1078 962/808/966
f 1075/810/1079 1074/809/1078 1072/804/1076
f 1072/804/1076 1071/803/1075 1075/810/1079
f 876/34/880 1076/277/1080 1077/276/1081
f 1077/276/1081 1051/236/1055 876/34/880
f 885/46/889 1051/236/1055 1077/276/1081
f 1077/276/1081 1078/278/1082 885/46/889
f 1018/279/1022 1078/278/1082 1077/276/1081
f 1077/276/1081 1079/280/1083 1018/279/1022
f 1010/190/1014 1079/280/1083 1077/276/1081
f 1077/276/1081 1076/277/1080 1010/190/1014
f 993/806/997 1022/811/1026 1080/812/1084
f 1080/812/1084 1073/805/1077 993/806/997
f 1000/778/1004 1073/805/1077 1080/812/1084
f 1080/812/1084 1027/793/1031 1000/778/1004
f 857/9/861 1027/284/1031 1080/283/1084
f 1080/283/1084 856/8/860 857/9/861
f 855/7/859 856/8/860 1080/283/1084
f 1080/283/1084 1022/206/1026 855/7/859
f 1034/285/1038 1081/288/1085 1082/287/1086
f 1082/287/1086 1035/286/1039 1034/285/1038
f 1039/263/1043 1035/286/1039 1082/287/1086
f 1063/259/1067 1066/260/1070 1082/287/1086
f 1082/287/1086 1081/288/1085 1063/259/1067
f 1068/265/1072 1069/266/1073 1083/290/1087
f 1083/290/1087 1084/289/1088 1068/265/1072
f 973/252/977 1084/289/1088 1083/290/1087
f 1083/290/1087 1059/254/1063 973/252/977
f 1062/258/1066 1059/254/1063 1083/290/1087
f 1083/290/1087 1085/291/1089 1062/258/1066
f 1070/267/1074 1085/291/1089 1083/290/1087
f 1083/290/1087 1069/266/1073 1070/267/1074
f 1068/292/1072 1086/295/1090 1087/294/1091
f 1087/294/1091 1067/293/1071 1068/292/1072
f 1039/296/1043 1067/293/1071 1087/294/1091
f 1087/294/1091 1088/296/1092 1039/296/1043
f 1089/296/1093 1088/296/1092 1087/294/1091
f 1087/294/1091 1090/297/1094 1089/296/1093
f 1091/295/1095 1090/297/1094 1087/294/1091
f 1087/294/1091 1086/295/1090 1091/295/1095
f 1039/298/1043 1088/298/1092 1092/300/1096
f 1092/300/1096 1038/299/1042 1039/298/1043
f 240/301/240 1038/299/1042 1092/300/1096
f 1092/300/1096 299/302/299 240/301/240
f 300/303/300 299/302/299 1092/300/1096
f 1092/300/1096 1093/304/1097 300/303/300
f 1089/298/1093 1093/304/1097 1092/300/1096
f 1092/300/1096 1088/298/1092 1089/298/1093
f 973/305/977 1094/305/1098 1095/307/1099
f 1095/307/1099 1084/306/1088 973/305/977
f 1068/292/1072 1084/306/1088 1095/307/1099
f 1095/307/1099 1086/295/1090 1068/292/1072
f 1091/295/1095 1086/295/1090 1095/307/1099
f 1095/307/1099 1096/308/1100 1091/295/1095
f 1097/305/1101 1096/308/1100 1095/307/1099
f 1095/307/1099 1094/305/1098 1097/305/1101
f 157/309/157 307/312/307 1098/311/1102
f 1098/311/1102 974/310/978 157/309/157
f 973/313/977 974/310/978 1098/311/1102
f 1098/311/1102 1094/313/1098 973/313/977
f 1097/313/1101 1094/313/1098 1098/311/1102
f 1098/311/1102 1099/314/1103 1097/313/1101
f 309/312/309 1099/314/1103 1098/311/1102
f 1098/311/1102 307/312/307 309/312/309
f 1091/295/1095 1100/316/1104 1101/315/1105
f 1101/315/1105 1090/297/1094 1091/295/1095
f 1089/296/1093 1090/297/1094 1101/315/1105
f 1101/315/1105 1102/317/1106 1089/296/1093
f 1103/297/1107 1102/317/1106 1101/315/1105
f 1101/315/1105 1104/318/1108 1103/297/1107
f 1105/316/1109 1104/318/1108 1101/315/1105
f 1101/315/1105 1100/316/1104 1105/316/1109
f 1089/298/1093 1102/298/1106 1106/319/1110
f 1106/319/1110 1093/304/1097 1089/298/1093
f 300/303/300 1093/304/1097 1106/319/1110
f 1106/319/1110 317/300/317 300/303/300
f 318/298/318 317/300/317 1106/319/1110
f 1106/319/1110 1107/298/1111 318/298/318
f 1103/298/1107 1107/298/1111 1106/319/1110
f 1106/319/1110 1102/298/1106 1103/298/1107
f 1097/305/1101 1108/321/1112 1109/320/1113
f 1109/320/1113 1096/308/1100 1097/305/1101
f 1091/295/1095 1096/308/1100 1109/320/1113
f 1109/320/1113 1100/316/1104 1091/295/1095
f 1105/316/1109 1100/316/1104 1109/320/1113
f 1109/320/1113 1110/322/1114 1105/316/1109
f 1111/323/1115 1110/322/1114 1109/320/1113
f 1109/320/1113 1108/321/1112 1111/323/1115
f 309/312/309 325/312/325 1112/324/1116
f 1112/324/1116 1099/314/1103 309/312/309
f 1097/313/1101 1099/314/1103 1112/324/1116
f 1112/324/1116 1108/325/1112 1097/313/1101
f 1111/311/1115 1108/325/1112 1112/324/1116
f 1112/324/1116 1113/326/1117 1111/311/1115
f 318/312/318 1113/326/1117 1112/324/1116
f 1112/324/1116 325/312/325 318/312/318
f 878/36/882 1114/328/1118 1115/327/1119
f 1115/327/1119 877/35/881 878/36/882
f 876/34/880 877/35/881 1115/327/1119
f 1115/327/1119 1076/277/1080 876/34/880
f 1010/190/1014 1076/277/1080 1115/327/1119
f 1115/327/1119 1009/187/1013 1010/190/1014
f 1006/186/1010 1009/187/1013 1115/327/1119
f 1115/327/1119 1114/328/1118 1006/186/1010
f 329/329/329 332/332/332 1116/331/1120
f 1116/331/1120 1117/330/1121 329/329/329
f 923/88/927 1117/330/1121 1116/331/1120
f 1116/331/1120 1118/333/1122 923/88/927
f 1014/196/1018 1118/333/1122 1116/331/1120
f 1116/331/1120 1013/193/1017 1014/196/1018
f 205/192/205 1013/193/1017 1116/331/1120
f 1116/331/1120 332/332/332 205/192/205
f 1018/186/1022 1019/335/1023 1119/334/1123
f 1119/334/1123 1078/328/1082 1018/186/1022
f 885/36/889 1078/328/1082 1119/334/1123
f 1119/334/1123 926/89/930 885/36/889
f 99/90/99 926/89/930 1119/334/1123
f 1119/334/1123 335/332/335 99/90/99
f 215/192/215 335/332/335 1119/334/1123
f 1119/334/1123 1019/335/1023 215/192/215
f 1018/789/1022 1079/813/1083 1120/814/1124
f 1120/814/1124 1017/788/1021 1018/789/1022
f 952/773/956 1017/788/1021 1120/814/1124
f 1120/814/1124 1056/799/1060 952/773/956
f 937/796/941 1056/799/1060 1120/814/1124
f 1120/814/1124 1011/815/1015 937/796/941
f 1010/816/1014 1011/815/1015 1120/814/1124
f 1120/814/1124 1079/813/1083 1010/816/1014
f 849/1/853 852/2/856 1121/340/1125
f 1121/340/1125 1122/1/1126 849/1/853
f 1123/1/1127 1122/1/1126 1121/340/1125
f 1121/340/1125 1124/341/1128 1123/1/1127
f 1125/340/1129 1124/341/1128 1121/340/1125
f 1126/342/1130 1127/344/1131 1121/340/1125
f 1121/340/1125 1128/343/1132 1126/342/1130
f 853/5/857 1128/343/1132 1121/340/1125
f 1121/340/1125 852/2/856 853/5/857
f 89/10/89 917/80/921 1129/346/1133
f 1129/346/1133 345/345/345 89/10/89
f 347/345/347 345/345/345 1129/346/1133
f 1129/346/1133 1130/347/1134 347/345/347
f 1123/45/1127 1130/347/1134 1129/346/1133
f 1129/346/1133 1122/45/1126 1123/45/1127
f 849/45/853 1122/45/1126 1129/346/1133
f 1129/346/1133 917/80/921 849/45/853
f 1045/1/1049 1131/349/1135 1132/348/1136
f 1132/348/1136 1133/1/1137 1045/1/1049
f 1134/1/1138 1133/1/1137 1132/348/1136
f 1132/348/1136 1135/348/1139 1134/1/1138
f 1136/350/1140 1135/348/1139 1132/348/1136
f 1132/348/1136 1137/351/1141 1136/350/1140
f 863/18/867 1137/351/1141 1132/348/1136
f 1132/348/1136 1131/349/1135 863/18/867
f 853/5/857 1046/233/1050 1138/352/1142
f 1138/352/1142 1128/343/1132 853/5/857
f 1126/342/1130 1128/343/1132 1138/352/1142
f 1138/352/1142 1139/352/1143 1126/342/1130
f 1134/45/1138 1139/352/1143 1138/352/1142
f 1138/352/1142 1133/45/1137 1134/45/1138
f 1045/45/1049 1133/45/1137 1138/352/1142
f 1138/352/1142 1046/233/1050 1045/45/1049
f 1140/340/1144 1141/1/1145 1142/1/1146
f 1142/1/1146 1143/340/1147 1140/340/1144
f 1144/353/1148 1145/356/1149 1140/355/1144
f 1140/355/1144 1143/354/1147 1144/353/1148
f 1146/357/1150 1147/360/1151 1148/359/1152
f 1148/359/1152 1149/358/1153 1146/357/1150
f 1150/1/1154 1146/340/1150 1149/340/1153
f 1149/340/1153 1151/1/1155 1150/1/1154
f 1152/361/1156 1153/364/1157 1154/363/1158
f 1154/363/1158 1155/362/1159 1152/361/1156
f 1156/365/1160 1157/366/1161 1155/362/1159
f 1155/362/1159 1154/363/1158 1156/365/1160
f 1158/367/1162 1159/370/1163 1160/369/1164
f 1160/369/1164 1161/368/1165 1158/367/1162
f 1162/345/1166 1163/345/1167 1161/368/1165
f 1161/368/1165 1160/369/1164 1162/345/1166
f 1164/1/1168 1165/1/1169 1166/348/1170
f 1166/348/1170 1167/348/1171 1164/1/1168
f 1168/351/1172 1169/351/1173 1167/348/1171
f 1167/348/1171 1166/348/1170 1168/351/1172
f 1170/348/1174 1171/372/1175 1172/371/1176
f 1172/371/1176 1173/348/1177 1170/348/1174
f 1174/1/1178 1175/1/1179 1170/348/1174
f 1170/348/1174 1173/348/1177 1174/1/1178
f 1145/356/1149 1144/353/1148 1176/374/1180
f 1176/374/1180 1177/373/1181 1145/356/1149
f 1165/375/1169 1164/376/1168 1177/373/1181
f 1177/373/1181 1176/374/1180 1165/375/1169
f 1175/45/1179 1174/45/1178 1178/352/1182
f 1178/352/1182 1179/352/1183 1175/45/1179
f 1148/359/1152 1147/360/1151 1179/378/1183
f 1179/378/1183 1178/377/1182 1148/359/1152
f 1180/1/1184 1181/1/1185 1182/340/1186
f 1182/340/1186 1183/340/1187 1180/1/1184
f 1184/343/1188 1185/343/1189 1183/340/1187
f 1183/340/1187 1182/340/1186 1184/343/1188
f 1145/343/1149 1186/343/1190 1187/340/1191
f 1187/340/1191 1140/340/1144 1145/343/1149
f 1188/1/1192 1141/1/1145 1140/340/1144
f 1140/340/1144 1187/340/1191 1188/1/1192
f 407/345/407 1189/345/1193 1190/380/1194
f 1190/380/1194 1191/379/1195 407/345/407
f 1192/381/1196 1193/382/1197 1191/379/1195
f 1191/379/1195 1190/380/1194 1192/381/1196
f 1194/383/1198 1195/386/1199 1196/385/1200
f 1196/385/1200 1197/384/1201 1194/383/1198
f 1198/387/1202 1199/388/1203 1197/384/1201
f 1197/384/1201 1196/385/1200 1198/387/1202
f 1200/348/1204 1201/1/1205 1202/1/1206
f 1202/1/1206 1203/348/1207 1200/348/1204
f 1204/351/1208 1200/348/1204 1203/348/1207
f 1203/348/1207 1205/351/1209 1204/351/1208
f 1167/348/1171 1169/351/1173 1206/351/1210
f 1206/351/1210 1207/348/1211 1167/348/1171
f 1208/1/1212 1164/1/1168 1167/348/1171
f 1167/348/1171 1207/348/1211 1208/1/1212
f 1209/352/1213 1185/343/1189 1184/343/1188
f 1184/343/1188 1210/352/1214 1209/352/1213
f 1201/45/1205 1209/352/1213 1210/352/1214
f 1210/352/1214 1202/45/1206 1201/45/1205
f 1177/352/1181 1164/45/1168 1208/45/1212
f 1208/45/1212 1211/352/1215 1177/352/1181
f 1186/343/1190 1145/343/1149 1177/352/1181
f 1177/352/1181 1211/352/1215 1186/343/1190
f 1212/340/1216 1213/1/1217 1214/1/1218
f 1214/1/1218 1215/340/1219 1212/340/1216
f 1216/343/1220 1217/343/1221 1212/340/1216
f 1212/340/1216 1215/340/1219 1216/343/1220
f 1183/340/1187 1185/343/1189 1218/343/1222
f 1218/343/1222 1219/340/1223 1183/340/1187
f 1220/1/1224 1180/1/1184 1183/340/1187
f 1183/340/1187 1219/340/1223 1220/1/1224
f 1221/369/1225 443/345/443 442/345/442
f 442/345/442 1222/369/1226 1221/369/1225
f 1223/389/1227 1221/369/1225 1222/369/1226
f 1222/369/1226 1224/389/1228 1223/389/1227
f 1191/379/1195 1193/382/1197 1225/346/1229
f 1225/346/1229 1226/379/1230 1191/379/1195
f 407/345/407 1191/379/1195 1226/379/1230
f 1226/379/1230 448/345/448 407/345/407
f 1227/348/1231 1228/1/1232 1229/1/1233
f 1229/1/1233 1230/348/1234 1227/348/1231
f 1231/351/1235 1227/348/1231 1230/348/1234
f 1230/348/1234 1232/351/1236 1231/351/1235
f 1200/348/1204 1204/351/1208 1233/351/1237
f 1233/351/1237 1234/348/1238 1200/348/1204
f 1201/1/1205 1200/348/1204 1234/348/1238
f 1234/348/1238 1235/1/1239 1201/1/1205
f 1236/352/1240 1217/343/1221 1216/343/1220
f 1216/343/1220 1237/352/1241 1236/352/1240
f 1228/45/1232 1236/352/1240 1237/352/1241
f 1237/352/1241 1229/45/1233 1228/45/1232
f 1209/352/1213 1201/45/1205 1235/45/1239
f 1235/45/1239 1238/352/1242 1209/352/1213
f 1185/343/1189 1209/352/1213 1238/352/1242
f 1238/352/1242 1218/343/1222 1185/343/1189
f 1239/1/1243 1240/391/1244 1241/390/1245
f 1242/392/1246 1243/394/1247 1241/390/1245
f 1241/390/1245 1244/393/1248 1242/392/1246
f 1245/395/1249 1244/393/1248 1241/390/1245
f 1241/390/1245 1240/391/1244 1245/395/1249
f 1246/396/1250 1247/399/1251 1248/398/1252
f 1248/398/1252 1249/397/1253 1246/396/1250
f 1250/400/1254 1249/397/1253 1248/398/1252
f 1248/398/1252 1251/401/1255 1250/400/1254
f 1252/402/1256 1251/401/1255 1248/398/1252
f 1248/398/1252 1253/403/1257 1252/402/1256
f 1254/404/1258 1253/403/1257 1248/398/1252
f 1248/398/1252 1247/399/1251 1254/404/1258
f 1255/1/1259 1256/1/1260 1257/348/1261
f 1257/348/1261 1258/348/1262 1255/1/1259
f 1259/405/1263 1258/348/1262 1257/348/1261
f 1257/348/1261 1260/406/1264 1259/405/1263
f 1261/406/1265 1260/406/1264 1257/348/1261
f 1257/348/1261 1262/348/1266 1261/406/1265
f 1263/1/1267 1262/348/1266 1257/348/1261
f 1257/348/1261 1256/1/1260 1263/1/1267
f 1242/392/1246 1264/407/1268 1265/352/1269
f 1265/352/1269 1266/352/1270 1242/392/1246
f 1255/45/1259 1266/352/1270 1265/352/1269
f 1265/352/1269 1256/45/1260 1255/45/1259
f 1263/45/1267 1256/45/1260 1265/352/1269
f 1265/352/1269 1267/352/1271 1263/45/1267
f 1268/408/1272 1267/352/1271 1265/352/1269
f 1265/352/1269 1264/407/1268 1268/408/1272
f 1269/1/1273 1270/1/1274 1271/410/1275
f 1271/410/1275 1272/409/1276 1269/1/1273
f 1273/411/1277 1272/409/1276 1271/410/1275
f 1271/410/1275 1274/394/1278 1273/411/1277
f 1125/340/1129 1274/394/1278 1271/410/1275
f 1271/410/1275 1124/341/1128 1125/340/1129
f 1123/412/1127 1124/415/1128 1271/414/1275
f 1271/414/1275 1270/413/1274 1123/412/1127
f 1275/416/1279 1276/419/1280 1277/418/1281
f 1277/418/1281 1278/417/1282 1275/416/1279
f 1269/45/1273 1278/417/1282 1277/418/1281
f 1277/418/1281 1270/45/1274 1269/45/1273
f 1123/412/1127 1270/413/1274 1277/421/1281
f 1277/421/1281 1130/420/1134 1123/412/1127
f 1130/420/1134 1277/421/1281 1276/422/1280
f 1279/1/1283 1280/423/1284 1281/348/1285
f 1281/348/1285 1282/348/1286 1279/1/1283
f 1283/424/1287 1282/348/1286 1281/348/1285
f 1281/348/1285 1284/424/1288 1283/424/1287
f 1136/350/1140 1284/424/1288 1281/348/1285
f 1281/348/1285 1135/348/1139 1136/350/1140
f 1134/1/1138 1135/348/1139 1281/348/1285
f 1281/348/1285 1280/423/1284 1134/1/1138
f 1285/425/1289 1286/426/1290 1287/352/1291
f 1287/352/1291 1288/352/1292 1285/425/1289
f 1289/427/1293 1288/352/1292 1287/352/1291
f 1287/352/1291 1290/428/1294 1289/427/1293
f 1291/429/1295 1290/428/1294 1287/352/1291
f 1287/352/1291 1292/352/1296 1291/429/1295
f 1293/425/1297 1292/352/1296 1287/352/1291
f 1287/352/1291 1286/426/1290 1293/425/1297
f 1294/430/1298 1295/426/1299 1296/352/1300
f 1296/352/1300 1297/352/1301 1294/430/1298
f 1279/45/1283 1297/352/1301 1296/352/1300
f 1296/352/1300 1298/45/1302 1279/45/1283
f 1299/45/1303 1298/45/1302 1296/352/1300
f 1296/352/1300 1300/352/1304 1299/45/1303
f 1301/426/1305 1300/352/1304 1296/352/1300
f 1296/352/1300 1295/426/1299 1301/426/1305
f 1134/1/1138 1280/423/1284 1302/431/1306
f 1302/431/1306 1303/431/1307 1134/1/1138
f 1304/432/1308 1303/431/1307 1302/431/1306
f 1302/431/1306 1305/433/1309 1304/432/1308
f 1299/432/1303 1305/433/1309 1302/431/1306
f 1302/431/1306 1298/431/1302 1299/432/1303
f 1279/1/1283 1298/431/1302 1302/431/1306
f 1302/431/1306 1280/423/1284 1279/1/1283
f 1126/342/1130 1139/352/1143 1306/352/1310
f 1306/352/1310 1307/426/1311 1126/342/1130
f 1308/426/1312 1307/426/1311 1306/352/1310
f 1306/352/1310 1309/352/1313 1308/426/1312
f 1304/45/1308 1309/352/1313 1306/352/1310
f 1306/352/1310 1303/45/1307 1304/45/1308
f 1134/45/1138 1303/45/1307 1306/352/1310
f 1306/352/1310 1139/352/1143 1134/45/1138
f 1294/430/1298 1310/435/1314 1311/434/1315
f 1311/434/1315 1295/426/1299 1294/430/1298
f 1301/426/1305 1295/426/1299 1311/434/1315
f 1311/434/1315 1312/434/1316 1301/426/1305
f 1308/426/1312 1312/434/1316 1311/434/1315
f 1311/434/1315 1307/426/1311 1308/426/1312
f 1126/342/1130 1307/426/1311 1311/434/1315
f 1311/434/1315 1310/435/1314 1126/342/1130
f 1289/427/1293 1313/45/1317 1314/352/1318
f 1314/352/1318 1288/352/1292 1289/427/1293
f 1285/425/1289 1288/352/1292 1314/352/1318
f 1314/352/1318 1315/426/1319 1285/425/1289
f 1316/426/1320 1315/426/1319 1314/352/1318
f 1314/352/1318 1317/352/1321 1316/426/1320
f 1318/45/1322 1317/352/1321 1314/352/1318
f 1314/352/1318 1313/45/1317 1318/45/1322
f 1291/429/1295 1319/436/1323 1320/436/1324
f 1320/436/1324 1290/428/1294 1291/429/1295
f 1289/427/1293 1290/428/1294 1320/436/1324
f 1320/436/1324 1313/436/1317 1289/427/1293
f 1318/437/1322 1313/436/1317 1320/436/1324
f 1320/436/1324 1321/438/1325 1318/437/1322
f 1322/437/1326 1321/438/1325 1320/436/1324
f 1320/436/1324 1319/436/1323 1322/437/1326
f 1308/426/1312 1309/352/1313 1323/352/1327
f 1323/352/1327 1324/426/1328 1308/426/1312
f 1325/426/1329 1324/426/1328 1323/352/1327
f 1323/352/1327 1326/352/1330 1325/426/1329
f 1327/45/1331 1326/352/1330 1323/352/1327
f 1323/352/1327 1328/45/1332 1327/45/1331
f 1304/45/1308 1328/45/1332 1323/352/1327
f 1323/352/1327 1309/352/1313 1304/45/1308
f 1285/425/1289 1315/426/1319 1329/434/1333
f 1329/434/1333 1286/426/1290 1285/425/1289
f 1293/425/1297 1286/426/1290 1329/434/1333
f 1329/434/1333 1330/426/1334 1293/425/1297
f 1331/426/1335 1330/426/1334 1329/434/1333
f 1329/434/1333 1332/434/1336 1331/426/1335
f 1316/426/1320 1332/434/1336 1329/434/1333
f 1329/434/1333 1315/426/1319 1316/426/1320
f 1316/426/1320 1317/352/1321 1333/352/1337
f 1333/352/1337 1334/426/1338 1316/426/1320
f 1335/426/1339 1334/426/1338 1333/352/1337
f 1333/352/1337 1336/352/1340 1335/426/1339
f 1337/45/1341 1336/352/1340 1333/352/1337
f 1333/352/1337 1338/45/1342 1337/45/1341
f 1318/45/1322 1338/45/1342 1333/352/1337
f 1333/352/1337 1317/352/1321 1318/45/1322
f 1318/437/1322 1321/438/1325 1339/439/1343
f 1339/439/1343 1338/439/1342 1318/437/1322
f 1337/440/1341 1338/439/1342 1339/439/1343
f 1339/439/1343 1340/441/1344 1337/440/1341
f 1327/440/1331 1340/441/1344 1339/439/1343
f 1339/439/1343 1341/439/1345 1327/440/1331
f 1322/437/1326 1341/439/1345 1339/439/1343
f 1339/439/1343 1321/438/1325 1322/437/1326
f 1331/426/1335 1342/352/1346 1343/352/1347
f 1343/352/1347 1330/426/1334 1331/426/1335
f 1293/425/1297 1330/426/1334 1343/352/1347
f 1343/352/1347 1292/352/1296 1293/425/1297
f 1291/429/1295 1292/352/1296 1343/352/1347
f 1343/352/1347 1319/45/1323 1291/429/1295
f 1322/45/1326 1319/45/1323 1343/352/1347
f 1343/352/1347 1342/352/1346 1322/45/1326
f 1331/426/1335 1332/434/1336 1344/434/1348
f 1344/434/1348 1345/426/1349 1331/426/1335
f 1325/426/1329 1345/426/1349 1344/434/1348
f 1344/434/1348 1346/434/1350 1325/426/1329
f 1335/426/1339 1346/434/1350 1344/434/1348
f 1344/434/1348 1334/426/1338 1335/426/1339
f 1316/426/1320 1334/426/1338 1344/434/1348
f 1344/434/1348 1332/434/1336 1316/426/1320
f 1325/426/1329 1326/352/1330 1347/352/1351
f 1347/352/1351 1345/426/1349 1325/426/1329
f 1331/426/1335 1345/426/1349 1347/352/1351
f 1347/352/1351 1342/352/1346 1331/426/1335
f 1322/45/1326 1342/352/1346 1347/352/1351
f 1347/352/1351 1341/45/1345 1322/45/1326
f 1327/45/1331 1341/45/1345 1347/352/1351
f 1347/352/1351 1326/352/1330 1327/45/1331
f 1335/426/1339 1336/352/1340 1348/352/1352
f 1348/352/1352 1349/426/1353 1335/426/1339
f 1301/426/1305 1349/426/1353 1348/352/1352
f 1348/352/1352 1300/352/1304 1301/426/1305
f 1299/45/1303 1300/352/1304 1348/352/1352
f 1348/352/1352 1350/45/1354 1299/45/1303
f 1337/45/1341 1350/45/1354 1348/352/1352
f 1348/352/1352 1336/352/1340 1337/45/1341
f 1337/440/1341 1340/441/1344 1351/442/1355
f 1351/442/1355 1350/442/1354 1337/440/1341
f 1299/432/1303 1350/442/1354 1351/442/1355
f 1351/442/1355 1305/433/1309 1299/432/1303
f 1304/432/1308 1305/433/1309 1351/442/1355
f 1351/442/1355 1328/442/1332 1304/432/1308
f 1327/440/1331 1328/442/1332 1351/442/1355
f 1351/442/1355 1340/441/1344 1327/440/1331
f 1325/426/1329 1346/434/1350 1352/434/1356
f 1352/434/1356 1324/426/1328 1325/426/1329
f 1308/426/1312 1324/426/1328 1352/434/1356
f 1352/434/1356 1312/434/1316 1308/426/1312
f 1301/426/1305 1312/434/1316 1352/434/1356
f 1352/434/1356 1349/426/1353 1301/426/1305
f 1335/426/1339 1349/426/1353 1352/434/1356
f 1352/434/1356 1346/434/1350 1335/426/1339
f 1074/809/1078 1075/810/1079 1353/817/1357
f 962/808/966 1074/809/1078 1353/817/1357
f 1353/817/1357 961/818/965 962/808/966
f 960/819/964 961/818/965 1353/817/1357
f 1353/817/1357 1354/820/1358 960/819/964
f 1355/821/1359 1354/820/1358 1353/817/1357
f 1353/817/1357 1075/810/1079 1355/821/1359
f 1355/821/1359 1356/822/1360 1357/823/1361
f 1357/823/1361 1354/820/1358 1355/821/1359
f 960/819/964 1354/820/1358 1357/823/1361
f 1357/823/1361 1042/824/1046 960/819/964
f 981/825/985 1042/824/1046 1357/823/1361
f 1357/823/1361 1358/826/1362 981/825/985
f 1359/827/1363 1358/826/1362 1357/823/1361
f 1357/823/1361 1356/822/1360 1359/827/1363
f 1359/827/1363 1360/828/1364 1361/829/1365
f 1361/829/1365 1358/826/1362 1359/827/1363
f 981/825/985 1358/826/1362 1361/829/1365
f 1361/829/1365 980/830/984 981/825/985
f 979/831/983 980/830/984 1361/829/1365
f 1361/829/1365 1362/832/1366 979/831/983
f 1363/833/1367 1362/832/1366 1361/829/1365
f 1361/829/1365 1360/828/1364 1363/833/1367
f 1363/833/1367 1364/834/1368 1365/835/1369
f 1365/835/1369 1362/832/1366 1363/833/1367
f 979/831/983 1362/832/1366 1365/835/1369
f 1365/835/1369 1031/836/1035 979/831/983
f 939/802/943 1031/836/1035 1365/835/1369
f 1365/835/1369 1058/801/1062 939/802/943
f 1057/800/1061 1058/801/1062 1365/835/1369
f 1365/835/1369 1364/834/1368 1057/800/1061
f 132/777/132 949/770/953 1366/837/1370
f 1366/837/1370 588/838/588 132/777/132
f 238/223/238 588/466/588 1366/465/1370
f 1366/465/1370 1037/221/1041 238/223/238
f 1034/105/1038 1037/221/1041 1366/465/1370
f 1366/465/1370 1367/467/1371 1034/105/1038
f 948/769/952 1367/839/1371 1366/837/1370
f 1366/837/1370 949/770/953 948/769/952
f 948/769/952 1057/800/1061 1368/840/1372
f 1368/840/1372 1367/839/1371 948/769/952
f 1034/285/1038 1367/471/1371 1368/470/1372
f 1057/800/1061 1364/834/1368 1369/841/1373
f 1369/841/1373 1368/840/1372 1057/800/1061
f 1034/285/1038 1368/470/1372 1369/473/1373
f 1369/473/1373 1081/288/1085 1034/285/1038
f 1063/259/1067 1081/288/1085 1369/473/1373
f 1369/473/1373 1370/474/1374 1063/259/1067
f 1363/833/1367 1370/842/1374 1369/841/1373
f 1369/841/1373 1364/834/1368 1363/833/1367
f 1363/833/1367 1360/828/1364 1371/843/1375
f 1371/843/1375 1370/842/1374 1363/833/1367
f 1063/259/1067 1370/474/1374 1371/477/1375
f 1371/477/1375 1064/262/1068 1063/259/1067
f 1070/267/1074 1064/262/1068 1371/477/1375
f 1371/477/1375 1372/478/1376 1070/267/1074
f 1359/827/1363 1372/844/1376 1371/843/1375
f 1371/843/1375 1360/828/1364 1359/827/1363
f 1359/827/1363 1356/822/1360 1373/845/1377
f 1373/845/1377 1372/844/1376 1359/827/1363
f 1070/267/1074 1372/478/1376 1373/481/1377
f 1373/481/1377 1085/291/1089 1070/267/1074
f 1062/258/1066 1085/291/1089 1373/481/1377
f 1373/481/1377 1374/482/1378 1062/258/1066
f 1355/821/1359 1374/846/1378 1373/845/1377
f 1373/845/1377 1356/822/1360 1355/821/1359
f 1355/821/1359 1075/810/1079 1375/847/1379
f 1375/847/1379 1374/846/1378 1355/821/1359
f 1062/258/1066 1374/482/1378 1375/485/1379
f 1375/485/1379 1061/256/1065 1062/258/1066
f 969/255/973 1061/256/1065 1375/485/1379
f 1375/485/1379 1376/486/1380 969/255/973
f 1075/810/1079 1071/803/1075 1376/848/1380
f 1376/848/1380 1375/847/1379 1075/810/1079
f 1004/782/1008 1377/849/1381 1376/848/1380
f 1376/848/1380 1071/803/1075 1004/782/1008
f 1004/782/1008 1005/783/1009 1378/850/1382
f 1378/850/1382 1377/849/1381 1004/782/1008
f 969/124/973 1377/491/1381 1378/490/1382
f 1378/490/1382 970/143/974 969/124/973
f 159/146/159 970/143/974 1378/490/1382
f 1378/490/1382 602/492/602 159/146/159
f 196/784/196 602/851/602 1378/850/1382
f 1378/850/1382 1005/783/1009 196/784/196
f 1269/1/1273 1379/495/1383 1380/494/1384
f 1380/494/1384 1381/1/1385 1269/1/1273
f 1252/1/1256 1381/1/1385 1380/494/1384
f 1380/494/1384 1382/432/1386 1252/1/1256
f 1383/496/1387 1382/432/1386 1380/494/1384
f 1380/494/1384 1379/495/1383 1383/496/1387
f 1239/45/1243 1384/498/1388 1385/497/1389
f 1385/497/1389 1386/45/1390 1239/45/1243
f 1250/499/1254 1386/502/1390 1385/501/1389
f 1385/501/1389 1249/500/1253 1250/499/1254
f 1246/503/1250 1249/500/1253 1385/501/1389
f 1385/501/1389 1387/504/1391 1246/503/1250
f 1388/505/1392 1387/346/1391 1385/497/1389
f 1385/497/1389 1384/498/1388 1388/505/1392
f 1239/1/1243 1386/1/1390 1389/496/1393
f 1389/496/1393 1240/391/1244 1239/1/1243
f 1245/395/1249 1240/391/1244 1389/496/1393
f 1389/496/1393 1390/506/1394 1245/395/1249
f 1391/507/1395 1390/510/1394 1389/509/1393
f 1389/509/1393 1392/508/1396 1391/507/1395
f 1250/499/1254 1392/508/1396 1389/509/1393
f 1389/509/1393 1386/502/1390 1250/499/1254
f 1242/392/1246 1244/393/1248 1393/511/1397
f 1393/511/1397 1264/407/1268 1242/392/1246
f 1268/408/1272 1264/407/1268 1393/511/1397
f 1393/511/1397 1394/512/1398 1268/408/1272
f 1395/513/1399 1394/512/1398 1393/511/1397
f 1393/511/1397 1396/514/1400 1395/513/1399
f 1245/395/1249 1396/514/1400 1393/511/1397
f 1393/511/1397 1244/393/1248 1245/395/1249
f 1245/395/1249 1390/506/1394 1397/515/1401
f 1397/515/1401 1396/514/1400 1245/395/1249
f 1395/513/1399 1396/514/1400 1397/515/1401
f 1397/515/1401 1398/516/1402 1395/513/1399
f 1399/517/1403 1398/520/1402 1397/519/1401
f 1397/519/1401 1400/518/1404 1399/517/1403
f 1391/507/1395 1400/518/1404 1397/519/1401
f 1397/519/1401 1390/510/1394 1391/507/1395
f 1391/411/1395 1401/523/1405 1402/522/1406
f 1402/522/1406 1400/521/1404 1391/411/1395
f 1399/524/1403 1400/521/1404 1402/522/1406
f 1402/522/1406 1403/525/1407 1399/524/1403
f 1383/496/1387 1403/525/1407 1402/522/1406
f 1402/522/1406 1401/523/1405 1383/496/1387
f 1147/360/1151 1146/357/1150 1404/527/1408
f 1404/527/1408 1405/526/1409 1147/360/1151
f 1242/528/1246 1405/531/1409 1404/530/1408
f 1404/530/1408 1243/529/1247 1242/528/1246
f 1239/1/1243 1243/394/1247 1404/340/1408
f 1404/340/1408 1406/1/1410 1239/1/1243
f 1150/1/1154 1406/1/1410 1404/340/1408
f 1404/340/1408 1146/340/1150 1150/1/1154
f 1150/45/1154 1407/533/1411 1408/532/1412
f 1408/532/1412 1406/45/1410 1150/45/1154
f 1239/45/1243 1406/45/1410 1408/532/1412
f 1408/532/1412 1384/498/1388 1239/45/1243
f 1388/505/1392 1384/498/1388 1408/532/1412
f 1408/532/1412 1409/534/1413 1388/505/1392
f 1158/367/1162 1409/534/1413 1408/532/1412
f 1408/532/1412 1407/533/1411 1158/367/1162
f 634/535/634 1410/538/1414 1411/537/1415
f 1411/537/1415 635/536/635 634/535/634
f 638/345/638 635/345/635 1411/524/1415
f 1411/524/1415 1412/539/1416 638/345/638
f 1413/540/1417 1412/539/1416 1411/524/1415
f 1411/524/1415 1414/541/1418 1413/540/1417
f 1171/372/1175 1414/541/1418 1411/524/1415
f 1411/524/1415 1410/514/1414 1171/372/1175
f 1175/45/1179 1179/352/1183 1415/352/1419
f 1415/352/1419 1416/45/1420 1175/45/1179
f 1255/45/1259 1416/45/1420 1415/352/1419
f 1415/352/1419 1266/352/1270 1255/45/1259
f 1242/392/1246 1266/352/1270 1415/352/1419
f 1415/352/1419 1405/343/1409 1242/392/1246
f 1147/360/1151 1405/526/1409 1415/542/1419
f 1415/542/1419 1179/378/1183 1147/360/1151
f 1252/45/1256 1253/544/1257 1417/543/1421
f 1417/543/1421 1381/45/1385 1252/45/1256
f 1269/45/1273 1381/45/1385 1417/543/1421
f 1417/543/1421 1278/417/1282 1269/45/1273
f 1275/416/1279 1278/417/1282 1417/543/1421
f 1417/543/1421 1418/545/1422 1275/416/1279
f 1254/546/1258 1418/545/1422 1417/543/1421
f 1417/543/1421 1253/544/1257 1254/546/1258
f 646/345/646 1419/548/1423 1420/547/1424
f 1420/547/1424 647/345/647 646/345/646
f 1421/345/650 647/345/647 1420/547/1424
f 1420/547/1424 1422/549/1425 1421/345/650
f 1423/550/1426 1422/549/1425 1420/547/1424
f 1420/547/1424 1424/551/1427 1423/550/1426
f 1425/552/1428 1424/551/1427 1420/547/1424
f 1420/547/1424 1419/548/1423 1425/552/1428
f 1263/45/1267 1267/352/1271 1426/352/1429
f 1426/352/1429 1427/45/1430 1263/45/1267
f 1279/45/1283 1427/45/1430 1426/352/1429
f 1426/352/1429 1297/352/1301 1279/45/1283
f 1294/430/1298 1297/352/1301 1426/352/1429
f 1426/352/1429 1428/553/1431 1294/430/1298
f 1268/408/1272 1428/553/1431 1426/352/1429
f 1426/352/1429 1267/352/1271 1268/408/1272
f 1252/402/1256 1382/555/1386 1429/554/1432
f 1429/554/1432 1251/401/1255 1252/402/1256
f 1250/400/1254 1251/401/1255 1429/554/1432
f 1429/554/1432 1392/556/1396 1250/400/1254
f 1391/557/1395 1392/556/1396 1429/554/1432
f 1429/554/1432 1401/558/1405 1391/557/1395
f 1383/559/1387 1401/558/1405 1429/554/1432
f 1429/554/1432 1382/555/1386 1383/559/1387
f 1268/408/1272 1394/512/1398 1430/560/1433
f 1430/560/1433 1428/553/1431 1268/408/1272
f 1294/430/1298 1428/553/1431 1430/560/1433
f 1395/513/1399 1431/561/1434 1430/560/1433
f 1430/560/1433 1394/512/1398 1395/513/1399
f 1395/513/1399 1398/516/1402 1432/562/1435
f 1432/562/1435 1431/561/1434 1395/513/1399
f 1294/563/1298 1431/566/1434 1432/565/1435
f 1432/565/1435 1433/564/1436 1294/563/1298
f 1399/517/1403 1433/564/1436 1432/565/1435
f 1432/565/1435 1398/520/1402 1399/517/1403
f 1273/411/1277 1434/406/1437 1435/567/1438
f 1435/567/1438 1272/409/1276 1273/411/1277
f 1269/1/1273 1272/409/1276 1435/567/1438
f 1435/567/1438 1379/495/1383 1269/1/1273
f 1383/496/1387 1379/495/1383 1435/567/1438
f 1435/567/1438 1434/406/1437 1383/496/1387
f 1130/420/1134 1276/422/1280 1436/568/1439
f 347/569/347 1130/420/1134 1436/568/1439
f 1436/568/1439 665/570/666 347/569/347
f 666/345/667 665/345/666 1436/572/1439
f 1436/572/1439 1437/571/1440 666/345/667
f 1275/416/1279 1437/571/1440 1436/572/1439
f 1436/572/1439 1276/419/1280 1275/416/1279
f 1275/416/1279 1418/545/1422 1438/573/1441
f 1438/573/1441 1437/571/1440 1275/416/1279
f 666/345/667 1437/571/1440 1438/573/1441
f 1438/573/1441 669/345/670 666/345/667
f 670/345/671 669/345/670 1438/573/1441
f 1438/573/1441 1439/574/1442 670/345/671
f 1254/546/1258 1439/574/1442 1438/573/1441
f 1438/573/1441 1418/545/1422 1254/546/1258
f 1254/546/1258 1247/575/1251 1440/574/1443
f 1440/574/1443 1439/574/1442 1254/546/1258
f 670/345/671 1439/574/1442 1440/574/1443
f 1440/574/1443 673/345/674 670/345/671
f 674/345/675 673/345/674 1440/574/1443
f 1440/574/1443 1441/426/1444 674/345/675
f 1246/576/1250 1441/426/1444 1440/574/1443
f 1440/574/1443 1247/575/1251 1246/576/1250
f 1246/576/1250 1387/346/1391 1442/379/1445
f 1442/379/1445 1441/426/1444 1246/576/1250
f 674/345/675 1441/426/1444 1442/379/1445
f 1442/379/1445 677/345/678 674/345/675
f 678/345/679 677/345/678 1442/379/1445
f 1442/379/1445 1443/577/1446 678/345/679
f 1388/505/1392 1443/577/1446 1442/379/1445
f 1442/379/1445 1387/346/1391 1388/505/1392
f 1388/505/1392 1409/534/1413 1444/577/1447
f 1444/577/1447 1443/577/1446 1388/505/1392
f 678/345/679 1443/577/1446 1444/577/1447
f 1444/577/1447 681/345/682 678/345/679
f 1163/345/1167 681/345/682 1444/577/1447
f 1444/577/1447 1161/368/1165 1163/345/1167
f 1158/367/1162 1161/368/1165 1444/577/1447
f 1444/577/1447 1409/534/1413 1158/367/1162
f 1383/496/1387 1434/406/1437 1445/578/1448
f 1445/578/1448 1403/525/1407 1383/496/1387
f 1399/524/1403 1403/525/1407 1445/578/1448
f 1445/578/1448 1433/579/1436 1399/524/1403
f 1294/430/1298 1433/579/1436 1445/578/1448
f 1445/578/1448 1446/580/1449 1294/430/1298
f 1273/411/1277 1446/580/1449 1445/578/1448
f 1445/578/1448 1434/406/1437 1273/411/1277
f 1273/411/1277 1274/394/1278 1447/581/1450
f 1447/581/1450 1446/580/1449 1273/411/1277
f 1294/430/1298 1446/580/1449 1447/581/1450
f 1447/581/1450 1310/435/1314 1294/430/1298
f 1126/342/1130 1310/435/1314 1447/581/1450
f 1447/581/1450 1127/344/1131 1126/342/1130
f 1125/340/1129 1127/344/1131 1447/581/1450
f 1447/581/1450 1274/394/1278 1125/340/1129
f 861/16/865 862/17/866 1448/583/1451
f 1448/583/1451 1449/582/1452 861/16/865
f 1024/9/1028 1449/582/1452 1448/583/1451
f 1448/583/1451 1048/4/1052 1024/9/1028
f 1045/1/1049 1048/4/1052 1448/583/1451
f 1448/583/1451 1131/349/1135 1045/1/1049
f 863/18/867 1131/349/1135 1448/583/1451
f 1448/583/1451 862/17/866 863/18/867
f 923/88/927 924/48/928 1450/584/1453
f 1450/584/1453 1117/330/1121 923/88/927
f 329/329/329 1117/330/1121 1450/584/1453
f 1450/584/1453 688/26/689 329/329/329
f 689/25/690 688/26/689 1450/584/1453
f 1450/584/1453 1451/585/1454 689/25/690
f 925/51/929 1451/585/1454 1450/584/1453
f 1450/584/1453 924/48/928 925/51/929
f 925/51/929 930/66/934 1452/586/1455
f 1452/586/1455 1451/585/1454 925/51/929
f 689/25/690 1451/585/1454 1452/586/1455
f 1452/586/1455 692/58/693 689/25/690
f 259/243/259 692/58/693 1452/586/1455
f 1452/586/1455 1054/587/1058 259/243/259
f 931/68/935 1054/587/1058 1452/586/1455
f 1452/586/1455 930/66/934 931/68/935
f 944/110/948 945/111/949 1453/589/1456
f 1453/589/1456 1454/588/1457 944/110/948
f 933/590/937 1454/588/1457 1453/589/1456
f 1453/589/1456 934/591/938 933/590/937
f 941/285/945 934/591/938 1453/589/1456
f 1453/589/1456 1455/592/1458 941/285/945
f 946/112/950 1455/592/1458 1453/589/1456
f 1453/589/1456 945/111/949 946/112/950
f 965/137/969 966/138/970 1456/594/1459
f 1456/594/1459 1457/593/1460 965/137/969
f 958/252/962 1457/593/1460 1456/594/1459
f 1456/594/1459 957/257/961 958/252/962
f 954/255/958 957/257/961 1456/594/1459
f 1456/594/1459 1458/595/1461 954/255/958
f 967/139/971 1458/595/1461 1456/594/1459
f 1456/594/1459 966/138/970 967/139/971
f 986/160/990 987/161/991 1459/597/1462
f 1459/597/1462 1460/596/1463 986/160/990
f 975/263/979 1460/596/1463 1459/597/1462
f 1459/597/1462 976/598/980 975/263/979
f 983/599/987 976/598/980 1459/597/1462
f 1459/597/1462 1461/600/1464 983/599/987
f 988/162/992 1461/600/1464 1459/597/1462
f 1459/597/1462 987/161/991 988/162/992
f 967/139/971 997/173/1001 1462/601/1465
f 1462/601/1465 1458/595/1461 967/139/971
f 954/255/958 1458/595/1461 1462/601/1465
f 1462/601/1465 990/602/994 954/255/958
f 995/603/999 990/602/994 1462/601/1465
f 1462/601/1465 1463/604/1466 995/603/999
f 998/174/1002 1463/604/1466 1462/601/1465
f 1462/601/1465 997/173/1001 998/174/1002
f 1014/196/1018 1015/197/1019 1464/606/1467
f 1464/606/1467 1465/605/1468 1014/196/1018
f 1006/279/1010 1465/605/1468 1464/606/1467
f 1464/606/1467 1007/607/1011 1006/279/1010
f 933/590/937 1007/607/1011 1464/606/1467
f 1464/606/1467 1454/588/1457 933/590/937
f 944/110/948 1454/588/1457 1464/606/1467
f 1464/606/1467 1015/197/1019 944/110/948
f 998/174/1002 1026/210/1030 1466/608/1469
f 1466/608/1469 1463/604/1466 998/174/1002
f 995/603/999 1463/604/1466 1466/608/1469
f 1466/608/1469 1020/284/1024 995/603/999
f 1024/9/1028 1020/284/1024 1466/608/1469
f 1466/608/1469 1449/582/1452 1024/9/1028
f 861/16/865 1449/582/1452 1466/608/1469
f 1466/608/1469 1026/210/1030 861/16/865
f 946/112/950 1033/220/1037 1467/609/1470
f 1467/609/1470 1455/592/1458 946/112/950
f 941/285/945 1455/592/1458 1467/609/1470
f 1467/609/1470 1029/286/1033 941/285/945
f 975/263/979 1029/286/1033 1467/609/1470
f 1467/609/1470 1460/596/1463 975/263/979
f 986/160/990 1460/596/1463 1467/609/1470
f 1467/609/1470 1033/220/1037 986/160/990
f 988/162/992 1044/231/1048 1468/610/1471
f 1468/610/1471 1461/600/1464 988/162/992
f 983/599/987 1461/600/1464 1468/610/1471
f 1468/610/1471 1041/611/1045 983/599/987
f 958/252/962 1041/611/1045 1468/610/1471
f 1468/610/1471 1457/593/1460 958/252/962
f 965/137/969 1457/593/1460 1468/610/1471
f 1468/610/1471 1044/231/1048 965/137/969
f 1103/297/1107 1104/318/1108 1469/613/1472
f 1469/613/1472 1107/612/1111 1103/297/1107
f 318/614/318 1107/612/1111 1469/613/1472
f 1469/613/1472 1470/316/1473 318/614/318
f 1105/316/1109 1470/316/1473 1469/613/1472
f 1469/613/1472 1104/318/1108 1105/316/1109
f 1105/316/1109 1110/322/1114 1471/615/1474
f 1471/615/1474 1470/316/1473 1105/316/1109
f 318/614/318 1470/316/1473 1471/615/1474
f 1471/615/1474 1113/322/1117 318/614/318
f 1111/323/1115 1113/322/1117 1471/615/1474
f 1471/615/1474 1110/322/1114 1111/323/1115
f 923/88/927 1118/333/1122 1472/616/1475
f 1472/616/1475 922/87/926 923/88/927
f 878/46/882 922/87/926 1472/616/1475
f 1472/616/1475 1114/278/1118 878/46/882
f 1006/279/1010 1114/278/1118 1472/616/1475
f 1472/616/1475 1465/605/1468 1006/279/1010
f 1014/196/1018 1465/605/1468 1472/616/1475
f 1472/616/1475 1118/333/1122 1014/196/1018
f 1136/350/1140 1137/351/1141 1473/618/1476
f 1473/618/1476 1474/617/1477 1136/350/1140
f 1475/550/1478 1474/617/1477 1473/618/1476
f 1473/618/1476 1476/539/1479 1475/550/1478
f 1477/345/718 1476/539/1479 1473/618/1476
f 1473/618/1476 1478/345/719 1477/345/718
f 10/10/10 1478/345/719 1473/618/1476
f 1473/618/1476 858/13/862 10/10/10
f 863/18/867 858/13/862 1473/618/1476
f 1473/618/1476 1137/351/1141 863/18/867
f 1169/351/1173 1168/351/1172 1479/619/1480
f 1479/619/1480 1480/619/1481 1169/351/1173
f 719/620/722 720/623/723 1480/622/1481
f 1480/622/1481 1479/621/1480 719/620/722
f 634/535/634 722/625/725 1481/624/1482
f 1481/624/1482 1410/538/1414 634/535/634
f 1172/371/1176 1171/372/1175 1410/514/1414
f 1410/514/1414 1481/626/1482 1172/371/1176
f 1482/619/1483 1204/351/1208 1205/351/1209
f 1205/351/1209 1483/619/1484 1482/619/1483
f 725/627/728 726/630/729 1482/629/1483
f 1482/629/1483 1483/628/1484 725/627/728
f 1480/622/1481 720/623/723 728/632/731
f 728/632/731 1484/631/1485 1480/622/1481
f 1206/351/1210 1169/351/1173 1480/619/1481
f 1480/619/1481 1484/619/1485 1206/351/1210
f 1485/633/1486 1223/389/1227 1224/389/1228
f 1224/389/1228 1486/634/1487 1485/633/1486
f 1213/45/1217 1487/635/1488 1488/427/1489
f 1488/427/1489 1214/45/1218 1213/45/1217
f 1489/636/1490 1180/637/1184 1220/637/1224
f 1220/637/1224 1490/576/1491 1489/636/1490
f 1193/346/1197 1489/636/1490 1491/638/1492
f 1491/638/1492 1225/346/1229 1193/346/1197
f 1492/639/1493 1231/642/1235 1232/641/1236
f 1232/641/1236 1493/640/1494 1492/639/1493
f 738/643/741 739/646/742 1492/645/1493
f 1492/645/1493 1493/644/1494 738/643/741
f 1482/629/1483 726/630/729 741/648/744
f 741/648/744 1494/647/1495 1482/629/1483
f 1204/351/1208 1482/619/1483 1494/619/1495
f 1494/619/1495 1233/351/1237 1204/351/1208
f 1413/540/1417 1495/650/1496 1496/649/1497
f 1496/649/1497 1412/539/1416 1413/540/1417
f 638/345/638 1412/539/1416 1496/649/1497
f 1496/649/1497 744/345/747 638/345/638
f 646/345/646 744/345/747 1496/649/1497
f 1496/649/1497 1419/548/1423 646/345/646
f 1425/552/1428 1419/548/1423 1496/649/1497
f 1496/649/1497 1495/650/1496 1425/552/1428
f 1423/550/1426 1497/578/1498 1498/547/1499
f 1498/547/1499 1422/549/1425 1423/550/1426
f 1421/345/650 1422/549/1425 1498/547/1499
f 1498/547/1499 1499/345/750 1421/345/650
f 1477/345/718 1499/345/750 1498/547/1499
f 1498/547/1499 1476/539/1479 1477/345/718
f 1475/550/1478 1476/539/1479 1498/547/1499
f 1498/547/1499 1497/578/1498 1475/550/1478
f 1259/405/1263 1414/541/1418 1500/348/1500
f 1500/348/1500 1258/348/1262 1259/405/1263
f 1255/1/1259 1258/348/1262 1500/348/1500
f 1500/348/1500 1416/1/1420 1255/1/1259
f 1175/1/1179 1416/1/1420 1500/348/1500
f 1500/348/1500 1170/348/1174 1175/1/1179
f 1171/372/1175 1170/348/1174 1500/348/1500
f 1500/348/1500 1414/541/1418 1171/372/1175
f 1283/424/1287 1501/424/1501 1502/348/1502
f 1502/348/1502 1282/348/1286 1283/424/1287
f 1279/1/1283 1282/348/1286 1502/348/1502
f 1502/348/1502 1427/1/1430 1279/1/1283
f 1263/1/1267 1427/1/1430 1502/348/1502
f 1502/348/1502 1262/348/1266 1263/1/1267
f 1261/406/1265 1262/348/1266 1502/348/1502
f 1502/348/1502 1501/424/1501 1261/406/1265
f 1475/651/1478 1497/654/1498 1503/653/1503
f 1503/653/1503 1474/652/1477 1475/651/1478
f 1136/655/1140 1474/652/1477 1503/653/1503
f 1503/653/1503 1284/656/1288 1136/655/1140
f 1283/657/1287 1284/656/1288 1503/653/1503
f 1503/653/1503 1504/658/1504 1283/657/1287
f 1423/659/1426 1504/658/1504 1503/653/1503
f 1503/653/1503 1497/654/1498 1423/659/1426
f 1423/659/1426 1424/661/1427 1505/660/1505
f 1505/660/1505 1504/658/1504 1423/659/1426
f 1283/657/1287 1504/658/1504 1505/660/1505
f 1505/660/1505 1501/662/1501 1283/657/1287
f 1261/663/1265 1501/662/1501 1505/660/1505
f 1505/660/1505 1506/664/1506 1261/663/1265
f 1425/665/1428 1506/664/1506 1505/660/1505
f 1505/660/1505 1424/661/1427 1425/665/1428
f 1425/665/1428 1495/667/1496 1507/666/1507
f 1507/666/1507 1506/664/1506 1425/665/1428
f 1261/663/1265 1506/664/1506 1507/666/1507
f 1507/666/1507 1260/668/1264 1261/663/1265
f 1259/669/1263 1260/668/1264 1507/666/1507
f 1507/666/1507 1508/670/1508 1259/669/1263
f 1413/671/1417 1508/670/1508 1507/666/1507
f 1507/666/1507 1495/667/1496 1413/671/1417
f 1413/671/1417 1414/672/1418 1508/670/1508
f 1259/669/1263 1508/670/1508 1414/672/1418
f 1193/346/1197 1192/346/1196 1509/673/1509
f 1509/673/1509 1489/636/1490 1193/346/1197
f 1180/637/1184 1489/636/1490 1509/673/1509
f 1509/673/1509 1181/637/1185 1180/637/1184
f 1141/1/1145 1188/45/1192 1510/417/1510
f 1510/417/1510 1511/674/1511 1141/1/1145
f 1195/675/1199 1194/638/1198 1511/674/1511
f 1511/674/1511 1510/417/1510 1195/675/1199
f 1157/638/1161 1156/416/1160 1512/418/1512
f 1512/418/1512 1513/674/1513 1157/638/1161
f 1142/1/1146 1141/45/1145 1513/674/1513
f 1513/674/1513 1512/418/1512 1142/1/1146
f 1150/45/1154 1151/45/1155 1514/497/1514
f 1514/497/1514 1407/533/1411 1150/45/1154
f 1159/370/1163 1158/367/1162 1407/533/1411
f 1407/533/1411 1514/497/1514 1159/370/1163
f 1294/430/1298 1430/560/1433 1431/561/1434
f 1239/1/1243 1241/390/1245 1243/394/1247
f 1515/340/1515 1187/340/1191 1186/343/1190
f 1186/343/1190 1516/343/1516 1515/340/1515
f 1517/1/1517 1188/1/1192 1187/340/1191
f 1187/340/1191 1515/340/1515 1517/1/1517
f 1518/676/1518 1519/679/1519 1520/678/1520
f 1520/678/1520 1521/677/1521 1518/676/1518
f 1522/680/1522 1523/683/1523 1519/682/1519
f 1519/682/1519 1518/681/1518 1522/680/1522
f 1207/348/1211 1206/351/1210 1524/351/1524
f 1524/351/1524 1525/348/1525 1207/348/1211
f 1208/1/1212 1207/348/1211 1525/348/1525
f 1525/348/1525 1526/1/1526 1208/1/1212
f 1211/352/1215 1208/45/1212 1526/45/1526
f 1526/45/1526 1527/352/1527 1211/352/1215
f 1516/343/1516 1186/343/1190 1211/352/1215
f 1211/352/1215 1527/352/1527 1516/343/1516
f 1528/684/1528 1484/631/1485 728/632/731
f 728/632/731 776/685/780 1528/684/1528
f 1524/351/1524 1206/351/1210 1484/619/1485
f 1484/619/1485 1528/619/1528 1524/351/1524
f 1529/418/1529 1530/417/1530 1188/1/1192
f 1188/1/1192 1517/45/1517 1529/418/1529
f 1521/416/1521 1520/675/1520 1530/417/1530
f 1530/417/1530 1529/418/1529 1521/416/1521
f 1143/340/1147 1142/1/1146 1531/1/1531
f 1531/1/1531 1532/340/1532 1143/340/1147
f 1533/686/1533 1144/353/1148 1143/354/1147
f 1143/354/1147 1532/687/1532 1533/686/1533
f 1534/688/1534 1535/572/1535 1536/345/1536
f 1536/345/1536 783/345/787 1534/688/1534
f 1537/689/1537 1538/416/1538 1535/572/1535
f 1535/572/1535 1534/688/1534 1537/689/1537
f 1539/348/1539 1166/348/1170 1165/1/1169
f 1165/1/1169 1540/1/1540 1539/348/1539
f 1541/351/1541 1168/351/1172 1166/348/1170
f 1166/348/1170 1539/348/1539 1541/351/1541
f 1542/690/1542 1176/374/1180 1144/353/1148
f 1144/353/1148 1533/686/1533 1542/690/1542
f 1540/691/1540 1165/375/1169 1176/374/1180
f 1176/374/1180 1542/690/1542 1540/691/1540
f 1543/619/1543 1479/619/1480 1168/351/1172
f 1168/351/1172 1541/351/1541 1543/619/1543
f 793/692/797 719/620/722 1479/621/1480
f 1479/621/1480 1543/693/1543 793/692/797
f 1544/694/1544 1545/418/1545 1538/416/1538
f 1538/416/1538 1537/689/1537 1544/694/1544
f 1531/45/1531 1142/45/1146 1545/418/1545
f 1545/418/1545 1544/694/1544 1531/45/1531
f 1546/695/1546 1148/359/1152 1533/686/1533
f 1533/686/1533 1532/687/1532 1546/695/1546
f 1531/1/1531 1547/1/1547 1546/340/1546
f 1546/340/1546 1532/340/1532 1531/1/1531
f 1534/688/1534 1548/369/1548 1549/370/1549
f 1549/370/1549 1537/689/1537 1534/688/1534
f 783/345/787 1550/345/1550 1548/369/1548
f 1548/369/1548 1534/688/1534 783/345/787
f 1173/348/1177 1172/371/1176 1541/351/1541
f 1541/351/1541 1539/348/1539 1173/348/1177
f 1540/1/1540 1174/1/1178 1173/348/1177
f 1173/348/1177 1539/348/1539 1540/1/1540
f 1542/352/1542 1178/352/1182 1174/45/1178
f 1174/45/1178 1540/45/1540 1542/352/1542
f 1533/686/1533 1148/359/1152 1178/377/1182
f 1178/377/1182 1542/690/1542 1533/686/1533
f 1543/693/1543 1481/624/1482 722/625/725
f 722/625/725 793/692/797 1543/693/1543
f 1541/351/1541 1172/371/1176 1481/626/1482
f 1481/626/1482 1543/619/1543 1541/351/1541
f 1544/694/1544 1551/497/1551 1547/45/1547
f 1547/45/1547 1531/45/1531 1544/694/1544
f 1537/689/1537 1549/370/1549 1551/497/1551
f 1551/497/1551 1544/694/1544 1537/689/1537
f 1515/340/1515 1182/340/1186 1181/1/1185
f 1181/1/1185 1517/1/1517 1515/340/1515
f 1516/343/1516 1184/343/1188 1182/340/1186
f 1182/340/1186 1515/340/1515 1516/343/1516
f 1552/696/1552 1553/699/1553 1554/698/1554
f 1554/698/1554 1555/697/1555 1552/696/1552
f 1556/700/1556 1557/703/1557 1553/702/1553
f 1553/702/1553 1552/701/1552 1556/700/1556
f 1203/348/1207 1202/1/1206 1526/1/1526
f 1526/1/1526 1525/348/1525 1203/348/1207
f 1205/351/1209 1203/348/1207 1525/348/1525
f 1525/348/1525 1524/351/1524 1205/351/1209
f 1210/352/1214 1184/343/1188 1516/343/1516
f 1516/343/1516 1527/352/1527 1210/352/1214
f 1202/45/1206 1210/352/1214 1527/352/1527
f 1527/352/1527 1526/45/1526 1202/45/1206
f 1483/619/1484 1205/351/1209 1524/351/1524
f 1524/351/1524 1528/619/1528 1483/619/1484
f 776/685/780 725/627/728 1483/628/1484
f 1483/628/1484 1528/684/1528 776/685/780
f 1558/418/1558 1559/704/1559 1557/381/1557
f 1557/381/1557 1556/416/1556 1558/418/1558
f 1517/1/1517 1181/45/1185 1559/704/1559
f 1559/704/1559 1558/418/1558 1517/1/1517
f 1560/340/1560 1219/340/1223 1218/343/1222
f 1218/343/1222 1561/343/1561 1560/340/1560
f 1562/1/1562 1220/1/1224 1219/340/1223
f 1219/340/1223 1560/340/1560 1562/1/1562
f 1226/379/1230 1225/346/1229 1563/389/1563
f 1563/389/1563 1564/369/1564 1226/379/1230
f 448/345/448 1226/379/1230 1564/369/1564
f 1564/369/1564 815/345/819 448/345/448
f 1234/348/1238 1233/351/1237 1565/351/1565
f 1565/351/1565 1566/348/1566 1234/348/1238
f 1235/1/1239 1234/348/1238 1566/348/1566
f 1566/348/1566 1567/1/1567 1235/1/1239
f 1238/352/1242 1235/45/1239 1567/45/1567
f 1567/45/1567 1568/352/1568 1238/352/1242
f 1218/343/1222 1238/352/1242 1568/352/1568
f 1568/352/1568 1561/343/1561 1218/343/1222
f 1562/45/1562 1569/706/1569 1490/705/1491
f 1490/705/1491 1220/45/1224 1562/45/1562
f 1225/346/1229 1491/707/1492 1570/634/1570
f 1570/634/1570 1563/389/1563 1225/346/1229
f 1571/708/1571 1494/647/1495 741/648/744
f 741/648/744 823/709/827 1571/708/1571
f 1233/351/1237 1494/619/1495 1571/619/1571
f 1571/619/1571 1565/351/1565 1233/351/1237
f 1560/340/1560 1215/340/1219 1214/1/1218
f 1214/1/1218 1562/1/1562 1560/340/1560
f 1561/343/1561 1216/343/1220 1215/340/1219
f 1215/340/1219 1560/340/1560 1561/343/1561
f 1222/369/1226 442/345/442 815/345/819
f 815/345/819 1564/369/1564 1222/369/1226
f 1224/389/1228 1222/369/1226 1564/369/1564
f 1564/369/1564 1563/389/1563 1224/389/1228
f 1230/348/1234 1229/1/1233 1567/1/1567
f 1567/1/1567 1566/348/1566 1230/348/1234
f 1232/351/1236 1230/348/1234 1566/348/1566
f 1566/348/1566 1565/351/1565 1232/351/1236
f 1568/352/1568 1237/352/1241 1216/343/1220
f 1216/343/1220 1561/343/1561 1568/352/1568
f 1229/45/1233 1237/352/1241 1568/352/1568
f 1568/352/1568 1567/45/1567 1229/45/1233
f 1563/389/1563 1570/634/1570 1486/634/1487
f 1486/634/1487 1224/389/1228 1563/389/1563
f 1214/45/1218 1488/427/1489 1569/706/1569
f 1569/706/1569 1562/45/1562 1214/45/1218
f 1493/640/1494 1232/641/1236 1565/711/1565
f 1565/711/1565 1571/710/1571 1493/640/1494
f 823/709/827 738/643/741 1493/644/1494
f 1493/644/1494 1571/708/1571 823/709/827
f 1572/712/1572 1522/715/1522 1518/714/1518
f 1518/714/1518 1573/713/1573 1572/712/1572
f 1573/713/1573 1518/714/1518 1521/717/1521
f 1521/717/1521 1574/716/1574 1573/713/1573
f 1574/416/1574 1521/416/1521 1529/418/1529
f 1529/418/1529 1575/418/1575 1574/416/1574
f 1575/418/1575 1529/418/1529 1517/45/1517
f 1188/45/1192 1530/417/1530 1576/417/1576
f 1576/417/1576 1530/417/1530 1520/675/1520
f 1520/675/1520 1577/675/1577 1576/417/1576
f 1577/675/1577 1520/675/1520 1519/426/1519
f 1519/426/1519 1578/426/1578 1577/675/1577
f 1578/426/1578 1519/426/1519 1523/345/1523
f 1523/345/1523 831/345/835 1578/426/1578
f 1579/718/1579 1522/715/1522 1572/712/1572
f 1580/426/1580 1197/426/1201 1199/345/1203
f 1199/345/1203 834/345/838 1580/426/1580
f 835/719/839 1198/715/1202 831/720/835
f 831/720/835 1198/715/1202 1196/722/1200
f 1196/722/1200 1578/721/1578 831/720/835
f 1578/721/1578 1196/722/1200 1195/724/1199
f 1195/724/1199 1577/723/1577 1578/721/1578
f 1577/675/1577 1195/675/1199 1510/417/1510
f 1510/417/1510 1576/417/1576 1577/675/1577
f 1576/417/1576 1510/417/1510 1188/45/1192
f 1141/45/1145 1511/674/1511 1581/674/1581
f 1581/674/1581 1511/674/1511 1194/638/1198
f 1194/638/1198 1582/638/1582 1581/674/1581
f 1582/638/1582 1194/638/1198 1197/426/1201
f 1197/426/1201 1580/426/1580 1582/638/1582
f 834/852/838 1152/728/1156 1155/727/1159
f 1155/727/1159 1580/726/1580 834/852/838
f 1580/726/1580 1155/727/1159 1157/730/1161
f 1157/730/1161 1582/729/1582 1580/726/1580
f 1582/638/1582 1157/638/1161 1513/674/1513
f 1513/674/1513 1581/674/1581 1582/638/1582
f 1581/674/1581 1513/674/1513 1141/45/1145
f 1142/45/1146 1512/418/1512 1545/418/1545
f 1545/418/1545 1512/418/1512 1156/416/1160
f 1156/416/1160 1538/416/1538 1545/418/1545
f 1538/416/1538 1156/416/1160 1154/572/1158
f 1154/572/1158 1535/572/1535 1538/416/1538
f 1535/572/1535 1154/572/1158 1153/345/1157
f 1153/345/1157 1536/345/1536 1535/572/1535
f 1583/731/1583 1152/728/1156 834/852/838
f 1517/45/1517 1558/418/1558 1575/418/1575
f 1575/418/1575 1558/418/1558 1556/416/1556
f 1556/416/1556 1574/416/1574 1575/418/1575
f 1574/416/1574 1556/416/1556 1552/571/1552
f 1552/571/1552 1573/571/1573 1574/416/1574
f 1573/732/1573 1552/732/1552 1555/733/1555
f 1555/733/1555 1572/733/1572 1573/732/1573
f 1584/734/1584 1554/736/1554 1189/735/1193
f 1189/735/1193 1554/736/1554 1553/738/1553
f 1553/738/1553 1190/737/1194 1189/735/1193
f 1190/737/1194 1553/738/1553 1557/740/1557
f 1557/740/1557 1192/739/1196 1190/737/1194
f 1192/381/1196 1557/381/1557 1559/704/1559
f 1559/704/1559 1509/704/1509 1192/381/1196
f 1509/704/1509 1559/704/1559 1181/45/1185
f 840/741/844 1163/744/1167 1162/743/1166
f 1162/743/1166 1550/742/1550 840/741/844
f 1550/742/1550 1162/743/1166 1160/746/1164
f 1160/746/1164 1548/745/1548 1550/742/1550
f 1548/745/1548 1160/746/1164 1159/748/1163
f 1159/748/1163 1549/747/1549 1548/745/1548
f 1549/370/1549 1159/370/1163 1514/497/1514
f 1514/497/1514 1551/497/1551 1549/370/1549
f 1551/497/1551 1514/497/1514 1151/45/1155
f 1151/45/1155 1547/45/1547 1551/497/1551
f 1547/1/1547 1151/1/1155 1149/340/1153
f 1149/340/1153 1546/340/1546 1547/1/1547
f 1546/695/1546 1149/358/1153 1148/359/1152
f 681/749/682 1163/744/1167 840/741/844
f 1584/734/1584 1189/735/1193 841/751/846
f 841/751/846 842/750/845 1584/734/1584
f 1189/345/1193 407/345/407 841/345/846
f 1536/345/1536 843/345/847 783/345/787
f 1579/718/1579 1572/712/1572 842/750/845
f 842/750/845 831/752/835 1579/718/1579
f 834/852/838 843/753/847 1583/731/1583
f 1125/340/1129 1121/340/1125 1127/344/1131
f 1550/345/1550 844/345/848 840/345/844
f 1550/345/1550 783/345/787 844/345/848
f 1585/754/1585 1586/754/1586 1485/633/1486
f 1485/633/1486 1486/634/1487 1585/754/1585
f 1586/754/1586 1585/754/1585 1488/427/1489
f 1488/427/1489 1487/635/1488 1586/754/1586
f 1489/755/1490 1490/705/1491 1587/754/1587
f 1491/707/1492 1489/755/1490 1587/754/1587
f 1588/754/1588 1587/754/1587 1490/705/1491
f 1490/705/1491 1569/706/1569 1588/754/1588
f 1587/754/1587 1588/754/1588 1570/634/1570
f 1570/634/1570 1491/707/1492 1587/754/1587
f 1588/754/1588 1585/754/1585 1486/634/1487
f 1486/634/1487 1570/634/1570 1588/754/1588
f 1585/754/1585 1588/754/1588 1569/706/1569
f 1569/706/1569 1488/427/1489 1585/754/1585
f 1039/263/1043 1082/287/1086 1066/260/1070
f 973/252/977 1060/253/1064 972/257/976
f 969/255/973 1376/486/1380 1377/756/1381
f 1536/757/1536 1153/364/1157 1152/361/1156
f 1152/361/1156 1583/758/1583 1536/757/1536
f 1583/758/1583 843/759/847 1536/757/1536
f 834/760/838 1199/388/1203 1198/387/1202
f 1198/387/1202 835/761/839 834/760/838
f 831/762/835 1523/683/1523 1522/680/1522
f 1522/680/1522 1579/763/1579 831/762/835
f 1572/764/1572 1555/697/1555 1554/698/1554
f 1554/698/1554 1584/765/1584 1572/764/1572
f 1584/766/1584 842/768/845 1572/767/1572
f 1589/853/1589 1590/854/1589 1591/855/1590 1592/856/1590
f 1593/857/1591 1594/858/1591 1595/859/1592 1596/860/1592
f 1596/861/1592 1595/862/1592 1590/863/1589 1589/864/1589
f 1590/865/1589 1595/866/1592 1597/867/1592 1598/868/1592
f 1596/869/1592 1589/870/1589 1599/871/1592 1600/872/1592
f 1601/855/1593 1602/854/1594 1603/853/1594 1604/856/1593
f 1605/859/1594 1606/858/1593 1607/857/1593 1608/860/1594
f 1602/863/1594 1605/862/1594 1608/861/1594 1603/864/1594
f 1609/867/1595 1605/866/1594 1602/865/1594 1610/868/1595
f 1611/871/1595 1603/870/1594 1608/869/1594 1612/872/1595
f 1591/873/1596 1590/874/1596 1602/874/1596 1601/873/1596
f 1592/875/1597 1591/873/1597 1601/873/1597 1604/875/1597
f 1589/876/1598 1592/875/1598 1604/875/1598 1603/876/1598
f 1594/877/1599 1593/878/1599 1607/878/1599 1606/877/1599
f 1595/879/1596 1594/877/1596 1606/877/1596 1605/879/1596
f 1593/878/1598 1596/880/1598 1608/880/1598 1607/878/1598
f 1597/881/1600 1595/882/1600 1605/882/1600 1609/881/1600
f 1598/883/1596 1597/881/1596 1609/881/1596 1610/883/1596
f 1590/884/1601 1598/883/1601 1610/883/1601 1602/884/1601
f 1599/885/1601 1589/886/1601 1603/886/1601 1611/885/1601
f 1600/887/1598 1599/885/1598 1611/885/1598 1612/887/1598
f 1596/888/1600 1600/887/1600 1612/887/1600 1608/888/1600
f 1613/889/1602 1614/890/1603 1615/891/1604 1616/892/1605
f 1617/893/1606 1618/894/1607 1619/895/1608 1620/896/1609
f 1616/892/1605 1615/891/1604 1621/897/1610 1622/898/1611
f 1622/898/1611 1621/897/1610 1618/894/1607 1617/893/1606
f 1623/899/1612 1624/900/1613 1625/901/1614 1626/902/1615
f 1617/893/1606 1627/903/1616 1628/904/1617 1622/898/1611
f 1622/898/1611 1629/905/1618 1630/906/1619 1616/892/1605
f 1631/907/1620 1632/908/1621 1633/909/1622 1634/910/1623
f 1635/891/1624 1636/890/1625 1637/889/1626 1638/892/1627
f 1639/895/1628 1640/894/1629 1641/893/1630 1642/896/1631
f 1643/897/1632 1635/891/1624 1638/892/1627 1644/898/1633
f 1640/894/1629 1643/897/1632 1644/898/1633 1641/893/1630
f 1645/903/1634 1646/911/1635 1642/896/1631 1641/893/1630
f 1647/904/1636 1645/903/1634 1641/893/1630 1644/898/1633
f 1648/906/1637 1649/905/1638 1644/898/1633 1638/892/1627
f 1650/912/1639 1648/906/1637 1638/892/1627 1637/889/1626
f 1637/889/1640 1636/890/1641 1614/890/1641 1613/889/1642
f 1636/890/1643 1635/891/1644 1615/891/1644 1614/890/1643
f 1639/895/1645 1642/896/1646 1620/896/1647 1619/895/1645
f 1640/894/1648 1639/895/1649 1619/895/1649 1618/894/1648
f 1635/891/1644 1643/897/1650 1621/897/1650 1615/891/1644
f 1643/897/1650 1640/894/1648 1618/894/1648 1621/897/1650
f 1651/899/1651 1652/900/1651 1624/900/1651 1623/899/1651
f 1623/899/1652 1626/902/1653 1653/902/1654 1651/899/1652
f 1622/898/1655 1628/904/1656 1647/904/1657 1644/898/1655
f 1631/907/1658 1654/913/1659 1655/913/1660 1656/907/1658
f 1656/907/1661 1657/908/1661 1632/908/1661 1631/907/1661
f 1613/889/1642 1658/912/1662 1650/912/1663 1637/889/1640
f 1659/914/1664 1660/915/1665 1661/916/1666 1662/917/1667
f 1663/918/1668 1659/914/1664 1625/901/1614 1664/919/1669
f 1665/920/1670 1654/913/1671 1634/910/1623 1666/921/1672
f 1667/922/1673 1668/923/1674 1669/924/1675 1666/921/1672
f 1670/914/1676 1671/901/1677 1653/902/1678 1672/917/1679
f 1673/918/1680 1674/919/1681 1671/901/1677 1670/914/1676
f 1675/921/1682 1676/910/1683 1655/913/1684 1677/920/1685
f 1678/922/1686 1679/909/1687 1676/910/1683 1675/921/1682
f 1662/917/1688 1661/916/1689 1680/916/1690 1672/917/1691
f 1664/919/1692 1674/919/1693 1673/918/1694 1663/918/1695
f 1665/920/1696 1681/925/1697 1682/925/1698 1677/920/1699
f 1633/909/1700 1679/909/1701 1678/922/1702 1667/922/1703
f 1627/903/1616 1660/915/1665 1683/926/1704 1628/904/1617
f 1629/905/1618 1681/925/1705 1669/924/1675 1630/906/1619
f 1684/915/1706 1680/916/1707 1646/911/1635 1645/903/1634
f 1685/926/1708 1684/915/1706 1645/903/1634 1647/904/1636
f 1686/924/1709 1682/925/1710 1649/905/1638 1648/906/1637
f 1687/923/1711 1686/924/1709 1648/906/1637 1650/912/1639
f 1683/926/1712 1685/926/1713 1647/904/1657 1628/904/1656
f 1668/923/1714 1687/923/1715 1650/912/1663 1658/912/1662
f 1627/903/1616 1617/893/1606 1620/896/1609 1688/911/1716
f 1658/912/1717 1613/889/1602 1616/892/1605 1630/906/1619
f 1620/896/1647 1642/896/1646 1646/911/1718 1688/911/1719
f 1622/898/1720 1644/898/1720 1649/905/1721 1629/905/1722
f 1660/915/1665 1627/903/1616 1688/911/1716 1661/916/1666
f 1668/923/1674 1658/912/1717 1630/906/1619 1669/924/1675
f 1661/916/1689 1688/911/1719 1646/911/1718 1680/916/1690
f 1681/925/1697 1629/905/1722 1649/905/1721 1682/925/1698
f 1660/915/1665 1659/914/1664 1663/918/1668 1683/926/1704
f 1681/925/1705 1665/920/1670 1666/921/1672 1669/924/1675
f 1670/914/1676 1672/917/1679 1680/916/1707 1684/915/1706
f 1673/918/1680 1670/914/1676 1684/915/1706 1685/926/1708
f 1675/921/1682 1677/920/1685 1682/925/1710 1686/924/1709
f 1678/922/1686 1675/921/1682 1686/924/1709 1687/923/1711
f 1663/918/1695 1673/918/1694 1685/926/1713 1683/926/1712
f 1667/922/1703 1678/922/1702 1687/923/1715 1668/923/1714
f 1659/914/1664 1662/917/1667 1626/902/1615 1625/901/1614
f 1667/922/1673 1666/921/1672 1634/910/1623 1633/909/1622
f 1626/902/1653 1662/917/1688 1672/917/1691 1653/902/1654
f 1654/913/1659 1665/920/1696 1677/920/1699 1655/913/1660
f 1625/901/1614 1624/900/1613 1664/919/1669
f 1654/913/1671 1631/907/1620 1634/910/1623
f 1671/901/1677 1652/900/1723 1651/899/1724 1653/902/1678
f 1674/919/1681 1652/900/1723 1671/901/1677
f 1676/910/1683 1656/907/1725 1655/913/1684
f 1679/909/1687 1657/908/1726 1656/907/1725 1676/910/1683
f 1624/900/1727 1652/900/1727 1674/919/1693 1664/919/1692
f 1632/908/1728 1657/908/1728 1679/909/1701 1633/909/1700
f 1692/892/1729 1691/891/1730 1690/890/1731 1689/889/1732
f 1696/896/1733 1695/895/1734 1694/894/1735 1693/893/1736
f 1698/898/1737 1697/897/1738 1691/891/1730 1692/892/1729
f 1693/893/1736 1694/894/1735 1697/897/1738 1698/898/1737
f 1702/902/1739 1701/901/1740 1700/900/1741 1699/899/1742
f 1698/898/1737 1704/904/1743 1703/903/1744 1693/893/1736
f 1692/892/1729 1706/906/1745 1705/905/1746 1698/898/1737
f 1710/910/1747 1709/909/1748 1708/908/1749 1707/907/1750
f 1714/892/1751 1713/889/1752 1712/890/1753 1711/891/1754
f 1718/896/1755 1717/893/1756 1716/894/1757 1715/895/1758
f 1720/898/1759 1714/892/1751 1711/891/1754 1719/897/1760
f 1717/893/1756 1720/898/1759 1719/897/1760 1716/894/1757
f 1717/893/1756 1718/896/1755 1722/911/1761 1721/903/1762
f 1720/898/1759 1717/893/1756 1721/903/1762 1723/904/1763
f 1714/892/1751 1720/898/1759 1725/905/1764 1724/906/1765
f 1713/889/1752 1714/892/1751 1724/906/1765 1726/912/1766
f 1689/889/1767 1690/890/1768 1712/890/1768 1713/889/1769
f 1690/890/1770 1691/891/1771 1711/891/1771 1712/890/1770
f 1695/895/1772 1696/896/1773 1718/896/1774 1715/895/1772
f 1694/894/1771 1695/895/1775 1715/895/1775 1716/894/1771
f 1691/891/1771 1697/897/1776 1719/897/1776 1711/891/1771
f 1697/897/1776 1694/894/1771 1716/894/1771 1719/897/1776
f 1699/899/1777 1700/900/1777 1728/900/1777 1727/899/1777
f 1727/899/1778 1729/902/1779 1702/902/1780 1699/899/1778
f 1720/898/1781 1723/904/1782 1704/904/1783 1698/898/1781
f 1732/907/1784 1731/913/1785 1730/913/1786 1707/907/1784
f 1707/907/1787 1708/908/1787 1733/908/1787 1732/907/1787
f 1713/889/1769 1726/912/1788 1734/912/1789 1689/889/1767
f 1738/917/1790 1737/916/1791 1736/915/1792 1735/914/1793
f 1740/919/1794 1701/901/1740 1735/914/1793 1739/918/1795
f 1742/921/1796 1710/910/1747 1730/913/1797 1741/920/1798
f 1742/921/1796 1745/924/1799 1744/923/1800 1743/922/1801
f 1748/917/1802 1729/902/1803 1747/901/1804 1746/914/1805
f 1746/914/1805 1747/901/1804 1750/919/1806 1749/918/1807
f 1753/920/1808 1731/913/1809 1752/910/1810 1751/921/1811
f 1751/921/1811 1752/910/1810 1755/909/1812 1754/922/1813
f 1748/917/1814 1756/916/1815 1737/916/1816 1738/917/1817
f 1739/918/1818 1749/918/1819 1750/919/1820 1740/919/1821
f 1753/920/1822 1758/925/1823 1757/925/1824 1741/920/1825
f 1743/922/1826 1754/922/1827 1755/909/1828 1709/909/1829
f 1704/904/1743 1759/926/1830 1736/915/1792 1703/903/1744
f 1706/906/1745 1745/924/1799 1757/925/1831 1705/905/1746
f 1721/903/1762 1722/911/1761 1756/916/1832 1760/915/1833
f 1723/904/1763 1721/903/1762 1760/915/1833 1761/926/1834
f 1724/906/1765 1725/905/1764 1758/925/1835 1762/924/1836
f 1726/912/1766 1724/906/1765 1762/924/1836 1763/923/1837
f 1704/904/1783 1723/904/1782 1761/926/1838 1759/926/1839
f 1734/912/1789 1726/912/1788 1763/923/1840 1744/923/1841
f 1764/911/1842 1696/896/1733 1693/893/1736 1703/903/1744
f 1706/906/1745 1692/892/1729 1689/889/1732 1734/912/1843
f 1764/911/1844 1722/911/1845 1718/896/1774 1696/896/1773
f 1705/905/1846 1725/905/1847 1720/898/1848 1698/898/1848
f 1737/916/1791 1764/911/1842 1703/903/1744 1736/915/1792
f 1745/924/1799 1706/906/1745 1734/912/1843 1744/923/1800
f 1756/916/1815 1722/911/1845 1764/911/1844 1737/916/1816
f 1758/925/1823 1725/905/1847 1705/905/1846 1757/925/1824
f 1759/926/1830 1739/918/1795 1735/914/1793 1736/915/1792
f 1745/924/1799 1742/921/1796 1741/920/1798 1757/925/1831
f 1760/915/1833 1756/916/1832 1748/917/1802 1746/914/1805
f 1761/926/1834 1760/915/1833 1746/914/1805 1749/918/1807
f 1762/924/1836 1758/925/1835 1753/920/1808 1751/921/1811
f 1763/923/1837 1762/924/1836 1751/921/1811 1754/922/1813
f 1759/926/1839 1761/926/1838 1749/918/1819 1739/918/1818
f 1744/923/1841 1763/923/1840 1754/922/1827 1743/922/1826
f 1701/901/1740 1702/902/1739 1738/917/1790 1735/914/1793
f 1709/909/1748 1710/910/1747 1742/921/1796 1743/922/1801
f 1729/902/1779 1748/917/1814 1738/917/1817 1702/902/1780
f 1731/913/1785 1753/920/1822 1741/920/1825 1730/913/1786
f 1740/919/1794 1700/900/1741 1701/901/1740
f 1710/910/1747 1707/907/1750 1730/913/1797
f 1729/902/1803 1727/899/1849 1728/900/1850 1747/901/1804
f 1747/901/1804 1728/900/1850 1750/919/1806
f 1731/913/1809 1732/907/1851 1752/910/1810
f 1752/910/1810 1732/907/1851 1733/908/1852 1755/909/1812
f 1740/919/1821 1750/919/1820 1728/900/1853 1700/900/1853
f 1709/909/1829 1755/909/1828 1733/908/1854 1708/908/1854
f 1765/889/1855 1766/890/1856 1767/891/1857 1768/892/1858
f 1769/893/1859 1770/894/1860 1771/895/1860 1772/896/1861
f 1768/892/1858 1767/891/1857 1773/897/1862 1774/898/1863
f 1774/898/1863 1773/897/1862 1770/894/1860 1769/893/1859
f 1769/893/1859 1772/896/1861 1775/899/1864 1776/900/1865
f 1769/893/1859 1776/900/1865 1774/898/1863
f 1774/898/1863 1777/907/1866 1768/892/1858
f 1765/889/1855 1768/892/1858 1777/907/1866 1778/908/1867
f 1779/891/1868 1780/890/1868 1781/889/1869 1782/892/1870
f 1783/895/1871 1784/894/1871 1785/893/1872 1786/896/1873
f 1787/897/1874 1779/891/1868 1782/892/1870 1788/898/1875
f 1784/894/1871 1787/897/1874 1788/898/1875 1785/893/1872
f 1789/899/1876 1786/896/1873 1785/893/1872 1790/900/1877
f 1788/898/1875 1790/900/1877 1785/893/1872
f 1782/892/1870 1791/907/1878 1788/898/1875
f 1791/907/1878 1782/892/1870 1781/889/1869 1792/908/1878
f 1781/889/1879 1780/890/1880 1766/890/1880 1765/889/1881
f 1780/890/1882 1779/891/1883 1767/891/1883 1766/890/1882
f 1783/895/1884 1786/896/1885 1772/896/1886 1771/895/1884
f 1784/894/1887 1783/895/1888 1771/895/1888 1770/894/1887
f 1779/891/1883 1787/897/1887 1773/897/1887 1767/891/1883
f 1787/897/1887 1784/894/1887 1770/894/1887 1773/897/1887
f 1789/899/1889 1790/900/1889 1776/900/1889 1775/899/1889
f 1786/896/1885 1789/899/1890 1775/899/1890 1772/896/1886
f 1790/900/1891 1788/898/1891 1774/898/1891 1776/900/1891
f 1788/898/1892 1791/907/1892 1777/907/1892 1774/898/1892
f 1791/907/1893 1792/908/1893 1778/908/1893 1777/907/1893
f 1792/908/1894 1781/889/1879 1765/889/1881 1778/908/1894
f 1793/889/1895 1794/892/1896 1795/891/1897 1796/890/1897
f 1797/893/1898 1798/896/1899 1799/895/1900 1800/894/1901
f 1794/892/1896 1801/898/1902 1802/897/1903 1795/891/1897
f 1801/898/1902 1797/893/1898 1800/894/1901 1802/897/1903
f 1797/893/1898 1803/900/1904 1804/899/1905 1798/896/1899
f 1797/893/1898 1801/898/1902 1803/900/1904
f 1801/898/1902 1794/892/1896 1805/907/1906
f 1793/889/1895 1806/908/1907 1805/907/1906 1794/892/1896
f 1807/891/1908 1808/892/1909 1809/889/1910 1810/890/1908
f 1811/895/1911 1812/896/1912 1813/893/1913 1814/894/1911
f 1815/897/1914 1816/898/1915 1808/892/1909 1807/891/1908
f 1814/894/1911 1813/893/1913 1816/898/1915 1815/897/1914
f 1817/899/1916 1818/900/1916 1813/893/1913 1812/896/1912
f 1816/898/1915 1813/893/1913 1818/900/1916
f 1808/892/1909 1816/898/1915 1819/907/1917
f 1819/907/1917 1820/908/1917 1809/889/1910 1808/892/1909
f 1809/889/1918 1793/889/1919 1796/890/1920 1810/890/1920
f 1810/890/1921 1796/890/1921 1795/891/1922 1807/891/1922
f 1811/895/1923 1799/895/1923 1798/896/1924 1812/896/1925
f 1814/894/1926 1800/894/1926 1799/895/1927 1811/895/1927
f 1807/891/1922 1795/891/1922 1802/897/1922 1815/897/1922
f 1815/897/1922 1802/897/1922 1800/894/1926 1814/894/1926
f 1817/899/1928 1804/899/1928 1803/900/1928 1818/900/1928
f 1812/896/1925 1798/896/1924 1804/899/1929 1817/899/1929
f 1818/900/1930 1803/900/1930 1801/898/1930 1816/898/1930
f 1816/898/1931 1801/898/1931 1805/907/1931 1819/907/1931
f 1819/907/1932 1805/907/1932 1806/908/1932 1820/908/1932
f 1820/908/1933 1806/908/1933 1793/889/1919 1809/889/1918
f 1821/927/443 1822/928/1934 1823/929/1935
f 1821/927/443 1823/929/1935 1824/930/1936
f 1821/927/443 1824/930/1936 1825/931/1937
f 1821/927/443 1825/931/1937 1826/932/1938
f 1821/927/443 1826/932/1938 1827/933/1939
f 1821/927/443 1827/933/1939 1828/934/1940
f 1821/927/443 1828/934/1940 1829/935/1941
f 1821/927/443 1829/935/1941 1830/936/1942
f 1821/927/443 1830/936/1942 1831/937/1943
f 1821/927/443 1831/937/1943 1832/938/1944
f 1821/927/443 1832/938/1944 1833/939/1945
f 1821/927/443 1833/939/1945 1834/940/1946
f 1821/927/443 1834/940/1946 1835/941/1947
f 1821/927/443 1835/941/1947 1836/942/1948
f 1821/927/443 1836/942/1948 1837/943/1949
f 1821/927/443 1837/943/1949 1838/944/1950
f 1821/927/443 1838/944/1950 1839/945/1951
f 1821/927/443 1839/945/1951 1840/946/1952
f 1821/927/443 1840/946/1952 1841/947/1953
f 1821/927/443 1841/947/1953 1842/948/1954
f 1821/927/443 1842/948/1954 1843/949/1955
f 1821/927/443 1843/949/1955 1844/950/1956
f 1821/927/443 1844/950/1956 1845/951/1957
f 1821/927/443 1845/951/1957 1846/952/1958
f 1821/927/443 1846/952/1958 1847/953/1959
f 1821/927/443 1847/953/1959 1848/954/1960
f 1821/927/443 1848/954/1960 1849/955/1961
f 1821/927/443 1849/955/1961 1850/956/1962
f 1821/927/443 1850/956/1962 1851/957/1963
f 1821/927/443 1851/957/1963 1852/958/1964
f 1821/927/443 1852/958/1964 1853/959/1965
f 1821/927/443 1853/959/1965 1822/928/1934
f 1854/960/1966 1823/929/1935 1822/928/1934 1855/961/1967
f 1856/962/1968 1824/930/1936 1823/929/1935 1854/960/1966
f 1857/963/1969 1825/931/1937 1824/930/1936 1856/962/1968
f 1858/964/1970 1826/932/1938 1825/931/1937 1857/963/1969
f 1859/965/1971 1827/933/1939 1826/932/1938 1858/964/1970
f 1860/966/1972 1828/934/1940 1827/933/1939 1859/965/1971
f 1861/967/1973 1829/935/1941 1828/934/1940 1860/966/1972
f 1862/968/1974 1830/936/1942 1829/935/1941 1861/967/1973
f 1863/969/1975 1831/937/1943 1830/936/1942 1862/968/1974
f 1864/970/1976 1832/938/1944 1831/937/1943 1863/969/1975
f 1865/971/1977 1833/939/1945 1832/938/1944 1864/970/1976
f 1866/972/1978 1834/940/1946 1833/939/1945 1865/971/1977
f 1867/973/1979 1835/941/1947 1834/940/1946 1866/972/1978
f 1868/974/1980 1836/942/1948 1835/941/1947 1867/973/1979
f 1869/975/1981 1837/943/1949 1836/942/1948 1868/974/1980
f 1870/976/1982 1838/944/1950 1837/943/1949 1869/975/1981
f 1871/977/1983 1839/945/1951 1838/944/1950 1870/976/1982
f 1872/978/1984 1840/946/1952 1839/945/1951 1871/977/1983
f 1873/979/1985 1841/947/1953 1840/946/1952 1872/978/1984
f 1874/980/1986 1842/948/1954 1841/947/1953 1873/979/1985
f 1875/981/1987 1843/949/1955 1842/948/1954 1874/980/1986
f 1876/982/1988 1844/950/1956 1843/949/1955 1875/981/1987
f 1877/983/1989 1845/951/1957 1844/950/1956 1876/982/1988
f 1878/984/1990 1846/952/1958 1845/951/1957 1877/983/1989
f 1879/985/1991 1847/953/1959 1846/952/1958 1878/984/1990
f 1880/986/1992 1848/954/1960 1847/953/1959 1879/985/1991
f 1881/987/1993 1849/955/1961 1848/954/1960 1880/986/1992
f 1882/988/1994 1850/956/1962 1849/955/1961 1881/987/1993
f 1883/989/1995 1851/957/1963 1850/956/1962 1882/988/1994
f 1884/990/1996 1852/958/1964 1851/957/1963 1883/989/1995
f 1885/991/1997 1853/959/1965 1852/958/1964 1884/990/1996
f 1855/961/1967 1822/928/1934 1853/959/1965 1885/991/1997
f 1886/992/1998 1854/960/1966 1855/961/1967 1887/993/1999
f 1888/994/2000 1856/962/1968 1854/960/1966 1886/992/1998
f 1889/995/2001 1857/963/1969 1856/962/1968 1888/994/2000
f 1890/996/2002 1858/964/1970 1857/963/1969 1889/995/2001
f 1891/997/2003 1859/965/1971 1858/964/1970 1890/996/2002
f 1892/998/2004 1860/966/1972 1859/965/1971 1891/997/2003
f 1893/999/2005 1861/967/1973 1860/966/1972 1892/998/2004
f 1894/1000/2006 1862/968/1974 1861/967/1973 1893/999/2005
f 1895/1001/2007 1863/969/1975 1862/968/1974 1894/1000/2006
f 1896/1002/2008 1864/970/1976 1863/969/1975 1895/1001/2007
f 1897/1003/2009 1865/971/1977 1864/970/1976 1896/1002/2008
f 1898/1004/2010 1866/972/1978 1865/971/1977 1897/1003/2009
f 1899/1005/2011 1867/973/1979 1866/972/1978 1898/1004/2010
f 1900/1006/2012 1868/974/1980 1867/973/1979 1899/1005/2011
f 1901/1007/2013 1869/975/1981 1868/974/1980 1900/1006/2012
f 1902/1008/2014 1870/976/1982 1869/975/1981 1901/1007/2013
f 1903/1009/2015 1871/977/1983 1870/976/1982 1902/1008/2014
f 1904/1010/2016 1872/978/1984 1871/977/1983 1903/1009/2015
f 1905/1011/2017 1873/979/1985 1872/978/1984 1904/1010/2016
f 1906/1012/2018 1874/980/1986 1873/979/1985 1905/1011/2017
f 1907/1013/2019 1875/981/1987 1874/980/1986 1906/1012/2018
f 1908/1014/2020 1876/982/1988 1875/981/1987 1907/1013/2019
f 1909/1015/2021 1877/983/1989 1876/982/1988 1908/1014/2020
f 1910/1016/2022 1878/984/1990 1877/983/1989 1909/1015/2021
f 1911/1017/2023 1879/985/1991 1878/984/1990 1910/1016/2022
f 1912/1018/2024 1880/986/1992 1879/985/1991 1911/1017/2023
f 1913/1019/2025 1881/987/1993 1880/986/1992 1912/1018/2024
f 1914/1020/2026 1882/988/1994 1881/987/1993 1913/1019/2025
f 1915/1021/2027 1883/989/1995 1882/988/1994 1914/1020/2026
f 1916/1022/2028 1884/990/1996 1883/989/1995 1915/1021/2027
f 1917/1023/2029 1885/991/1997 1884/990/1996 1916/1022/2028
f 1887/993/1999 1855/961/1967 1885/991/1997 1917/1023/2029
f 1918/1024/2030 1886/1025/1998 1887/1026/1999 1919/1027/2031
f 1920/1028/2032 1888/1029/2000 1886/1025/1998 1918/1024/2030
f 1921/1030/2033 1889/1031/2001 1888/1029/2000 1920/1028/2032
f 1922/1032/2034 1890/1033/2002 1889/1031/2001 1921/1030/2033
f 1923/1034/2035 1891/1035/2003 1890/1033/2002 1922/1032/2034
f 1924/1036/2036 1892/1037/2004 1891/1035/2003 1923/1034/2035
f 1925/1038/2037 1893/1039/2005 1892/1037/2004 1924/1036/2036
f 1926/1040/2038 1894/1041/2006 1893/1039/2005 1925/1038/2037
f 1927/1042/2039 1895/1043/2007 1894/1041/2006 1926/1040/2038
f 1928/1044/2040 1896/1045/2008 1895/1043/2007 1927/1042/2039
f 1929/1046/2041 1897/1047/2009 1896/1045/2008 1928/1044/2040
f 1930/1048/2042 1898/1049/2010 1897/1047/2009 1929/1046/2041
f 1931/1050/2043 1899/1051/2011 1898/1049/2010 1930/1048/2042
f 1932/1052/2044 1900/1053/2012 1899/1051/2011 1931/1050/2043
f 1933/1054/2045 1901/1055/2013 1900/1053/2012 1932/1052/2044
f 1934/1056/2046 1902/1057/2014 1901/1055/2013 1933/1054/2045
f 1935/1058/2047 1903/1059/2015 1902/1057/2014 1934/1056/2046
f 1936/1060/2048 1904/1061/2016 1903/1059/2015 1935/1058/2047
f 1937/1062/2049 1905/1063/2017 1904/1061/2016 1936/1060/2048
f 1938/1064/2050 1906/1065/2018 1905/1063/2017 1937/1062/2049
f 1939/1066/2051 1907/1067/2019 1906/1065/2018 1938/1064/2050
f 1940/1068/2052 1908/1069/2020 1907/1067/2019 1939/1066/2051
f 1941/1070/2053 1909/1071/2021 1908/1069/2020 1940/1068/2052
f 1942/1072/2054 1910/1073/2022 1909/1071/2021 1941/1070/2053
f 1943/1074/2055 1911/1075/2023 1910/1073/2022 1942/1072/2054
f 1944/1076/2056 1912/1077/2024 1911/1075/2023 1943/1074/2055
f 1945/1078/2057 1913/1079/2025 1912/1077/2024 1944/1076/2056
f 1946/1080/2058 1914/1081/2026 1913/1079/2025 1945/1078/2057
f 1947/1082/2059 1915/1083/2027 1914/1081/2026 1946/1080/2058
f 1948/1084/2060 1916/1085/2028 1915/1083/2027 1947/1082/2059
f 1949/1086/2061 1917/1087/2029 1916/1085/2028 1948/1084/2060
f 1919/1027/2031 1887/1026/1999 1917/1087/2029 1949/1086/2061
f 1950/1088/2062 1918/1024/2030 1919/1027/2031 1951/1089/2063
f 1952/1090/2064 1920/1028/2032 1918/1024/2030 1950/1088/2062
f 1953/1091/2065 1921/1030/2033 1920/1028/2032 1952/1090/2064
f 1954/1092/2066 1922/1032/2034 1921/1030/2033 1953/1091/2065
f 1955/1093/2067 1923/1034/2035 1922/1032/2034 1954/1092/2066
f 1956/1094/2068 1924/1036/2036 1923/1034/2035 1955/1093/2067
f 1957/1095/2069 1925/1038/2037 1924/1036/2036 1956/1094/2068
f 1958/1096/2070 1926/1040/2038 1925/1038/2037 1957/1095/2069
f 1959/1097/2071 1927/1042/2039 1926/1040/2038 1958/1096/2070
f 1960/1098/2072 1928/1044/2040 1927/1042/2039 1959/1097/2071
f 1961/1099/2073 1929/1046/2041 1928/1044/2040 1960/1098/2072
f 1962/1100/2074 1930/1048/2042 1929/1046/2041 1961/1099/2073
f 1963/1101/2075 1931/1050/2043 1930/1048/2042 1962/1100/2074
f 1964/1102/2076 1932/1052/2044 1931/1050/2043 1963/1101/2075
f 1965/1103/2077 1933/1054/2045 1932/1052/2044 1964/1102/2076
f 1966/1104/2078 1934/1056/2046 1933/1054/2045 1965/1103/2077
f 1967/1105/2079 1935/1058/2047 1934/1056/2046 1966/1104/2078
f 1968/1106/2080 1936/1060/2048 1935/1058/2047 1967/1105/2079
f 1969/1107/2081 1937/1062/2049 1936/1060/2048 1968/1106/2080
f 1970/1108/2082 1938/1064/2050 1937/1062/2049 1969/1107/2081
f 1971/1109/2083 1939/1066/2051 1938/1064/2050 1970/1108/2082
f 1972/1110/2084 1940/1068/2052 1939/1066/2051 1971/1109/2083
f 1973/1111/2085 1941/1070/2053 1940/1068/2052 1972/1110/2084
f 1974/1112/2086 1942/1072/2054 1941/1070/2053 1973/1111/2085
f 1975/1113/2087 1943/1074/2055 1942/1072/2054 1974/1112/2086
f 1976/1114/2088 1944/1076/2056 1943/1074/2055 1975/1113/2087
f 1977/1115/2089 1945/1078/2057 1944/1076/2056 1976/1114/2088
f 1978/1116/2090 1946/1080/2058 1945/1078/2057 1977/1115/2089
f 1979/1117/2091 1947/1082/2059 1946/1080/2058 1978/1116/2090
f 1980/1118/2092 1948/1084/2060 1947/1082/2059 1979/1117/2091
f 1981/1119/2093 1949/1086/2061 1948/1084/2060 1980/1118/2092
f 1951/1089/2063 1919/1027/2031 1949/1086/2061 1981/1119/2093
f 1982/1120/2094 1950/1088/2062 1951/1089/2063 1983/1121/2095
f 1984/1122/2096 1952/1090/2064 1950/1088/2062 1982/1120/2094
f 1985/1123/2097 1953/1091/2065 1952/1090/2064 1984/1122/2096
f 1986/1124/2098 1954/1092/2066 1953/1091/2065 1985/1123/2097
f 1987/1125/2099 1955/1093/2067 1954/1092/2066 1986/1124/2098
f 1988/1126/2100 1956/1094/2068 1955/1093/2067 1987/1125/2099
f 1989/1127/2101 1957/1095/2069 1956/1094/2068 1988/1126/2100
f 1990/1128/2102 1958/1096/2070 1957/1095/2069 1989/1127/2101
f 1991/1129/2103 1959/1097/2071 1958/1096/2070 1990/1128/2102
f 1992/1130/2104 1960/1098/2072 1959/1097/2071 1991/1129/2103
f 1993/1131/2105 1961/1099/2073 1960/1098/2072 1992/1130/2104
f 1994/1132/2106 1962/1100/2074 1961/1099/2073 1993/1131/2105
f 1995/1133/2107 1963/1101/2075 1962/1100/2074 1994/1132/2106
f 1996/1134/2108 1964/1102/2076 1963/1101/2075 1995/1133/2107
f 1997/1135/2109 1965/1103/2077 1964/1102/2076 1996/1134/2108
f 1998/1136/2110 1966/1104/2078 1965/1103/2077 1997/1135/2109
f 1999/1137/2111 1967/1105/2079 1966/1104/2078 1998/1136/2110
f 2000/1138/2112 1968/1106/2080 1967/1105/2079 1999/1137/2111
f 2001/1139/2113 1969/1107/2081 1968/1106/2080 2000/1138/2112
f 2002/1140/2114 1970/1108/2082 1969/1107/2081 2001/1139/2113
f 2003/1141/2115 1971/1109/2083 1970/1108/2082 2002/1140/2114
f 2004/1142/2116 1972/1110/2084 1971/1109/2083 2003/1141/2115
f 2005/1143/2117 1973/1111/2085 1972/1110/2084 2004/1142/2116
f 2006/1144/2118 1974/1112/2086 1973/1111/2085 2005/1143/2117
f 2007/1145/2119 1975/1113/2087 1974/1112/2086 2006/1144/2118
f 2008/1146/2120 1976/1114/2088 1975/1113/2087 2007/1145/2119
f 2009/1147/2121 1977/1115/2089 1976/1114/2088 2008/1146/2120
f 2010/1148/2122 1978/1116/2090 1977/1115/2089 2009/1147/2121
f 2011/1149/2123 1979/1117/2091 1978/1116/2090 2010/1148/2122
f 2012/1150/2124 1980/1118/2092 1979/1117/2091 2011/1149/2123
f 2013/1151/2125 1981/1119/2093 1980/1118/2092 2012/1150/2124
f 1983/1121/2095 1951/1089/2063 1981/1119/2093 2013/1151/2125
f 2014/1152/2126 1982/1120/2094 1983/1121/2095 2015/1153/2127
f 2016/1154/2128 1984/1122/2096 1982/1120/2094 2014/1152/2126
f 2017/1155/2129 1985/1123/2097 1984/1122/2096 2016/1154/2128
f 2018/1156/2130 1986/1124/2098 1985/1123/2097 2017/1155/2129
f 2019/1157/2131 1987/1125/2099 1986/1124/2098 2018/1156/2130
f 2020/1158/2132 1988/1126/2100 1987/1125/2099 2019/1157/2131
f 2021/1159/2133 1989/1127/2101 1988/1126/2100 2020/1158/2132
f 2022/1160/2134 1990/1128/2102 1989/1127/2101 2021/1159/2133
f 2023/1161/2135 1991/1129/2103 1990/1128/2102 2022/1160/2134
f 2024/1162/2136 1992/1130/2104 1991/1129/2103 2023/1161/2135
f 2025/1163/2137 1993/1131/2105 1992/1130/2104 2024/1162/2136
f 2026/1164/2138 1994/1132/2106 1993/1131/2105 2025/1163/2137
f 2027/1165/2139 1995/1133/2107 1994/1132/2106 2026/1164/2138
f 2028/1166/2140 1996/1134/2108 1995/1133/2107 2027/1165/2139
f 2029/1167/2141 1997/1135/2109 1996/1134/2108 2028/1166/2140
f 2030/1168/2142 1998/1136/2110 1997/1135/2109 2029/1167/2141
f 2031/1169/2143 1999/1137/2111 1998/1136/2110 2030/1168/2142
f 2032/1170/2144 2000/1138/2112 1999/1137/2111 2031/1169/2143
f 2033/1171/2145 2001/1139/2113 2000/1138/2112 2032/1170/2144
f 2034/1172/2146 2002/1140/2114 2001/1139/2113 2033/1171/2145
f 2035/1173/2147 2003/1141/2115 2002/1140/2114 2034/1172/2146
f 2036/1174/2148 2004/1142/2116 2003/1141/2115 2035/1173/2147
f 2037/1175/2149 2005/1143/2117 2004/1142/2116 2036/1174/2148
f 2038/1176/2150 2006/1144/2118 2005/1143/2117 2037/1175/2149
f 2039/1177/2151 2007/1145/2119 2006/1144/2118 2038/1176/2150
f 2040/1178/2152 2008/1146/2120 2007/1145/2119 2039/1177/2151
f 2041/1179/2153 2009/1147/2121 2008/1146/2120 2040/1178/2152
f 2042/1180/2154 2010/1148/2122 2009/1147/2121 2041/1179/2153
f 2043/1181/2155 2011/1149/2123 2010/1148/2122 2042/1180/2154
f 2044/1182/2156 2012/1150/2124 2011/1149/2123 2043/1181/2155
f 2045/1183/2157 2013/1151/2125 2012/1150/2124 2044/1182/2156
f 2015/1153/2127 1983/1121/2095 2013/1151/2125 2045/1183/2157
f 2046/1184/2158 2014/1185/2126 2015/1186/2127 2047/1187/2159
f 2048/1188/2160 2016/1189/2128 2014/1185/2126 2046/1184/2158
f 2049/1190/2161 2017/1191/2129 2016/1189/2128 2048/1188/2160
f 2050/1192/2162 2018/1193/2130 2017/1191/2129 2049/1190/2161
f 2051/1194/2163 2019/1195/2131 2018/1193/2130 2050/1192/2162
f 2052/1196/2164 2020/1197/2132 2019/1195/2131 2051/1194/2163
f 2053/1198/2165 2021/1199/2133 2020/1197/2132 2052/1196/2164
f 2054/1200/2166 2022/1201/2134 2021/1199/2133 2053/1198/2165
f 2055/1202/2167 2023/1203/2135 2022/1201/2134 2054/1200/2166
f 2056/1204/2168 2024/1205/2136 2023/1203/2135 2055/1202/2167
f 2057/1206/2169 2025/1207/2137 2024/1205/2136 2056/1204/2168
f 2058/1208/2170 2026/1209/2138 2025/1207/2137 2057/1206/2169
f 2059/1210/2171 2027/1211/2139 2026/1209/2138 2058/1208/2170
f 2060/1212/2172 2028/1213/2140 2027/1211/2139 2059/1210/2171
f 2061/1214/2173 2029/1215/2141 2028/1213/2140 2060/1212/2172
f 2062/1216/2174 2030/1217/2142 2029/1215/2141 2061/1214/2173
f 2063/1218/2175 2031/1219/2143 2030/1217/2142 2062/1216/2174
f 2064/1220/2176 2032/1221/2144 2031/1219/2143 2063/1218/2175
f 2065/1222/2177 2033/1223/2145 2032/1221/2144 2064/1220/2176
f 2066/1224/2178 2034/1225/2146 2033/1223/2145 2065/1222/2177
f 2067/1226/2179 2035/1227/2147 2034/1225/2146 2066/1224/2178
f 2068/1228/2180 2036/1229/2148 2035/1227/2147 2067/1226/2179
f 2069/1230/2181 2037/1231/2149 2036/1229/2148 2068/1228/2180
f 2070/1232/2182 2038/1233/2150 2037/1231/2149 2069/1230/2181
f 2071/1234/2183 2039/1235/2151 2038/1233/2150 2070/1232/2182
f 2072/1236/2184 2040/1237/2152 2039/1235/2151 2071/1234/2183
f 2073/1238/2185 2041/1239/2153 2040/1237/2152 2072/1236/2184
f 2074/1240/2186 2042/1241/2154 2041/1239/2153 2073/1238/2185
f 2075/1242/2187 2043/1243/2155 2042/1241/2154 2074/1240/2186
f 2076/1244/2188 2044/1245/2156 2043/1243/2155 2075/1242/2187
f 2077/1246/2189 2045/1247/2157 2044/1245/2156 2076/1244/2188
f 2047/1187/2159 2015/1186/2127 2045/1247/2157 2077/1246/2189
f 2078/1248/2190 2046/1184/2158 2047/1187/2159 2079/1249/2191
f 2080/1250/2192 2048/1188/2160 2046/1184/2158 2078/1248/2190
f 2081/1251/2193 2049/1190/2161 2048/1188/2160 2080/1250/2192
f 2082/1252/2194 2050/1192/2162 2049/1190/2161 2081/1251/2193
f 2083/1253/2195 2051/1194/2163 2050/1192/2162 2082/1252/2194
f 2084/1254/2196 2052/1196/2164 2051/1194/2163 2083/1253/2195
f 2085/1255/2197 2053/1198/2165 2052/1196/2164 2084/1254/2196
f 2086/1256/2198 2054/1200/2166 2053/1198/2165 2085/1255/2197
f 2087/1257/2199 2055/1202/2167 2054/1200/2166 2086/1256/2198
f 2088/1258/2200 2056/1204/2168 2055/1202/2167 2087/1257/2199
f 2089/1259/2201 2057/1206/2169 2056/1204/2168 2088/1258/2200
f 2090/1260/2202 2058/1208/2170 2057/1206/2169 2089/1259/2201
f 2091/1261/2203 2059/1210/2171 2058/1208/2170 2090/1260/2202
f 2092/1262/2204 2060/1212/2172 2059/1210/2171 2091/1261/2203
f 2093/1263/2205 2061/1214/2173 2060/1212/2172 2092/1262/2204
f 2094/1264/2206 2062/1216/2174 2061/1214/2173 2093/1263/2205
f 2095/1265/2207 2063/1218/2175 2062/1216/2174 2094/1264/2206
f 2096/1266/2208 2064/1220/2176 2063/1218/2175 2095/1265/2207
f 2097/1267/2209 2065/1222/2177 2064/1220/2176 2096/1266/2208
f 2098/1268/2210 2066/1224/2178 2065/1222/2177 2097/1267/2209
f 2099/1269/2211 2067/1226/2179 2066/1224/2178 2098/1268/2210
f 2100/1270/2212 2068/1228/2180 2067/1226/2179 2099/1269/2211
f 2101/1271/2213 2069/1230/2181 2068/1228/2180 2100/1270/2212
f 2102/1272/2214 2070/1232/2182 2069/1230/2181 2101/1271/2213
f 2103/1273/2215 2071/1234/2183 2070/1232/2182 2102/1272/2214
f 2104/1274/2216 2072/1236/2184 2071/1234/2183 2103/1273/2215
f 2105/1275/2217 2073/1238/2185 2072/1236/2184 2104/1274/2216
f 2106/1276/2218 2074/1240/2186 2073/1238/2185 2105/1275/2217
f 2107/1277/2219 2075/1242/2187 2074/1240/2186 2106/1276/2218
f 2108/1278/2220 2076/1244/2188 2075/1242/2187 2107/1277/2219
f 2109/1279/2221 2077/1246/2189 2076/1244/2188 2108/1278/2220
f 2079/1249/2191 2047/1187/2159 2077/1246/2189 2109/1279/2221
f 2110/1280/2222 2078/1248/2190 2079/1249/2191 2111/1281/2223
f 2112/1282/2224 2080/1250/2192 2078/1248/2190 2110/1280/2222
f 2113/1283/2225 2081/1251/2193 2080/1250/2192 2112/1282/2224
f 2114/1284/2226 2082/1252/2194 2081/1251/2193 2113/1283/2225
f 2115/1285/2227 2083/1253/2195 2082/1252/2194 2114/1284/2226
f 2116/1286/2228 2084/1254/2196 2083/1253/2195 2115/1285/2227
f 2117/1287/2229 2085/1255/2197 2084/1254/2196 2116/1286/2228
f 2118/1288/2230 2086/1256/2198 2085/1255/2197 2117/1287/2229
f 2119/1289/2231 2087/1257/2199 2086/1256/2198 2118/1288/2230
f 2120/1290/2232 2088/1258/2200 2087/1257/2199 2119/1289/2231
f 2121/1291/2233 2089/1259/2201 2088/1258/2200 2120/1290/2232
f 2122/1292/2234 2090/1260/2202 2089/1259/2201 2121/1291/2233
f 2123/1293/2235 2091/1261/2203 2090/1260/2202 2122/1292/2234
f 2124/1294/2236 2092/1262/2204 2091/1261/2203 2123/1293/2235
f 2125/1295/2237 2093/1263/2205 2092/1262/2204 2124/1294/2236
f 2126/1296/2238 2094/1264/2206 2093/1263/2205 2125/1295/2237
f 2127/1297/2239 2095/1265/2207 2094/1264/2206 2126/1296/2238
f 2128/1298/2240 2096/1266/2208 2095/1265/2207 2127/1297/2239
f 2129/1299/2241 2097/1267/2209 2096/1266/2208 2128/1298/2240
f 2130/1300/2242 2098/1268/2210 2097/1267/2209 2129/1299/2241
f 2131/1301/2243 2099/1269/2211 2098/1268/2210 2130/1300/2242
f 2132/1302/2244 2100/1270/2212 2099/1269/2211 2131/1301/2243
f 2133/1303/2245 2101/1271/2213 2100/1270/2212 2132/1302/2244
f 2134/1304/2246 2102/1272/2214 2101/1271/2213 2133/1303/2245
f 2135/1305/2247 2103/1273/2215 2102/1272/2214 2134/1304/2246
f 2136/1306/2248 2104/1274/2216 2103/1273/2215 2135/1305/2247
f 2137/1307/2249 2105/1275/2217 2104/1274/2216 2136/1306/2248
f 2138/1308/2250 2106/1276/2218 2105/1275/2217 2137/1307/2249
f 2139/1309/2251 2107/1277/2219 2106/1276/2218 2138/1308/2250
f 2140/1310/2252 2108/1278/2220 2107/1277/2219 2139/1309/2251
f 2141/1311/2253 2109/1279/2221 2108/1278/2220 2140/1310/2252
f 2111/1281/2223 2079/1249/2191 2109/1279/2221 2141/1311/2253
f 2142/1312/2254 2110/1280/2222 2111/1281/2223 2143/1313/2255
f 2144/1314/2256 2112/1282/2224 2110/1280/2222 2142/1312/2254
f 2145/1315/2257 2113/1283/2225 2112/1282/2224 2144/1314/2256
f 2146/1316/2258 2114/1284/2226 2113/1283/2225 2145/1315/2257
f 2147/1317/2259 2115/1285/2227 2114/1284/2226 2146/1316/2258
f 2148/1318/2260 2116/1286/2228 2115/1285/2227 2147/1317/2259
f 2149/1319/2261 2117/1287/2229 2116/1286/2228 2148/1318/2260
f 2150/1320/2262 2118/1288/2230 2117/1287/2229 2149/1319/2261
f 2151/1321/2263 2119/1289/2231 2118/1288/2230 2150/1320/2262
f 2152/1322/2264 2120/1290/2232 2119/1289/2231 2151/1321/2263
f 2153/1323/2265 2121/1291/2233 2120/1290/2232 2152/1322/2264
f 2154/1324/2266 2122/1292/2234 2121/1291/2233 2153/1323/2265
f 2155/1325/2267 2123/1293/2235 2122/1292/2234 2154/1324/2266
f 2156/1326/2268 2124/1294/2236 2123/1293/2235 2155/1325/2267
f 2157/1327/2269 2125/1295/2237 2124/1294/2236 2156/1326/2268
f 2158/1328/2270 2126/1296/2238 2125/1295/2237 2157/1327/2269
f 2159/1329/2271 2127/1297/2239 2126/1296/2238 2158/1328/2270
f 2160/1330/2272 2128/1298/2240 2127/1297/2239 2159/1329/2271
f 2161/1331/2273 2129/1299/2241 2128/1298/2240 2160/1330/2272
f 2162/1332/2274 2130/1300/2242 2129/1299/2241 2161/1331/2273
f 2163/1333/2275 2131/1301/2243 2130/1300/2242 2162/1332/2274
f 2164/1334/2276 2132/1302/2244 2131/1301/2243 2163/1333/2275
f 2165/1335/2277 2133/1303/2245 2132/1302/2244 2164/1334/2276
f 2166/1336/2278 2134/1304/2246 2133/1303/2245 2165/1335/2277
f 2167/1337/2279 2135/1305/2247 2134/1304/2246 2166/1336/2278
f 2168/1338/2280 2136/1306/2248 2135/1305/2247 2167/1337/2279
f 2169/1339/2281 2137/1307/2249 2136/1306/2248 2168/1338/2280
f 2170/1340/2282 2138/1308/2250 2137/1307/2249 2169/1339/2281
f 2171/1341/2283 2139/1309/2251 2138/1308/2250 2170/1340/2282
f 2172/1342/2284 2140/1310/2252 2139/1309/2251 2171/1341/2283
f 2173/1343/2285 2141/1311/2253 2140/1310/2252 2172/1342/2284
f 2143/1313/2255 2111/1281/2223 2141/1311/2253 2173/1343/2285
f 2174/1344/2286 2142/1345/2254 2143/1346/2255 2175/1347/2287
f 2176/1348/2288 2144/1314/2256 2142/1312/2254 2174/1349/2286
f 2177/1350/2289 2145/1315/2257 2144/1314/2256 2176/1348/2288
f 2178/1351/2290 2146/1316/2258 2145/1315/2257 2177/1350/2289
f 2179/1352/2291 2147/1317/2259 2146/1316/2258 2178/1351/2290
f 2180/1353/2292 2148/1318/2260 2147/1317/2259 2179/1352/2291
f 2181/1354/2293 2149/1319/2261 2148/1318/2260 2180/1353/2292
f 2182/1355/2294 2150/1320/2262 2149/1319/2261 2181/1354/2293
f 2183/1356/2295 2151/1321/2263 2150/1320/2262 2182/1355/2294
f 2184/1357/2296 2152/1322/2264 2151/1321/2263 2183/1356/2295
f 2185/1358/2297 2153/1323/2265 2152/1322/2264 2184/1357/2296
f 2186/1359/2298 2154/1324/2266 2153/1323/2265 2185/1358/2297
f 2187/1360/2299 2155/1325/2267 2154/1324/2266 2186/1359/2298
f 2188/1361/2300 2156/1326/2268 2155/1325/2267 2187/1360/2299
f 2189/1362/2301 2157/1327/2269 2156/1326/2268 2188/1361/2300
f 2190/1363/2302 2158/1328/2270 2157/1327/2269 2189/1362/2301
f 2191/1364/2303 2159/1329/2271 2158/1328/2270 2190/1363/2302
f 2192/1365/2304 2160/1330/2272 2159/1329/2271 2191/1364/2303
f 2193/1366/2305 2161/1331/2273 2160/1330/2272 2192/1365/2304
f 2194/1367/2306 2162/1332/2274 2161/1331/2273 2193/1366/2305
f 2195/1368/2307 2163/1333/2275 2162/1332/2274 2194/1367/2306
f 2196/1369/2308 2164/1334/2276 2163/1333/2275 2195/1368/2307
f 2197/1370/2309 2165/1335/2277 2164/1334/2276 2196/1369/2308
f 2198/1371/2310 2166/1336/2278 2165/1335/2277 2197/1370/2309
f 2199/1372/2311 2167/1337/2279 2166/1336/2278 2198/1371/2310
f 2200/1373/2312 2168/1338/2280 2167/1337/2279 2199/1372/2311
f 2201/1374/2313 2169/1339/2281 2168/1338/2280 2200/1373/2312
f 2202/1375/2314 2170/1340/2282 2169/1339/2281 2201/1374/2313
f 2203/1376/2315 2171/1377/2283 2170/1378/2282 2202/1379/2314
f 2204/1380/2316 2172/1381/2284 2171/1377/2283 2203/1376/2315
f 2205/1382/2317 2173/1383/2285 2172/1381/2284 2204/1380/2316
f 2175/1347/2287 2143/1346/2255 2173/1383/2285 2205/1382/2317
f 2206/1384/2318 2174/1344/2286 2175/1347/2287 2207/1385/2319
f 2208/1386/2320 2176/1348/2288 2174/1349/2286 2206/1387/2318
f 2209/1388/2321 2177/1350/2289 2176/1348/2288 2208/1386/2320
f 2210/1389/2322 2178/1351/2290 2177/1350/2289 2209/1388/2321
f 2211/1390/2323 2179/1352/2291 2178/1351/2290 2210/1389/2322
f 2212/1391/2324 2180/1353/2292 2179/1352/2291 2211/1390/2323
f 2213/1392/2325 2181/1354/2293 2180/1353/2292 2212/1391/2324
f 2214/1393/2326 2182/1355/2294 2181/1354/2293 2213/1392/2325
f 2215/1394/2327 2183/1356/2295 2182/1355/2294 2214/1393/2326
f 2216/1395/2328 2184/1357/2296 2183/1356/2295 2215/1394/2327
f 2217/1396/2329 2185/1358/2297 2184/1357/2296 2216/1395/2328
f 2218/1397/2330 2186/1359/2298 2185/1358/2297 2217/1396/2329
f 2219/1398/2331 2187/1360/2299 2186/1359/2298 2218/1397/2330
f 2220/1399/2332 2188/1361/2300 2187/1360/2299 2219/1398/2331
f 2221/1400/2333 2189/1362/2301 2188/1361/2300 2220/1399/2332
f 2222/1401/2334 2190/1363/2302 2189/1362/2301 2221/1400/2333
f 2223/1402/2335 2191/1364/2303 2190/1363/2302 2222/1401/2334
f 2224/1403/2336 2192/1365/2304 2191/1364/2303 2223/1402/2335
f 2225/1404/2337 2193/1366/2305 2192/1365/2304 2224/1403/2336
f 2226/1405/2338 2194/1367/2306 2193/1366/2305 2225/1404/2337
f 2227/1406/2339 2195/1368/2307 2194/1367/2306 2226/1405/2338
f 2228/1407/2340 2196/1369/2308 2195/1368/2307 2227/1406/2339
f 2229/1408/2341 2197/1370/2309 2196/1369/2308 2228/1407/2340
f 2230/1409/2342 2198/1371/2310 2197/1370/2309 2229/1408/2341
f 2231/1410/2343 2199/1372/2311 2198/1371/2310 2230/1409/2342
f 2232/1411/2344 2200/1373/2312 2199/1372/2311 2231/1410/2343
f 2233/1412/2345 2201/1374/2313 2200/1373/2312 2232/1411/2344
f 2234/1413/2346 2202/1375/2314 2201/1374/2313 2233/1412/2345
f 2235/1414/2347 2203/1376/2315 2202/1379/2314 2234/1415/2346
f 2236/1416/2348 2204/1380/2316 2203/1376/2315 2235/1414/2347
f 2237/1417/2349 2205/1382/2317 2204/1380/2316 2236/1416/2348
f 2207/1385/2319 2175/1347/2287 2205/1382/2317 2237/1417/2349
f 2238/1418/2350 2206/1384/2318 2207/1385/2319 2239/1419/2351
f 2240/1420/2352 2208/1386/2320 2206/1387/2318 2238/1421/2350
f 2241/1422/2353 2209/1388/2321 2208/1386/2320 2240/1420/2352
f 2242/1423/2354 2210/1389/2322 2209/1388/2321 2241/1422/2353
f 2243/1424/2355 2211/1390/2323 2210/1389/2322 2242/1423/2354
f 2244/1425/2356 2212/1391/2324 2211/1390/2323 2243/1424/2355
f 2245/1426/2357 2213/1392/2325 2212/1391/2324 2244/1425/2356
f 2246/1427/2358 2214/1393/2326 2213/1392/2325 2245/1426/2357
f 2247/1428/2359 2215/1394/2327 2214/1393/2326 2246/1427/2358
f 2248/1429/2360 2216/1395/2328 2215/1394/2327 2247/1428/2359
f 2249/1430/2361 2217/1396/2329 2216/1395/2328 2248/1429/2360
f 2250/1431/2362 2218/1397/2330 2217/1396/2329 2249/1430/2361
f 2251/1432/2363 2219/1398/2331 2218/1397/2330 2250/1431/2362
f 2252/1433/2364 2220/1399/2332 2219/1398/2331 2251/1432/2363
f 2253/1434/2365 2221/1400/2333 2220/1399/2332 2252/1433/2364
f 2254/1435/2366 2222/1401/2334 2221/1400/2333 2253/1434/2365
f 2255/1436/2367 2223/1402/2335 2222/1401/2334 2254/1435/2366
f 2256/1437/2368 2224/1403/2336 2223/1402/2335 2255/1436/2367
f 2257/1438/2369 2225/1404/2337 2224/1403/2336 2256/1437/2368
f 2258/1439/2370 2226/1405/2338 2225/1404/2337 2257/1438/2369
f 2259/1440/2371 2227/1406/2339 2226/1405/2338 2258/1439/2370
f 2260/1441/2372 2228/1407/2340 2227/1406/2339 2259/1440/2371
f 2261/1442/2373 2229/1408/2341 2228/1407/2340 2260/1441/2372
f 2262/1443/2374 2230/1409/2342 2229/1408/2341 2261/1442/2373
f 2263/1444/2375 2231/1410/2343 2230/1409/2342 2262/1443/2374
f 2264/1445/2376 2232/1411/2344 2231/1410/2343 2263/1444/2375
f 2265/1446/2377 2233/1412/2345 2232/1411/2344 2264/1445/2376
f 2266/1447/2378 2234/1413/2346 2233/1412/2345 2265/1446/2377
f 2267/1448/2379 2235/1414/2347 2234/1415/2346 2266/1449/2378
f 2268/1450/2380 2236/1416/2348 2235/1414/2347 2267/1448/2379
f 2269/1451/2381 2237/1417/2349 2236/1416/2348 2268/1450/2380
f 2239/1419/2351 2207/1385/2319 2237/1417/2349 2269/1451/2381
f 2270/1452/2382 2238/1418/2350 2239/1419/2351 2271/1453/2383
f 2272/1454/2384 2240/1420/2352 2238/1421/2350 2270/1455/2382
f 2273/1456/2385 2241/1422/2353 2240/1420/2352 2272/1454/2384
f 2274/1457/2386 2242/1423/2354 2241/1422/2353 2273/1456/2385
f 2275/1458/2387 2243/1424/2355 2242/1423/2354 2274/1457/2386
f 2276/1459/2388 2244/1425/2356 2243/1424/2355 2275/1458/2387
f 2277/1460/2389 2245/1426/2357 2244/1425/2356 2276/1459/2388
f 2278/1461/2390 2246/1427/2358 2245/1426/2357 2277/1460/2389
f 2279/1462/2391 2247/1428/2359 2246/1427/2358 2278/1461/2390
f 2280/1463/2392 2248/1429/2360 2247/1428/2359 2279/1462/2391
f 2281/1464/2393 2249/1430/2361 2248/1429/2360 2280/1463/2392
f 2282/1465/2394 2250/1431/2362 2249/1430/2361 2281/1464/2393
f 2283/1466/2395 2251/1432/2363 2250/1431/2362 2282/1465/2394
f 2284/1467/2396 2252/1433/2364 2251/1432/2363 2283/1466/2395
f 2285/1468/2397 2253/1434/2365 2252/1433/2364 2284/1467/2396
f 2286/1469/2398 2254/1435/2366 2253/1434/2365 2285/1468/2397
f 2287/1470/2399 2255/1436/2367 2254/1435/2366 2286/1469/2398
f 2288/1471/2400 2256/1437/2368 2255/1436/2367 2287/1470/2399
f 2289/1472/2401 2257/1438/2369 2256/1437/2368 2288/1471/2400
f 2290/1473/2402 2258/1439/2370 2257/1438/2369 2289/1472/2401
f 2291/1474/2403 2259/1440/2371 2258/1439/2370 2290/1473/2402
f 2292/1475/2404 2260/1441/2372 2259/1440/2371 2291/1474/2403
f 2293/1476/2405 2261/1442/2373 2260/1441/2372 2292/1475/2404
f 2294/1477/2406 2262/1443/2374 2261/1442/2373 2293/1476/2405
f 2295/1478/2407 2263/1444/2375 2262/1443/2374 2294/1477/2406
f 2296/1479/2408 2264/1445/2376 2263/1444/2375 2295/1478/2407
f 2297/1480/2409 2265/1446/2377 2264/1445/2376 2296/1479/2408
f 2298/1481/2410 2266/1447/2378 2265/1446/2377 2297/1480/2409
f 2299/1482/2411 2267/1448/2379 2266/1449/2378 2298/1483/2410
f 2300/1484/2412 2268/1450/2380 2267/1448/2379 2299/1482/2411
f 2301/1485/2413 2269/1451/2381 2268/1450/2380 2300/1484/2412
f 2271/1453/2383 2239/1419/2351 2269/1451/2381 2301/1485/2413
f 2302/1486/2414 2270/1452/2382 2271/1453/2383 2303/1487/1596
f 2304/1488/2415 2272/1454/2384 2270/1455/2382 2302/1489/2414
f 2305/1490/2416 2273/1456/2385 2272/1454/2384 2304/1488/2415
f 2306/1491/2417 2274/1457/2386 2273/1456/2385 2305/1490/2416
f 2307/1492/2418 2275/1458/2387 2274/1457/2386 2306/1491/2417
f 2308/1493/2419 2276/1459/2388 2275/1458/2387 2307/1492/2418
f 2309/1494/2420 2277/1460/2389 2276/1459/2388 2308/1493/2419
f 2310/1495/2421 2278/1461/2390 2277/1460/2389 2309/1494/2420
f 2311/1496/2422 2279/1462/2391 2278/1461/2390 2310/1495/2421
f 2312/1497/2423 2280/1463/2392 2279/1462/2391 2311/1496/2422
f 2313/1498/2424 2281/1464/2393 2280/1463/2392 2312/1497/2423
f 2314/1499/1928 2282/1465/2394 2281/1464/2393 2313/1498/2424
f 2315/1500/2425 2283/1466/2395 2282/1465/2394 2314/1499/1928
f 2316/1501/2426 2284/1467/2396 2283/1466/2395 2315/1500/2425
f 2317/1502/2427 2285/1468/2397 2284/1467/2396 2316/1501/2426
f 2318/1503/1598 2286/1469/2398 2285/1468/2397 2317/1502/2427
f 2319/1504/2428 2287/1470/2399 2286/1469/2398 2318/1503/1598
f 2320/1505/2429 2288/1471/2400 2287/1470/2399 2319/1504/2428
f 2321/1506/2430 2289/1472/2401 2288/1471/2400 2320/1505/2429
f 2322/1507/2431 2290/1473/2402 2289/1472/2401 2321/1506/2430
f 2323/1508/2432 2291/1474/2403 2290/1473/2402 2322/1507/2431
f 2324/1509/2433 2292/1475/2404 2291/1474/2403 2323/1508/2432
f 2325/1510/2434 2293/1476/2405 2292/1475/2404 2324/1509/2433
f 2326/1511/2435 2294/1477/2406 2293/1476/2405 2325/1510/2434
f 2327/1512/2436 2295/1478/2407 2294/1477/2406 2326/1511/2435
f 2328/1513/2437 2296/1479/2408 2295/1478/2407 2327/1512/2436
f 2329/1514/2438 2297/1480/2409 2296/1479/2408 2328/1513/2437
f 2330/1515/1921 2298/1481/2410 2297/1480/2409 2329/1514/2438
f 2331/1516/2439 2299/1482/2411 2298/1483/2410 2330/1517/1921
f 2332/1518/2440 2300/1484/2412 2299/1482/2411 2331/1516/2439
f 2333/1519/2441 2301/1485/2413 2300/1484/2412 2332/1518/2440
f 2303/1487/1596 2271/1453/2383 2301/1485/2413 2333/1519/2441
f 2334/1455/2442 2302/1489/2414 2303/1520/1596 2335/1521/2443
f 2336/1454/2444 2304/1488/2415 2302/1489/2414 2334/1455/2442
f 2337/1456/2445 2305/1490/2416 2304/1488/2415 2336/1454/2444
f 2338/1457/2446 2306/1491/2417 2305/1490/2416 2337/1456/2445
f 2339/1458/2447 2307/1492/2418 2306/1491/2417 2338/1457/2446
f 2340/1459/2448 2308/1493/2419 2307/1492/2418 2339/1458/2447
f 2341/1460/2449 2309/1494/2420 2308/1493/2419 2340/1459/2448
f 2342/1461/2450 2310/1495/2421 2309/1494/2420 2341/1460/2449
f 2343/1462/2451 2311/1496/2422 2310/1495/2421 2342/1461/2450
f 2344/1463/2452 2312/1497/2423 2311/1496/2422 2343/1462/2451
f 2345/1464/2453 2313/1498/2424 2312/1497/2423 2344/1463/2452
f 2346/1465/2454 2314/1499/1928 2313/1498/2424 2345/1464/2453
f 2347/1466/2455 2315/1500/2425 2314/1499/1928 2346/1465/2454
f 2348/1467/2456 2316/1501/2426 2315/1500/2425 2347/1466/2455
f 2349/1468/2457 2317/1502/2427 2316/1501/2426 2348/1467/2456
f 2350/1469/2458 2318/1503/1598 2317/1502/2427 2349/1468/2457
f 2351/1470/2459 2319/1504/2428 2318/1503/1598 2350/1469/2458
f 2352/1471/2460 2320/1505/2429 2319/1504/2428 2351/1470/2459
f 2353/1472/2461 2321/1506/2430 2320/1505/2429 2352/1471/2460
f 2354/1473/2462 2322/1507/2431 2321/1506/2430 2353/1472/2461
f 2355/1474/2463 2323/1508/2432 2322/1507/2431 2354/1473/2462
f 2356/1475/2464 2324/1509/2433 2323/1508/2432 2355/1474/2463
f 2357/1476/2465 2325/1510/2434 2324/1509/2433 2356/1475/2464
f 2358/1477/2466 2326/1511/2435 2325/1510/2434 2357/1476/2465
f 2359/1478/2467 2327/1512/2436 2326/1511/2435 2358/1477/2466
f 2360/1479/2468 2328/1513/2437 2327/1512/2436 2359/1478/2467
f 2361/1480/2469 2329/1514/2438 2328/1513/2437 2360/1479/2468
f 2362/1481/2470 2330/1515/1921 2329/1514/2438 2361/1480/2469
f 2363/1522/2471 2331/1523/2439 2330/1515/1921 2362/1481/2470
f 2364/1524/2472 2332/1525/2440 2331/1523/2439 2363/1522/2471
f 2365/1526/2473 2333/1527/2441 2332/1525/2440 2364/1524/2472
f 2335/1521/2443 2303/1520/1596 2333/1527/2441 2365/1526/2473
f 2366/1421/2474 2334/1455/2442 2335/1521/2443 2367/1528/2475
f 2368/1420/2476 2336/1454/2444 2334/1455/2442 2366/1421/2474
f 2369/1422/2477 2337/1456/2445 2336/1454/2444 2368/1420/2476
f 2370/1423/2478 2338/1457/2446 2337/1456/2445 2369/1422/2477
f 2371/1424/2479 2339/1458/2447 2338/1457/2446 2370/1423/2478
f 2372/1425/2480 2340/1459/2448 2339/1458/2447 2371/1424/2479
f 2373/1426/2481 2341/1460/2449 2340/1459/2448 2372/1425/2480
f 2374/1427/2482 2342/1461/2450 2341/1460/2449 2373/1426/2481
f 2375/1428/2483 2343/1462/2451 2342/1461/2450 2374/1427/2482
f 2376/1429/2484 2344/1463/2452 2343/1462/2451 2375/1428/2483
f 2377/1430/2485 2345/1464/2453 2344/1463/2452 2376/1429/2484
f 2378/1431/2486 2346/1465/2454 2345/1464/2453 2377/1430/2485
f 2379/1432/2487 2347/1466/2455 2346/1465/2454 2378/1431/2486
f 2380/1433/2488 2348/1467/2456 2347/1466/2455 2379/1432/2487
f 2381/1434/2489 2349/1468/2457 2348/1467/2456 2380/1433/2488
f 2382/1435/2490 2350/1469/2458 2349/1468/2457 2381/1434/2489
f 2383/1436/2491 2351/1470/2459 2350/1469/2458 2382/1435/2490
f 2384/1437/2492 2352/1471/2460 2351/1470/2459 2383/1436/2491
f 2385/1438/2493 2353/1472/2461 2352/1471/2460 2384/1437/2492
f 2386/1439/2494 2354/1473/2462 2353/1472/2461 2385/1438/2493
f 2387/1440/2495 2355/1474/2463 2354/1473/2462 2386/1439/2494
f 2388/1441/2496 2356/1475/2464 2355/1474/2463 2387/1440/2495
f 2389/1442/2497 2357/1476/2465 2356/1475/2464 2388/1441/2496
f 2390/1443/2498 2358/1477/2466 2357/1476/2465 2389/1442/2497
f 2391/1444/2499 2359/1478/2467 2358/1477/2466 2390/1443/2498
f 2392/1445/2500 2360/1479/2468 2359/1478/2467 2391/1444/2499
f 2393/1446/2501 2361/1480/2469 2360/1479/2468 2392/1445/2500
f 2394/1447/2502 2362/1481/2470 2361/1480/2469 2393/1446/2501
f 2395/1529/2503 2363/1522/2471 2362/1481/2470 2394/1447/2502
f 2396/1530/2504 2364/1524/2472 2363/1522/2471 2395/1529/2503
f 2397/1531/2505 2365/1526/2473 2364/1524/2472 2396/1530/2504
f 2367/1528/2475 2335/1521/2443 2365/1526/2473 2397/1531/2505
f 2398/1387/2506 2366/1421/2474 2367/1528/2475 2399/1532/2507
f 2400/1386/2508 2368/1420/2476 2366/1421/2474 2398/1387/2506
f 2401/1388/2509 2369/1422/2477 2368/1420/2476 2400/1386/2508
f 2402/1389/2510 2370/1423/2478 2369/1422/2477 2401/1388/2509
f 2403/1390/2511 2371/1424/2479 2370/1423/2478 2402/1389/2510
f 2404/1391/2512 2372/1425/2480 2371/1424/2479 2403/1390/2511
f 2405/1392/2513 2373/1426/2481 2372/1425/2480 2404/1391/2512
f 2406/1393/2514 2374/1427/2482 2373/1426/2481 2405/1392/2513
f 2407/1394/2515 2375/1428/2483 2374/1427/2482 2406/1393/2514
f 2408/1395/2516 2376/1429/2484 2375/1428/2483 2407/1394/2515
f 2409/1396/2517 2377/1430/2485 2376/1429/2484 2408/1395/2516
f 2410/1397/2518 2378/1431/2486 2377/1430/2485 2409/1396/2517
f 2411/1398/2519 2379/1432/2487 2378/1431/2486 2410/1397/2518
f 2412/1399/2520 2380/1433/2488 2379/1432/2487 2411/1398/2519
f 2413/1400/2521 2381/1434/2489 2380/1433/2488 2412/1399/2520
f 2414/1401/2522 2382/1435/2490 2381/1434/2489 2413/1400/2521
f 2415/1402/2523 2383/1436/2491 2382/1435/2490 2414/1401/2522
f 2416/1403/2524 2384/1437/2492 2383/1436/2491 2415/1402/2523
f 2417/1404/2525 2385/1438/2493 2384/1437/2492 2416/1403/2524
f 2418/1405/2526 2386/1439/2494 2385/1438/2493 2417/1404/2525
f 2419/1406/2527 2387/1440/2495 2386/1439/2494 2418/1405/2526
f 2420/1407/2528 2388/1441/2496 2387/1440/2495 2419/1406/2527
f 2421/1408/2529 2389/1442/2497 2388/1441/2496 2420/1407/2528
f 2422/1409/2530 2390/1443/2498 2389/1442/2497 2421/1408/2529
f 2423/1410/2531 2391/1444/2499 2390/1443/2498 2422/1409/2530
f 2424/1411/2532 2392/1445/2500 2391/1444/2499 2423/1410/2531
f 2425/1412/2533 2393/1446/2501 2392/1445/2500 2424/1411/2532
f 2426/1413/2534 2394/1447/2502 2393/1446/2501 2425/1412/2533
f 2427/1533/2535 2395/1529/2503 2394/1447/2502 2426/1413/2534
f 2428/1534/2536 2396/1530/2504 2395/1529/2503 2427/1533/2535
f 2429/1535/2537 2397/1531/2505 2396/1530/2504 2428/1534/2536
f 2399/1532/2507 2367/1528/2475 2397/1531/2505 2429/1535/2537
f 2430/1349/2538 2398/1387/2506 2399/1532/2507 2431/1536/2539
f 2432/1348/2540 2400/1386/2508 2398/1387/2506 2430/1349/2538
f 2433/1350/2541 2401/1388/2509 2400/1386/2508 2432/1348/2540
f 2434/1351/2542 2402/1389/2510 2401/1388/2509 2433/1350/2541
f 2435/1352/2543 2403/1390/2511 2402/1389/2510 2434/1351/2542
f 2436/1353/2544 2404/1391/2512 2403/1390/2511 2435/1352/2543
f 2437/1354/2545 2405/1392/2513 2404/1391/2512 2436/1353/2544
f 2438/1355/2546 2406/1393/2514 2405/1392/2513 2437/1354/2545
f 2439/1356/2547 2407/1394/2515 2406/1393/2514 2438/1355/2546
f 2440/1357/2548 2408/1395/2516 2407/1394/2515 2439/1356/2547
f 2441/1358/2549 2409/1396/2517 2408/1395/2516 2440/1357/2548
f 2442/1359/2550 2410/1397/2518 2409/1396/2517 2441/1358/2549
f 2443/1360/2551 2411/1398/2519 2410/1397/2518 2442/1359/2550
f 2444/1361/2552 2412/1399/2520 2411/1398/2519 2443/1360/2551
f 2445/1362/2553 2413/1400/2521 2412/1399/2520 2444/1361/2552
f 2446/1363/2554 2414/1401/2522 2413/1400/2521 2445/1362/2553
f 2447/1364/2555 2415/1402/2523 2414/1401/2522 2446/1363/2554
f 2448/1365/2556 2416/1403/2524 2415/1402/2523 2447/1364/2555
f 2449/1366/2557 2417/1404/2525 2416/1403/2524 2448/1365/2556
f 2450/1367/2558 2418/1405/2526 2417/1404/2525 2449/1366/2557
f 2451/1368/2559 2419/1406/2527 2418/1405/2526 2450/1367/2558
f 2452/1369/2560 2420/1407/2528 2419/1406/2527 2451/1368/2559
f 2453/1370/2561 2421/1408/2529 2420/1407/2528 2452/1369/2560
f 2454/1371/2562 2422/1409/2530 2421/1408/2529 2453/1370/2561
f 2455/1372/2563 2423/1410/2531 2422/1409/2530 2454/1371/2562
f 2456/1373/2564 2424/1411/2532 2423/1410/2531 2455/1372/2563
f 2457/1374/2565 2425/1412/2533 2424/1411/2532 2456/1373/2564
f 2458/1375/2566 2426/1413/2534 2425/1412/2533 2457/1374/2565
f 2459/1537/2567 2427/1533/2535 2426/1413/2534 2458/1375/2566
f 2460/1538/2568 2428/1534/2536 2427/1533/2535 2459/1537/2567
f 2461/1539/2569 2429/1535/2537 2428/1534/2536 2460/1538/2568
f 2431/1536/2539 2399/1532/2507 2429/1535/2537 2461/1539/2569
f 2462/1312/2570 2430/1349/2538 2431/1536/2539 2463/1313/2571
f 2464/1314/2572 2432/1348/2540 2430/1349/2538 2462/1312/2570
f 2465/1315/2573 2433/1350/2541 2432/1348/2540 2464/1314/2572
f 2466/1316/2574 2434/1351/2542 2433/1350/2541 2465/1315/2573
f 2467/1317/2575 2435/1352/2543 2434/1351/2542 2466/1316/2574
f 2468/1318/2576 2436/1353/2544 2435/1352/2543 2467/1317/2575
f 2469/1319/2577 2437/1354/2545 2436/1353/2544 2468/1318/2576
f 2470/1320/2578 2438/1355/2546 2437/1354/2545 2469/1319/2577
f 2471/1321/2579 2439/1356/2547 2438/1355/2546 2470/1320/2578
f 2472/1322/2580 2440/1357/2548 2439/1356/2547 2471/1321/2579
f 2473/1323/2581 2441/1358/2549 2440/1357/2548 2472/1322/2580
f 2474/1324/2582 2442/1359/2550 2441/1358/2549 2473/1323/2581
f 2475/1325/2583 2443/1360/2551 2442/1359/2550 2474/1324/2582
f 2476/1326/2584 2444/1361/2552 2443/1360/2551 2475/1325/2583
f 2477/1327/2585 2445/1362/2553 2444/1361/2552 2476/1326/2584
f 2478/1328/2586 2446/1363/2554 2445/1362/2553 2477/1327/2585
f 2479/1329/2587 2447/1364/2555 2446/1363/2554 2478/1328/2586
f 2480/1330/2588 2448/1365/2556 2447/1364/2555 2479/1329/2587
f 2481/1331/2589 2449/1366/2557 2448/1365/2556 2480/1330/2588
f 2482/1332/2590 2450/1367/2558 2449/1366/2557 2481/1331/2589
f 2483/1333/2591 2451/1368/2559 2450/1367/2558 2482/1332/2590
f 2484/1334/2592 2452/1369/2560 2451/1368/2559 2483/1333/2591
f 2485/1335/2593 2453/1370/2561 2452/1369/2560 2484/1334/2592
f 2486/1336/2594 2454/1371/2562 2453/1370/2561 2485/1335/2593
f 2487/1337/2595 2455/1372/2563 2454/1371/2562 2486/1336/2594
f 2488/1338/2596 2456/1373/2564 2455/1372/2563 2487/1337/2595
f 2489/1339/2597 2457/1374/2565 2456/1373/2564 2488/1338/2596
f 2490/1340/2598 2458/1375/2566 2457/1374/2565 2489/1339/2597
f 2491/1341/2599 2459/1537/2567 2458/1375/2566 2490/1340/2598
f 2492/1342/2600 2460/1538/2568 2459/1537/2567 2491/1341/2599
f 2493/1343/2601 2461/1539/2569 2460/1538/2568 2492/1342/2600
f 2463/1313/2571 2431/1536/2539 2461/1539/2569 2493/1343/2601
f 2494/1280/2602 2462/1312/2570 2463/1313/2571 2495/1281/2603
f 2496/1282/2604 2464/1314/2572 2462/1312/2570 2494/1280/2602
f 2497/1283/2605 2465/1315/2573 2464/1314/2572 2496/1282/2604
f 2498/1284/2606 2466/1316/2574 2465/1315/2573 2497/1283/2605
f 2499/1285/2607 2467/1317/2575 2466/1316/2574 2498/1284/2606
f 2500/1286/2608 2468/1318/2576 2467/1317/2575 2499/1285/2607
f 2501/1287/2609 2469/1319/2577 2468/1318/2576 2500/1286/2608
f 2502/1288/2610 2470/1320/2578 2469/1319/2577 2501/1287/2609
f 2503/1289/2611 2471/1321/2579 2470/1320/2578 2502/1288/2610
f 2504/1290/2612 2472/1322/2580 2471/1321/2579 2503/1289/2611
f 2505/1291/2613 2473/1323/2581 2472/1322/2580 2504/1290/2612
f 2506/1292/2614 2474/1324/2582 2473/1323/2581 2505/1291/2613
f 2507/1293/2615 2475/1325/2583 2474/1324/2582 2506/1292/2614
f 2508/1294/2616 2476/1326/2584 2475/1325/2583 2507/1293/2615
f 2509/1295/2617 2477/1327/2585 2476/1326/2584 2508/1294/2616
f 2510/1296/2618 2478/1328/2586 2477/1327/2585 2509/1295/2617
f 2511/1297/2619 2479/1329/2587 2478/1328/2586 2510/1296/2618
f 2512/1298/2620 2480/1330/2588 2479/1329/2587 2511/1297/2619
f 2513/1299/2621 2481/1331/2589 2480/1330/2588 2512/1298/2620
f 2514/1300/2622 2482/1332/2590 2481/1331/2589 2513/1299/2621
f 2515/1301/2623 2483/1333/2591 2482/1332/2590 2514/1300/2622
f 2516/1302/2624 2484/1334/2592 2483/1333/2591 2515/1301/2623
f 2517/1303/2625 2485/1335/2593 2484/1334/2592 2516/1302/2624
f 2518/1304/2626 2486/1336/2594 2485/1335/2593 2517/1303/2625
f 2519/1305/2627 2487/1337/2595 2486/1336/2594 2518/1304/2626
f 2520/1306/2628 2488/1338/2596 2487/1337/2595 2519/1305/2627
f 2521/1307/2629 2489/1339/2597 2488/1338/2596 2520/1306/2628
f 2522/1308/2630 2490/1340/2598 2489/1339/2597 2521/1307/2629
f 2523/1309/2631 2491/1341/2599 2490/1340/2598 2522/1308/2630
f 2524/1310/2632 2492/1342/2600 2491/1341/2599 2523/1309/2631
f 2525/1311/2633 2493/1343/2601 2492/1342/2600 2524/1310/2632
f 2495/1281/2603 2463/1313/2571 2493/1343/2601 2525/1311/2633
f 2526/1248/2634 2494/1280/2602 2495/1281/2603 2527/1249/2635
f 2528/1250/2636 2496/1282/2604 2494/1280/2602 2526/1248/2634
f 2529/1251/2637 2497/1283/2605 2496/1282/2604 2528/1250/2636
f 2530/1252/2638 2498/1284/2606 2497/1283/2605 2529/1251/2637
f 2531/1253/2639 2499/1285/2607 2498/1284/2606 2530/1252/2638
f 2532/1254/2640 2500/1286/2608 2499/1285/2607 2531/1253/2639
f 2533/1255/2641 2501/1287/2609 2500/1286/2608 2532/1254/2640
f 2534/1256/2642 2502/1288/2610 2501/1287/2609 2533/1255/2641
f 2535/1257/2643 2503/1289/2611 2502/1288/2610 2534/1256/2642
f 2536/1258/2644 2504/1290/2612 2503/1289/2611 2535/1257/2643
f 2537/1259/2645 2505/1291/2613 2504/1290/2612 2536/1258/2644
f 2538/1260/2646 2506/1292/2614 2505/1291/2613 2537/1259/2645
f 2539/1261/2647 2507/1293/2615 2506/1292/2614 2538/1260/2646
f 2540/1262/2648 2508/1294/2616 2507/1293/2615 2539/1261/2647
f 2541/1263/2649 2509/1295/2617 2508/1294/2616 2540/1262/2648
f 2542/1264/2650 2510/1296/2618 2509/1295/2617 2541/1263/2649
f 2543/1265/2651 2511/1297/2619 2510/1296/2618 2542/1264/2650
f 2544/1266/2652 2512/1298/2620 2511/1297/2619 2543/1265/2651
f 2545/1267/2653 2513/1299/2621 2512/1298/2620 2544/1266/2652
f 2546/1268/2654 2514/1300/2622 2513/1299/2621 2545/1267/2653
f 2547/1269/2655 2515/1301/2623 2514/1300/2622 2546/1268/2654
f 2548/1270/2656 2516/1302/2624 2515/1301/2623 2547/1269/2655
f 2549/1271/2657 2517/1303/2625 2516/1302/2624 2548/1270/2656
f 2550/1272/2658 2518/1304/2626 2517/1303/2625 2549/1271/2657
f 2551/1273/2659 2519/1305/2627 2518/1304/2626 2550/1272/2658
f 2552/1274/2660 2520/1306/2628 2519/1305/2627 2551/1273/2659
f 2553/1275/2661 2521/1307/2629 2520/1306/2628 2552/1274/2660
f 2554/1276/2662 2522/1308/2630 2521/1307/2629 2553/1275/2661
f 2555/1277/2663 2523/1309/2631 2522/1308/2630 2554/1276/2662
f 2556/1278/2664 2524/1310/2632 2523/1309/2631 2555/1277/2663
f 2557/1279/2665 2525/1311/2633 2524/1310/2632 2556/1278/2664
f 2527/1249/2635 2495/1281/2603 2525/1311/2633 2557/1279/2665
f 2558/1184/2666 2526/1248/2634 2527/1249/2635 2559/1187/2667
f 2560/1188/2668 2528/1250/2636 2526/1248/2634 2558/1184/2666
f 2561/1190/2669 2529/1251/2637 2528/1250/2636 2560/1188/2668
f 2562/1192/2670 2530/1252/2638 2529/1251/2637 2561/1190/2669
f 2563/1194/2671 2531/1253/2639 2530/1252/2638 2562/1192/2670
f 2564/1196/2672 2532/1254/2640 2531/1253/2639 2563/1194/2671
f 2565/1198/2673 2533/1255/2641 2532/1254/2640 2564/1196/2672
f 2566/1200/2674 2534/1256/2642 2533/1255/2641 2565/1198/2673
f 2567/1202/2675 2535/1257/2643 2534/1256/2642 2566/1200/2674
f 2568/1204/2676 2536/1258/2644 2535/1257/2643 2567/1202/2675
f 2569/1206/2677 2537/1259/2645 2536/1258/2644 2568/1204/2676
f 2570/1208/2678 2538/1260/2646 2537/1259/2645 2569/1206/2677
f 2571/1210/2679 2539/1261/2647 2538/1260/2646 2570/1208/2678
f 2572/1212/2680 2540/1262/2648 2539/1261/2647 2571/1210/2679
f 2573/1214/2681 2541/1263/2649 2540/1262/2648 2572/1212/2680
f 2574/1216/2682 2542/1264/2650 2541/1263/2649 2573/1214/2681
f 2575/1218/2683 2543/1265/2651 2542/1264/2650 2574/1216/2682
f 2576/1220/2684 2544/1266/2652 2543/1265/2651 2575/1218/2683
f 2577/1222/2685 2545/1267/2653 2544/1266/2652 2576/1220/2684
f 2578/1224/2686 2546/1268/2654 2545/1267/2653 2577/1222/2685
f 2579/1226/2687 2547/1269/2655 2546/1268/2654 2578/1224/2686
f 2580/1228/2688 2548/1270/2656 2547/1269/2655 2579/1226/2687
f 2581/1230/2689 2549/1271/2657 2548/1270/2656 2580/1228/2688
f 2582/1232/2690 2550/1272/2658 2549/1271/2657 2581/1230/2689
f 2583/1234/2691 2551/1273/2659 2550/1272/2658 2582/1232/2690
f 2584/1236/2692 2552/1274/2660 2551/1273/2659 2583/1234/2691
f 2585/1238/2693 2553/1275/2661 2552/1274/2660 2584/1236/2692
f 2586/1240/2694 2554/1276/2662 2553/1275/2661 2585/1238/2693
f 2587/1242/2695 2555/1277/2663 2554/1276/2662 2586/1240/2694
f 2588/1244/2696 2556/1278/2664 2555/1277/2663 2587/1242/2695
f 2589/1246/2697 2557/1279/2665 2556/1278/2664 2588/1244/2696
f 2559/1187/2667 2527/1249/2635 2557/1279/2665 2589/1246/2697
f 2590/1185/2698 2558/1184/2666 2559/1187/2667 2591/1186/2699
f 2592/1189/2700 2560/1188/2668 2558/1184/2666 2590/1185/2698
f 2593/1191/2701 2561/1190/2669 2560/1188/2668 2592/1189/2700
f 2594/1193/2702 2562/1192/2670 2561/1190/2669 2593/1191/2701
f 2595/1195/2703 2563/1194/2671 2562/1192/2670 2594/1193/2702
f 2596/1197/2704 2564/1196/2672 2563/1194/2671 2595/1195/2703
f 2597/1199/2705 2565/1198/2673 2564/1196/2672 2596/1197/2704
f 2598/1201/2706 2566/1200/2674 2565/1198/2673 2597/1199/2705
f 2599/1203/2707 2567/1202/2675 2566/1200/2674 2598/1201/2706
f 2600/1205/2708 2568/1204/2676 2567/1202/2675 2599/1203/2707
f 2601/1207/2709 2569/1206/2677 2568/1204/2676 2600/1205/2708
f 2602/1209/2710 2570/1208/2678 2569/1206/2677 2601/1207/2709
f 2603/1211/2711 2571/1210/2679 2570/1208/2678 2602/1209/2710
f 2604/1213/2712 2572/1212/2680 2571/1210/2679 2603/1211/2711
f 2605/1215/2713 2573/1214/2681 2572/1212/2680 2604/1213/2712
f 2606/1217/2714 2574/1216/2682 2573/1214/2681 2605/1215/2713
f 2607/1219/2715 2575/1218/2683 2574/1216/2682 2606/1217/2714
f 2608/1221/2716 2576/1220/2684 2575/1218/2683 2607/1219/2715
f 2609/1223/2717 2577/1222/2685 2576/1220/2684 2608/1221/2716
f 2610/1225/2718 2578/1224/2686 2577/1222/2685 2609/1223/2717
f 2611/1227/2719 2579/1226/2687 2578/1224/2686 2610/1225/2718
f 2612/1229/2720 2580/1228/2688 2579/1226/2687 2611/1227/2719
f 2613/1231/2721 2581/1230/2689 2580/1228/2688 2612/1229/2720
f 2614/1233/2722 2582/1232/2690 2581/1230/2689 2613/1231/2721
f 2615/1235/2723 2583/1234/2691 2582/1232/2690 2614/1233/2722
f 2616/1237/2724 2584/1236/2692 2583/1234/2691 2615/1235/2723
f 2617/1239/2725 2585/1238/2693 2584/1236/2692 2616/1237/2724
f 2618/1241/2726 2586/1240/2694 2585/1238/2693 2617/1239/2725
f 2619/1243/2727 2587/1242/2695 2586/1240/2694 2618/1241/2726
f 2620/1245/2728 2588/1244/2696 2587/1242/2695 2619/1243/2727
f 2621/1247/2729 2589/1246/2697 2588/1244/2696 2620/1245/2728
f 2591/1186/2699 2559/1187/2667 2589/1246/2697 2621/1247/2729
f 2622/1540/2730 2590/1185/2698 2591/1186/2699 2623/1541/2731
f 2624/1542/2732 2592/1189/2700 2590/1185/2698 2622/1540/2730
f 2625/1543/2733 2593/1191/2701 2592/1189/2700 2624/1542/2732
f 2626/1544/2734 2594/1193/2702 2593/1191/2701 2625/1543/2733
f 2627/1545/2735 2595/1195/2703 2594/1193/2702 2626/1544/2734
f 2628/1546/2736 2596/1197/2704 2595/1195/2703 2627/1545/2735
f 2629/1547/2737 2597/1199/2705 2596/1197/2704 2628/1546/2736
f 2630/1548/2738 2598/1201/2706 2597/1199/2705 2629/1547/2737
f 2631/1549/2739 2599/1203/2707 2598/1201/2706 2630/1548/2738
f 2632/1550/2740 2600/1205/2708 2599/1203/2707 2631/1549/2739
f 2633/1551/2741 2601/1207/2709 2600/1205/2708 2632/1550/2740
f 2634/1552/2742 2602/1209/2710 2601/1207/2709 2633/1551/2741
f 2635/1553/2743 2603/1211/2711 2602/1209/2710 2634/1552/2742
f 2636/1554/2744 2604/1213/2712 2603/1211/2711 2635/1553/2743
f 2637/1555/2745 2605/1215/2713 2604/1213/2712 2636/1554/2744
f 2638/1556/2746 2606/1217/2714 2605/1215/2713 2637/1555/2745
f 2639/1557/2747 2607/1219/2715 2606/1217/2714 2638/1556/2746
f 2640/1558/2748 2608/1221/2716 2607/1219/2715 2639/1557/2747
f 2641/1559/2749 2609/1223/2717 2608/1221/2716 2640/1558/2748
f 2642/1560/2750 2610/1225/2718 2609/1223/2717 2641/1559/2749
f 2643/1561/2751 2611/1227/2719 2610/1225/2718 2642/1560/2750
f 2644/1562/2752 2612/1229/2720 2611/1227/2719 2643/1561/2751
f 2645/1563/2753 2613/1231/2721 2612/1229/2720 2644/1562/2752
f 2646/1564/2754 2614/1233/2722 2613/1231/2721 2645/1563/2753
f 2647/1565/2755 2615/1235/2723 2614/1233/2722 2646/1564/2754
f 2648/1566/2756 2616/1237/2724 2615/1235/2723 2647/1565/2755
f 2649/1567/2757 2617/1239/2725 2616/1237/2724 2648/1566/2756
f 2650/1568/2758 2618/1241/2726 2617/1239/2725 2649/1567/2757
f 2651/1569/2759 2619/1243/2727 2618/1241/2726 2650/1568/2758
f 2652/1570/2760 2620/1245/2728 2619/1243/2727 2651/1569/2759
f 2653/1571/2761 2621/1247/2729 2620/1245/2728 2652/1570/2760
f 2623/1541/2731 2591/1186/2699 2621/1247/2729 2653/1571/2761
f 2654/1572/2762 2622/1540/2730 2623/1541/2731 2655/1573/2763
f 2656/1574/2764 2624/1542/2732 2622/1540/2730 2654/1572/2762
f 2657/1575/2765 2625/1543/2733 2624/1542/2732 2656/1574/2764
f 2658/1576/2766 2626/1544/2734 2625/1543/2733 2657/1575/2765
f 2659/1577/2767 2627/1545/2735 2626/1544/2734 2658/1576/2766
f 2660/1578/2768 2628/1546/2736 2627/1545/2735 2659/1577/2767
f 2661/1579/2769 2629/1547/2737 2628/1546/2736 2660/1578/2768
f 2662/1580/2770 2630/1548/2738 2629/1547/2737 2661/1579/2769
f 2663/1581/2771 2631/1549/2739 2630/1548/2738 2662/1580/2770
f 2664/1582/2772 2632/1550/2740 2631/1549/2739 2663/1581/2771
f 2665/1583/2773 2633/1551/2741 2632/1550/2740 2664/1582/2772
f 2666/1584/2774 2634/1552/2742 2633/1551/2741 2665/1583/2773
f 2667/1585/2775 2635/1553/2743 2634/1552/2742 2666/1584/2774
f 2668/1586/2776 2636/1554/2744 2635/1553/2743 2667/1585/2775
f 2669/1587/2777 2637/1555/2745 2636/1554/2744 2668/1586/2776
f 2670/1588/2778 2638/1556/2746 2637/1555/2745 2669/1587/2777
f 2671/1589/2779 2639/1557/2747 2638/1556/2746 2670/1588/2778
f 2672/1590/2780 2640/1558/2748 2639/1557/2747 2671/1589/2779
f 2673/1591/2781 2641/1559/2749 2640/1558/2748 2672/1590/2780
f 2674/1592/2782 2642/1560/2750 2641/1559/2749 2673/1591/2781
f 2675/1593/2783 2643/1561/2751 2642/1560/2750 2674/1592/2782
f 2676/1594/2784 2644/1562/2752 2643/1561/2751 2675/1593/2783
f 2677/1595/2785 2645/1563/2753 2644/1562/2752 2676/1594/2784
f 2678/1596/2786 2646/1564/2754 2645/1563/2753 2677/1595/2785
f 2679/1597/2787 2647/1565/2755 2646/1564/2754 2678/1596/2786
f 2680/1598/2788 2648/1566/2756 2647/1565/2755 2679/1597/2787
f 2681/1599/2789 2649/1567/2757 2648/1566/2756 2680/1598/2788
f 2682/1600/2790 2650/1568/2758 2649/1567/2757 2681/1599/2789
f 2683/1601/2791 2651/1569/2759 2650/1568/2758 2682/1600/2790
f 2684/1602/2792 2652/1570/2760 2651/1569/2759 2683/1601/2791
f 2685/1603/2793 2653/1571/2761 2652/1570/2760 2684/1602/2792
f 2655/1573/2763 2623/1541/2731 2653/1571/2761 2685/1603/2793
f 2686/1604/2794 2654/1572/2762 2655/1573/2763 2687/1605/2795
f 2688/1606/2796 2656/1574/2764 2654/1572/2762 2686/1604/2794
f 2689/1607/2797 2657/1575/2765 2656/1574/2764 2688/1606/2796
f 2690/1608/2798 2658/1576/2766 2657/1575/2765 2689/1607/2797
f 2691/1609/2799 2659/1577/2767 2658/1576/2766 2690/1608/2798
f 2692/1610/2800 2660/1578/2768 2659/1577/2767 2691/1609/2799
f 2693/1611/2801 2661/1579/2769 2660/1578/2768 2692/1610/2800
f 2694/1612/2802 2662/1580/2770 2661/1579/2769 2693/1611/2801
f 2695/1613/2803 2663/1581/2771 2662/1580/2770 2694/1612/2802
f 2696/1614/2804 2664/1582/2772 2663/1581/2771 2695/1613/2803
f 2697/1615/2805 2665/1583/2773 2664/1582/2772 2696/1614/2804
f 2698/1616/2806 2666/1584/2774 2665/1583/2773 2697/1615/2805
f 2699/1617/2807 2667/1585/2775 2666/1584/2774 2698/1616/2806
f 2700/1618/2808 2668/1586/2776 2667/1585/2775 2699/1617/2807
f 2701/1619/2809 2669/1587/2777 2668/1586/2776 2700/1618/2808
f 2702/1620/2810 2670/1588/2778 2669/1587/2777 2701/1619/2809
f 2703/1621/2811 2671/1589/2779 2670/1588/2778 2702/1620/2810
f 2704/1622/2812 2672/1590/2780 2671/1589/2779 2703/1621/2811
f 2705/1623/2813 2673/1591/2781 2672/1590/2780 2704/1622/2812
f 2706/1624/2814 2674/1592/2782 2673/1591/2781 2705/1623/2813
f 2707/1625/2815 2675/1593/2783 2674/1592/2782 2706/1624/2814
f 2708/1626/2816 2676/1594/2784 2675/1593/2783 2707/1625/2815
f 2709/1627/2817 2677/1595/2785 2676/1594/2784 2708/1626/2816
f 2710/1628/2818 2678/1596/2786 2677/1595/2785 2709/1627/2817
f 2711/1629/2819 2679/1597/2787 2678/1596/2786 2710/1628/2818
f 2712/1630/2820 2680/1598/2788 2679/1597/2787 2711/1629/2819
f 2713/1631/2821 2681/1599/2789 2680/1598/2788 2712/1630/2820
f 2714/1632/2822 2682/1600/2790 2681/1599/2789 2713/1631/2821
f 2715/1633/2823 2683/1601/2791 2682/1600/2790 2714/1632/2822
f 2716/1634/2824 2684/1602/2792 2683/1601/2791 2715/1633/2823
f 2717/1635/2825 2685/1603/2793 2684/1602/2792 2716/1634/2824
f 2687/1605/2795 2655/1573/2763 2685/1603/2793 2717/1635/2825
f 2718/1636/2826 2686/1604/2794 2687/1605/2795 2719/1637/2827
f 2720/1638/2828 2688/1606/2796 2686/1604/2794 2718/1636/2826
f 2721/1639/2829 2689/1607/2797 2688/1606/2796 2720/1638/2828
f 2722/1640/2830 2690/1608/2798 2689/1607/2797 2721/1639/2829
f 2723/1641/2831 2691/1609/2799 2690/1608/2798 2722/1640/2830
f 2724/1642/2832 2692/1610/2800 2691/1609/2799 2723/1641/2831
f 2725/1643/2833 2693/1611/2801 2692/1610/2800 2724/1642/2832
f 2726/1644/2834 2694/1612/2802 2693/1611/2801 2725/1643/2833
f 2727/1645/2835 2695/1613/2803 2694/1612/2802 2726/1644/2834
f 2728/1646/2836 2696/1614/2804 2695/1613/2803 2727/1645/2835
f 2729/1647/2837 2697/1615/2805 2696/1614/2804 2728/1646/2836
f 2730/1648/2838 2698/1616/2806 2697/1615/2805 2729/1647/2837
f 2731/1649/2839 2699/1617/2807 2698/1616/2806 2730/1648/2838
f 2732/1650/2840 2700/1618/2808 2699/1617/2807 2731/1649/2839
f 2733/1651/2841 2701/1619/2809 2700/1618/2808 2732/1650/2840
f 2734/1652/2842 2702/1620/2810 2701/1619/2809 2733/1651/2841
f 2735/1653/2843 2703/1621/2811 2702/1620/2810 2734/1652/2842
f 2736/1654/2844 2704/1622/2812 2703/1621/2811 2735/1653/2843
f 2737/1655/2845 2705/1623/2813 2704/1622/2812 2736/1654/2844
f 2738/1656/2846 2706/1624/2814 2705/1623/2813 2737/1655/2845
f 2739/1657/2847 2707/1625/2815 2706/1624/2814 2738/1656/2846
f 2740/1658/2848 2708/1626/2816 2707/1625/2815 2739/1657/2847
f 2741/1659/2849 2709/1627/2817 2708/1626/2816 2740/1658/2848
f 2742/1660/2850 2710/1628/2818 2709/1627/2817 2741/1659/2849
f 2743/1661/2851 2711/1629/2819 2710/1628/2818 2742/1660/2850
f 2744/1662/2852 2712/1630/2820 2711/1629/2819 2743/1661/2851
f 2745/1663/2853 2713/1631/2821 2712/1630/2820 2744/1662/2852
f 2746/1664/2854 2714/1632/2822 2713/1631/2821 2745/1663/2853
f 2747/1665/2855 2715/1633/2823 2714/1632/2822 2746/1664/2854
f 2748/1666/2856 2716/1634/2824 2715/1633/2823 2747/1665/2855
f 2749/1667/2857 2717/1635/2825 2716/1634/2824 2748/1666/2856
f 2719/1637/2827 2687/1605/2795 2717/1635/2825 2749/1667/2857
f 2750/1668/2858 2718/1636/2826 2719/1637/2827 2751/1669/2859
f 2752/1670/2860 2720/1638/2828 2718/1636/2826 2750/1668/2858
f 2753/1671/2861 2721/1639/2829 2720/1638/2828 2752/1670/2860
f 2754/1672/2862 2722/1640/2830 2721/1639/2829 2753/1671/2861
f 2755/1673/2863 2723/1641/2831 2722/1640/2830 2754/1672/2862
f 2756/1674/2864 2724/1642/2832 2723/1641/2831 2755/1673/2863
f 2757/1675/2865 2725/1643/2833 2724/1642/2832 2756/1674/2864
f 2758/1676/2866 2726/1644/2834 2725/1643/2833 2757/1675/2865
f 2759/1677/2867 2727/1645/2835 2726/1644/2834 2758/1676/2866
f 2760/1678/2868 2728/1646/2836 2727/1645/2835 2759/1677/2867
f 2761/1679/2869 2729/1647/2837 2728/1646/2836 2760/1678/2868
f 2762/1680/2870 2730/1648/2838 2729/1647/2837 2761/1679/2869
f 2763/1681/2871 2731/1649/2839 2730/1648/2838 2762/1680/2870
f 2764/1682/2872 2732/1650/2840 2731/1649/2839 2763/1681/2871
f 2765/1683/2873 2733/1651/2841 2732/1650/2840 2764/1682/2872
f 2766/1684/2874 2734/1652/2842 2733/1651/2841 2765/1683/2873
f 2767/1685/2875 2735/1653/2843 2734/1652/2842 2766/1684/2874
f 2768/1686/2876 2736/1654/2844 2735/1653/2843 2767/1685/2875
f 2769/1687/2877 2737/1655/2845 2736/1654/2844 2768/1686/2876
f 2770/1688/2878 2738/1656/2846 2737/1655/2845 2769/1687/2877
f 2771/1689/2879 2739/1657/2847 2738/1656/2846 2770/1688/2878
f 2772/1690/2880 2740/1658/2848 2739/1657/2847 2771/1689/2879
f 2773/1691/2881 2741/1659/2849 2740/1658/2848 2772/1690/2880
f 2774/1692/2882 2742/1660/2850 2741/1659/2849 2773/1691/2881
f 2775/1693/2883 2743/1661/2851 2742/1660/2850 2774/1692/2882
f 2776/1694/2884 2744/1662/2852 2743/1661/2851 2775/1693/2883
f 2777/1695/2885 2745/1663/2853 2744/1662/2852 2776/1694/2884
f 2778/1696/2886 2746/1664/2854 2745/1663/2853 2777/1695/2885
f 2779/1697/2887 2747/1665/2855 2746/1664/2854 2778/1696/2886
f 2780/1698/2888 2748/1666/2856 2747/1665/2855 2779/1697/2887
f 2781/1699/2889 2749/1667/2857 2748/1666/2856 2780/1698/2888
f 2751/1669/2859 2719/1637/2827 2749/1667/2857 2781/1699/2889
f 2782/1700/2890 2750/1668/2858 2751/1669/2859 2783/1701/2891
f 2784/1702/2892 2752/1670/2860 2750/1668/2858 2782/1700/2890
f 2785/1703/2893 2753/1671/2861 2752/1670/2860 2784/1702/2892
f 2786/1704/2894 2754/1672/2862 2753/1671/2861 2785/1703/2893
f 2787/1705/2895 2755/1673/2863 2754/1672/2862 2786/1704/2894
f 2788/1706/2896 2756/1674/2864 2755/1673/2863 2787/1705/2895
f 2789/1707/2897 2757/1675/2865 2756/1674/2864 2788/1706/2896
f 2790/1708/2898 2758/1676/2866 2757/1675/2865 2789/1707/2897
f 2791/1709/2899 2759/1677/2867 2758/1676/2866 2790/1708/2898
f 2792/1710/2900 2760/1678/2868 2759/1677/2867 2791/1709/2899
f 2793/1711/2901 2761/1679/2869 2760/1678/2868 2792/1710/2900
f 2794/1712/2902 2762/1680/2870 2761/1679/2869 2793/1711/2901
f 2795/1713/2903 2763/1681/2871 2762/1680/2870 2794/1712/2902
f 2796/1714/2904 2764/1682/2872 2763/1681/2871 2795/1713/2903
f 2797/1715/2905 2765/1683/2873 2764/1682/2872 2796/1714/2904
f 2798/1716/2906 2766/1684/2874 2765/1683/2873 2797/1715/2905
f 2799/1717/2907 2767/1685/2875 2766/1684/2874 2798/1716/2906
f 2800/1718/2908 2768/1686/2876 2767/1685/2875 2799/1717/2907
f 2801/1719/2909 2769/1687/2877 2768/1686/2876 2800/1718/2908
f 2802/1720/2910 2770/1688/2878 2769/1687/2877 2801/1719/2909
f 2803/1721/2911 2771/1689/2879 2770/1688/2878 2802/1720/2910
f 2804/1722/2912 2772/1690/2880 2771/1689/2879 2803/1721/2911
f 2805/1723/2913 2773/1691/2881 2772/1690/2880 2804/1722/2912
f 2806/1724/2914 2774/1692/2882 2773/1691/2881 2805/1723/2913
f 2807/1725/2915 2775/1693/2883 2774/1692/2882 2806/1724/2914
f 2808/1726/2916 2776/1694/2884 2775/1693/2883 2807/1725/2915
f 2809/1727/2917 2777/1695/2885 2776/1694/2884 2808/1726/2916
f 2810/1728/2918 2778/1696/2886 2777/1695/2885 2809/1727/2917
f 2811/1729/2919 2779/1697/2887 2778/1696/2886 2810/1728/2918
f 2812/1730/2920 2780/1698/2888 2779/1697/2887 2811/1729/2919
f 2813/1731/2921 2781/1699/2889 2780/1698/2888 2812/1730/2920
f 2783/1701/2891 2751/1669/2859 2781/1699/2889 2813/1731/2921
f 2783/1701/2891 2814/1732/2922 2782/1700/2890
f 2782/1700/2890 2814/1732/2922 2784/1702/2892
f 2784/1702/2892 2814/1732/2922 2785/1703/2893
f 2785/1703/2893 2814/1732/2922 2786/1704/2894
f 2786/1704/2894 2814/1732/2922 2787/1705/2895
f 2787/1705/2895 2814/1732/2922 2788/1706/2896
f 2788/1706/2896 2814/1732/2922 2789/1707/2897
f 2789/1707/2897 2814/1732/2922 2790/1708/2898
f 2790/1708/2898 2814/1732/2922 2791/1709/2899
f 2791/1709/2899 2814/1732/2922 2792/1710/2900
f 2792/1710/2900 2814/1732/2922 2793/1711/2901
f 2793/1711/2901 2814/1732/2922 2794/1712/2902
f 2794/1712/2902 2814/1732/2922 2795/1713/2903
f 2795/1713/2903 2814/1732/2922 2796/1714/2904
f 2796/1714/2904 2814/1732/2922 2797/1715/2905
f 2797/1715/2905 2814/1732/2922 2798/1716/2906
f 2798/1716/2906 2814/1732/2922 2799/1717/2907
f 2799/1717/2907 2814/1732/2922 2800/1718/2908
f 2800/1718/2908 2814/1732/2922 2801/1719/2909
f 2801/1719/2909 2814/1732/2922 2802/1720/2910
f 2802/1720/2910 2814/1732/2922 2803/1721/2911
f 2803/1721/2911 2814/1732/2922 2804/1722/2912
f 2804/1722/2912 2814/1732/2922 2805/1723/2913
f 2805/1723/2913 2814/1732/2922 2806/1724/2914
f 2806/1724/2914 2814/1732/2922 2807/1725/2915
f 2807/1725/2915 2814/1732/2922 2808/1726/2916
f 2808/1726/2916 2814/1732/2922 2809/1727/2917
f 2809/1727/2917 2814/1732/2922 2810/1728/2918
f 2810/1728/2918 2814/1732/2922 2811/1729/2919
f 2811/1729/2919 2814/1732/2922 2812/1730/2920
f 2812/1730/2920 2814/1732/2922 2813/1731/2921
f 2813/1731/2921 2814/1732/2922 2783/1701/2891
f 2815/927/443 2816/928/2923 2817/929/2924
f 2815/927/443 2817/929/2924 2818/930/2925
f 2815/927/443 2818/930/2925 2819/931/2926
f 2815/927/443 2819/931/2926 2820/932/2927
f 2815/927/443 2820/932/2927 2821/933/2928
f 2815/927/443 2821/933/2928 2822/934/2929
f 2815/927/443 2822/934/2929 2823/935/1941
f 2815/927/443 2823/935/1941 2824/936/2930
f 2815/927/443 2824/936/2930 2825/937/2931
f 2815/927/443 2825/937/2931 2826/938/2932
f 2815/927/443 2826/938/2932 2827/939/2933
f 2815/927/443 2827/939/2933 2828/940/2934
f 2815/927/443 2828/940/2934 2829/941/2935
f 2815/927/443 2829/941/2935 2830/942/2936
f 2815/927/443 2830/942/2936 2831/943/2937
f 2815/927/443 2831/943/2937 2832/944/2938
f 2815/927/443 2832/944/2938 2833/945/2939
f 2815/927/443 2833/945/2939 2834/946/2940
f 2815/927/443 2834/946/2940 2835/947/2941
f 2815/927/443 2835/947/2941 2836/948/2942
f 2815/927/443 2836/948/2942 2837/949/2943
f 2815/927/443 2837/949/2943 2838/950/2944
f 2815/927/443 2838/950/2944 2839/951/2945
f 2815/927/443 2839/951/2945 2840/952/2946
f 2815/927/443 2840/952/2946 2841/953/2947
f 2815/927/443 2841/953/2947 2842/954/2948
f 2815/927/443 2842/954/2948 2843/955/2949
f 2815/927/443 2843/955/2949 2844/956/2950
f 2815/927/443 2844/956/2950 2845/957/2951
f 2815/927/443 2845/957/2951 2846/958/2952
f 2815/927/443 2846/958/2952 2847/959/2953
f 2815/927/443 2847/959/2953 2816/928/2923
f 2848/960/1966 2817/929/2924 2816/928/2923 2849/961/1967
f 2850/962/2954 2818/930/2925 2817/929/2924 2848/960/1966
f 2851/963/2955 2819/931/2926 2818/930/2925 2850/962/2954
f 2852/964/1970 2820/932/2927 2819/931/2926 2851/963/2955
f 2853/965/1971 2821/933/2928 2820/932/2927 2852/964/1970
f 2854/966/2956 2822/934/2929 2821/933/2928 2853/965/1971
f 2855/967/1973 2823/935/1941 2822/934/2929 2854/966/2956
f 2856/968/1974 2824/936/2930 2823/935/1941 2855/967/1973
f 2857/969/1975 2825/937/2931 2824/936/2930 2856/968/1974
f 2858/970/2957 2826/938/2932 2825/937/2931 2857/969/1975
f 2859/971/1977 2827/939/2933 2826/938/2932 2858/970/2957
f 2860/972/1978 2828/940/2934 2827/939/2933 2859/971/1977
f 2861/973/2958 2829/941/2935 2828/940/2934 2860/972/1978
f 2862/974/2959 2830/942/2936 2829/941/2935 2861/973/2958
f 2863/975/1981 2831/943/2937 2830/942/2936 2862/974/2959
f 2864/976/1982 2832/944/2938 2831/943/2937 2863/975/1981
f 2865/977/1983 2833/945/2939 2832/944/2938 2864/976/1982
f 2866/978/2960 2834/946/2940 2833/945/2939 2865/977/1983
f 2867/979/2961 2835/947/2941 2834/946/2940 2866/978/2960
f 2868/980/1986 2836/948/2942 2835/947/2941 2867/979/2961
f 2869/981/2962 2837/949/2943 2836/948/2942 2868/980/1986
f 2870/982/2963 2838/950/2944 2837/949/2943 2869/981/2962
f 2871/983/1989 2839/951/2945 2838/950/2944 2870/982/2963
f 2872/984/1990 2840/952/2946 2839/951/2945 2871/983/1989
f 2873/985/1991 2841/953/2947 2840/952/2946 2872/984/1990
f 2874/986/2964 2842/954/2948 2841/953/2947 2873/985/1991
f 2875/987/2965 2843/955/2949 2842/954/2948 2874/986/2964
f 2876/988/1994 2844/956/2950 2843/955/2949 2875/987/2965
f 2877/989/2966 2845/957/2951 2844/956/2950 2876/988/1994
f 2878/990/2967 2846/958/2952 2845/957/2951 2877/989/2966
f 2879/991/2968 2847/959/2953 2846/958/2952 2878/990/2967
f 2849/961/1967 2816/928/2923 2847/959/2953 2879/991/2968
f 2880/992/1998 2848/960/1966 2849/961/1967 2881/993/1999
f 2882/994/2969 2850/962/2954 2848/960/1966 2880/992/1998
f 2883/995/2970 2851/963/2955 2850/962/2954 2882/994/2969
f 2884/996/2002 2852/964/1970 2851/963/2955 2883/995/2970
f 2885/997/2971 2853/965/1971 2852/964/1970 2884/996/2002
f 2886/998/2972 2854/966/2956 2853/965/1971 2885/997/2971
f 2887/999/2005 2855/967/1973 2854/966/2956 2886/998/2972
f 2888/1000/2973 2856/968/1974 2855/967/1973 2887/999/2005
f 2889/1001/2007 2857/969/1975 2856/968/1974 2888/1000/2973
f 2890/1002/2974 2858/970/2957 2857/969/1975 2889/1001/2007
f 2891/1003/2009 2859/971/1977 2858/970/2957 2890/1002/2974
f 2892/1004/2010 2860/972/1978 2859/971/1977 2891/1003/2009
f 2893/1005/2975 2861/973/2958 2860/972/1978 2892/1004/2010
f 2894/1006/2012 2862/974/2959 2861/973/2958 2893/1005/2975
f 2895/1007/2013 2863/975/1981 2862/974/2959 2894/1006/2012
f 2896/1008/2976 2864/976/1982 2863/975/1981 2895/1007/2013
f 2897/1009/2015 2865/977/1983 2864/976/1982 2896/1008/2976
f 2898/1010/2016 2866/978/2960 2865/977/1983 2897/1009/2015
f 2899/1011/2977 2867/979/2961 2866/978/2960 2898/1010/2016
f 2900/1012/2018 2868/980/1986 2867/979/2961 2899/1011/2977
f 2901/1013/2019 2869/981/2962 2868/980/1986 2900/1012/2018
f 2902/1014/2020 2870/982/2963 2869/981/2962 2901/1013/2019
f 2903/1015/2978 2871/983/1989 2870/982/2963 2902/1014/2020
f 2904/1016/2979 2872/984/1990 2871/983/1989 2903/1015/2978
f 2905/1017/2980 2873/985/1991 2872/984/1990 2904/1016/2979
f 2906/1018/2024 2874/986/2964 2873/985/1991 2905/1017/2980
f 2907/1019/2025 2875/987/2965 2874/986/2964 2906/1018/2024
f 2908/1020/2026 2876/988/1994 2875/987/2965 2907/1019/2025
f 2909/1021/2027 2877/989/2966 2876/988/1994 2908/1020/2026
f 2910/1022/2981 2878/990/2967 2877/989/2966 2909/1021/2027
f 2911/1023/2029 2879/991/2968 2878/990/2967 2910/1022/2981
f 2881/993/1999 2849/961/1967 2879/991/2968 2911/1023/2029
f 2912/1024/2030 2880/1025/1998 2881/1026/1999 2913/1027/2031
f 2914/1028/2982 2882/1029/2969 2880/1025/1998 2912/1024/2030
f 2915/1030/2983 2883/1031/2970 2882/1029/2969 2914/1028/2982
f 2916/1032/2984 2884/1033/2002 2883/1031/2970 2915/1030/2983
f 2917/1034/2985 2885/1035/2971 2884/1033/2002 2916/1032/2984
f 2918/1036/2986 2886/1037/2972 2885/1035/2971 2917/1034/2985
f 2919/1038/2987 2887/1039/2005 2886/1037/2972 2918/1036/2986
f 2920/1040/2988 2888/1041/2973 2887/1039/2005 2919/1038/2987
f 2921/1042/2039 2889/1043/2007 2888/1041/2973 2920/1040/2988
f 2922/1044/2989 2890/1045/2974 2889/1043/2007 2921/1042/2039
f 2923/1046/2990 2891/1047/2009 2890/1045/2974 2922/1044/2989
f 2924/1048/2991 2892/1049/2010 2891/1047/2009 2923/1046/2990
f 2925/1050/2992 2893/1051/2975 2892/1049/2010 2924/1048/2991
f 2926/1052/2993 2894/1053/2012 2893/1051/2975 2925/1050/2992
f 2927/1054/2994 2895/1055/2013 2894/1053/2012 2926/1052/2993
f 2928/1056/2995 2896/1057/2976 2895/1055/2013 2927/1054/2994
f 2929/1058/2996 2897/1059/2015 2896/1057/2976 2928/1056/2995
f 2930/1060/2997 2898/1061/2016 2897/1059/2015 2929/1058/2996
f 2931/1062/2998 2899/1063/2977 2898/1061/2016 2930/1060/2997
f 2932/1064/2999 2900/1065/2018 2899/1063/2977 2931/1062/2998
f 2933/1066/3000 2901/1067/2019 2900/1065/2018 2932/1064/2999
f 2934/1068/3001 2902/1069/2020 2901/1067/2019 2933/1066/3000
f 2935/1070/3002 2903/1071/2978 2902/1069/2020 2934/1068/3001
f 2936/1072/3003 2904/1073/2979 2903/1071/2978 2935/1070/3002
f 2937/1074/3004 2905/1075/2980 2904/1073/2979 2936/1072/3003
f 2938/1076/3005 2906/1077/2024 2905/1075/2980 2937/1074/3004
f 2939/1078/3006 2907/1079/2025 2906/1077/2024 2938/1076/3005
f 2940/1080/3007 2908/1081/2026 2907/1079/2025 2939/1078/3006
f 2941/1082/3008 2909/1083/2027 2908/1081/2026 2940/1080/3007
f 2942/1084/3009 2910/1085/2981 2909/1083/2027 2941/1082/3008
f 2943/1086/2061 2911/1087/2029 2910/1085/2981 2942/1084/3009
f 2913/1027/2031 2881/1026/1999 2911/1087/2029 2943/1086/2061
f 2944/1088/3010 2912/1024/2030 2913/1027/2031 2945/1089/2063
f 2946/1090/2064 2914/1028/2982 2912/1024/2030 2944/1088/3010
f 2947/1091/3011 2915/1030/2983 2914/1028/2982 2946/1090/2064
f 2948/1092/3012 2916/1032/2984 2915/1030/2983 2947/1091/3011
f 2949/1093/3013 2917/1034/2985 2916/1032/2984 2948/1092/3012
f 2950/1094/3014 2918/1036/2986 2917/1034/2985 2949/1093/3013
f 2951/1095/2069 2919/1038/2987 2918/1036/2986 2950/1094/3014
f 2952/1096/2070 2920/1040/2988 2919/1038/2987 2951/1095/2069
f 2953/1097/2071 2921/1042/2039 2920/1040/2988 2952/1096/2070
f 2954/1098/3015 2922/1044/2989 2921/1042/2039 2953/1097/2071
f 2955/1099/3016 2923/1046/2990 2922/1044/2989 2954/1098/3015
f 2956/1100/2074 2924/1048/2991 2923/1046/2990 2955/1099/3016
f 2957/1101/3017 2925/1050/2992 2924/1048/2991 2956/1100/2074
f 2958/1102/2076 2926/1052/2993 2925/1050/2992 2957/1101/3017
f 2959/1103/3018 2927/1054/2994 2926/1052/2993 2958/1102/2076
f 2960/1104/2078 2928/1056/2995 2927/1054/2994 2959/1103/3018
f 2961/1105/3019 2929/1058/2996 2928/1056/2995 2960/1104/2078
f 2962/1106/2080 2930/1060/2997 2929/1058/2996 2961/1105/3019
f 2963/1107/2081 2931/1062/2998 2930/1060/2997 2962/1106/2080
f 2964/1108/3020 2932/1064/2999 2931/1062/2998 2963/1107/2081
f 2965/1109/2083 2933/1066/3000 2932/1064/2999 2964/1108/3020
f 2966/1110/3021 2934/1068/3001 2933/1066/3000 2965/1109/2083
f 2967/1111/3022 2935/1070/3002 2934/1068/3001 2966/1110/3021
f 2968/1112/2086 2936/1072/3003 2935/1070/3002 2967/1111/3022
f 2969/1113/3023 2937/1074/3004 2936/1072/3003 2968/1112/2086
f 2970/1114/3024 2938/1076/3005 2937/1074/3004 2969/1113/3023
f 2971/1115/2089 2939/1078/3006 2938/1076/3005 2970/1114/3024
f 2972/1116/3025 2940/1080/3007 2939/1078/3006 2971/1115/2089
f 2973/1117/2091 2941/1082/3008 2940/1080/3007 2972/1116/3025
f 2974/1118/3026 2942/1084/3009 2941/1082/3008 2973/1117/2091
f 2975/1119/2093 2943/1086/2061 2942/1084/3009 2974/1118/3026
f 2945/1089/2063 2913/1027/2031 2943/1086/2061 2975/1119/2093
f 2976/1120/3027 2944/1088/3010 2945/1089/2063 2977/1121/3028
f 2978/1122/3029 2946/1090/2064 2944/1088/3010 2976/1120/3027
f 2979/1123/3030 2947/1091/3011 2946/1090/2064 2978/1122/3029
f 2980/1124/3031 2948/1092/3012 2947/1091/3011 2979/1123/3030
f 2981/1125/3032 2949/1093/3013 2948/1092/3012 2980/1124/3031
f 2982/1126/3033 2950/1094/3014 2949/1093/3013 2981/1125/3032
f 2983/1127/2101 2951/1095/2069 2950/1094/3014 2982/1126/3033
f 2984/1128/3034 2952/1096/2070 2951/1095/2069 2983/1127/2101
f 2985/1129/2103 2953/1097/2071 2952/1096/2070 2984/1128/3034
f 2986/1130/3035 2954/1098/3015 2953/1097/2071 2985/1129/2103
f 2987/1131/3036 2955/1099/3016 2954/1098/3015 2986/1130/3035
f 2988/1132/3037 2956/1100/2074 2955/1099/3016 2987/1131/3036
f 2989/1133/3038 2957/1101/3017 2956/1100/2074 2988/1132/3037
f 2990/1134/3039 2958/1102/2076 2957/1101/3017 2989/1133/3038
f 2991/1135/3040 2959/1103/3018 2958/1102/2076 2990/1134/3039
f 2992/1136/3041 2960/1104/2078 2959/1103/3018 2991/1135/3040
f 2993/1137/3042 2961/1105/3019 2960/1104/2078 2992/1136/3041
f 2994/1138/3043 2962/1106/2080 2961/1105/3019 2993/1137/3042
f 2995/1139/3044 2963/1107/2081 2962/1106/2080 2994/1138/3043
f 2996/1140/3045 2964/1108/3020 2963/1107/2081 2995/1139/3044
f 2997/1141/3046 2965/1109/2083 2964/1108/3020 2996/1140/3045
f 2998/1142/3047 2966/1110/3021 2965/1109/2083 2997/1141/3046
f 2999/1143/3048 2967/1111/3022 2966/1110/3021 2998/1142/3047
f 3000/1144/3049 2968/1112/2086 2967/1111/3022 2999/1143/3048
f 3001/1145/3050 2969/1113/3023 2968/1112/2086 3000/1144/3049
f 3002/1146/2120 2970/1114/3024 2969/1113/3023 3001/1145/3050
f 3003/1147/3051 2971/1115/2089 2970/1114/3024 3002/1146/2120
f 3004/1148/3052 2972/1116/3025 2971/1115/2089 3003/1147/3051
f 3005/1149/3053 2973/1117/2091 2972/1116/3025 3004/1148/3052
f 3006/1150/3054 2974/1118/3026 2973/1117/2091 3005/1149/3053
f 3007/1151/3055 2975/1119/2093 2974/1118/3026 3006/1150/3054
f 2977/1121/3028 2945/1089/2063 2975/1119/2093 3007/1151/3055
f 3008/1152/2126 2976/1120/3027 2977/1121/3028 3009/1153/2127
f 3010/1154/2128 2978/1122/3029 2976/1120/3027 3008/1152/2126
f 3011/1155/3056 2979/1123/3030 2978/1122/3029 3010/1154/2128
f 3012/1156/3057 2980/1124/3031 2979/1123/3030 3011/1155/3056
f 3013/1157/2131 2981/1125/3032 2980/1124/3031 3012/1156/3057
f 3014/1158/2132 2982/1126/3033 2981/1125/3032 3013/1157/2131
f 3015/1159/2133 2983/1127/2101 2982/1126/3033 3014/1158/2132
f 3016/1160/2134 2984/1128/3034 2983/1127/2101 3015/1159/2133
f 3017/1161/2135 2985/1129/2103 2984/1128/3034 3016/1160/2134
f 3018/1162/2136 2986/1130/3035 2985/1129/2103 3017/1161/2135
f 3019/1163/2137 2987/1131/3036 2986/1130/3035 3018/1162/2136
f 3020/1164/3058 2988/1132/3037 2987/1131/3036 3019/1163/2137
f 3021/1165/3059 2989/1133/3038 2988/1132/3037 3020/1164/3058
f 3022/1166/3060 2990/1134/3039 2989/1133/3038 3021/1165/3059
f 3023/1167/3061 2991/1135/3040 2990/1134/3039 3022/1166/3060
f 3024/1168/2142 2992/1136/3041 2991/1135/3040 3023/1167/3061
f 3025/1169/2143 2993/1137/3042 2992/1136/3041 3024/1168/2142
f 3026/1170/3062 2994/1138/3043 2993/1137/3042 3025/1169/2143
f 3027/1171/2145 2995/1139/3044 2994/1138/3043 3026/1170/3062
f 3028/1172/3063 2996/1140/3045 2995/1139/3044 3027/1171/2145
f 3029/1173/3064 2997/1141/3046 2996/1140/3045 3028/1172/3063
f 3030/1174/3065 2998/1142/3047 2997/1141/3046 3029/1173/3064
f 3031/1175/3066 2999/1143/3048 2998/1142/3047 3030/1174/3065
f 3032/1176/3067 3000/1144/3049 2999/1143/3048 3031/1175/3066
f 3033/1177/3068 3001/1145/3050 3000/1144/3049 3032/1176/3067
f 3034/1178/3069 3002/1146/2120 3001/1145/3050 3033/1177/3068
f 3035/1179/3070 3003/1147/3051 3002/1146/2120 3034/1178/3069
f 3036/1180/3071 3004/1148/3052 3003/1147/3051 3035/1179/3070
f 3037/1181/3072 3005/1149/3053 3004/1148/3052 3036/1180/3071
f 3038/1182/3073 3006/1150/3054 3005/1149/3053 3037/1181/3072
f 3039/1183/2157 3007/1151/3055 3006/1150/3054 3038/1182/3073
f 3009/1153/2127 2977/1121/3028 3007/1151/3055 3039/1183/2157
f 3040/1184/2158 3008/1185/2126 3009/1186/2127 3041/1187/2159
f 3042/1188/2160 3010/1189/2128 3008/1185/2126 3040/1184/2158
f 3043/1190/2161 3011/1191/3056 3010/1189/2128 3042/1188/2160
f 3044/1192/3074 3012/1193/3057 3011/1191/3056 3043/1190/2161
f 3045/1194/2163 3013/1195/2131 3012/1193/3057 3044/1192/3074
f 3046/1196/2164 3014/1197/2132 3013/1195/2131 3045/1194/2163
f 3047/1198/2165 3015/1199/2133 3014/1197/2132 3046/1196/2164
f 3048/1200/2166 3016/1201/2134 3015/1199/2133 3047/1198/2165
f 3049/1202/2167 3017/1203/2135 3016/1201/2134 3048/1200/2166
f 3050/1204/2168 3018/1205/2136 3017/1203/2135 3049/1202/2167
f 3051/1206/2169 3019/1207/2137 3018/1205/2136 3050/1204/2168
f 3052/1208/3075 3020/1209/3058 3019/1207/2137 3051/1206/2169
f 3053/1210/3076 3021/1211/3059 3020/1209/3058 3052/1208/3075
f 3054/1212/2172 3022/1213/3060 3021/1211/3059 3053/1210/3076
f 3055/1214/2173 3023/1215/3061 3022/1213/3060 3054/1212/2172
f 3056/1216/2174 3024/1217/2142 3023/1215/3061 3055/1214/2173
f 3057/1218/2175 3025/1219/2143 3024/1217/2142 3056/1216/2174
f 3058/1220/2176 3026/1221/3062 3025/1219/2143 3057/1218/2175
f 3059/1222/3077 3027/1223/2145 3026/1221/3062 3058/1220/2176
f 3060/1224/3078 3028/1225/3063 3027/1223/2145 3059/1222/3077
f 3061/1226/2179 3029/1227/3064 3028/1225/3063 3060/1224/3078
f 3062/1228/2180 3030/1229/3065 3029/1227/3064 3061/1226/2179
f 3063/1230/3079 3031/1231/3066 3030/1229/3065 3062/1228/2180
f 3064/1232/2182 3032/1233/3067 3031/1231/3066 3063/1230/3079
f 3065/1234/2183 3033/1235/3068 3032/1233/3067 3064/1232/2182
f 3066/1236/2184 3034/1237/3069 3033/1235/3068 3065/1234/2183
f 3067/1238/2185 3035/1239/3070 3034/1237/3069 3066/1236/2184
f 3068/1240/3080 3036/1241/3071 3035/1239/3070 3067/1238/2185
f 3069/1242/3081 3037/1243/3072 3036/1241/3071 3068/1240/3080
f 3070/1244/2188 3038/1245/3073 3037/1243/3072 3069/1242/3081
f 3071/1246/3082 3039/1247/2157 3038/1245/3073 3070/1244/2188
f 3041/1187/2159 3009/1186/2127 3039/1247/2157 3071/1246/3082
f 3072/1248/3083 3040/1184/2158 3041/1187/2159 3073/1249/3084
f 3074/1250/2192 3042/1188/2160 3040/1184/2158 3072/1248/3083
f 3075/1251/3085 3043/1190/2161 3042/1188/2160 3074/1250/2192
f 3076/1252/3086 3044/1192/3074 3043/1190/2161 3075/1251/3085
f 3077/1253/3087 3045/1194/2163 3044/1192/3074 3076/1252/3086
f 3078/1254/2196 3046/1196/2164 3045/1194/2163 3077/1253/3087
f 3079/1255/3088 3047/1198/2165 3046/1196/2164 3078/1254/2196
f 3080/1256/3089 3048/1200/2166 3047/1198/2165 3079/1255/3088
f 3081/1257/2199 3049/1202/2167 3048/1200/2166 3080/1256/3089
f 3082/1258/2200 3050/1204/2168 3049/1202/2167 3081/1257/2199
f 3083/1259/3090 3051/1206/2169 3050/1204/2168 3082/1258/2200
f 3084/1260/3091 3052/1208/3075 3051/1206/2169 3083/1259/3090
f 3085/1261/2203 3053/1210/3076 3052/1208/3075 3084/1260/3091
f 3086/1262/2204 3054/1212/2172 3053/1210/3076 3085/1261/2203
f 3087/1263/3092 3055/1214/2173 3054/1212/2172 3086/1262/2204
f 3088/1264/3093 3056/1216/2174 3055/1214/2173 3087/1263/3092
f 3089/1265/3094 3057/1218/2175 3056/1216/2174 3088/1264/3093
f 3090/1266/3095 3058/1220/2176 3057/1218/2175 3089/1265/3094
f 3091/1267/3096 3059/1222/3077 3058/1220/2176 3090/1266/3095
f 3092/1268/3097 3060/1224/3078 3059/1222/3077 3091/1267/3096
f 3093/1269/3098 3061/1226/2179 3060/1224/3078 3092/1268/3097
f 3094/1270/2212 3062/1228/2180 3061/1226/2179 3093/1269/3098
f 3095/1271/3099 3063/1230/3079 3062/1228/2180 3094/1270/2212
f 3096/1272/3100 3064/1232/2182 3063/1230/3079 3095/1271/3099
f 3097/1273/3101 3065/1234/2183 3064/1232/2182 3096/1272/3100
f 3098/1274/2216 3066/1236/2184 3065/1234/2183 3097/1273/3101
f 3099/1275/3102 3067/1238/2185 3066/1236/2184 3098/1274/2216
f 3100/1276/3103 3068/1240/3080 3067/1238/2185 3099/1275/3102
f 3101/1277/3104 3069/1242/3081 3068/1240/3080 3100/1276/3103
f 3102/1278/3105 3070/1244/2188 3069/1242/3081 3101/1277/3104
f 3103/1279/3106 3071/1246/3082 3070/1244/2188 3102/1278/3105
f 3073/1249/3084 3041/1187/2159 3071/1246/3082 3103/1279/3106
f 3104/1280/3107 3072/1248/3083 3073/1249/3084 3105/1281/3108
f 3106/1282/3109 3074/1250/2192 3072/1248/3083 3104/1280/3107
f 3107/1283/3110 3075/1251/3085 3074/1250/2192 3106/1282/3109
f 3108/1284/3111 3076/1252/3086 3075/1251/3085 3107/1283/3110
f 3109/1285/3112 3077/1253/3087 3076/1252/3086 3108/1284/3111
f 3110/1286/3113 3078/1254/2196 3077/1253/3087 3109/1285/3112
f 3111/1287/3114 3079/1255/3088 3078/1254/2196 3110/1286/3113
f 3112/1288/3115 3080/1256/3089 3079/1255/3088 3111/1287/3114
f 3113/1289/3116 3081/1257/2199 3080/1256/3089 3112/1288/3115
f 3114/1290/3117 3082/1258/2200 3081/1257/2199 3113/1289/3116
f 3115/1291/3118 3083/1259/3090 3082/1258/2200 3114/1290/3117
f 3116/1292/3119 3084/1260/3091 3083/1259/3090 3115/1291/3118
f 3117/1293/3120 3085/1261/2203 3084/1260/3091 3116/1292/3119
f 3118/1294/2236 3086/1262/2204 3085/1261/2203 3117/1293/3120
f 3119/1295/2237 3087/1263/3092 3086/1262/2204 3118/1294/2236
f 3120/1296/2238 3088/1264/3093 3087/1263/3092 3119/1295/2237
f 3121/1297/2239 3089/1265/3094 3088/1264/3093 3120/1296/2238
f 3122/1298/2240 3090/1266/3095 3089/1265/3094 3121/1297/2239
f 3123/1299/3121 3091/1267/3096 3090/1266/3095 3122/1298/2240
f 3124/1300/3122 3092/1268/3097 3091/1267/3096 3123/1299/3121
f 3125/1301/3123 3093/1269/3098 3092/1268/3097 3124/1300/3122
f 3126/1302/3124 3094/1270/2212 3093/1269/3098 3125/1301/3123
f 3127/1303/3125 3095/1271/3099 3094/1270/2212 3126/1302/3124
f 3128/1304/3126 3096/1272/3100 3095/1271/3099 3127/1303/3125
f 3129/1305/3127 3097/1273/3101 3096/1272/3100 3128/1304/3126
f 3130/1306/3128 3098/1274/2216 3097/1273/3101 3129/1305/3127
f 3131/1307/2249 3099/1275/3102 3098/1274/2216 3130/1306/3128
f 3132/1308/3129 3100/1276/3103 3099/1275/3102 3131/1307/2249
f 3133/1309/3130 3101/1277/3104 3100/1276/3103 3132/1308/3129
f 3134/1310/3131 3102/1278/3105 3101/1277/3104 3133/1309/3130
f 3135/1311/3132 3103/1279/3106 3102/1278/3105 3134/1310/3131
f 3105/1281/3108 3073/1249/3084 3103/1279/3106 3135/1311/3132
f 3136/1312/2254 3104/1280/3107 3105/1281/3108 3137/1313/2255
f 3138/1314/3133 3106/1282/3109 3104/1280/3107 3136/1312/2254
f 3139/1315/3134 3107/1283/3110 3106/1282/3109 3138/1314/3133
f 3140/1316/2258 3108/1284/3111 3107/1283/3110 3139/1315/3134
f 3141/1317/3135 3109/1285/3112 3108/1284/3111 3140/1316/2258
f 3142/1318/3136 3110/1286/3113 3109/1285/3112 3141/1317/3135
f 3143/1319/3137 3111/1287/3114 3110/1286/3113 3142/1318/3136
f 3144/1320/2262 3112/1288/3115 3111/1287/3114 3143/1319/3137
f 3145/1321/3138 3113/1289/3116 3112/1288/3115 3144/1320/2262
f 3146/1322/3139 3114/1290/3117 3113/1289/3116 3145/1321/3138
f 3147/1323/3140 3115/1291/3118 3114/1290/3117 3146/1322/3139
f 3148/1324/3141 3116/1292/3119 3115/1291/3118 3147/1323/3140
f 3149/1325/3142 3117/1293/3120 3116/1292/3119 3148/1324/3141
f 3150/1326/2268 3118/1294/2236 3117/1293/3120 3149/1325/3142
f 3151/1327/2269 3119/1295/2237 3118/1294/2236 3150/1326/2268
f 3152/1328/3143 3120/1296/2238 3119/1295/2237 3151/1327/2269
f 3153/1329/2271 3121/1297/2239 3120/1296/2238 3152/1328/3143
f 3154/1330/2272 3122/1298/2240 3121/1297/2239 3153/1329/2271
f 3155/1331/3144 3123/1299/3121 3122/1298/2240 3154/1330/2272
f 3156/1332/3145 3124/1300/3122 3123/1299/3121 3155/1331/3144
f 3157/1333/2275 3125/1301/3123 3124/1300/3122 3156/1332/3145
f 3158/1334/3146 3126/1302/3124 3125/1301/3123 3157/1333/2275
f 3159/1335/3147 3127/1303/3125 3126/1302/3124 3158/1334/3146
f 3160/1336/3148 3128/1304/3126 3127/1303/3125 3159/1335/3147
f 3161/1337/3149 3129/1305/3127 3128/1304/3126 3160/1336/3148
f 3162/1338/3150 3130/1306/3128 3129/1305/3127 3161/1337/3149
f 3163/1339/2281 3131/1307/2249 3130/1306/3128 3162/1338/3150
f 3164/1340/3151 3132/1308/3129 3131/1307/2249 3163/1339/2281
f 3165/1341/3152 3133/1309/3130 3132/1308/3129 3164/1340/3151
f 3166/1342/3153 3134/1310/3131 3133/1309/3130 3165/1341/3152
f 3167/1343/3154 3135/1311/3132 3134/1310/3131 3166/1342/3153
f 3137/1313/2255 3105/1281/3108 3135/1311/3132 3167/1343/3154
f 3168/1349/2286 3136/1312/2254 3137/1313/2255 3169/1536/2287
f 3170/1348/2288 3138/1314/3133 3136/1312/2254 3168/1349/2286
f 3171/1350/3155 3139/1315/3134 3138/1314/3133 3170/1348/2288
f 3172/1351/2290 3140/1316/2258 3139/1315/3134 3171/1350/3155
f 3173/1352/2291 3141/1317/3135 3140/1316/2258 3172/1351/2290
f 3174/1353/2292 3142/1318/3136 3141/1317/3135 3173/1352/2291
f 3175/1354/2293 3143/1319/3137 3142/1318/3136 3174/1353/2292
f 3176/1355/3156 3144/1320/2262 3143/1319/3137 3175/1354/2293
f 3177/1356/2295 3145/1321/3138 3144/1320/2262 3176/1355/3156
f 3178/1357/2296 3146/1322/3139 3145/1321/3138 3177/1356/2295
f 3179/1358/2297 3147/1323/3140 3146/1322/3139 3178/1357/2296
f 3180/1359/2298 3148/1324/3141 3147/1323/3140 3179/1358/2297
f 3181/1360/3157 3149/1325/3142 3148/1324/3141 3180/1359/2298
f 3182/1361/3158 3150/1326/2268 3149/1325/3142 3181/1360/3157
f 3183/1362/2301 3151/1327/2269 3150/1326/2268 3182/1361/3158
f 3184/1363/2302 3152/1328/3143 3151/1327/2269 3183/1362/2301
f 3185/1364/2303 3153/1329/2271 3152/1328/3143 3184/1363/2302
f 3186/1365/3159 3154/1330/2272 3153/1329/2271 3185/1364/2303
f 3187/1366/3160 3155/1331/3144 3154/1330/2272 3186/1365/3159
f 3188/1367/2306 3156/1332/3145 3155/1331/3144 3187/1366/3160
f 3189/1368/3161 3157/1333/2275 3156/1332/3145 3188/1367/2306
f 3190/1369/3162 3158/1334/3146 3157/1333/2275 3189/1368/3161
f 3191/1370/2309 3159/1335/3147 3158/1334/3146 3190/1369/3162
f 3192/1371/2310 3160/1336/3148 3159/1335/3147 3191/1370/2309
f 3193/1372/2311 3161/1337/3149 3160/1336/3148 3192/1371/2310
f 3194/1373/3163 3162/1338/3150 3161/1337/3149 3193/1372/2311
f 3195/1374/3164 3163/1339/2281 3162/1338/3150 3194/1373/3163
f 3196/1375/2314 3164/1340/3151 3163/1339/2281 3195/1374/3164
f 3197/1537/3165 3165/1341/3152 3164/1340/3151 3196/1375/2314
f 3198/1538/3166 3166/1342/3153 3165/1341/3152 3197/1537/3165
f 3199/1539/3167 3167/1343/3154 3166/1342/3153 3198/1538/3166
f 3169/1536/2287 3137/1313/2255 3167/1343/3154 3199/1539/3167
f 3200/1387/3168 3168/1349/2286 3169/1536/2287 3201/1532/3169
f 3202/1386/3170 3170/1348/2288 3168/1349/2286 3200/1387/3168
f 3203/1388/2321 3171/1350/3155 3170/1348/2288 3202/1386/3170
f 3204/1389/3171 3172/1351/2290 3171/1350/3155 3203/1388/2321
f 3205/1390/3172 3173/1352/2291 3172/1351/2290 3204/1389/3171
f 3206/1391/3173 3174/1353/2292 3173/1352/2291 3205/1390/3172
f 3207/1392/3174 3175/1354/2293 3174/1353/2292 3206/1391/3173
f 3208/1393/3175 3176/1355/3156 3175/1354/2293 3207/1392/3174
f 3209/1394/3176 3177/1356/2295 3176/1355/3156 3208/1393/3175
f 3210/1395/3177 3178/1357/2296 3177/1356/2295 3209/1394/3176
f 3211/1396/3178 3179/1358/2297 3178/1357/2296 3210/1395/3177
f 3212/1397/3179 3180/1359/2298 3179/1358/2297 3211/1396/3178
f 3213/1398/2331 3181/1360/3157 3180/1359/2298 3212/1397/3179
f 3214/1399/2332 3182/1361/3158 3181/1360/3157 3213/1398/2331
f 3215/1400/2333 3183/1362/2301 3182/1361/3158 3214/1399/2332
f 3216/1401/2334 3184/1363/2302 3183/1362/2301 3215/1400/2333
f 3217/1402/2335 3185/1364/2303 3184/1363/2302 3216/1401/2334
f 3218/1403/3180 3186/1365/3159 3185/1364/2303 3217/1402/2335
f 3219/1404/2337 3187/1366/3160 3186/1365/3159 3218/1403/3180
f 3220/1405/2338 3188/1367/2306 3187/1366/3160 3219/1404/2337
f 3221/1406/2339 3189/1368/3161 3188/1367/2306 3220/1405/2338
f 3222/1407/2340 3190/1369/3162 3189/1368/3161 3221/1406/2339
f 3223/1408/2341 3191/1370/2309 3190/1369/3162 3222/1407/2340
f 3224/1409/2342 3192/1371/2310 3191/1370/2309 3223/1408/2341
f 3225/1410/2343 3193/1372/2311 3192/1371/2310 3224/1409/2342
f 3226/1411/3181 3194/1373/3163 3193/1372/2311 3225/1410/2343
f 3227/1412/2345 3195/1374/3164 3194/1373/3163 3226/1411/3181
f 3228/1413/2346 3196/1375/2314 3195/1374/3164 3227/1412/2345
f 3229/1533/2347 3197/1537/3165 3196/1375/2314 3228/1413/2346
f 3230/1534/2348 3198/1538/3166 3197/1537/3165 3229/1533/2347
f 3231/1535/3182 3199/1539/3167 3198/1538/3166 3230/1534/2348
f 3201/1532/3169 3169/1536/2287 3199/1539/3167 3231/1535/3182
f 3232/1421/3183 3200/1387/3168 3201/1532/3169 3233/1528/3184
f 3234/1420/3185 3202/1386/3170 3200/1387/3168 3232/1421/3183
f 3235/1422/3186 3203/1388/2321 3202/1386/3170 3234/1420/3185
f 3236/1423/2354 3204/1389/3171 3203/1388/2321 3235/1422/3186
f 3237/1424/2355 3205/1390/3172 3204/1389/3171 3236/1423/2354
f 3238/1425/3187 3206/1391/3173 3205/1390/3172 3237/1424/2355
f 3239/1426/3188 3207/1392/3174 3206/1391/3173 3238/1425/3187
f 3240/1427/2358 3208/1393/3175 3207/1392/3174 3239/1426/3188
f 3241/1428/3189 3209/1394/3176 3208/1393/3175 3240/1427/2358
f 3242/1429/2360 3210/1395/3177 3209/1394/3176 3241/1428/3189
f 3243/1430/2361 3211/1396/3178 3210/1395/3177 3242/1429/2360
f 3244/1431/2362 3212/1397/3179 3211/1396/3178 3243/1430/2361
f 3245/1432/2363 3213/1398/2331 3212/1397/3179 3244/1431/2362
f 3246/1433/2364 3214/1399/2332 3213/1398/2331 3245/1432/2363
f 3247/1434/3190 3215/1400/2333 3214/1399/2332 3246/1433/2364
f 3248/1435/2366 3216/1401/2334 3215/1400/2333 3247/1434/3190
f 3249/1436/3191 3217/1402/2335 3216/1401/2334 3248/1435/2366
f 3250/1437/2368 3218/1403/3180 3217/1402/2335 3249/1436/3191
f 3251/1438/3192 3219/1404/2337 3218/1403/3180 3250/1437/2368
f 3252/1439/2370 3220/1405/2338 3219/1404/2337 3251/1438/3192
f 3253/1440/2371 3221/1406/2339 3220/1405/2338 3252/1439/2370
f 3254/1441/2372 3222/1407/2340 3221/1406/2339 3253/1440/2371
f 3255/1442/3193 3223/1408/2341 3222/1407/2340 3254/1441/2372
f 3256/1443/2374 3224/1409/2342 3223/1408/2341 3255/1442/3193
f 3257/1444/3194 3225/1410/2343 3224/1409/2342 3256/1443/2374
f 3258/1445/2376 3226/1411/3181 3225/1410/2343 3257/1444/3194
f 3259/1446/2377 3227/1412/2345 3226/1411/3181 3258/1445/2376
f 3260/1447/2378 3228/1413/2346 3227/1412/2345 3259/1446/2377
f 3261/1529/3195 3229/1533/2347 3228/1413/2346 3260/1447/2378
f 3262/1530/3196 3230/1534/2348 3229/1533/2347 3261/1529/3195
f 3263/1531/2381 3231/1535/3182 3230/1534/2348 3262/1530/3196
f 3233/1528/3184 3201/1532/3169 3231/1535/3182 3263/1531/2381
f 3264/1455/3197 3232/1421/3183 3233/1528/3184 3265/1521/2383
f 3266/1454/3198 3234/1420/3185 3232/1421/3183 3264/1455/3197
f 3267/1456/3199 3235/1422/3186 3234/1420/3185 3266/1454/3198
f 3268/1457/2386 3236/1423/2354 3235/1422/3186 3267/1456/3199
f 3269/1458/2387 3237/1424/2355 3236/1423/2354 3268/1457/2386
f 3270/1459/2388 3238/1425/3187 3237/1424/2355 3269/1458/2387
f 3271/1460/2389 3239/1426/3188 3238/1425/3187 3270/1459/2388
f 3272/1461/2390 3240/1427/2358 3239/1426/3188 3271/1460/2389
f 3273/1462/2391 3241/1428/3189 3240/1427/2358 3272/1461/2390
f 3274/1463/2392 3242/1429/2360 3241/1428/3189 3273/1462/2391
f 3275/1464/2393 3243/1430/2361 3242/1429/2360 3274/1463/2392
f 3276/1465/2394 3244/1431/2362 3243/1430/2361 3275/1464/2393
f 3277/1466/3200 3245/1432/2363 3244/1431/2362 3276/1465/2394
f 3278/1467/3201 3246/1433/2364 3245/1432/2363 3277/1466/3200
f 3279/1468/3202 3247/1434/3190 3246/1433/2364 3278/1467/3201
f 3280/1469/2398 3248/1435/2366 3247/1434/3190 3279/1468/3202
f 3281/1470/3203 3249/1436/3191 3248/1435/2366 3280/1469/2398
f 3282/1471/3204 3250/1437/2368 3249/1436/3191 3281/1470/3203
f 3283/1472/2401 3251/1438/3192 3250/1437/2368 3282/1471/3204
f 3284/1473/2402 3252/1439/2370 3251/1438/3192 3283/1472/2401
f 3285/1474/2403 3253/1440/2371 3252/1439/2370 3284/1473/2402
f 3286/1475/3205 3254/1441/2372 3253/1440/2371 3285/1474/2403
f 3287/1476/3206 3255/1442/3193 3254/1441/2372 3286/1475/3205
f 3288/1477/2406 3256/1443/2374 3255/1442/3193 3287/1476/3206
f 3289/1478/2407 3257/1444/3194 3256/1443/2374 3288/1477/2406
f 3290/1479/3207 3258/1445/2376 3257/1444/3194 3289/1478/2407
f 3291/1480/2409 3259/1446/2377 3258/1445/2376 3290/1479/3207
f 3292/1481/2410 3260/1447/2378 3259/1446/2377 3291/1480/2409
f 3293/1522/3208 3261/1529/3195 3260/1447/2378 3292/1481/2410
f 3294/1524/3209 3262/1530/3196 3261/1529/3195 3293/1522/3208
f 3295/1526/2413 3263/1531/2381 3262/1530/3196 3294/1524/3209
f 3265/1521/2383 3233/1528/3184 3263/1531/2381 3295/1526/2413
f 3296/1489/2414 3264/1455/3197 3265/1521/2383 3297/1520/1596
f 3298/1488/3210 3266/1454/3198 3264/1455/3197 3296/1489/2414
f 3299/1490/2416 3267/1456/3199 3266/1454/3198 3298/1488/3210
f 3300/1491/2417 3268/1457/2386 3267/1456/3199 3299/1490/2416
f 3301/1492/3211 3269/1458/2387 3268/1457/2386 3300/1491/2417
f 3302/1493/2419 3270/1459/2388 3269/1458/2387 3301/1492/3211
f 3303/1494/2420 3271/1460/2389 3270/1459/2388 3302/1493/2419
f 3304/1495/2421 3272/1461/2390 3271/1460/2389 3303/1494/2420
f 3305/1496/2422 3273/1462/2391 3272/1461/2390 3304/1495/2421
f 3306/1497/2423 3274/1463/2392 3273/1462/2391 3305/1496/2422
f 3307/1498/2424 3275/1464/2393 3274/1463/2392 3306/1497/2423
f 3308/1499/1928 3276/1465/2394 3275/1464/2393 3307/1498/2424
f 3309/1500/2425 3277/1466/3200 3276/1465/2394 3308/1499/1928
f 3310/1501/3212 3278/1467/3201 3277/1466/3200 3309/1500/2425
f 3311/1502/3213 3279/1468/3202 3278/1467/3201 3310/1501/3212
f 3312/1503/1598 3280/1469/2398 3279/1468/3202 3311/1502/3213
f 3313/1504/3214 3281/1470/3203 3280/1469/2398 3312/1503/1598
f 3314/1505/2429 3282/1471/3204 3281/1470/3203 3313/1504/3214
f 3315/1506/2430 3283/1472/2401 3282/1471/3204 3314/1505/2429
f 3316/1507/2431 3284/1473/2402 3283/1472/2401 3315/1506/2430
f 3317/1508/3215 3285/1474/2403 3284/1473/2402 3316/1507/2431
f 3318/1509/2433 3286/1475/3205 3285/1474/2403 3317/1508/3215
f 3319/1510/2434 3287/1476/3206 3286/1475/3205 3318/1509/2433
f 3320/1511/2435 3288/1477/2406 3287/1476/3206 3319/1510/2434
f 3321/1512/2436 3289/1478/2407 3288/1477/2406 3320/1511/2435
f 3322/1513/2437 3290/1479/3207 3289/1478/2407 3321/1512/2436
f 3323/1514/2438 3291/1480/2409 3290/1479/3207 3322/1513/2437
f 3324/1515/1921 3292/1481/2410 3291/1480/2409 3323/1514/2438
f 3325/1523/2439 3293/1522/3208 3292/1481/2410 3324/1515/1921
f 3326/1525/3216 3294/1524/3209 3293/1522/3208 3325/1523/2439
f 3327/1527/2441 3295/1526/2413 3294/1524/3209 3326/1525/3216
f 3297/1520/1596 3265/1521/2383 3295/1526/2413 3327/1527/2441
f 3328/1455/3217 3296/1489/2414 3297/1520/1596 3329/1521/2443
f 3330/1454/3218 3298/1488/3210 3296/1489/2414 3328/1455/3217
f 3331/1456/3219 3299/1490/2416 3298/1488/3210 3330/1454/3218
f 3332/1457/2446 3300/1491/2417 3299/1490/2416 3331/1456/3219
f 3333/1458/2447 3301/1492/3211 3300/1491/2417 3332/1457/2446
f 3334/1459/2448 3302/1493/2419 3301/1492/3211 3333/1458/2447
f 3335/1460/2449 3303/1494/2420 3302/1493/2419 3334/1459/2448
f 3336/1461/2450 3304/1495/2421 3303/1494/2420 3335/1460/2449
f 3337/1462/2451 3305/1496/2422 3304/1495/2421 3336/1461/2450
f 3338/1463/2452 3306/1497/2423 3305/1496/2422 3337/1462/2451
f 3339/1464/3220 3307/1498/2424 3306/1497/2423 3338/1463/2452
f 3340/1465/2454 3308/1499/1928 3307/1498/2424 3339/1464/3220
f 3341/1466/2455 3309/1500/2425 3308/1499/1928 3340/1465/2454
f 3342/1467/3221 3310/1501/3212 3309/1500/2425 3341/1466/2455
f 3343/1468/3222 3311/1502/3213 3310/1501/3212 3342/1467/3221
f 3344/1469/3223 3312/1503/1598 3311/1502/3213 3343/1468/3222
f 3345/1470/3224 3313/1504/3214 3312/1503/1598 3344/1469/3223
f 3346/1471/3225 3314/1505/2429 3313/1504/3214 3345/1470/3224
f 3347/1472/2461 3315/1506/2430 3314/1505/2429 3346/1471/3225
f 3348/1473/2462 3316/1507/2431 3315/1506/2430 3347/1472/2461
f 3349/1474/2463 3317/1508/3215 3316/1507/2431 3348/1473/2462
f 3350/1475/3226 3318/1509/2433 3317/1508/3215 3349/1474/2463
f 3351/1476/2465 3319/1510/2434 3318/1509/2433 3350/1475/3226
f 3352/1477/2466 3320/1511/2435 3319/1510/2434 3351/1476/2465
f 3353/1478/2467 3321/1512/2436 3320/1511/2435 3352/1477/2466
f 3354/1479/3227 3322/1513/2437 3321/1512/2436 3353/1478/2467
f 3355/1480/2469 3323/1514/2438 3322/1513/2437 3354/1479/3227
f 3356/1481/2470 3324/1515/1921 3323/1514/2438 3355/1480/2469
f 3357/1522/3228 3325/1523/2439 3324/1515/1921 3356/1481/2470
f 3358/1524/2472 3326/1525/3216 3325/1523/2439 3357/1522/3228
f 3359/1526/2473 3327/1527/2441 3326/1525/3216 3358/1524/2472
f 3329/1521/2443 3297/1520/1596 3327/1527/2441 3359/1526/2473
f 3360/1421/2474 3328/1455/3217 3329/1521/2443 3361/1528/2475
f 3362/1420/2476 3330/1454/3218 3328/1455/3217 3360/1421/2474
f 3363/1422/3229 3331/1456/3219 3330/1454/3218 3362/1420/2476
f 3364/1423/2478 3332/1457/2446 3331/1456/3219 3363/1422/3229
f 3365/1424/2479 3333/1458/2447 3332/1457/2446 3364/1423/2478
f 3366/1425/2480 3334/1459/2448 3333/1458/2447 3365/1424/2479
f 3367/1426/2481 3335/1460/2449 3334/1459/2448 3366/1425/2480
f 3368/1427/2482 3336/1461/2450 3335/1460/2449 3367/1426/2481
f 3369/1428/2483 3337/1462/2451 3336/1461/2450 3368/1427/2482
f 3370/1429/2484 3338/1463/2452 3337/1462/2451 3369/1428/2483
f 3371/1430/2485 3339/1464/3220 3338/1463/2452 3370/1429/2484
f 3372/1431/2486 3340/1465/2454 3339/1464/3220 3371/1430/2485
f 3373/1432/2487 3341/1466/2455 3340/1465/2454 3372/1431/2486
f 3374/1433/2488 3342/1467/3221 3341/1466/2455 3373/1432/2487
f 3375/1434/3230 3343/1468/3222 3342/1467/3221 3374/1433/2488
f 3376/1435/2490 3344/1469/3223 3343/1468/3222 3375/1434/3230
f 3377/1436/3231 3345/1470/3224 3344/1469/3223 3376/1435/2490
f 3378/1437/2492 3346/1471/3225 3345/1470/3224 3377/1436/3231
f 3379/1438/3232 3347/1472/2461 3346/1471/3225 3378/1437/2492
f 3380/1439/2494 3348/1473/2462 3347/1472/2461 3379/1438/3232
f 3381/1440/2495 3349/1474/2463 3348/1473/2462 3380/1439/2494
f 3382/1441/2496 3350/1475/3226 3349/1474/2463 3381/1440/2495
f 3383/1442/3233 3351/1476/2465 3350/1475/3226 3382/1441/2496
f 3384/1443/2498 3352/1477/2466 3351/1476/2465 3383/1442/3233
f 3385/1444/3234 3353/1478/2467 3352/1477/2466 3384/1443/2498
f 3386/1445/2500 3354/1479/3227 3353/1478/2467 3385/1444/3234
f 3387/1446/2501 3355/1480/2469 3354/1479/3227 3386/1445/2500
f 3388/1447/2502 3356/1481/2470 3355/1480/2469 3387/1446/2501
f 3389/1529/3235 3357/1522/3228 3356/1481/2470 3388/1447/2502
f 3390/1530/3236 3358/1524/2472 3357/1522/3228 3389/1529/3235
f 3391/1531/3237 3359/1526/2473 3358/1524/2472 3390/1530/3236
f 3361/1528/2475 3329/1521/2443 3359/1526/2473 3391/1531/3237
f 3392/1387/3238 3360/1421/2474 3361/1528/2475 3393/1532/3239
f 3394/1386/3240 3362/1420/2476 3360/1421/2474 3392/1387/3238
f 3395/1388/3241 3363/1422/3229 3362/1420/2476 3394/1386/3240
f 3396/1389/3242 3364/1423/2478 3363/1422/3229 3395/1388/3241
f 3397/1390/2511 3365/1424/2479 3364/1423/2478 3396/1389/3242
f 3398/1391/2512 3366/1425/2480 3365/1424/2479 3397/1390/2511
f 3399/1392/3243 3367/1426/2481 3366/1425/2480 3398/1391/2512
f 3400/1393/3244 3368/1427/2482 3367/1426/2481 3399/1392/3243
f 3401/1394/3245 3369/1428/2483 3368/1427/2482 3400/1393/3244
f 3402/1395/3246 3370/1429/2484 3369/1428/2483 3401/1394/3245
f 3403/1396/3247 3371/1430/2485 3370/1429/2484 3402/1395/3246
f 3404/1397/3248 3372/1431/2486 3371/1430/2485 3403/1396/3247
f 3405/1398/2519 3373/1432/2487 3372/1431/2486 3404/1397/3248
f 3406/1399/3249 3374/1433/2488 3373/1432/2487 3405/1398/2519
f 3407/1400/2521 3375/1434/3230 3374/1433/2488 3406/1399/3249
f 3408/1401/2522 3376/1435/2490 3375/1434/3230 3407/1400/2521
f 3409/1402/2523 3377/1436/3231 3376/1435/2490 3408/1401/2522
f 3410/1403/3250 3378/1437/2492 3377/1436/3231 3409/1402/2523
f 3411/1404/2525 3379/1438/3232 3378/1437/2492 3410/1403/3250
f 3412/1405/2526 3380/1439/2494 3379/1438/3232 3411/1404/2525
f 3413/1406/3251 3381/1440/2495 3380/1439/2494 3412/1405/2526
f 3414/1407/3252 3382/1441/2496 3381/1440/2495 3413/1406/3251
f 3415/1408/3253 3383/1442/3233 3382/1441/2496 3414/1407/3252
f 3416/1409/3254 3384/1443/2498 3383/1442/3233 3415/1408/3253
f 3417/1410/3255 3385/1444/3234 3384/1443/2498 3416/1409/3254
f 3418/1411/3256 3386/1445/2500 3385/1444/3234 3417/1410/3255
f 3419/1412/3257 3387/1446/2501 3386/1445/2500 3418/1411/3256
f 3420/1413/2534 3388/1447/2502 3387/1446/2501 3419/1412/3257
f 3421/1533/2535 3389/1529/3235 3388/1447/2502 3420/1413/2534
f 3422/1534/3258 3390/1530/3236 3389/1529/3235 3421/1533/2535
f 3423/1535/3259 3391/1531/3237 3390/1530/3236 3422/1534/3258
f 3393/1532/3239 3361/1528/2475 3391/1531/3237 3423/1535/3259
f 3424/1349/2538 3392/1387/3238 3393/1532/3239 3425/1536/2539
f 3426/1348/2540 3394/1386/3240 3392/1387/3238 3424/1349/2538
f 3427/1350/3260 3395/1388/3241 3394/1386/3240 3426/1348/2540
f 3428/1351/3261 3396/1389/3242 3395/1388/3241 3427/1350/3260
f 3429/1352/3262 3397/1390/2511 3396/1389/3242 3428/1351/3261
f 3430/1353/2544 3398/1391/2512 3397/1390/2511 3429/1352/3262
f 3431/1354/3263 3399/1392/3243 3398/1391/2512 3430/1353/2544
f 3432/1355/2546 3400/1393/3244 3399/1392/3243 3431/1354/3263
f 3433/1356/3264 3401/1394/3245 3400/1393/3244 3432/1355/2546
f 3434/1357/3265 3402/1395/3246 3401/1394/3245 3433/1356/3264
f 3435/1358/3266 3403/1396/3247 3402/1395/3246 3434/1357/3265
f 3436/1359/3267 3404/1397/3248 3403/1396/3247 3435/1358/3266
f 3437/1360/3268 3405/1398/2519 3404/1397/3248 3436/1359/3267
f 3438/1361/3269 3406/1399/3249 3405/1398/2519 3437/1360/3268
f 3439/1362/2553 3407/1400/2521 3406/1399/3249 3438/1361/3269
f 3440/1363/2554 3408/1401/2522 3407/1400/2521 3439/1362/2553
f 3441/1364/2555 3409/1402/2523 3408/1401/2522 3440/1363/2554
f 3442/1365/3270 3410/1403/3250 3409/1402/2523 3441/1364/2555
f 3443/1366/3271 3411/1404/2525 3410/1403/3250 3442/1365/3270
f 3444/1367/2558 3412/1405/2526 3411/1404/2525 3443/1366/3271
f 3445/1368/2559 3413/1406/3251 3412/1405/2526 3444/1367/2558
f 3446/1369/3272 3414/1407/3252 3413/1406/3251 3445/1368/2559
f 3447/1370/3273 3415/1408/3253 3414/1407/3252 3446/1369/3272
f 3448/1371/3274 3416/1409/3254 3415/1408/3253 3447/1370/3273
f 3449/1372/3275 3417/1410/3255 3416/1409/3254 3448/1371/3274
f 3450/1373/2564 3418/1411/3256 3417/1410/3255 3449/1372/3275
f 3451/1374/2565 3419/1412/3257 3418/1411/3256 3450/1373/2564
f 3452/1375/2566 3420/1413/2534 3419/1412/3257 3451/1374/2565
f 3453/1537/3276 3421/1533/2535 3420/1413/2534 3452/1375/2566
f 3454/1538/3277 3422/1534/3258 3421/1533/2535 3453/1537/3276
f 3455/1539/3278 3423/1535/3259 3422/1534/3258 3454/1538/3277
f 3425/1536/2539 3393/1532/3239 3423/1535/3259 3455/1539/3278
f 3456/1312/3279 3424/1349/2538 3425/1536/2539 3457/1313/3280
f 3458/1314/3281 3426/1348/2540 3424/1349/2538 3456/1312/3279
f 3459/1315/3282 3427/1350/3260 3426/1348/2540 3458/1314/3281
f 3460/1316/2574 3428/1351/3261 3427/1350/3260 3459/1315/3282
f 3461/1317/3283 3429/1352/3262 3428/1351/3261 3460/1316/2574
f 3462/1318/3284 3430/1353/2544 3429/1352/3262 3461/1317/3283
f 3463/1319/2577 3431/1354/3263 3430/1353/2544 3462/1318/3284
f 3464/1320/2578 3432/1355/2546 3431/1354/3263 3463/1319/2577
f 3465/1321/3285 3433/1356/3264 3432/1355/2546 3464/1320/2578
f 3466/1322/3286 3434/1357/3265 3433/1356/3264 3465/1321/3285
f 3467/1323/3287 3435/1358/3266 3434/1357/3265 3466/1322/3286
f 3468/1324/2582 3436/1359/3267 3435/1358/3266 3467/1323/3287
f 3469/1325/3288 3437/1360/3268 3436/1359/3267 3468/1324/2582
f 3470/1326/3289 3438/1361/3269 3437/1360/3268 3469/1325/3288
f 3471/1327/3290 3439/1362/2553 3438/1361/3269 3470/1326/3289
f 3472/1328/3291 3440/1363/2554 3439/1362/2553 3471/1327/3290
f 3473/1329/3292 3441/1364/2555 3440/1363/2554 3472/1328/3291
f 3474/1330/3293 3442/1365/3270 3441/1364/2555 3473/1329/3292
f 3475/1331/2589 3443/1366/3271 3442/1365/3270 3474/1330/3293
f 3476/1332/2590 3444/1367/2558 3443/1366/3271 3475/1331/2589
f 3477/1333/2591 3445/1368/2559 3444/1367/2558 3476/1332/2590
f 3478/1334/3294 3446/1369/3272 3445/1368/2559 3477/1333/2591
f 3479/1335/2593 3447/1370/3273 3446/1369/3272 3478/1334/3294
f 3480/1336/3295 3448/1371/3274 3447/1370/3273 3479/1335/2593
f 3481/1337/3296 3449/1372/3275 3448/1371/3274 3480/1336/3295
f 3482/1338/3297 3450/1373/2564 3449/1372/3275 3481/1337/3296
f 3483/1339/2597 3451/1374/2565 3450/1373/2564 3482/1338/3297
f 3484/1340/2598 3452/1375/2566 3451/1374/2565 3483/1339/2597
f 3485/1341/3298 3453/1537/3276 3452/1375/2566 3484/1340/2598
f 3486/1342/3299 3454/1538/3277 3453/1537/3276 3485/1341/3298
f 3487/1343/3300 3455/1539/3278 3454/1538/3277 3486/1342/3299
f 3457/1313/3280 3425/1536/2539 3455/1539/3278 3487/1343/3300
f 3488/1280/3301 3456/1312/3279 3457/1313/3280 3489/1281/3302
f 3490/1282/3303 3458/1314/3281 3456/1312/3279 3488/1280/3301
f 3491/1283/3304 3459/1315/3282 3458/1314/3281 3490/1282/3303
f 3492/1284/3305 3460/1316/2574 3459/1315/3282 3491/1283/3304
f 3493/1285/3306 3461/1317/3283 3460/1316/2574 3492/1284/3305
f 3494/1286/3307 3462/1318/3284 3461/1317/3283 3493/1285/3306
f 3495/1287/2609 3463/1319/2577 3462/1318/3284 3494/1286/3307
f 3496/1288/2610 3464/1320/2578 3463/1319/2577 3495/1287/2609
f 3497/1289/2611 3465/1321/3285 3464/1320/2578 3496/1288/2610
f 3498/1290/2612 3466/1322/3286 3465/1321/3285 3497/1289/2611
f 3499/1291/3308 3467/1323/3287 3466/1322/3286 3498/1290/2612
f 3500/1292/3309 3468/1324/2582 3467/1323/3287 3499/1291/3308
f 3501/1293/3310 3469/1325/3288 3468/1324/2582 3500/1292/3309
f 3502/1294/2616 3470/1326/3289 3469/1325/3288 3501/1293/3310
f 3503/1295/2617 3471/1327/3290 3470/1326/3289 3502/1294/2616
f 3504/1296/2618 3472/1328/3291 3471/1327/3290 3503/1295/2617
f 3505/1297/2619 3473/1329/3292 3472/1328/3291 3504/1296/2618
f 3506/1298/2620 3474/1330/3293 3473/1329/3292 3505/1297/2619
f 3507/1299/3311 3475/1331/2589 3474/1330/3293 3506/1298/2620
f 3508/1300/2622 3476/1332/2590 3475/1331/2589 3507/1299/3311
f 3509/1301/3312 3477/1333/2591 3476/1332/2590 3508/1300/2622
f 3510/1302/2624 3478/1334/3294 3477/1333/2591 3509/1301/3312
f 3511/1303/3313 3479/1335/2593 3478/1334/3294 3510/1302/2624
f 3512/1304/3314 3480/1336/3295 3479/1335/2593 3511/1303/3313
f 3513/1305/3315 3481/1337/3296 3480/1336/3295 3512/1304/3314
f 3514/1306/2628 3482/1338/3297 3481/1337/3296 3513/1305/3315
f 3515/1307/3316 3483/1339/2597 3482/1338/3297 3514/1306/2628
f 3516/1308/2630 3484/1340/2598 3483/1339/2597 3515/1307/3316
f 3517/1309/3317 3485/1341/3298 3484/1340/2598 3516/1308/2630
f 3518/1310/3318 3486/1342/3299 3485/1341/3298 3517/1309/3317
f 3519/1311/3319 3487/1343/3300 3486/1342/3299 3518/1310/3318
f 3489/1281/3302 3457/1313/3280 3487/1343/3300 3519/1311/3319
f 3520/1248/3320 3488/1280/3301 3489/1281/3302 3521/1249/3321
f 3522/1250/3322 3490/1282/3303 3488/1280/3301 3520/1248/3320
f 3523/1251/3323 3491/1283/3304 3490/1282/3303 3522/1250/3322
f 3524/1252/3324 3492/1284/3305 3491/1283/3304 3523/1251/3323
f 3525/1253/3325 3493/1285/3306 3492/1284/3305 3524/1252/3324
f 3526/1254/3326 3494/1286/3307 3493/1285/3306 3525/1253/3325
f 3527/1255/3327 3495/1287/2609 3494/1286/3307 3526/1254/3326
f 3528/1256/3328 3496/1288/2610 3495/1287/2609 3527/1255/3327
f 3529/1257/3329 3497/1289/2611 3496/1288/2610 3528/1256/3328
f 3530/1258/3330 3498/1290/2612 3497/1289/2611 3529/1257/3329
f 3531/1259/3331 3499/1291/3308 3498/1290/2612 3530/1258/3330
f 3532/1260/3332 3500/1292/3309 3499/1291/3308 3531/1259/3331
f 3533/1261/3333 3501/1293/3310 3500/1292/3309 3532/1260/3332
f 3534/1262/2648 3502/1294/2616 3501/1293/3310 3533/1261/3333
f 3535/1263/2649 3503/1295/2617 3502/1294/2616 3534/1262/2648
f 3536/1264/3334 3504/1296/2618 3503/1295/2617 3535/1263/2649
f 3537/1265/3335 3505/1297/2619 3504/1296/2618 3536/1264/3334
f 3538/1266/2652 3506/1298/2620 3505/1297/2619 3537/1265/3335
f 3539/1267/3336 3507/1299/3311 3506/1298/2620 3538/1266/2652
f 3540/1268/3337 3508/1300/2622 3507/1299/3311 3539/1267/3336
f 3541/1269/3338 3509/1301/3312 3508/1300/2622 3540/1268/3337
f 3542/1270/2656 3510/1302/2624 3509/1301/3312 3541/1269/3338
f 3543/1271/2657 3511/1303/3313 3510/1302/2624 3542/1270/2656
f 3544/1272/2658 3512/1304/3314 3511/1303/3313 3543/1271/2657
f 3545/1273/2659 3513/1305/3315 3512/1304/3314 3544/1272/2658
f 3546/1274/2660 3514/1306/2628 3513/1305/3315 3545/1273/2659
f 3547/1275/3339 3515/1307/3316 3514/1306/2628 3546/1274/2660
f 3548/1276/3340 3516/1308/2630 3515/1307/3316 3547/1275/3339
f 3549/1277/2663 3517/1309/3317 3516/1308/2630 3548/1276/3340
f 3550/1278/2664 3518/1310/3318 3517/1309/3317 3549/1277/2663
f 3551/1279/3341 3519/1311/3319 3518/1310/3318 3550/1278/2664
f 3521/1249/3321 3489/1281/3302 3519/1311/3319 3551/1279/3341
f 3552/1184/3342 3520/1248/3320 3521/1249/3321 3553/1187/2667
f 3554/1188/3343 3522/1250/3322 3520/1248/3320 3552/1184/3342
f 3555/1190/2669 3523/1251/3323 3522/1250/3322 3554/1188/3343
f 3556/1192/3344 3524/1252/3324 3523/1251/3323 3555/1190/2669
f 3557/1194/3345 3525/1253/3325 3524/1252/3324 3556/1192/3344
f 3558/1196/3346 3526/1254/3326 3525/1253/3325 3557/1194/3345
f 3559/1198/3347 3527/1255/3327 3526/1254/3326 3558/1196/3346
f 3560/1200/3348 3528/1256/3328 3527/1255/3327 3559/1198/3347
f 3561/1202/2675 3529/1257/3329 3528/1256/3328 3560/1200/3348
f 3562/1204/3349 3530/1258/3330 3529/1257/3329 3561/1202/2675
f 3563/1206/3350 3531/1259/3331 3530/1258/3330 3562/1204/3349
f 3564/1208/3351 3532/1260/3332 3531/1259/3331 3563/1206/3350
f 3565/1210/2679 3533/1261/3333 3532/1260/3332 3564/1208/3351
f 3566/1212/3352 3534/1262/2648 3533/1261/3333 3565/1210/2679
f 3567/1214/3353 3535/1263/2649 3534/1262/2648 3566/1212/3352
f 3568/1216/2682 3536/1264/3334 3535/1263/2649 3567/1214/3353
f 3569/1218/3354 3537/1265/3335 3536/1264/3334 3568/1216/2682
f 3570/1220/3355 3538/1266/2652 3537/1265/3335 3569/1218/3354
f 3571/1222/2685 3539/1267/3336 3538/1266/2652 3570/1220/3355
f 3572/1224/2686 3540/1268/3337 3539/1267/3336 3571/1222/2685
f 3573/1226/3356 3541/1269/3338 3540/1268/3337 3572/1224/2686
f 3574/1228/3357 3542/1270/2656 3541/1269/3338 3573/1226/3356
f 3575/1230/3358 3543/1271/2657 3542/1270/2656 3574/1228/3357
f 3576/1232/3359 3544/1272/2658 3543/1271/2657 3575/1230/3358
f 3577/1234/3360 3545/1273/2659 3544/1272/2658 3576/1232/3359
f 3578/1236/3361 3546/1274/2660 3545/1273/2659 3577/1234/3360
f 3579/1238/3362 3547/1275/3339 3546/1274/2660 3578/1236/3361
f 3580/1240/2694 3548/1276/3340 3547/1275/3339 3579/1238/3362
f 3581/1242/2695 3549/1277/2663 3548/1276/3340 3580/1240/2694
f 3582/1244/3363 3550/1278/2664 3549/1277/2663 3581/1242/2695
f 3583/1246/3364 3551/1279/3341 3550/1278/2664 3582/1244/3363
f 3553/1187/2667 3521/1249/3321 3551/1279/3341 3583/1246/3364
f 3584/1185/3365 3552/1184/3342 3553/1187/2667 3585/1186/3366
f 3586/1189/3367 3554/1188/3343 3552/1184/3342 3584/1185/3365
f 3587/1191/3368 3555/1190/2669 3554/1188/3343 3586/1189/3367
f 3588/1193/3369 3556/1192/3344 3555/1190/2669 3587/1191/3368
f 3589/1195/3370 3557/1194/3345 3556/1192/3344 3588/1193/3369
f 3590/1197/3371 3558/1196/3346 3557/1194/3345 3589/1195/3370
f 3591/1199/3372 3559/1198/3347 3558/1196/3346 3590/1197/3371
f 3592/1201/3373 3560/1200/3348 3559/1198/3347 3591/1199/3372
f 3593/1203/3374 3561/1202/2675 3560/1200/3348 3592/1201/3373
f 3594/1205/3375 3562/1204/3349 3561/1202/2675 3593/1203/3374
f 3595/1207/3376 3563/1206/3350 3562/1204/3349 3594/1205/3375
f 3596/1209/3377 3564/1208/3351 3563/1206/3350 3595/1207/3376
f 3597/1211/3378 3565/1210/2679 3564/1208/3351 3596/1209/3377
f 3598/1213/3379 3566/1212/3352 3565/1210/2679 3597/1211/3378
f 3599/1215/3380 3567/1214/3353 3566/1212/3352 3598/1213/3379
f 3600/1217/3381 3568/1216/2682 3567/1214/3353 3599/1215/3380
f 3601/1219/3382 3569/1218/3354 3568/1216/2682 3600/1217/3381
f 3602/1221/3383 3570/1220/3355 3569/1218/3354 3601/1219/3382
f 3603/1223/3384 3571/1222/2685 3570/1220/3355 3602/1221/3383
f 3604/1225/3385 3572/1224/2686 3571/1222/2685 3603/1223/3384
f 3605/1227/3386 3573/1226/3356 3572/1224/2686 3604/1225/3385
f 3606/1229/3387 3574/1228/3357 3573/1226/3356 3605/1227/3386
f 3607/1231/3388 3575/1230/3358 3574/1228/3357 3606/1229/3387
f 3608/1233/3389 3576/1232/3359 3575/1230/3358 3607/1231/3388
f 3609/1235/3390 3577/1234/3360 3576/1232/3359 3608/1233/3389
f 3610/1237/3391 3578/1236/3361 3577/1234/3360 3609/1235/3390
f 3611/1239/3392 3579/1238/3362 3578/1236/3361 3610/1237/3391
f 3612/1241/3393 3580/1240/2694 3579/1238/3362 3611/1239/3392
f 3613/1243/3394 3581/1242/2695 3580/1240/2694 3612/1241/3393
f 3614/1245/3395 3582/1244/3363 3581/1242/2695 3613/1243/3394
f 3615/1247/3396 3583/1246/3364 3582/1244/3363 3614/1245/3395
f 3585/1186/3366 3553/1187/2667 3583/1246/3364 3615/1247/3396
f 3616/1540/2730 3584/1185/3365 3585/1186/3366 3617/1541/2731
f 3618/1542/2732 3586/1189/3367 3584/1185/3365 3616/1540/2730
f 3619/1543/3397 3587/1191/3368 3586/1189/3367 3618/1542/2732
f 3620/1544/2734 3588/1193/3369 3587/1191/3368 3619/1543/3397
f 3621/1545/2735 3589/1195/3370 3588/1193/3369 3620/1544/2734
f 3622/1546/2736 3590/1197/3371 3589/1195/3370 3621/1545/2735
f 3623/1547/3398 3591/1199/3372 3590/1197/3371 3622/1546/2736
f 3624/1548/3399 3592/1201/3373 3591/1199/3372 3623/1547/3398
f 3625/1549/3400 3593/1203/3374 3592/1201/3373 3624/1548/3399
f 3626/1550/2740 3594/1205/3375 3593/1203/3374 3625/1549/3400
f 3627/1551/2741 3595/1207/3376 3594/1205/3375 3626/1550/2740
f 3628/1552/2742 3596/1209/3377 3595/1207/3376 3627/1551/2741
f 3629/1553/3401 3597/1211/3378 3596/1209/3377 3628/1552/2742
f 3630/1554/3402 3598/1213/3379 3597/1211/3378 3629/1553/3401
f 3631/1555/2745 3599/1215/3380 3598/1213/3379 3630/1554/3402
f 3632/1556/2746 3600/1217/3381 3599/1215/3380 3631/1555/2745
f 3633/1557/3403 3601/1219/3382 3600/1217/3381 3632/1556/2746
f 3634/1558/2748 3602/1221/3383 3601/1219/3382 3633/1557/3403
f 3635/1559/2749 3603/1223/3384 3602/1221/3383 3634/1558/2748
f 3636/1560/2750 3604/1225/3385 3603/1223/3384 3635/1559/2749
f 3637/1561/3404 3605/1227/3386 3604/1225/3385 3636/1560/2750
f 3638/1562/3405 3606/1229/3387 3605/1227/3386 3637/1561/3404
f 3639/1563/2753 3607/1231/3388 3606/1229/3387 3638/1562/3405
f 3640/1564/2754 3608/1233/3389 3607/1231/3388 3639/1563/2753
f 3641/1565/2755 3609/1235/3390 3608/1233/3389 3640/1564/2754
f 3642/1566/3406 3610/1237/3391 3609/1235/3390 3641/1565/2755
f 3643/1567/2757 3611/1239/3392 3610/1237/3391 3642/1566/3406
f 3644/1568/2758 3612/1241/3393 3611/1239/3392 3643/1567/2757
f 3645/1569/2759 3613/1243/3394 3612/1241/3393 3644/1568/2758
f 3646/1570/2760 3614/1245/3395 3613/1243/3394 3645/1569/2759
f 3647/1571/2761 3615/1247/3396 3614/1245/3395 3646/1570/2760
f 3617/1541/2731 3585/1186/3366 3615/1247/3396 3647/1571/2761
f 3648/1572/3407 3616/1540/2730 3617/1541/2731 3649/1573/3408
f 3650/1574/3409 3618/1542/2732 3616/1540/2730 3648/1572/3407
f 3651/1575/3410 3619/1543/3397 3618/1542/2732 3650/1574/3409
f 3652/1576/3411 3620/1544/2734 3619/1543/3397 3651/1575/3410
f 3653/1577/3412 3621/1545/2735 3620/1544/2734 3652/1576/3411
f 3654/1578/3413 3622/1546/2736 3621/1545/2735 3653/1577/3412
f 3655/1579/3414 3623/1547/3398 3622/1546/2736 3654/1578/3413
f 3656/1580/3415 3624/1548/3399 3623/1547/3398 3655/1579/3414
f 3657/1581/3416 3625/1549/3400 3624/1548/3399 3656/1580/3415
f 3658/1582/3417 3626/1550/2740 3625/1549/3400 3657/1581/3416
f 3659/1583/3418 3627/1551/2741 3626/1550/2740 3658/1582/3417
f 3660/1584/3419 3628/1552/2742 3627/1551/2741 3659/1583/3418
f 3661/1585/3420 3629/1553/3401 3628/1552/2742 3660/1584/3419
f 3662/1586/3421 3630/1554/3402 3629/1553/3401 3661/1585/3420
f 3663/1587/3422 3631/1555/2745 3630/1554/3402 3662/1586/3421
f 3664/1588/3423 3632/1556/2746 3631/1555/2745 3663/1587/3422
f 3665/1589/3424 3633/1557/3403 3632/1556/2746 3664/1588/3423
f 3666/1590/3425 3634/1558/2748 3633/1557/3403 3665/1589/3424
f 3667/1591/3426 3635/1559/2749 3634/1558/2748 3666/1590/3425
f 3668/1592/3427 3636/1560/2750 3635/1559/2749 3667/1591/3426
f 3669/1593/3428 3637/1561/3404 3636/1560/2750 3668/1592/3427
f 3670/1594/3429 3638/1562/3405 3637/1561/3404 3669/1593/3428
f 3671/1595/3430 3639/1563/2753 3638/1562/3405 3670/1594/3429
f 3672/1596/3431 3640/1564/2754 3639/1563/2753 3671/1595/3430
f 3673/1597/3432 3641/1565/2755 3640/1564/2754 3672/1596/3431
f 3674/1598/3433 3642/1566/3406 3641/1565/2755 3673/1597/3432
f 3675/1599/3434 3643/1567/2757 3642/1566/3406 3674/1598/3433
f 3676/1600/3435 3644/1568/2758 3643/1567/2757 3675/1599/3434
f 3677/1601/3436 3645/1569/2759 3644/1568/2758 3676/1600/3435
f 3678/1602/3437 3646/1570/2760 3645/1569/2759 3677/1601/3436
f 3679/1603/3438 3647/1571/2761 3646/1570/2760 3678/1602/3437
f 3649/1573/3408 3617/1541/2731 3647/1571/2761 3679/1603/3438
f 3680/1604/3439 3648/1572/3407 3649/1573/3408 3681/1605/3440
f 3682/1606/3441 3650/1574/3409 3648/1572/3407 3680/1604/3439
f 3683/1607/3442 3651/1575/3410 3650/1574/3409 3682/1606/3441
f 3684/1608/3443 3652/1576/3411 3651/1575/3410 3683/1607/3442
f 3685/1609/3444 3653/1577/3412 3652/1576/3411 3684/1608/3443
f 3686/1610/3445 3654/1578/3413 3653/1577/3412 3685/1609/3444
f 3687/1611/3446 3655/1579/3414 3654/1578/3413 3686/1610/3445
f 3688/1612/3447 3656/1580/3415 3655/1579/3414 3687/1611/3446
f 3689/1613/3448 3657/1581/3416 3656/1580/3415 3688/1612/3447
f 3690/1614/3449 3658/1582/3417 3657/1581/3416 3689/1613/3448
f 3691/1615/3450 3659/1583/3418 3658/1582/3417 3690/1614/3449
f 3692/1616/3451 3660/1584/3419 3659/1583/3418 3691/1615/3450
f 3693/1617/3452 3661/1585/3420 3660/1584/3419 3692/1616/3451
f 3694/1618/3453 3662/1586/3421 3661/1585/3420 3693/1617/3452
f 3695/1619/3454 3663/1587/3422 3662/1586/3421 3694/1618/3453
f 3696/1620/3455 3664/1588/3423 3663/1587/3422 3695/1619/3454
f 3697/1621/3456 3665/1589/3424 3664/1588/3423 3696/1620/3455
f 3698/1622/3457 3666/1590/3425 3665/1589/3424 3697/1621/3456
f 3699/1623/3458 3667/1591/3426 3666/1590/3425 3698/1622/3457
f 3700/1624/3459 3668/1592/3427 3667/1591/3426 3699/1623/3458
f 3701/1625/3460 3669/1593/3428 3668/1592/3427 3700/1624/3459
f 3702/1626/3461 3670/1594/3429 3669/1593/3428 3701/1625/3460
f 3703/1627/3462 3671/1595/3430 3670/1594/3429 3702/1626/3461
f 3704/1628/3463 3672/1596/3431 3671/1595/3430 3703/1627/3462
f 3705/1629/3464 3673/1597/3432 3672/1596/3431 3704/1628/3463
f 3706/1630/3465 3674/1598/3433 3673/1597/3432 3705/1629/3464
f 3707/1631/3466 3675/1599/3434 3674/1598/3433 3706/1630/3465
f 3708/1632/3467 3676/1600/3435 3675/1599/3434 3707/1631/3466
f 3709/1633/3468 3677/1601/3436 3676/1600/3435 3708/1632/3467
f 3710/1634/3469 3678/1602/3437 3677/1601/3436 3709/1633/3468
f 3711/1635/3470 3679/1603/3438 3678/1602/3437 3710/1634/3469
f 3681/1605/3440 3649/1573/3408 3679/1603/3438 3711/1635/3470
f 3712/1636/2826 3680/1604/3439 3681/1605/3440 3713/1637/2827
f 3714/1638/3471 3682/1606/3441 3680/1604/3439 3712/1636/2826
f 3715/1639/3472 3683/1607/3442 3682/1606/3441 3714/1638/3471
f 3716/1640/2830 3684/1608/3443 3683/1607/3442 3715/1639/3472
f 3717/1641/3473 3685/1609/3444 3684/1608/3443 3716/1640/2830
f 3718/1642/3474 3686/1610/3445 3685/1609/3444 3717/1641/3473
f 3719/1643/2833 3687/1611/3446 3686/1610/3445 3718/1642/3474
f 3720/1644/3475 3688/1612/3447 3687/1611/3446 3719/1643/2833
f 3721/1645/2835 3689/1613/3448 3688/1612/3447 3720/1644/3475
f 3722/1646/3476 3690/1614/3449 3689/1613/3448 3721/1645/2835
f 3723/1647/2837 3691/1615/3450 3690/1614/3449 3722/1646/3476
f 3724/1648/2838 3692/1616/3451 3691/1615/3450 3723/1647/2837
f 3725/1649/3477 3693/1617/3452 3692/1616/3451 3724/1648/2838
f 3726/1650/2840 3694/1618/3453 3693/1617/3452 3725/1649/3477
f 3727/1651/2841 3695/1619/3454 3694/1618/3453 3726/1650/2840
f 3728/1652/3478 3696/1620/3455 3695/1619/3454 3727/1651/2841
f 3729/1653/2843 3697/1621/3456 3696/1620/3455 3728/1652/3478
f 3730/1654/3479 3698/1622/3457 3697/1621/3456 3729/1653/2843
f 3731/1655/2845 3699/1623/3458 3698/1622/3457 3730/1654/3479
f 3732/1656/2846 3700/1624/3459 3699/1623/3458 3731/1655/2845
f 3733/1657/2847 3701/1625/3460 3700/1624/3459 3732/1656/2846
f 3734/1658/3480 3702/1626/3461 3701/1625/3460 3733/1657/2847
f 3735/1659/3481 3703/1627/3462 3702/1626/3461 3734/1658/3480
f 3736/1660/3482 3704/1628/3463 3703/1627/3462 3735/1659/3481
f 3737/1661/3483 3705/1629/3464 3704/1628/3463 3736/1660/3482
f 3738/1662/3484 3706/1630/3465 3705/1629/3464 3737/1661/3483
f 3739/1663/2853 3707/1631/3466 3706/1630/3465 3738/1662/3484
f 3740/1664/2854 3708/1632/3467 3707/1631/3466 3739/1663/2853
f 3741/1665/3485 3709/1633/3468 3708/1632/3467 3740/1664/2854
f 3742/1666/3486 3710/1634/3469 3709/1633/3468 3741/1665/3485
f 3743/1667/2857 3711/1635/3470 3710/1634/3469 3742/1666/3486
f 3713/1637/2827 3681/1605/3440 3711/1635/3470 3743/1667/2857
f 3744/1668/2858 3712/1636/2826 3713/1637/2827 3745/1669/2859
f 3746/1670/3487 3714/1638/3471 3712/1636/2826 3744/1668/2858
f 3747/1671/3488 3715/1639/3472 3714/1638/3471 3746/1670/3487
f 3748/1672/2862 3716/1640/2830 3715/1639/3472 3747/1671/3488
f 3749/1673/2863 3717/1641/3473 3716/1640/2830 3748/1672/2862
f 3750/1674/3489 3718/1642/3474 3717/1641/3473 3749/1673/2863
f 3751/1675/2865 3719/1643/2833 3718/1642/3474 3750/1674/3489
f 3752/1676/2866 3720/1644/3475 3719/1643/2833 3751/1675/2865
f 3753/1677/2867 3721/1645/2835 3720/1644/3475 3752/1676/2866
f 3754/1678/3490 3722/1646/3476 3721/1645/2835 3753/1677/2867
f 3755/1679/2869 3723/1647/2837 3722/1646/3476 3754/1678/3490
f 3756/1680/2870 3724/1648/2838 3723/1647/2837 3755/1679/2869
f 3757/1681/3491 3725/1649/3477 3724/1648/2838 3756/1680/2870
f 3758/1682/3492 3726/1650/2840 3725/1649/3477 3757/1681/3491
f 3759/1683/2873 3727/1651/2841 3726/1650/2840 3758/1682/3492
f 3760/1684/2874 3728/1652/3478 3727/1651/2841 3759/1683/2873
f 3761/1685/2875 3729/1653/2843 3728/1652/3478 3760/1684/2874
f 3762/1686/3493 3730/1654/3479 3729/1653/2843 3761/1685/2875
f 3763/1687/3494 3731/1655/2845 3730/1654/3479 3762/1686/3493
f 3764/1688/2878 3732/1656/2846 3731/1655/2845 3763/1687/3494
f 3765/1689/3495 3733/1657/2847 3732/1656/2846 3764/1688/2878
f 3766/1690/3496 3734/1658/3480 3733/1657/2847 3765/1689/3495
f 3767/1691/2881 3735/1659/3481 3734/1658/3480 3766/1690/3496
f 3768/1692/2882 3736/1660/3482 3735/1659/3481 3767/1691/2881
f 3769/1693/2883 3737/1661/3483 3736/1660/3482 3768/1692/2882
f 3770/1694/2884 3738/1662/3484 3737/1661/3483 3769/1693/2883
f 3771/1695/3497 3739/1663/2853 3738/1662/3484 3770/1694/2884
f 3772/1696/2886 3740/1664/2854 3739/1663/2853 3771/1695/3497
f 3773/1697/3498 3741/1665/3485 3740/1664/2854 3772/1696/2886
f 3774/1698/3499 3742/1666/3486 3741/1665/3485 3773/1697/3498
f 3775/1699/3500 3743/1667/2857 3742/1666/3486 3774/1698/3499
f 3745/1669/2859 3713/1637/2827 3743/1667/2857 3775/1699/3500
f 3776/1700/3501 3744/1668/2858 3745/1669/2859 3777/1701/2891
f 3778/1702/2892 3746/1670/3487 3744/1668/2858 3776/1700/3501
f 3779/1703/3502 3747/1671/3488 3746/1670/3487 3778/1702/2892
f 3780/1704/3503 3748/1672/2862 3747/1671/3488 3779/1703/3502
f 3781/1705/3504 3749/1673/2863 3748/1672/2862 3780/1704/3503
f 3782/1706/2896 3750/1674/3489 3749/1673/2863 3781/1705/3504
f 3783/1707/3505 3751/1675/2865 3750/1674/3489 3782/1706/2896
f 3784/1708/2898 3752/1676/2866 3751/1675/2865 3783/1707/3505
f 3785/1709/3506 3753/1677/2867 3752/1676/2866 3784/1708/2898
f 3786/1710/2900 3754/1678/3490 3753/1677/2867 3785/1709/3506
f 3787/1711/3507 3755/1679/2869 3754/1678/3490 3786/1710/2900
f 3788/1712/2902 3756/1680/2870 3755/1679/2869 3787/1711/3507
f 3789/1713/2903 3757/1681/3491 3756/1680/2870 3788/1712/2902
f 3790/1714/2904 3758/1682/3492 3757/1681/3491 3789/1713/2903
f 3791/1715/2905 3759/1683/2873 3758/1682/3492 3790/1714/2904
f 3792/1716/2906 3760/1684/2874 3759/1683/2873 3791/1715/2905
f 3793/1717/3508 3761/1685/2875 3760/1684/2874 3792/1716/2906
f 3794/1718/2908 3762/1686/3493 3761/1685/2875 3793/1717/3508
f 3795/1719/2909 3763/1687/3494 3762/1686/3493 3794/1718/2908
f 3796/1720/2910 3764/1688/2878 3763/1687/3494 3795/1719/2909
f 3797/1721/3509 3765/1689/3495 3764/1688/2878 3796/1720/2910
f 3798/1722/2912 3766/1690/3496 3765/1689/3495 3797/1721/3509
f 3799/1723/2913 3767/1691/2881 3766/1690/3496 3798/1722/2912
f 3800/1724/2914 3768/1692/2882 3767/1691/2881 3799/1723/2913
f 3801/1725/2915 3769/1693/2883 3768/1692/2882 3800/1724/2914
f 3802/1726/2916 3770/1694/2884 3769/1693/2883 3801/1725/2915
f 3803/1727/3510 3771/1695/3497 3770/1694/2884 3802/1726/2916
f 3804/1728/2918 3772/1696/2886 3771/1695/3497 3803/1727/3510
f 3805/1729/2919 3773/1697/3498 3772/1696/2886 3804/1728/2918
f 3806/1730/2920 3774/1698/3499 3773/1697/3498 3805/1729/2919
f 3807/1731/3511 3775/1699/3500 3774/1698/3499 3806/1730/2920
f 3777/1701/2891 3745/1669/2859 3775/1699/3500 3807/1731/3511
f 3777/1701/2891 3808/1732/2922 3776/1700/3501
f 3776/1700/3501 3808/1732/2922 3778/1702/2892
f 3778/1702/2892 3808/1732/2922 3779/1703/3502
f 3779/1703/3502 3808/1732/2922 3780/1704/3503
f 3780/1704/3503 3808/1732/2922 3781/1705/3504
f 3781/1705/3504 3808/1732/2922 3782/1706/2896
f 3782/1706/2896 3808/1732/2922 3783/1707/3505
f 3783/1707/3505 3808/1732/2922 3784/1708/2898
f 3784/1708/2898 3808/1732/2922 3785/1709/3506
f 3785/1709/3506 3808/1732/2922 3786/1710/2900
f 3786/1710/2900 3808/1732/2922 3787/1711/3507
f 3787/1711/3507 3808/1732/2922 3788/1712/2902
f 3788/1712/2902 3808/1732/2922 3789/1713/2903
f 3789/1713/2903 3808/1732/2922 3790/1714/2904
f 3790/1714/2904 3808/1732/2922 3791/1715/2905
f 3791/1715/2905 3808/1732/2922 3792/1716/2906
f 3792/1716/2906 3808/1732/2922 3793/1717/3508
f 3793/1717/3508 3808/1732/2922 3794/1718/2908
f 3794/1718/2908 3808/1732/2922 3795/1719/2909
f 3795/1719/2909 3808/1732/2922 3796/1720/2910
f 3796/1720/2910 3808/1732/2922 3797/1721/3509
f 3797/1721/3509 3808/1732/2922 3798/1722/2912
f 3798/1722/2912 3808/1732/2922 3799/1723/2913
f 3799/1723/2913 3808/1732/2922 3800/1724/2914
f 3800/1724/2914 3808/1732/2922 3801/1725/2915
f 3801/1725/2915 3808/1732/2922 3802/1726/2916
f 3802/1726/2916 3808/1732/2922 3803/1727/3510
f 3803/1727/3510 3808/1732/2922 3804/1728/2918
f 3804/1728/2918 3808/1732/2922 3805/1729/2919
f 3805/1729/2919 3808/1732/2922 3806/1730/2920
f 3806/1730/2920 3808/1732/2922 3807/1731/3511
f 3807/1731/3511 3808/1732/2922 3777/1701/2891
f 3809/1733/3512 3810/1734/3513 3811/1734/3514 3812/1735/3515
f 3813/1736/3516 3814/1737/3517 3810/1734/3513 3809/1733/3512
f 3815/1736/3518 3816/1738/3519 3814/1737/3517 3813/1736/3516
f 3817/1739/3520 3818/1738/3521 3816/1738/3519 3815/1736/3518
f 3819/1736/3522 3820/1738/3523 3818/1738/3521 3817/1739/3520
f 3821/1736/3524 3822/1737/3525 3820/1738/3523 3819/1736/3522
f 3823/1733/3526 3824/1734/3527 3822/1737/3525 3821/1736/3524
f 3812/1735/3515 3811/1734/3514 3824/1734/3527 3823/1733/3526
f 3825/1740/3528 3809/1733/3512 3812/1735/3515 3826/1740/3529
f 3827/1741/3530 3813/1736/3516 3809/1733/3512 3825/1740/3528
f 3828/1742/3531 3815/1736/3518 3813/1736/3516 3827/1741/3530
f 3829/1742/3532 3817/1739/3520 3815/1736/3518 3828/1742/3531
f 3830/1742/3533 3819/1736/3522 3817/1739/3520 3829/1742/3532
f 3831/1741/3534 3821/1736/3524 3819/1736/3522 3830/1742/3533
f 3832/1740/3535 3823/1733/3526 3821/1736/3524 3831/1741/3534
f 3826/1740/3529 3812/1735/3515 3823/1733/3526 3832/1740/3535
f 3833/1743/3536 3825/1740/3528 3826/1740/3529 3834/1743/3537
f 3835/1744/3538 3827/1741/3530 3825/1740/3528 3833/1743/3536
f 3836/1745/3539 3828/1742/3531 3827/1741/3530 3835/1744/3538
f 3837/1745/3540 3829/1742/3532 3828/1742/3531 3836/1745/3539
f 3838/1745/3541 3830/1742/3533 3829/1742/3532 3837/1745/3540
f 3839/1744/3542 3831/1741/3534 3830/1742/3533 3838/1745/3541
f 3840/1743/3543 3832/1740/3535 3831/1741/3534 3839/1744/3542
f 3834/1743/3537 3826/1740/3529 3832/1740/3535 3840/1743/3543
f 3841/1746/3544 3833/1743/3536 3834/1743/3537 3842/1746/3545
f 3843/1747/3546 3835/1744/3538 3833/1743/3536 3841/1746/3544
f 3844/1748/3547 3836/1745/3539 3835/1744/3538 3843/1747/3546
f 3845/1748/3548 3837/1745/3540 3836/1745/3539 3844/1748/3547
f 3846/1748/3549 3838/1745/3541 3837/1745/3540 3845/1748/3548
f 3847/1747/3550 3839/1744/3542 3838/1745/3541 3846/1748/3549
f 3848/1746/3551 3840/1743/3543 3839/1744/3542 3847/1747/3550
f 3842/1746/3545 3834/1743/3537 3840/1743/3543 3848/1746/3551
f 3849/1749/3552 3841/1746/3544 3842/1746/3545 3850/1749/3553
f 3851/1750/3554 3843/1747/3546 3841/1746/3544 3849/1749/3552
f 3852/1750/3555 3844/1748/3547 3843/1747/3546 3851/1750/3554
f 3853/1751/3556 3845/1748/3548 3844/1748/3547 3852/1750/3555
f 3854/1750/3557 3846/1748/3549 3845/1748/3548 3853/1751/3556
f 3855/1750/3558 3847/1747/3550 3846/1748/3549 3854/1750/3557
f 3856/1749/3559 3848/1746/3551 3847/1747/3550 3855/1750/3558
f 3850/1749/3553 3842/1746/3545 3848/1746/3551 3856/1749/3559
f 3857/1752/3560 3849/1749/3552 3850/1749/3553 3858/1753/3561
f 3859/1752/3562 3851/1750/3554 3849/1749/3552 3857/1752/3560
f 3860/1754/3563 3852/1750/3555 3851/1750/3554 3859/1752/3562
f 3861/1754/3564 3853/1751/3556 3852/1750/3555 3860/1754/3563
f 3862/1754/3565 3854/1750/3557 3853/1751/3556 3861/1754/3564
f 3863/1752/3566 3855/1750/3558 3854/1750/3557 3862/1754/3565
f 3864/1752/3567 3856/1749/3559 3855/1750/3558 3863/1752/3566
f 3858/1753/3561 3850/1749/3553 3856/1749/3559 3864/1752/3567
f 3865/1755/3568 3857/1752/3560 3858/1753/3561 3866/1755/3569
f 3867/1756/3570 3859/1752/3562 3857/1752/3560 3865/1755/3568
f 3868/1757/3571 3860/1754/3563 3859/1752/3562 3867/1756/3570
f 3869/1757/3572 3861/1754/3564 3860/1754/3563 3868/1757/3571
f 3870/1757/3573 3862/1754/3565 3861/1754/3564 3869/1757/3572
f 3871/1756/3574 3863/1752/3566 3862/1754/3565 3870/1757/3573
f 3872/1755/3575 3864/1752/3567 3863/1752/3566 3871/1756/3574
f 3866/1755/3569 3858/1753/3561 3864/1752/3567 3872/1755/3575
f 3873/1758/3576 3865/1755/3568 3866/1755/3569 3874/1758/3577
f 3875/1759/3578 3867/1756/3570 3865/1755/3568 3873/1758/3576
f 3876/1760/3579 3868/1757/3571 3867/1756/3570 3875/1759/3578
f 3877/1761/3580 3869/1757/3572 3868/1757/3571 3876/1760/3579
f 3878/1760/3581 3870/1757/3573 3869/1757/3572 3877/1761/3580
f 3879/1759/3582 3871/1756/3574 3870/1757/3573 3878/1760/3581
f 3880/1758/3583 3872/1755/3575 3871/1756/3574 3879/1759/3582
f 3874/1758/3577 3866/1755/3569 3872/1755/3575 3880/1758/3583
f 3881/1762/3584 3873/1758/3576 3874/1758/3577 3882/1763/3585
f 3883/1764/3586 3875/1759/3578 3873/1758/3576 3881/1762/3584
f 3884/1765/3587 3876/1760/3579 3875/1759/3578 3883/1764/3586
f 3885/1765/3588 3877/1761/3580 3876/1760/3579 3884/1765/3587
f 3886/1765/3589 3878/1760/3581 3877/1761/3580 3885/1765/3588
f 3887/1764/3590 3879/1759/3582 3878/1760/3581 3886/1765/3589
f 3888/1762/3591 3880/1758/3583 3879/1759/3582 3887/1764/3590
f 3882/1763/3585 3874/1758/3577 3880/1758/3583 3888/1762/3591
f 3889/1766/3592 3881/1762/3584 3882/1763/3585 3890/1766/3593
f 3891/1767/3594 3883/1764/3586 3881/1762/3584 3889/1766/3592
f 3892/1768/3595 3884/1765/3587 3883/1764/3586 3891/1767/3594
f 3893/1769/3596 3885/1765/3588 3884/1765/3587 3892/1768/3595
f 3894/1768/3597 3886/1765/3589 3885/1765/3588 3893/1769/3596
f 3895/1767/3598 3887/1764/3590 3886/1765/3589 3894/1768/3597
f 3896/1766/3599 3888/1762/3591 3887/1764/3590 3895/1767/3598
f 3890/1766/3593 3882/1763/3585 3888/1762/3591 3896/1766/3599
f 3897/1770/3600 3889/1766/3592 3890/1766/3593 3898/1771/3601
f 3899/1772/3602 3891/1767/3594 3889/1766/3592 3897/1770/3600
f 3900/1773/3603 3892/1768/3595 3891/1767/3594 3899/1772/3602
f 3901/1773/3604 3893/1769/3596 3892/1768/3595 3900/1773/3603
f 3902/1773/3605 3894/1768/3597 3893/1769/3596 3901/1773/3604
f 3903/1772/3606 3895/1767/3598 3894/1768/3597 3902/1773/3605
f 3904/1770/3607 3896/1766/3599 3895/1767/3598 3903/1772/3606
f 3898/1771/3601 3890/1766/3593 3896/1766/3599 3904/1770/3607
f 3905/1774/3608 3897/1770/3600 3898/1771/3601 3906/1774/3609
f 3907/1775/3610 3899/1772/3602 3897/1770/3600 3905/1774/3608
f 3908/1776/3611 3900/1773/3603 3899/1772/3602 3907/1775/3610
f 3909/1777/3612 3901/1773/3604 3900/1773/3603 3908/1776/3611
f 3910/1776/3613 3902/1773/3605 3901/1773/3604 3909/1777/3612
f 3911/1775/3614 3903/1772/3606 3902/1773/3605 3910/1776/3613
f 3912/1774/3615 3904/1770/3607 3903/1772/3606 3911/1775/3614
f 3906/1774/3609 3898/1771/3601 3904/1770/3607 3912/1774/3615
f 3913/1778/3616 3905/1774/3608 3906/1774/3609 3914/1778/3617
f 3915/1779/3618 3907/1775/3610 3905/1774/3608 3913/1778/3616
f 3916/1780/3619 3908/1776/3611 3907/1775/3610 3915/1779/3618
f 3917/1781/3620 3909/1777/3612 3908/1776/3611 3916/1780/3619
f 3918/1780/3621 3910/1776/3613 3909/1777/3612 3917/1781/3620
f 3919/1779/3622 3911/1775/3614 3910/1776/3613 3918/1780/3621
f 3920/1778/3623 3912/1774/3615 3911/1775/3614 3919/1779/3622
f 3914/1778/3617 3906/1774/3609 3912/1774/3615 3920/1778/3623
f 3921/1782/3624 3913/1778/3616 3914/1778/3617 3922/1782/3625
f 3923/1783/3626 3915/1779/3618 3913/1778/3616 3921/1782/3624
f 3924/1784/3627 3916/1780/3619 3915/1779/3618 3923/1783/3626
f 3925/1784/3628 3917/1781/3620 3916/1780/3619 3924/1784/3627
f 3926/1784/3629 3918/1780/3621 3917/1781/3620 3925/1784/3628
f 3927/1783/3630 3919/1779/3622 3918/1780/3621 3926/1784/3629
f 3928/1782/3631 3920/1778/3623 3919/1779/3622 3927/1783/3630
f 3922/1782/3625 3914/1778/3617 3920/1778/3623 3928/1782/3631
f 3929/1785/3632 3921/1782/3624 3922/1782/3625 3930/1786/3633
f 3931/1785/3634 3923/1783/3626 3921/1782/3624 3929/1785/3632
f 3932/1787/3635 3924/1784/3627 3923/1783/3626 3931/1785/3634
f 3933/1787/3636 3925/1784/3628 3924/1784/3627 3932/1787/3635
f 3934/1787/3637 3926/1784/3629 3925/1784/3628 3933/1787/3636
f 3935/1785/3638 3927/1783/3630 3926/1784/3629 3934/1787/3637
f 3936/1785/3639 3928/1782/3631 3927/1783/3630 3935/1785/3638
f 3930/1786/3633 3922/1782/3625 3928/1782/3631 3936/1785/3639
f 3937/1788/3640 3929/1785/3632 3930/1786/3633 3938/1789/3641
f 3939/1790/3642 3931/1785/3634 3929/1785/3632 3937/1788/3640
f 3940/1791/3643 3932/1787/3635 3931/1785/3634 3939/1790/3642
f 3941/1791/3644 3933/1787/3636 3932/1787/3635 3940/1791/3643
f 3942/1791/3645 3934/1787/3637 3933/1787/3636 3941/1791/3644
f 3943/1790/3646 3935/1785/3638 3934/1787/3637 3942/1791/3645
f 3944/1788/3647 3936/1785/3639 3935/1785/3638 3943/1790/3646
f 3938/1789/3641 3930/1786/3633 3936/1785/3639 3944/1788/3647
f 3945/1792/3648 3937/1788/3640 3938/1789/3641 3946/1793/3649
f 3947/1794/3650 3939/1790/3642 3937/1788/3640 3945/1792/3648
f 3948/1795/3651 3940/1791/3643 3939/1790/3642 3947/1794/3650
f 3949/1795/3652 3941/1791/3644 3940/1791/3643 3948/1795/3651
f 3950/1795/3653 3942/1791/3645 3941/1791/3644 3949/1795/3652
f 3951/1794/3654 3943/1790/3646 3942/1791/3645 3950/1795/3653
f 3952/1792/3655 3944/1788/3647 3943/1790/3646 3951/1794/3654
f 3946/1793/3649 3938/1789/3641 3944/1788/3647 3952/1792/3655
f 3953/1796/3656 3945/1792/3648 3946/1793/3649 3954/1797/3657
f 3955/1798/3658 3947/1794/3650 3945/1792/3648 3953/1796/3656
f 3956/1799/3659 3948/1795/3651 3947/1794/3650 3955/1798/3658
f 3957/1799/3660 3949/1795/3652 3948/1795/3651 3956/1799/3659
f 3958/1799/3661 3950/1795/3653 3949/1795/3652 3957/1799/3660
f 3959/1798/3662 3951/1794/3654 3950/1795/3653 3958/1799/3661
f 3960/1796/3663 3952/1792/3655 3951/1794/3654 3959/1798/3662
f 3954/1797/3657 3946/1793/3649 3952/1792/3655 3960/1796/3663
f 3961/1800/3664 3953/1796/3656 3954/1797/3657 3962/1800/3665
f 3963/1801/3666 3955/1798/3658 3953/1796/3656 3961/1800/3664
f 3964/1802/3667 3956/1799/3659 3955/1798/3658 3963/1801/3666
f 3965/1802/3668 3957/1799/3660 3956/1799/3659 3964/1802/3667
f 3966/1802/3669 3958/1799/3661 3957/1799/3660 3965/1802/3668
f 3967/1801/3670 3959/1798/3662 3958/1799/3661 3966/1802/3669
f 3968/1800/3671 3960/1796/3663 3959/1798/3662 3967/1801/3670
f 3962/1800/3665 3954/1797/3657 3960/1796/3663 3968/1800/3671
f 3969/1803/3672 3961/1800/3664 3962/1800/3665 3970/1804/3673
f 3971/1805/3674 3963/1801/3666 3961/1800/3664 3969/1803/3672
f 3972/1806/3675 3964/1802/3667 3963/1801/3666 3971/1805/3674
f 3973/1806/3676 3965/1802/3668 3964/1802/3667 3972/1806/3675
f 3974/1806/3677 3966/1802/3669 3965/1802/3668 3973/1806/3676
f 3975/1805/3678 3967/1801/3670 3966/1802/3669 3974/1806/3677
f 3976/1803/3679 3968/1800/3671 3967/1801/3670 3975/1805/3678
f 3970/1804/3673 3962/1800/3665 3968/1800/3671 3976/1803/3679
f 3977/1807/3680 3969/1803/3672 3970/1804/3673 3978/1808/3681
f 3979/1809/3682 3971/1805/3674 3969/1803/3672 3977/1807/3680
f 3980/1810/3683 3972/1806/3675 3971/1805/3674 3979/1809/3682
f 3981/1811/3684 3973/1806/3676 3972/1806/3675 3980/1810/3683
f 3982/1810/3685 3974/1806/3677 3973/1806/3676 3981/1811/3684
f 3983/1809/3686 3975/1805/3678 3974/1806/3677 3982/1810/3685
f 3984/1807/3687 3976/1803/3679 3975/1805/3678 3983/1809/3686
f 3978/1808/3681 3970/1804/3673 3976/1803/3679 3984/1807/3687
f 3985/1812/3688 3977/1807/3680 3978/1808/3681 3986/1813/3689
f 3987/1814/3690 3979/1809/3682 3977/1807/3680 3985/1812/3688
f 3988/1815/3691 3980/1810/3683 3979/1809/3682 3987/1814/3690
f 3989/1816/3692 3981/1811/3684 3980/1810/3683 3988/1815/3691
f 3990/1815/3693 3982/1810/3685 3981/1811/3684 3989/1816/3692
f 3991/1814/3694 3983/1809/3686 3982/1810/3685 3990/1815/3693
f 3992/1812/3695 3984/1807/3687 3983/1809/3686 3991/1814/3694
f 3986/1813/3689 3978/1808/3681 3984/1807/3687 3992/1812/3695
f 3993/1817/3696 3985/1812/3688 3986/1813/3689 3994/1818/3697
f 3995/1819/3698 3987/1814/3690 3985/1812/3688 3993/1817/3696
f 3996/1820/3699 3988/1815/3691 3987/1814/3690 3995/1819/3698
f 3997/1820/3700 3989/1816/3692 3988/1815/3691 3996/1820/3699
f 3998/1820/3701 3990/1815/3693 3989/1816/3692 3997/1820/3700
f 3999/1819/3702 3991/1814/3694 3990/1815/3693 3998/1820/3701
f 4000/1817/3703 3992/1812/3695 3991/1814/3694 3999/1819/3702
f 3994/1818/3697 3986/1813/3689 3992/1812/3695 4000/1817/3703
f 4001/1821/3704 3993/1817/3696 3994/1818/3697 4002/1821/3705
f 4003/1822/3706 3995/1819/3698 3993/1817/3696 4001/1821/3704
f 4004/1823/3707 3996/1820/3699 3995/1819/3698 4003/1822/3706
f 4005/1823/3708 3997/1820/3700 3996/1820/3699 4004/1823/3707
f 4006/1823/3709 3998/1820/3701 3997/1820/3700 4005/1823/3708
f 4007/1822/3710 3999/1819/3702 3998/1820/3701 4006/1823/3709
f 4008/1821/3711 4000/1817/3703 3999/1819/3702 4007/1822/3710
f 4002/1821/3705 3994/1818/3697 4000/1817/3703 4008/1821/3711
f 4009/1824/3712 4001/1821/3704 4002/1821/3705 4010/1824/3713
f 4011/1825/3714 4003/1822/3706 4001/1821/3704 4009/1824/3712
f 4012/1826/3715 4004/1823/3707 4003/1822/3706 4011/1825/3714
f 4013/1827/3716 4005/1823/3708 4004/1823/3707 4012/1826/3715
f 4014/1826/3717 4006/1823/3709 4005/1823/3708 4013/1827/3716
f 4015/1825/3718 4007/1822/3710 4006/1823/3709 4014/1826/3717
f 4016/1824/3719 4008/1821/3711 4007/1822/3710 4015/1825/3718
f 4010/1824/3713 4002/1821/3705 4008/1821/3711 4016/1824/3719
f 4017/1828/3720 4009/1824/3712 4010/1824/3713 4018/1828/3721
f 4019/1829/3722 4011/1825/3714 4009/1824/3712 4017/1828/3720
f 4020/1830/3723 4012/1826/3715 4011/1825/3714 4019/1829/3722
f 4021/1830/3724 4013/1827/3716 4012/1826/3715 4020/1830/3723
f 4022/1830/3725 4014/1826/3717 4013/1827/3716 4021/1830/3724
f 4023/1829/3726 4015/1825/3718 4014/1826/3717 4022/1830/3725
f 4024/1828/3727 4016/1824/3719 4015/1825/3718 4023/1829/3726
f 4018/1828/3721 4010/1824/3713 4016/1824/3719 4024/1828/3727
f 4025/1831/3728 4017/1828/3720 4018/1828/3721 4026/1831/3729
f 4027/1832/3730 4019/1829/3722 4017/1828/3720 4025/1831/3728
f 4028/1833/3731 4020/1830/3723 4019/1829/3722 4027/1832/3730
f 4029/1833/3732 4021/1830/3724 4020/1830/3723 4028/1833/3731
f 4030/1833/3733 4022/1830/3725 4021/1830/3724 4029/1833/3732
f 4031/1832/3734 4023/1829/3726 4022/1830/3725 4030/1833/3733
f 4032/1831/3735 4024/1828/3727 4023/1829/3726 4031/1832/3734
f 4026/1831/3729 4018/1828/3721 4024/1828/3727 4032/1831/3735
f 4033/1834/3736 4025/1831/3728 4026/1831/3729 4034/1834/3737
f 4035/1835/3738 4027/1832/3730 4025/1831/3728 4033/1834/3736
f 4036/1835/3739 4028/1833/3731 4027/1832/3730 4035/1835/3738
f 4037/1836/3740 4029/1833/3732 4028/1833/3731 4036/1835/3739
f 4038/1835/3741 4030/1833/3733 4029/1833/3732 4037/1836/3740
f 4039/1835/3742 4031/1832/3734 4030/1833/3733 4038/1835/3741
f 4040/1834/3743 4032/1831/3735 4031/1832/3734 4039/1835/3742
f 4034/1834/3737 4026/1831/3729 4032/1831/3735 4040/1834/3743
f 4041/1837/3744 4033/1834/3736 4034/1834/3737 4042/1838/3745
f 4043/1837/3746 4035/1835/3738 4033/1834/3736 4041/1837/3744
f 4044/1839/3747 4036/1835/3739 4035/1835/3738 4043/1837/3746
f 4045/1839/3748 4037/1836/3740 4036/1835/3739 4044/1839/3747
f 4046/1839/3749 4038/1835/3741 4037/1836/3740 4045/1839/3748
f 4047/1837/3750 4039/1835/3742 4038/1835/3741 4046/1839/3749
f 4048/1837/3751 4040/1834/3743 4039/1835/3742 4047/1837/3750
f 4042/1838/3745 4034/1834/3737 4040/1834/3743 4048/1837/3751
f 4049/1840/3752 4041/1837/3744 4042/1838/3745 4050/1840/3753
f 4051/1841/3754 4043/1837/3746 4041/1837/3744 4049/1840/3752
f 4052/1842/3755 4044/1839/3747 4043/1837/3746 4051/1841/3754
f 4053/1842/3756 4045/1839/3748 4044/1839/3747 4052/1842/3755
f 4054/1842/3757 4046/1839/3749 4045/1839/3748 4053/1842/3756
f 4055/1841/3758 4047/1837/3750 4046/1839/3749 4054/1842/3757
f 4056/1840/3759 4048/1837/3751 4047/1837/3750 4055/1841/3758
f 4050/1840/3753 4042/1838/3745 4048/1837/3751 4056/1840/3759
f 4057/1843/3760 4049/1840/3752 4050/1840/3753 4058/1844/3761
f 4059/1845/3762 4051/1841/3754 4049/1840/3752 4057/1843/3760
f 4060/1846/3763 4052/1842/3755 4051/1841/3754 4059/1845/3762
f 4061/1846/3764 4053/1842/3756 4052/1842/3755 4060/1846/3763
f 4062/1846/3765 4054/1842/3757 4053/1842/3756 4061/1846/3764
f 4063/1845/3766 4055/1841/3758 4054/1842/3757 4062/1846/3765
f 4064/1843/3767 4056/1840/3759 4055/1841/3758 4063/1845/3766
f 4058/1844/3761 4050/1840/3753 4056/1840/3759 4064/1843/3767
f 4065/1847/3768 4057/1843/3760 4058/1844/3761 4066/1848/3769
f 4067/1849/3770 4059/1845/3762 4057/1843/3760 4065/1847/3768
f 4068/1850/3771 4060/1846/3763 4059/1845/3762 4067/1849/3770
f 4069/1851/3772 4061/1846/3764 4060/1846/3763 4068/1850/3771
f 4070/1850/3773 4062/1846/3765 4061/1846/3764 4069/1851/3772
f 4071/1849/3774 4063/1845/3766 4062/1846/3765 4070/1850/3773
f 4072/1847/3775 4064/1843/3767 4063/1845/3766 4071/1849/3774
f 4066/1848/3769 4058/1844/3761 4064/1843/3767 4072/1847/3775
f 4073/1852/3776 4065/1847/3768 4066/1848/3769 4074/1853/3777
f 4075/1854/3778 4067/1849/3770 4065/1847/3768 4073/1852/3776
f 4076/1855/3779 4068/1850/3771 4067/1849/3770 4075/1854/3778
f 4077/1855/3780 4069/1851/3772 4068/1850/3771 4076/1855/3779
f 4078/1855/3781 4070/1850/3773 4069/1851/3772 4077/1855/3780
f 4079/1854/3782 4071/1849/3774 4070/1850/3773 4078/1855/3781
f 4080/1852/3783 4072/1847/3775 4071/1849/3774 4079/1854/3782
f 4074/1853/3777 4066/1848/3769 4072/1847/3775 4080/1852/3783
f 4081/1856/3784 4073/1852/3776 4074/1853/3777 4082/1856/3785
f 4083/1857/3786 4075/1854/3778 4073/1852/3776 4081/1856/3784
f 4084/1858/3787 4076/1855/3779 4075/1854/3778 4083/1857/3786
f 4085/1859/3788 4077/1855/3780 4076/1855/3779 4084/1858/3787
f 4086/1858/3789 4078/1855/3781 4077/1855/3780 4085/1859/3788
f 4087/1857/3790 4079/1854/3782 4078/1855/3781 4086/1858/3789
f 4088/1856/3791 4080/1852/3783 4079/1854/3782 4087/1857/3790
f 4082/1856/3785 4074/1853/3777 4080/1852/3783 4088/1856/3791
f 4089/1860/3792 4081/1856/3784 4082/1856/3785 4090/1860/3793
f 4091/1861/3794 4083/1857/3786 4081/1856/3784 4089/1860/3792
f 4092/1862/3795 4084/1858/3787 4083/1857/3786 4091/1861/3794
f 4093/1862/3796 4085/1859/3788 4084/1858/3787 4092/1862/3795
f 4094/1862/3797 4086/1858/3789 4085/1859/3788 4093/1862/3796
f 4095/1861/3798 4087/1857/3790 4086/1858/3789 4094/1862/3797
f 4096/1860/3799 4088/1856/3791 4087/1857/3790 4095/1861/3798
f 4090/1860/3793 4082/1856/3785 4088/1856/3791 4096/1860/3799
f 4097/1863/3800 4089/1860/3792 4090/1860/3793 4098/1864/3801
f 4099/1863/3802 4091/1861/3794 4089/1860/3792 4097/1863/3800
f 4100/1865/3803 4092/1862/3795 4091/1861/3794 4099/1863/3802
f 4101/1866/3804 4093/1862/3796 4092/1862/3795 4100/1865/3803
f 4102/1865/3805 4094/1862/3797 4093/1862/3796 4101/1866/3804
f 4103/1863/3806 4095/1861/3798 4094/1862/3797 4102/1865/3805
f 4104/1863/3807 4096/1860/3799 4095/1861/3798 4103/1863/3806
f 4098/1864/3801 4090/1860/3793 4096/1860/3799 4104/1863/3807
f 3822/1737/3525 3824/1734/3527 3811/1734/3514 3820/1738/3523
f 3818/1738/3521 3820/1738/3523 3811/1734/3514 3816/1738/3519
f 3814/1737/3517 3816/1738/3519 3811/1734/3514 3810/1734/3513
f 4099/1863/3802 4097/1863/3800 4098/1864/3801
f 4100/1865/3803 4099/1863/3802 4098/1864/3801 4101/1866/3804
f 4098/1864/3801 4103/1863/3806 4102/1865/3805 4101/1866/3804
f 4104/1863/3807 4103/1863/3806 4098/1864/3801
f 4105/1867/3808 4106/1868/3809 4107/1869/3810 4108/1867/3811
f 4109/1870/3812 4110/1871/3813 4106/1868/3809 4105/1867/3808
f 4111/1872/3814 4112/1871/3815 4110/1871/3813 4109/1870/3812
f 4113/1873/3816 4114/1874/3817 4112/1871/3815 4111/1872/3814
f 4115/1875/3818 4116/1874/3819 4114/1874/3817 4113/1873/3816
f 4117/1876/3820 4118/1877/3821 4116/1874/3819 4115/1875/3818
f 4119/1875/3822 4120/1874/3823 4118/1877/3821 4117/1876/3820
f 4121/1873/3824 4122/1874/3825 4120/1874/3823 4119/1875/3822
f 4123/1872/3826 4124/1871/3827 4122/1874/3825 4121/1873/3824
f 4125/1870/3828 4126/1871/3829 4124/1871/3827 4123/1872/3826
f 4127/1867/3830 4128/1868/3831 4126/1871/3829 4125/1870/3828
f 4108/1867/3811 4107/1869/3810 4128/1868/3831 4127/1867/3830
f 4129/1878/3832 4105/1867/3808 4108/1867/3811 4130/1878/3833
f 4131/1879/3834 4109/1870/3812 4105/1867/3808 4129/1878/3832
f 4132/1879/3835 4111/1872/3814 4109/1870/3812 4131/1879/3834
f 4133/1880/3836 4113/1873/3816 4111/1872/3814 4132/1879/3835
f 4134/1881/3837 4115/1875/3818 4113/1873/3816 4133/1880/3836
f 4135/1881/3838 4117/1876/3820 4115/1875/3818 4134/1881/3837
f 4136/1881/3839 4119/1875/3822 4117/1876/3820 4135/1881/3838
f 4137/1880/3840 4121/1873/3824 4119/1875/3822 4136/1881/3839
f 4138/1879/3841 4123/1872/3826 4121/1873/3824 4137/1880/3840
f 4139/1879/3842 4125/1870/3828 4123/1872/3826 4138/1879/3841
f 4140/1878/3843 4127/1867/3830 4125/1870/3828 4139/1879/3842
f 4130/1878/3833 4108/1867/3811 4127/1867/3830 4140/1878/3843
f 4141/1882/3844 4129/1878/3832 4130/1878/3833 4142/1882/3845
f 4143/1883/3846 4131/1879/3834 4129/1878/3832 4141/1882/3844
f 4144/1884/3847 4132/1879/3835 4131/1879/3834 4143/1883/3846
f 4145/1884/3848 4133/1880/3836 4132/1879/3835 4144/1884/3847
f 4146/1885/3849 4134/1881/3837 4133/1880/3836 4145/1884/3848
f 4147/1885/3850 4135/1881/3838 4134/1881/3837 4146/1885/3849
f 4148/1885/3851 4136/1881/3839 4135/1881/3838 4147/1885/3850
f 4149/1884/3852 4137/1880/3840 4136/1881/3839 4148/1885/3851
f 4150/1884/3853 4138/1879/3841 4137/1880/3840 4149/1884/3852
f 4151/1883/3854 4139/1879/3842 4138/1879/3841 4150/1884/3853
f 4152/1882/3855 4140/1878/3843 4139/1879/3842 4151/1883/3854
f 4142/1882/3845 4130/1878/3833 4140/1878/3843 4152/1882/3855
f 4153/1886/3856 4141/1882/3844 4142/1882/3845 4154/1887/3857
f 4155/1886/3858 4143/1883/3846 4141/1882/3844 4153/1886/3856
f 4156/1774/3859 4144/1884/3847 4143/1883/3846 4155/1886/3858
f 4157/1775/3860 4145/1884/3848 4144/1884/3847 4156/1774/3859
f 4158/1775/3861 4146/1885/3849 4145/1884/3848 4157/1775/3860
f 4159/1888/3862 4147/1885/3850 4146/1885/3849 4158/1775/3861
f 4160/1775/3863 4148/1885/3851 4147/1885/3850 4159/1888/3862
f 4161/1775/3864 4149/1884/3852 4148/1885/3851 4160/1775/3863
f 4162/1774/3865 4150/1884/3853 4149/1884/3852 4161/1775/3864
f 4163/1886/3866 4151/1883/3854 4150/1884/3853 4162/1774/3865
f 4164/1886/3867 4152/1882/3855 4151/1883/3854 4163/1886/3866
f 4154/1887/3857 4142/1882/3845 4152/1882/3855 4164/1886/3867
f 4165/1889/3868 4153/1886/3856 4154/1887/3857 4166/1889/3869
f 4167/1890/3870 4155/1886/3858 4153/1886/3856 4165/1889/3868
f 4168/1891/3871 4156/1774/3859 4155/1886/3858 4167/1890/3870
f 4169/1892/3872 4157/1775/3860 4156/1774/3859 4168/1891/3871
f 4170/1893/3873 4158/1775/3861 4157/1775/3860 4169/1892/3872
f 4171/1894/3874 4159/1888/3862 4158/1775/3861 4170/1893/3873
f 4172/1893/3875 4160/1775/3863 4159/1888/3862 4171/1894/3874
f 4173/1892/3876 4161/1775/3864 4160/1775/3863 4172/1893/3875
f 4174/1891/3877 4162/1774/3865 4161/1775/3864 4173/1892/3876
f 4175/1890/3878 4163/1886/3866 4162/1774/3865 4174/1891/3877
f 4176/1889/3879 4164/1886/3867 4163/1886/3866 4175/1890/3878
f 4166/1889/3869 4154/1887/3857 4164/1886/3867 4176/1889/3879
f 4177/1895/3880 4165/1889/3868 4166/1889/3881 4178/1896/3882
f 4179/1895/3883 4167/1890/3870 4165/1889/3868 4177/1895/3880
f 4180/1897/3884 4168/1891/3871 4167/1890/3870 4179/1895/3883
f 4181/1898/3885 4169/1892/3872 4168/1891/3871 4180/1897/3884
f 4182/1898/3886 4170/1893/3873 4169/1892/3872 4181/1898/3885
f 4183/1899/3887 4171/1894/3874 4170/1893/3873 4182/1898/3886
f 4184/1898/3888 4172/1893/3875 4171/1894/3874 4183/1899/3887
f 4185/1898/3889 4173/1892/3876 4172/1893/3875 4184/1898/3888
f 4186/1897/3890 4174/1891/3877 4173/1892/3876 4185/1898/3889
f 4187/1895/3891 4175/1890/3878 4174/1891/3877 4186/1897/3890
f 4188/1895/3892 4176/1889/3879 4175/1890/3878 4187/1895/3891
f 4178/1896/3882 4166/1889/3881 4176/1889/3879 4188/1895/3892
f 4189/1900/3893 4177/1895/3880 4178/1896/3882 4190/1901/3894
f 4191/1900/3895 4179/1895/3883 4177/1895/3880 4189/1900/3893
f 4192/1902/3896 4180/1897/3884 4179/1895/3883 4191/1900/3895
f 4193/1903/3897 4181/1898/3885 4180/1897/3884 4192/1902/3896
f 4194/1904/3898 4182/1898/3886 4181/1898/3885 4193/1903/3897
f 4195/1904/3899 4183/1899/3887 4182/1898/3886 4194/1904/3898
f 4196/1904/3900 4184/1898/3888 4183/1899/3887 4195/1904/3899
f 4197/1903/3901 4185/1898/3889 4184/1898/3888 4196/1904/3900
f 4198/1902/3902 4186/1897/3890 4185/1898/3889 4197/1903/3901
f 4199/1900/3903 4187/1895/3891 4186/1897/3890 4198/1902/3902
f 4200/1900/3904 4188/1895/3892 4187/1895/3891 4199/1900/3903
f 4190/1901/3894 4178/1896/3882 4188/1895/3892 4200/1900/3904
f 4201/1905/3905 4189/1900/3893 4190/1901/3906 4202/1905/3907
f 4203/1905/3908 4191/1900/3895 4189/1900/3893 4201/1905/3905
f 4204/1906/3909 4192/1902/3896 4191/1900/3895 4203/1905/3908
f 4205/1907/3910 4193/1903/3897 4192/1902/3896 4204/1906/3909
f 4206/1907/3911 4194/1904/3898 4193/1903/3897 4205/1907/3910
f 4207/1908/3912 4195/1904/3913 4194/1904/3898 4206/1907/3911
f 4208/1907/3914 4196/1904/3900 4195/1904/3913 4207/1908/3912
f 4209/1907/3915 4197/1903/3901 4196/1904/3900 4208/1907/3914
f 4210/1906/3916 4198/1902/3902 4197/1903/3901 4209/1907/3915
f 4211/1905/3917 4199/1900/3903 4198/1902/3902 4210/1906/3916
f 4212/1905/3918 4200/1900/3904 4199/1900/3903 4211/1905/3917
f 4202/1905/3907 4190/1901/3906 4200/1900/3904 4212/1905/3918
f 4213/1909/3919 4201/1905/3905 4202/1905/3907 4214/1909/3920
f 4215/1909/3921 4203/1905/3908 4201/1905/3905 4213/1909/3919
f 4216/1910/3922 4204/1906/3909 4203/1905/3908 4215/1909/3921
f 4217/1911/3923 4205/1907/3910 4204/1906/3909 4216/1910/3922
f 4218/1911/3924 4206/1907/3911 4205/1907/3910 4217/1911/3923
f 4219/1912/3925 4207/1908/3912 4206/1907/3911 4218/1911/3924
f 4220/1911/3926 4208/1907/3914 4207/1908/3912 4219/1912/3925
f 4221/1911/3927 4209/1907/3915 4208/1907/3914 4220/1911/3926
f 4222/1910/3928 4210/1906/3916 4209/1907/3915 4221/1911/3927
f 4223/1909/3929 4211/1905/3917 4210/1906/3916 4222/1910/3928
f 4224/1909/3930 4212/1905/3918 4211/1905/3917 4223/1909/3929
f 4214/1909/3920 4202/1905/3907 4212/1905/3918 4224/1909/3930
f 4225/1913/3931 4213/1909/3919 4214/1909/3920 4226/1913/3932
f 4227/1914/3933 4215/1909/3921 4213/1909/3919 4225/1913/3931
f 4228/1915/3934 4216/1910/3922 4215/1909/3921 4227/1914/3933
f 4229/1915/3935 4217/1911/3923 4216/1910/3922 4228/1915/3934
f 4230/1916/3936 4218/1911/3924 4217/1911/3923 4229/1915/3935
f 4231/1916/3937 4219/1912/3925 4218/1911/3924 4230/1916/3936
f 4232/1916/3938 4220/1911/3926 4219/1912/3925 4231/1916/3937
f 4233/1915/3939 4221/1911/3927 4220/1911/3926 4232/1916/3938
f 4234/1915/3940 4222/1910/3928 4221/1911/3927 4233/1915/3939
f 4235/1914/3941 4223/1909/3929 4222/1910/3928 4234/1915/3940
f 4236/1913/3942 4224/1909/3930 4223/1909/3929 4235/1914/3941
f 4226/1913/3932 4214/1909/3920 4224/1909/3930 4236/1913/3942
f 4237/1917/3943 4225/1913/3931 4226/1913/3932 4238/1917/3944
f 4239/1918/3945 4227/1914/3933 4225/1913/3931 4237/1917/3943
f 4240/1919/3946 4228/1915/3934 4227/1914/3933 4239/1918/3945
f 4241/1919/3947 4229/1915/3935 4228/1915/3934 4240/1919/3946
f 4242/1920/3948 4230/1916/3936 4229/1915/3935 4241/1919/3947
f 4243/1920/3949 4231/1916/3937 4230/1916/3936 4242/1920/3948
f 4244/1920/3950 4232/1916/3938 4231/1916/3937 4243/1920/3949
f 4245/1919/3951 4233/1915/3939 4232/1916/3938 4244/1920/3950
f 4246/1919/3952 4234/1915/3940 4233/1915/3939 4245/1919/3951
f 4247/1918/3953 4235/1914/3941 4234/1915/3940 4246/1919/3952
f 4248/1917/3954 4236/1913/3942 4235/1914/3941 4247/1918/3953
f 4238/1917/3944 4226/1913/3932 4236/1913/3942 4248/1917/3954
f 4249/1921/3955 4237/1917/3943 4238/1917/3944 4250/1921/3956
f 4251/1922/3957 4239/1918/3945 4237/1917/3943 4249/1921/3955
f 4252/1923/3958 4240/1919/3946 4239/1918/3945 4251/1922/3957
f 4253/1924/3959 4241/1919/3947 4240/1919/3946 4252/1923/3958
f 4254/1925/3960 4242/1920/3948 4241/1919/3947 4253/1924/3959
f 4255/1925/3961 4243/1920/3949 4242/1920/3948 4254/1925/3960
f 4256/1925/3962 4244/1920/3950 4243/1920/3949 4255/1925/3961
f 4257/1924/3963 4245/1919/3951 4244/1920/3950 4256/1925/3962
f 4258/1923/3964 4246/1919/3952 4245/1919/3951 4257/1924/3963
f 4259/1922/3965 4247/1918/3953 4246/1919/3952 4258/1923/3964
f 4260/1921/3966 4248/1917/3954 4247/1918/3953 4259/1922/3965
f 4250/1921/3956 4238/1917/3944 4248/1917/3954 4260/1921/3966
f 4261/1926/3967 4249/1921/3955 4250/1921/3968 4262/1926/3969
f 4263/1927/3970 4251/1922/3957 4249/1921/3955 4261/1926/3967
f 4264/1928/3971 4252/1923/3958 4251/1922/3957 4263/1927/3970
f 4265/1929/3972 4253/1924/3959 4252/1923/3958 4264/1928/3971
f 4266/1930/3973 4254/1925/3960 4253/1924/3959 4265/1929/3972
f 4267/1931/3974 4255/1925/3974 4254/1925/3960 4266/1930/3973
f 4268/1930/3975 4256/1925/3962 4255/1925/3974 4267/1931/3974
f 4269/1929/3976 4257/1924/3963 4256/1925/3962 4268/1930/3975
f 4270/1928/3977 4258/1923/3964 4257/1924/3963 4269/1929/3976
f 4271/1927/3978 4259/1922/3965 4258/1923/3964 4270/1928/3977
f 4272/1926/3979 4260/1921/3966 4259/1922/3965 4271/1927/3978
f 4262/1926/3969 4250/1921/3968 4260/1921/3966 4272/1926/3979
f 4273/1932/3980 4261/1926/3967 4262/1926/3981 4274/1933/3982
f 4275/1934/3983 4263/1927/3970 4261/1926/3967 4273/1932/3980
f 4276/1935/3984 4264/1928/3971 4263/1927/3970 4275/1934/3983
f 4277/1935/3985 4265/1929/3972 4264/1928/3971 4276/1935/3984
f 4278/1936/3986 4266/1930/3973 4265/1929/3972 4277/1935/3985
f 4279/1936/3987 4267/1931/3988 4266/1930/3973 4278/1936/3986
f 4280/1936/3989 4268/1930/3975 4267/1931/3988 4279/1936/3987
f 4281/1935/3990 4269/1929/3976 4268/1930/3975 4280/1936/3989
f 4282/1935/3991 4270/1928/3977 4269/1929/3976 4281/1935/3990
f 4283/1934/3992 4271/1927/3978 4270/1928/3977 4282/1935/3991
f 4284/1932/3993 4272/1926/3979 4271/1927/3978 4283/1934/3992
f 4274/1933/3982 4262/1926/3981 4272/1926/3979 4284/1932/3993
f 4285/1937/3994 4273/1932/3980 4274/1933/3982 4286/1938/3995
f 4287/1937/3996 4275/1934/3983 4273/1932/3980 4285/1937/3994
f 4288/1939/3997 4276/1935/3984 4275/1934/3983 4287/1937/3996
f 4289/1940/3998 4277/1935/3985 4276/1935/3984 4288/1939/3997
f 4290/1940/3999 4278/1936/3986 4277/1935/3985 4289/1940/3998
f 4291/1941/4000 4279/1936/3987 4278/1936/3986 4290/1940/3999
f 4292/1940/4001 4280/1936/3989 4279/1936/3987 4291/1941/4000
f 4293/1940/4002 4281/1935/3990 4280/1936/3989 4292/1940/4001
f 4294/1939/4003 4282/1935/3991 4281/1935/3990 4293/1940/4002
f 4295/1937/4004 4283/1934/3992 4282/1935/3991 4294/1939/4003
f 4296/1937/4005 4284/1932/3993 4283/1934/3992 4295/1937/4004
f 4286/1938/3995 4274/1933/3982 4284/1932/3993 4296/1937/4005
f 4297/1942/4006 4285/1937/3994 4286/1938/3995 4298/1942/4007
f 4299/1943/4008 4287/1937/3996 4285/1937/3994 4297/1942/4006
f 4300/1944/4009 4288/1939/3997 4287/1937/3996 4299/1943/4008
f 4301/1945/4010 4289/1940/3998 4288/1939/3997 4300/1944/4009
f 4302/1946/4011 4290/1940/3999 4289/1940/3998 4301/1945/4010
f 4303/1947/4012 4291/1941/4000 4290/1940/3999 4302/1946/4011
f 4304/1946/4013 4292/1940/4001 4291/1941/4000 4303/1947/4012
f 4305/1945/4014 4293/1940/4002 4292/1940/4001 4304/1946/4013
f 4306/1944/4015 4294/1939/4003 4293/1940/4002 4305/1945/4014
f 4307/1943/4016 4295/1937/4004 4294/1939/4003 4306/1944/4015
f 4308/1942/4017 4296/1937/4005 4295/1937/4004 4307/1943/4016
f 4298/1942/4007 4286/1938/3995 4296/1937/4005 4308/1942/4017
f 4309/1948/4018 4297/1942/4019 4298/1942/4020 4310/1949/4021
f 4311/1950/4022 4299/1943/4008 4297/1942/4019 4309/1948/4018
f 4312/1951/4023 4300/1944/4009 4299/1943/4008 4311/1950/4022
f 4313/1952/4024 4301/1945/4010 4300/1944/4009 4312/1951/4023
f 4314/1953/4025 4302/1946/4026 4301/1945/4010 4313/1952/4024
f 4315/1953/4027 4303/1947/4028 4302/1946/4026 4314/1953/4025
f 4316/1953/4029 4304/1946/4030 4303/1947/4028 4315/1953/4027
f 4317/1952/4031 4305/1945/4014 4304/1946/4030 4316/1953/4029
f 4318/1951/4032 4306/1944/4015 4305/1945/4014 4317/1952/4031
f 4319/1950/4033 4307/1943/4016 4306/1944/4015 4318/1951/4032
f 4320/1948/4034 4308/1942/4035 4307/1943/4016 4319/1950/4033
f 4310/1949/4021 4298/1942/4020 4308/1942/4035 4320/1948/4034
f 4321/1954/4036 4309/1948/4018 4310/1949/4021 4322/1954/4037
f 4323/1954/4038 4311/1950/4022 4309/1948/4018 4321/1954/4036
f 4324/1955/4039 4312/1951/4023 4311/1950/4022 4323/1954/4038
f 4325/1956/4040 4313/1952/4024 4312/1951/4023 4324/1955/4039
f 4326/1956/4041 4314/1953/4025 4313/1952/4024 4325/1956/4040
f 4327/1956/4042 4315/1953/4027 4314/1953/4025 4326/1956/4041
f 4328/1956/4043 4316/1953/4029 4315/1953/4027 4327/1956/4042
f 4329/1956/4044 4317/1952/4031 4316/1953/4029 4328/1956/4043
f 4330/1955/4045 4318/1951/4032 4317/1952/4031 4329/1956/4044
f 4331/1954/4046 4319/1950/4033 4318/1951/4032 4330/1955/4045
f 4332/1954/4047 4320/1948/4034 4319/1950/4033 4331/1954/4046
f 4322/1954/4037 4310/1949/4021 4320/1948/4034 4332/1954/4047
f 4333/1957/4048 4321/1954/4036 4322/1954/4037 4334/1957/4049
f 4335/1958/4050 4323/1954/4038 4321/1954/4036 4333/1957/4048
f 4336/1959/4051 4324/1955/4039 4323/1954/4038 4335/1958/4050
f 4337/1960/4052 4325/1956/4040 4324/1955/4039 4336/1959/4051
f 4338/1960/4053 4326/1956/4041 4325/1956/4040 4337/1960/4052
f 4339/1961/4054 4327/1956/4042 4326/1956/4041 4338/1960/4053
f 4340/1960/4055 4328/1956/4043 4327/1956/4042 4339/1961/4054
f 4341/1960/4056 4329/1956/4044 4328/1956/4043 4340/1960/4055
f 4342/1959/4057 4330/1955/4045 4329/1956/4044 4341/1960/4056
f 4343/1958/4058 4331/1954/4046 4330/1955/4045 4342/1959/4057
f 4344/1957/4059 4332/1954/4047 4331/1954/4046 4343/1958/4058
f 4334/1957/4049 4322/1954/4037 4332/1954/4047 4344/1957/4059
f 4345/1962/4060 4333/1957/4048 4334/1957/4049 4346/1962/4061
f 4347/1963/4062 4335/1958/4050 4333/1957/4048 4345/1962/4060
f 4348/1964/4063 4336/1959/4051 4335/1958/4050 4347/1963/4062
f 4349/1965/4064 4337/1960/4052 4336/1959/4051 4348/1964/4063
f 4350/1965/4065 4338/1960/4053 4337/1960/4052 4349/1965/4064
f 4351/1965/4066 4339/1961/4054 4338/1960/4053 4350/1965/4065
f 4352/1965/4067 4340/1960/4055 4339/1961/4054 4351/1965/4066
f 4353/1965/4068 4341/1960/4056 4340/1960/4055 4352/1965/4067
f 4354/1964/4069 4342/1959/4057 4341/1960/4056 4353/1965/4068
f 4355/1963/4070 4343/1958/4058 4342/1959/4057 4354/1964/4069
f 4356/1962/4071 4344/1957/4059 4343/1958/4058 4355/1963/4070
f 4346/1962/4061 4334/1957/4049 4344/1957/4059 4356/1962/4071
f 4357/1966/4072 4345/1962/4060 4346/1962/4061 4358/1966/4073
f 4359/1966/4074 4347/1963/4062 4345/1962/4060 4357/1966/4072
f 4360/1967/4075 4348/1964/4063 4347/1963/4062 4359/1966/4074
f 4361/1968/4076 4349/1965/4064 4348/1964/4063 4360/1967/4075
f 4362/1968/4077 4350/1965/4065 4349/1965/4064 4361/1968/4076
f 4363/1969/4078 4351/1965/4066 4350/1965/4065 4362/1968/4077
f 4364/1968/4079 4352/1965/4067 4351/1965/4066 4363/1969/4078
f 4365/1968/4080 4353/1965/4068 4352/1965/4067 4364/1968/4079
f 4366/1967/4081 4354/1964/4069 4353/1965/4068 4365/1968/4080
f 4367/1966/4082 4355/1963/4070 4354/1964/4069 4366/1967/4081
f 4368/1966/4083 4356/1962/4071 4355/1963/4070 4367/1966/4082
f 4358/1966/4073 4346/1962/4061 4356/1962/4071 4368/1966/4083
f 4369/1970/4084 4357/1966/4072 4358/1966/4073 4370/1970/4085
f 4371/1971/4086 4359/1966/4074 4357/1966/4072 4369/1970/4084
f 4372/1971/4087 4360/1967/4075 4359/1966/4074 4371/1971/4086
f 4373/1972/4088 4361/1968/4076 4360/1967/4075 4372/1971/4087
f 4374/1973/4089 4362/1968/4077 4361/1968/4076 4373/1972/4088
f 4375/1973/4090 4363/1969/4078 4362/1968/4077 4374/1973/4089
f 4376/1973/4091 4364/1968/4079 4363/1969/4078 4375/1973/4090
f 4377/1972/4092 4365/1968/4080 4364/1968/4079 4376/1973/4091
f 4378/1971/4093 4366/1967/4081 4365/1968/4080 4377/1972/4092
f 4379/1971/4094 4367/1966/4082 4366/1967/4081 4378/1971/4093
f 4380/1970/4095 4368/1966/4083 4367/1966/4082 4379/1971/4094
f 4370/1970/4085 4358/1966/4073 4368/1966/4083 4380/1970/4095
f 4381/1974/4096 4369/1970/4084 4370/1970/4085 4382/1974/4097
f 4383/1975/4098 4371/1971/4086 4369/1970/4084 4381/1974/4096
f 4384/1976/4099 4372/1971/4087 4371/1971/4086 4383/1975/4098
f 4385/1977/4100 4373/1972/4088 4372/1971/4087 4384/1976/4099
f 4386/1978/4101 4374/1973/4089 4373/1972/4088 4385/1977/4100
f 4387/1978/4102 4375/1973/4090 4374/1973/4089 4386/1978/4101
f 4388/1978/4103 4376/1973/4091 4375/1973/4090 4387/1978/4102
f 4389/1977/4104 4377/1972/4092 4376/1973/4091 4388/1978/4103
f 4390/1976/4105 4378/1971/4093 4377/1972/4092 4389/1977/4104
f 4391/1975/4106 4379/1971/4094 4378/1971/4093 4390/1976/4105
f 4392/1974/4107 4380/1970/4095 4379/1971/4094 4391/1975/4106
f 4382/1974/4097 4370/1970/4085 4380/1970/4095 4392/1974/4107
f 4393/1979/4108 4381/1974/4096 4382/1974/4097 4394/1979/4109
f 4395/1979/4110 4383/1975/4098 4381/1974/4096 4393/1979/4108
f 4396/1980/4111 4384/1976/4099 4383/1975/4098 4395/1979/4110
f 4397/1980/4112 4385/1977/4100 4384/1976/4099 4396/1980/4111
f 4398/1981/4113 4386/1978/4101 4385/1977/4100 4397/1980/4112
f 4399/1981/4114 4387/1978/4102 4386/1978/4101 4398/1981/4113
f 4400/1981/4115 4388/1978/4103 4387/1978/4102 4399/1981/4114
f 4401/1980/4116 4389/1977/4104 4388/1978/4103 4400/1981/4115
f 4402/1980/4117 4390/1976/4105 4389/1977/4104 4401/1980/4116
f 4403/1979/4118 4391/1975/4106 4390/1976/4105 4402/1980/4117
f 4404/1979/4119 4392/1974/4107 4391/1975/4106 4403/1979/4118
f 4394/1979/4109 4382/1974/4097 4392/1974/4107 4404/1979/4119
f 4405/1982/4120 4393/1979/4108 4394/1979/4109 4406/1983/4121
f 4407/1982/4122 4395/1979/4110 4393/1979/4108 4405/1982/4120
f 4408/1984/4123 4396/1980/4111 4395/1979/4110 4407/1982/4122
f 4409/1985/4124 4397/1980/4112 4396/1980/4111 4408/1984/4123
f 4410/1986/4125 4398/1981/4113 4397/1980/4112 4409/1985/4124
f 4411/1986/4126 4399/1981/4114 4398/1981/4113 4410/1986/4125
f 4412/1986/4127 4400/1981/4115 4399/1981/4114 4411/1986/4126
f 4413/1985/4128 4401/1980/4116 4400/1981/4115 4412/1986/4127
f 4414/1984/4129 4402/1980/4117 4401/1980/4116 4413/1985/4128
f 4415/1982/4130 4403/1979/4118 4402/1980/4117 4414/1984/4129
f 4416/1982/4131 4404/1979/4119 4403/1979/4118 4415/1982/4130
f 4406/1983/4121 4394/1979/4109 4404/1979/4119 4416/1982/4131
f 4417/1987/4132 4405/1982/4120 4406/1983/4121 4418/1987/4133
f 4419/1988/4134 4407/1982/4122 4405/1982/4120 4417/1987/4132
f 4420/1989/4135 4408/1984/4123 4407/1982/4122 4419/1988/4134
f 4421/1990/4136 4409/1985/4124 4408/1984/4123 4420/1989/4135
f 4422/1990/4137 4410/1986/4125 4409/1985/4124 4421/1990/4136
f 4423/1990/4138 4411/1986/4126 4410/1986/4125 4422/1990/4137
f 4424/1990/4139 4412/1986/4127 4411/1986/4126 4423/1990/4138
f 4425/1990/4140 4413/1985/4128 4412/1986/4127 4424/1990/4139
f 4426/1989/4141 4414/1984/4129 4413/1985/4128 4425/1990/4140
f 4427/1988/4142 4415/1982/4130 4414/1984/4129 4426/1989/4141
f 4428/1987/4143 4416/1982/4131 4415/1982/4130 4427/1988/4142
f 4418/1987/4133 4406/1983/4121 4416/1982/4131 4428/1987/4143
f 4429/1991/4144 4417/1987/4132 4418/1987/4133 4430/1991/4145
f 4431/1992/4146 4419/1988/4134 4417/1987/4132 4429/1991/4144
f 4432/1993/4147 4420/1989/4135 4419/1988/4134 4431/1992/4146
f 4433/1994/4148 4421/1990/4136 4420/1989/4135 4432/1993/4147
f 4434/1995/4149 4422/1990/4137 4421/1990/4136 4433/1994/4148
f 4435/1995/4150 4423/1990/4138 4422/1990/4137 4434/1995/4149
f 4436/1995/4151 4424/1990/4139 4423/1990/4138 4435/1995/4150
f 4437/1994/4152 4425/1990/4140 4424/1990/4139 4436/1995/4151
f 4438/1993/4153 4426/1989/4141 4425/1990/4140 4437/1994/4152
f 4439/1992/4154 4427/1988/4142 4426/1989/4141 4438/1993/4153
f 4440/1991/4155 4428/1987/4143 4427/1988/4142 4439/1992/4154
f 4430/1991/4145 4418/1987/4133 4428/1987/4143 4440/1991/4155
f 4441/1996/4156 4429/1991/4144 4430/1991/4145 4442/1996/4157
f 4443/1997/4158 4431/1992/4146 4429/1991/4144 4441/1996/4156
f 4444/1998/4159 4432/1993/4147 4431/1992/4146 4443/1997/4158
f 4445/1999/4160 4433/1994/4148 4432/1993/4147 4444/1998/4159
f 4446/1999/4161 4434/1995/4149 4433/1994/4148 4445/1999/4160
f 4447/2000/4162 4435/1995/4150 4434/1995/4149 4446/1999/4161
f 4448/1999/4163 4436/1995/4151 4435/1995/4150 4447/2000/4162
f 4449/1999/4164 4437/1994/4152 4436/1995/4151 4448/1999/4163
f 4450/1998/4165 4438/1993/4153 4437/1994/4152 4449/1999/4164
f 4451/1997/4166 4439/1992/4154 4438/1993/4153 4450/1998/4165
f 4452/1996/4167 4440/1991/4155 4439/1992/4154 4451/1997/4166
f 4442/1996/4157 4430/1991/4145 4440/1991/4155 4452/1996/4167
f 4126/1871/4168 4128/1868/4168 4107/1869/4169 4124/1871/4170
f 4122/1874/4171 4124/1871/4170 4107/1869/4169 4120/1874/4172
f 4118/1877/4173 4120/1874/4172 4107/1869/4169 4116/1874/4174
f 4114/1874/4175 4116/1874/4174 4107/1869/4169 4112/1871/4176
f 4110/1871/4177 4112/1871/4176 4107/1869/4169 4106/1868/4177
f 4443/1997/4178 4441/1996/4179 4442/1996/4180
f 4444/1998/4178 4443/1997/4178 4442/1996/4180 4445/1999/4181
f 4442/1996/4180 4451/1997/4182 4450/1998/4183 4449/1999/4184
f 4442/1996/4180 4449/1999/4184 4448/1999/4185 4447/2000/4186
f 4442/1996/4180 4447/2000/4186 4446/1999/4187 4445/1999/4181
f 4452/1996/4188 4451/1997/4182 4442/1996/4180
f 4453/2001/4189 4454/1871/4190 4455/1871/4191 4456/2001/4192
f 4457/2002/4193 4458/1871/4194 4454/1871/4190 4453/2001/4189
f 4459/2002/4195 4460/2003/4196 4458/1871/4194 4457/2002/4193
f 4461/2004/4197 4462/2003/4198 4460/2003/4196 4459/2002/4195
f 4463/2004/4199 4464/1877/4200 4462/2003/4198 4461/2004/4197
f 4465/2004/4201 4466/1877/4202 4464/1877/4200 4463/2004/4199
f 4467/2004/4203 4468/1877/4204 4466/1877/4202 4465/2004/4201
f 4469/2004/4205 4470/2003/4206 4468/1877/4204 4467/2004/4203
f 4471/2002/4207 4472/2003/4208 4470/2003/4206 4469/2004/4205
f 4473/2002/4209 4474/1871/4210 4472/2003/4208 4471/2002/4207
f 4475/2001/4211 4476/1871/4212 4474/1871/4210 4473/2002/4209
f 4456/2001/4192 4455/1871/4191 4476/1871/4212 4475/2001/4211
f 4477/2005/4213 4453/2001/4189 4456/2001/4192 4478/2005/4214
f 4479/2005/4215 4457/2002/4193 4453/2001/4189 4477/2005/4213
f 4480/2006/4216 4459/2002/4195 4457/2002/4193 4479/2005/4215
f 4481/2007/4217 4461/2004/4197 4459/2002/4195 4480/2006/4216
f 4482/2008/4218 4463/2004/4199 4461/2004/4197 4481/2007/4217
f 4483/2008/4219 4465/2004/4201 4463/2004/4199 4482/2008/4218
f 4484/2008/4220 4467/2004/4203 4465/2004/4201 4483/2008/4219
f 4485/2007/4221 4469/2004/4205 4467/2004/4203 4484/2008/4220
f 4486/2006/4222 4471/2002/4207 4469/2004/4205 4485/2007/4221
f 4487/2005/4223 4473/2002/4209 4471/2002/4207 4486/2006/4222
f 4488/2005/4224 4475/2001/4211 4473/2002/4209 4487/2005/4223
f 4478/2005/4214 4456/2001/4192 4475/2001/4211 4488/2005/4224
f 4489/2009/4225 4477/2005/4213 4478/2005/4214 4490/2009/4226
f 4491/2009/4227 4479/2005/4215 4477/2005/4213 4489/2009/4225
f 4492/2010/4228 4480/2006/4216 4479/2005/4215 4491/2009/4227
f 4493/2010/4229 4481/2007/4217 4480/2006/4216 4492/2010/4228
f 4494/2011/4230 4482/2008/4218 4481/2007/4217 4493/2010/4229
f 4495/2011/4231 4483/2008/4219 4482/2008/4218 4494/2011/4230
f 4496/2011/4232 4484/2008/4220 4483/2008/4219 4495/2011/4231
f 4497/2010/4233 4485/2007/4221 4484/2008/4220 4496/2011/4232
f 4498/2010/4234 4486/2006/4222 4485/2007/4221 4497/2010/4233
f 4499/2009/4235 4487/2005/4223 4486/2006/4222 4498/2010/4234
f 4500/2009/4236 4488/2005/4224 4487/2005/4223 4499/2009/4235
f 4490/2009/4226 4478/2005/4214 4488/2005/4224 4500/2009/4236
f 4501/2012/4237 4489/2009/4225 4490/2009/4226 4502/2012/4238
f 4503/2012/4239 4491/2009/4227 4489/2009/4225 4501/2012/4237
f 4504/2013/4240 4492/2010/4228 4491/2009/4227 4503/2012/4239
f 4505/2014/4241 4493/2010/4229 4492/2010/4228 4504/2013/4240
f 4506/2015/4242 4494/2011/4230 4493/2010/4229 4505/2014/4241
f 4507/2015/4243 4495/2011/4231 4494/2011/4230 4506/2015/4242
f 4508/2015/4244 4496/2011/4232 4495/2011/4231 4507/2015/4243
f 4509/2014/4245 4497/2010/4233 4496/2011/4232 4508/2015/4244
f 4510/2013/4246 4498/2010/4234 4497/2010/4233 4509/2014/4245
f 4511/2012/4247 4499/2009/4235 4498/2010/4234 4510/2013/4246
f 4512/2012/4248 4500/2009/4236 4499/2009/4235 4511/2012/4247
f 4502/2012/4238 4490/2009/4226 4500/2009/4236 4512/2012/4248
f 4513/2016/4249 4501/2012/4237 4502/2012/4238 4514/2016/4250
f 4515/2016/4251 4503/2012/4239 4501/2012/4237 4513/2016/4249
f 4516/2017/4252 4504/2013/4240 4503/2012/4239 4515/2016/4251
f 4517/2017/4253 4505/2014/4241 4504/2013/4240 4516/2017/4252
f 4518/2018/4254 4506/2015/4242 4505/2014/4241 4517/2017/4253
f 4519/2018/4255 4507/2015/4243 4506/2015/4242 4518/2018/4254
f 4520/2018/4256 4508/2015/4244 4507/2015/4243 4519/2018/4255
f 4521/2017/4257 4509/2014/4245 4508/2015/4244 4520/2018/4256
f 4522/2017/4258 4510/2013/4246 4509/2014/4245 4521/2017/4257
f 4523/2016/4259 4511/2012/4247 4510/2013/4246 4522/2017/4258
f 4524/2016/4260 4512/2012/4248 4511/2012/4247 4523/2016/4259
f 4514/2016/4250 4502/2012/4238 4512/2012/4248 4524/2016/4260
f 4525/2019/4261 4513/2016/4249 4514/2016/4250 4526/2020/4262
f 4527/2019/4263 4515/2016/4251 4513/2016/4249 4525/2019/4261
f 4528/2021/4264 4516/2017/4252 4515/2016/4251 4527/2019/4263
f 4529/2021/4265 4517/2017/4253 4516/2017/4252 4528/2021/4264
f 4530/2022/4266 4518/2018/4254 4517/2017/4253 4529/2021/4265
f 4531/2022/4267 4519/2018/4255 4518/2018/4254 4530/2022/4266
f 4532/2022/4268 4520/2018/4256 4519/2018/4255 4531/2022/4267
f 4533/2021/4269 4521/2017/4257 4520/2018/4256 4532/2022/4268
f 4534/2021/4270 4522/2017/4258 4521/2017/4257 4533/2021/4269
f 4535/2019/4271 4523/2016/4259 4522/2017/4258 4534/2021/4270
f 4536/2019/4272 4524/2016/4260 4523/2016/4259 4535/2019/4271
f 4526/2020/4262 4514/2016/4250 4524/2016/4260 4536/2019/4272
f 4537/2023/4273 4525/2019/4261 4526/2020/4262 4538/2024/4274
f 4539/2023/4275 4527/2019/4263 4525/2019/4261 4537/2023/4273
f 4540/2025/4276 4528/2021/4264 4527/2019/4263 4539/2023/4275
f 4541/2025/4277 4529/2021/4265 4528/2021/4264 4540/2025/4276
f 4542/2026/4278 4530/2022/4266 4529/2021/4265 4541/2025/4277
f 4543/2026/4279 4531/2022/4267 4530/2022/4266 4542/2026/4278
f 4544/2026/4280 4532/2022/4268 4531/2022/4267 4543/2026/4279
f 4545/2025/4281 4533/2021/4269 4532/2022/4268 4544/2026/4280
f 4546/2025/4282 4534/2021/4270 4533/2021/4269 4545/2025/4281
f 4547/2023/4283 4535/2019/4271 4534/2021/4270 4546/2025/4282
f 4548/2023/4284 4536/2019/4272 4535/2019/4271 4547/2023/4283
f 4538/2024/4274 4526/2020/4262 4536/2019/4272 4548/2023/4284
f 4549/2027/4285 4537/2023/4273 4538/2024/4274 4550/2027/4286
f 4551/2028/4287 4539/2023/4275 4537/2023/4273 4549/2027/4285
f 4552/2029/4288 4540/2025/4276 4539/2023/4275 4551/2028/4287
f 4553/2030/4289 4541/2025/4277 4540/2025/4276 4552/2029/4288
f 4554/2030/4290 4542/2026/4278 4541/2025/4277 4553/2030/4289
f 4555/2031/4291 4543/2026/4279 4542/2026/4278 4554/2030/4290
f 4556/2030/4292 4544/2026/4280 4543/2026/4279 4555/2031/4291
f 4557/2030/4293 4545/2025/4281 4544/2026/4280 4556/2030/4292
f 4558/2029/4294 4546/2025/4282 4545/2025/4281 4557/2030/4293
f 4559/2028/4295 4547/2023/4283 4546/2025/4282 4558/2029/4294
f 4560/2027/4296 4548/2023/4284 4547/2023/4283 4559/2028/4295
f 4550/2027/4286 4538/2024/4274 4548/2023/4284 4560/2027/4296
f 4561/2032/4297 4549/2027/4285 4550/2027/4286 4562/2032/4298
f 4563/2033/4299 4551/2028/4287 4549/2027/4285 4561/2032/4297
f 4564/2033/4300 4552/2029/4288 4551/2028/4287 4563/2033/4299
f 4565/2034/4301 4553/2030/4289 4552/2029/4288 4564/2033/4300
f 4566/2035/4302 4554/2030/4290 4553/2030/4289 4565/2034/4301
f 4567/2035/4303 4555/2031/4291 4554/2030/4290 4566/2035/4302
f 4568/2035/4304 4556/2030/4292 4555/2031/4291 4567/2035/4303
f 4569/2034/4305 4557/2030/4293 4556/2030/4292 4568/2035/4304
f 4570/2033/4306 4558/2029/4294 4557/2030/4293 4569/2034/4305
f 4571/2033/4307 4559/2028/4295 4558/2029/4294 4570/2033/4306
f 4572/2032/4308 4560/2027/4296 4559/2028/4295 4571/2033/4307
f 4562/2032/4298 4550/2027/4286 4560/2027/4296 4572/2032/4308
f 4573/2036/4309 4561/2032/4297 4562/2032/4298 4574/2036/4310
f 4575/2037/4311 4563/2033/4299 4561/2032/4297 4573/2036/4309
f 4576/2038/4312 4564/2033/4300 4563/2033/4299 4575/2037/4311
f 4577/2039/4313 4565/2034/4301 4564/2033/4300 4576/2038/4312
f 4578/2040/4314 4566/2035/4302 4565/2034/4301 4577/2039/4313
f 4579/2040/4315 4567/2035/4303 4566/2035/4302 4578/2040/4314
f 4580/2040/4316 4568/2035/4304 4567/2035/4303 4579/2040/4315
f 4581/2039/4317 4569/2034/4305 4568/2035/4304 4580/2040/4316
f 4582/2038/4318 4570/2033/4306 4569/2034/4305 4581/2039/4317
f 4583/2037/4319 4571/2033/4307 4570/2033/4306 4582/2038/4318
f 4584/2036/4320 4572/2032/4308 4571/2033/4307 4583/2037/4319
f 4574/2036/4310 4562/2032/4298 4572/2032/4308 4584/2036/4320
f 4585/2041/4321 4573/2036/4309 4574/2036/4310 4586/2041/4322
f 4587/2042/4323 4575/2037/4311 4573/2036/4309 4585/2041/4321
f 4588/2043/4324 4576/2038/4312 4575/2037/4311 4587/2042/4323
f 4589/2044/4325 4577/2039/4313 4576/2038/4312 4588/2043/4324
f 4590/2045/4326 4578/2040/4314 4577/2039/4313 4589/2044/4325
f 4591/2045/4327 4579/2040/4315 4578/2040/4314 4590/2045/4326
f 4592/2045/4328 4580/2040/4316 4579/2040/4315 4591/2045/4327
f 4593/2044/4329 4581/2039/4317 4580/2040/4316 4592/2045/4328
f 4594/2043/4330 4582/2038/4318 4581/2039/4317 4593/2044/4329
f 4595/2042/4331 4583/2037/4319 4582/2038/4318 4594/2043/4330
f 4596/2041/4332 4584/2036/4320 4583/2037/4319 4595/2042/4331
f 4586/2041/4322 4574/2036/4310 4584/2036/4320 4596/2041/4332
f 4597/2046/4333 4585/2041/4321 4586/2041/4322 4598/2046/4334
f 4599/2047/4335 4587/2042/4323 4585/2041/4321 4597/2046/4333
f 4600/2048/4336 4588/2043/4324 4587/2042/4323 4599/2047/4335
f 4601/2049/4337 4589/2044/4325 4588/2043/4324 4600/2048/4336
f 4602/2050/4338 4590/2045/4326 4589/2044/4325 4601/2049/4337
f 4603/2050/4339 4591/2045/4327 4590/2045/4326 4602/2050/4338
f 4604/2050/4340 4592/2045/4328 4591/2045/4327 4603/2050/4339
f 4605/2049/4341 4593/2044/4329 4592/2045/4328 4604/2050/4340
f 4606/2048/4342 4594/2043/4330 4593/2044/4329 4605/2049/4341
f 4607/2047/4343 4595/2042/4331 4594/2043/4330 4606/2048/4342
f 4608/2046/4344 4596/2041/4332 4595/2042/4331 4607/2047/4343
f 4598/2046/4334 4586/2041/4322 4596/2041/4332 4608/2046/4344
f 4609/2051/4345 4597/2046/4333 4598/2046/4334 4610/2051/4346
f 4611/2052/4347 4599/2047/4335 4597/2046/4333 4609/2051/4345
f 4612/2053/4348 4600/2048/4336 4599/2047/4335 4611/2052/4347
f 4613/2054/4349 4601/2049/4337 4600/2048/4336 4612/2053/4348
f 4614/2055/4350 4602/2050/4338 4601/2049/4337 4613/2054/4349
f 4615/2055/4351 4603/2050/4339 4602/2050/4338 4614/2055/4350
f 4616/2055/4352 4604/2050/4340 4603/2050/4339 4615/2055/4351
f 4617/2054/4353 4605/2049/4341 4604/2050/4340 4616/2055/4352
f 4618/2053/4354 4606/2048/4342 4605/2049/4341 4617/2054/4353
f 4619/2052/4355 4607/2047/4343 4606/2048/4342 4618/2053/4354
f 4620/2051/4356 4608/2046/4344 4607/2047/4343 4619/2052/4355
f 4610/2051/4346 4598/2046/4334 4608/2046/4344 4620/2051/4356
f 4621/2056/4357 4609/2051/4345 4610/2051/4346 4622/2057/4358
f 4623/2058/4359 4611/2052/4347 4609/2051/4345 4621/2056/4357
f 4624/2059/4360 4612/2053/4348 4611/2052/4347 4623/2058/4359
f 4625/2060/4361 4613/2054/4349 4612/2053/4348 4624/2059/4360
f 4626/2061/4362 4614/2055/4350 4613/2054/4349 4625/2060/4361
f 4627/2061/4363 4615/2055/4351 4614/2055/4350 4626/2061/4362
f 4628/2061/4364 4616/2055/4352 4615/2055/4351 4627/2061/4363
f 4629/2062/4365 4617/2054/4353 4616/2055/4352 4628/2061/4364
f 4630/2063/4366 4618/2053/4354 4617/2054/4353 4629/2062/4365
f 4631/2064/4367 4619/2052/4355 4618/2053/4354 4630/2063/4366
f 4632/2057/4368 4620/2051/4356 4619/2052/4355 4631/2064/4367
f 4622/2057/4358 4610/2051/4346 4620/2051/4356 4632/2057/4368
f 4633/2065/4369 4621/2056/4357 4622/2057/4358 4634/2066/4370
f 4635/2067/4371 4623/2058/4359 4621/2056/4357 4633/2065/4369
f 4636/2068/4372 4624/2059/4360 4623/2058/4359 4635/2067/4371
f 4637/2069/4373 4625/2060/4361 4624/2059/4360 4636/2068/4372
f 4638/2069/4374 4626/2061/4362 4625/2060/4361 4637/2069/4373
f 4639/2070/4375 4627/2061/4363 4626/2061/4362 4638/2069/4374
f 4640/2071/4376 4628/2061/4364 4627/2061/4363 4639/2070/4375
f 4641/2071/4377 4629/2062/4365 4628/2061/4364 4640/2071/4376
f 4642/2067/4378 4630/2063/4366 4629/2062/4365 4641/2071/4377
f 4643/2065/4379 4631/2064/4367 4630/2063/4366 4642/2067/4378
f 4644/2065/4380 4632/2057/4368 4631/2064/4367 4643/2065/4379
f 4634/2066/4370 4622/2057/4358 4632/2057/4368 4644/2065/4380
f 4645/2072/4381 4633/2065/4369 4634/2066/4370 4646/2073/4382
f 4647/2074/4383 4635/2067/4371 4633/2065/4369 4645/2072/4381
f 4648/2074/4384 4636/2068/4372 4635/2067/4371 4647/2074/4383
f 4649/2075/4385 4637/2069/4373 4636/2068/4372 4648/2074/4384
f 4650/2076/4386 4638/2069/4374 4637/2069/4373 4649/2075/4385
f 4651/2076/4387 4639/2070/4375 4638/2069/4374 4650/2076/4386
f 4652/2077/4388 4640/2071/4376 4639/2070/4375 4651/2076/4387
f 4653/2075/4389 4641/2071/4377 4640/2071/4376 4652/2077/4388
f 4654/2074/4390 4642/2067/4378 4641/2071/4377 4653/2075/4389
f 4655/2072/4391 4643/2065/4379 4642/2067/4378 4654/2074/4390
f 4656/2073/4392 4644/2065/4380 4643/2065/4379 4655/2072/4391
f 4646/2073/4382 4634/2066/4370 4644/2065/4380 4656/2073/4392
f 4657/2078/4393 4645/2072/4381 4646/2073/4382 4658/2078/4394
f 4659/2079/4395 4647/2074/4383 4645/2072/4381 4657/2078/4393
f 4660/2080/4396 4648/2074/4384 4647/2074/4383 4659/2079/4395
f 4661/2080/4397 4649/2075/4385 4648/2074/4384 4660/2080/4396
f 4662/2081/4398 4650/2076/4386 4649/2075/4385 4661/2080/4397
f 4663/2081/4399 4651/2076/4387 4650/2076/4386 4662/2081/4398
f 4664/2080/4400 4652/2077/4388 4651/2076/4387 4663/2081/4399
f 4665/2080/4401 4653/2075/4389 4652/2077/4388 4664/2080/4400
f 4666/2079/4402 4654/2074/4390 4653/2075/4389 4665/2080/4401
f 4667/2078/4403 4655/2072/4391 4654/2074/4390 4666/2079/4402
f 4668/2078/4404 4656/2073/4392 4655/2072/4391 4667/2078/4403
f 4658/2078/4394 4646/2073/4382 4656/2073/4392 4668/2078/4404
f 4669/2082/4405 4657/2078/4393 4658/2078/4394 4670/2082/4406
f 4671/2083/4407 4659/2079/4395 4657/2078/4393 4669/2082/4405
f 4672/2084/4408 4660/2080/4396 4659/2079/4395 4671/2083/4407
f 4673/2085/4409 4661/2080/4397 4660/2080/4396 4672/2084/4408
f 4674/2085/4410 4662/2081/4398 4661/2080/4397 4673/2085/4409
f 4675/2085/4411 4663/2081/4399 4662/2081/4398 4674/2085/4410
f 4676/2085/4412 4664/2080/4400 4663/2081/4399 4675/2085/4411
f 4677/2083/4413 4665/2080/4401 4664/2080/4400 4676/2085/4412
f 4678/2083/4414 4666/2079/4402 4665/2080/4401 4677/2083/4413
f 4679/2082/4415 4667/2078/4403 4666/2079/4402 4678/2083/4414
f 4680/2082/4416 4668/2078/4404 4667/2078/4403 4679/2082/4415
f 4670/2082/4406 4658/2078/4394 4668/2078/4404 4680/2082/4416
f 4681/2086/4417 4669/2082/4405 4670/2082/4406 4682/2087/4418
f 4683/2086/4419 4671/2083/4407 4669/2082/4405 4681/2086/4417
f 4684/2088/4420 4672/2084/4408 4671/2083/4407 4683/2086/4419
f 4685/2088/4421 4673/2085/4409 4672/2084/4408 4684/2088/4420
f 4686/2088/4422 4674/2085/4410 4673/2085/4409 4685/2088/4421
f 4687/2088/4423 4675/2085/4411 4674/2085/4410 4686/2088/4422
f 4688/2088/4424 4676/2085/4412 4675/2085/4411 4687/2088/4423
f 4689/2088/4425 4677/2083/4413 4676/2085/4412 4688/2088/4424
f 4690/2086/4426 4678/2083/4414 4677/2083/4413 4689/2088/4425
f 4691/2086/4427 4679/2082/4415 4678/2083/4414 4690/2086/4426
f 4692/2087/4428 4680/2082/4416 4679/2082/4415 4691/2086/4427
f 4682/2087/4418 4670/2082/4406 4680/2082/4416 4692/2087/4428
f 4693/2089/4429 4681/2086/4417 4682/2087/4418 4694/2089/4430
f 4695/2090/4431 4683/2086/4419 4681/2086/4417 4693/2089/4429
f 4696/2091/4432 4684/2088/4420 4683/2086/4419 4695/2090/4431
f 4697/2091/4433 4685/2088/4421 4684/2088/4420 4696/2091/4432
f 4698/2092/4434 4686/2088/4422 4685/2088/4421 4697/2091/4433
f 4699/2092/4435 4687/2088/4423 4686/2088/4422 4698/2092/4434
f 4700/2092/4436 4688/2088/4424 4687/2088/4423 4699/2092/4435
f 4701/2091/4437 4689/2088/4425 4688/2088/4424 4700/2092/4436
f 4702/2090/4438 4690/2086/4426 4689/2088/4425 4701/2091/4437
f 4703/2089/4439 4691/2086/4427 4690/2086/4426 4702/2090/4438
f 4704/2089/4440 4692/2087/4428 4691/2086/4427 4703/2089/4439
f 4694/2089/4430 4682/2087/4418 4692/2087/4428 4704/2089/4440
f 4705/2093/4441 4693/2089/4429 4694/2089/4430 4706/2094/4442
f 4707/2095/4443 4695/2090/4431 4693/2089/4429 4705/2093/4441
f 4708/2095/4444 4696/2091/4432 4695/2090/4431 4707/2095/4443
f 4709/2096/4445 4697/2091/4433 4696/2091/4432 4708/2095/4444
f 4710/2097/4446 4698/2092/4434 4697/2091/4433 4709/2096/4445
f 4711/2097/4447 4699/2092/4435 4698/2092/4434 4710/2097/4446
f 4712/2097/4448 4700/2092/4436 4699/2092/4435 4711/2097/4447
f 4713/2096/4449 4701/2091/4437 4700/2092/4436 4712/2097/4448
f 4714/2095/4450 4702/2090/4438 4701/2091/4437 4713/2096/4449
f 4715/2095/4451 4703/2089/4439 4702/2090/4438 4714/2095/4450
f 4716/2094/4452 4704/2089/4440 4703/2089/4439 4715/2095/4451
f 4706/2094/4442 4694/2089/4430 4704/2089/4440 4716/2094/4452
f 4717/2098/4453 4705/2093/4441 4706/2094/4442 4718/2099/4454
f 4719/2098/4455 4707/2095/4443 4705/2093/4441 4717/2098/4453
f 4720/2100/4456 4708/2095/4444 4707/2095/4443 4719/2098/4455
f 4721/2101/4457 4709/2096/4445 4708/2095/4444 4720/2100/4456
f 4722/2102/4458 4710/2097/4446 4709/2096/4445 4721/2101/4457
f 4723/2102/4459 4711/2097/4447 4710/2097/4446 4722/2102/4458
f 4724/2101/4460 4712/2097/4448 4711/2097/4447 4723/2102/4459
f 4725/2101/4461 4713/2096/4449 4712/2097/4448 4724/2101/4460
f 4726/2098/4462 4714/2095/4450 4713/2096/4449 4725/2101/4461
f 4727/2098/4463 4715/2095/4451 4714/2095/4450 4726/2098/4462
f 4728/2099/4464 4716/2094/4452 4715/2095/4451 4727/2098/4463
f 4718/2099/4454 4706/2094/4442 4716/2094/4452 4728/2099/4464
f 4729/2103/4465 4717/2098/4453 4718/2099/4454 4730/2103/4466
f 4731/1974/4467 4719/2098/4455 4717/2098/4453 4729/2103/4465
f 4732/1974/4468 4720/2100/4456 4719/2098/4455 4731/1974/4467
f 4733/1976/4469 4721/2101/4457 4720/2100/4456 4732/1974/4468
f 4734/1976/4470 4722/2102/4458 4721/2101/4457 4733/1976/4469
f 4735/1976/4471 4723/2102/4459 4722/2102/4458 4734/1976/4470
f 4736/1976/4472 4724/2101/4460 4723/2102/4459 4735/1976/4471
f 4737/2104/4473 4725/2101/4461 4724/2101/4460 4736/1976/4472
f 4738/1974/4474 4726/2098/4462 4725/2101/4461 4737/2104/4473
f 4739/2103/4475 4727/2098/4463 4726/2098/4462 4738/1974/4474
f 4740/2103/4476 4728/2099/4464 4727/2098/4463 4739/2103/4475
f 4730/2103/4466 4718/2099/4454 4728/2099/4464 4740/2103/4476
f 4741/2105/4477 4729/2103/4465 4730/2103/4466 4742/2105/4478
f 4743/2106/4479 4731/1974/4467 4729/2103/4465 4741/2105/4477
f 4744/2107/4480 4732/1974/4468 4731/1974/4467 4743/2106/4479
f 4745/2108/4481 4733/1976/4469 4732/1974/4468 4744/2107/4480
f 4746/2108/4482 4734/1976/4470 4733/1976/4469 4745/2108/4481
f 4747/2108/4483 4735/1976/4471 4734/1976/4470 4746/2108/4482
f 4748/2108/4484 4736/1976/4472 4735/1976/4471 4747/2108/4483
f 4749/2107/4485 4737/2104/4473 4736/1976/4472 4748/2108/4484
f 4750/2106/4486 4738/1974/4474 4737/2104/4473 4749/2107/4485
f 4751/2105/4487 4739/2103/4475 4738/1974/4474 4750/2106/4486
f 4752/2105/4488 4740/2103/4476 4739/2103/4475 4751/2105/4487
f 4742/2105/4478 4730/2103/4466 4740/2103/4476 4752/2105/4488
f 4753/2109/4489 4741/2105/4477 4742/2105/4478 4754/2109/4490
f 4755/2110/4491 4743/2106/4479 4741/2105/4477 4753/2109/4489
f 4756/2111/4492 4744/2107/4480 4743/2106/4479 4755/2110/4491
f 4757/2112/4493 4745/2108/4481 4744/2107/4480 4756/2111/4492
f 4758/2113/4494 4746/2108/4482 4745/2108/4481 4757/2112/4493
f 4759/2113/4495 4747/2108/4483 4746/2108/4482 4758/2113/4494
f 4760/2112/4496 4748/2108/4484 4747/2108/4483 4759/2113/4495
f 4761/2111/4497 4749/2107/4485 4748/2108/4484 4760/2112/4496
f 4762/2110/4498 4750/2106/4486 4749/2107/4485 4761/2111/4497
f 4763/2109/4499 4751/2105/4487 4750/2106/4486 4762/2110/4498
f 4764/2109/4500 4752/2105/4488 4751/2105/4487 4763/2109/4499
f 4754/2109/4490 4742/2105/4478 4752/2105/4488 4764/2109/4500
f 4765/2114/4501 4753/2109/4489 4754/2109/4490 4766/2114/4502
f 4767/2115/4503 4755/2110/4491 4753/2109/4489 4765/2114/4501
f 4768/2116/4504 4756/2111/4492 4755/2110/4491 4767/2115/4503
f 4769/2117/4505 4757/2112/4493 4756/2111/4492 4768/2116/4504
f 4770/2118/4506 4758/2113/4494 4757/2112/4493 4769/2117/4505
f 4771/2118/4507 4759/2113/4495 4758/2113/4494 4770/2118/4506
f 4772/2117/4508 4760/2112/4496 4759/2113/4495 4771/2118/4507
f 4773/2116/4509 4761/2111/4497 4760/2112/4496 4772/2117/4508
f 4774/2115/4510 4762/2110/4498 4761/2111/4497 4773/2116/4509
f 4775/2114/4511 4763/2109/4499 4762/2110/4498 4774/2115/4510
f 4776/2114/4512 4764/2109/4500 4763/2109/4499 4775/2114/4511
f 4766/2114/4502 4754/2109/4490 4764/2109/4500 4776/2114/4512
f 4777/2119/4513 4765/2114/4501 4766/2114/4502 4778/2120/4514
f 4779/2119/4515 4767/2115/4503 4765/2114/4501 4777/2119/4513
f 4780/2121/4516 4768/2116/4504 4767/2115/4503 4779/2119/4515
f 4781/2122/4517 4769/2117/4505 4768/2116/4504 4780/2121/4516
f 4782/2123/4518 4770/2118/4506 4769/2117/4505 4781/2122/4517
f 4783/2123/4519 4771/2118/4507 4770/2118/4506 4782/2123/4518
f 4784/2123/4520 4772/2117/4508 4771/2118/4507 4783/2123/4519
f 4785/2122/4521 4773/2116/4509 4772/2117/4508 4784/2123/4520
f 4786/2124/4522 4774/2115/4510 4773/2116/4509 4785/2122/4521
f 4787/2119/4523 4775/2114/4511 4774/2115/4510 4786/2124/4522
f 4788/2120/4524 4776/2114/4512 4775/2114/4511 4787/2119/4523
f 4778/2120/4514 4766/2114/4502 4776/2114/4512 4788/2120/4524
f 4789/2125/4525 4777/2119/4513 4778/2120/4514 4790/2126/4526
f 4791/2127/4527 4779/2119/4515 4777/2119/4513 4789/2125/4525
f 4792/2128/4528 4780/2121/4516 4779/2119/4515 4791/2127/4527
f 4793/2129/4529 4781/2122/4517 4780/2121/4516 4792/2128/4528
f 4794/2130/4530 4782/2123/4518 4781/2122/4517 4793/2129/4529
f 4795/2130/4531 4783/2123/4519 4782/2123/4518 4794/2130/4530
f 4796/2129/4532 4784/2123/4520 4783/2123/4519 4795/2130/4531
f 4797/2128/4533 4785/2122/4521 4784/2123/4520 4796/2129/4532
f 4798/2128/4534 4786/2124/4522 4785/2122/4521 4797/2128/4533
f 4799/2125/4535 4787/2119/4523 4786/2124/4522 4798/2128/4534
f 4800/2126/4536 4788/2120/4524 4787/2119/4523 4799/2125/4535
f 4790/2126/4526 4778/2120/4514 4788/2120/4524 4800/2126/4536
f 4801/2131/4537 4789/2125/4525 4790/2126/4526 4802/2131/4538
f 4803/2131/4539 4791/2127/4527 4789/2125/4525 4801/2131/4537
f 4804/2132/4540 4792/2128/4528 4791/2127/4527 4803/2131/4539
f 4805/2132/4541 4793/2129/4529 4792/2128/4528 4804/2132/4540
f 4806/2133/4542 4794/2130/4530 4793/2129/4529 4805/2132/4541
f 4807/2133/4543 4795/2130/4531 4794/2130/4530 4806/2133/4542
f 4808/2132/4544 4796/2129/4532 4795/2130/4531 4807/2133/4543
f 4809/2132/4545 4797/2128/4533 4796/2129/4532 4808/2132/4544
f 4810/2131/4546 4798/2128/4534 4797/2128/4533 4809/2132/4545
f 4811/2131/4547 4799/2125/4535 4798/2128/4534 4810/2131/4546
f 4812/2131/4548 4800/2126/4536 4799/2125/4535 4811/2131/4547
f 4802/2131/4538 4790/2126/4526 4800/2126/4536 4812/2131/4548
f 4813/2134/4549 4801/2131/4537 4802/2131/4538 4814/2134/4550
f 4815/2135/4551 4803/2131/4539 4801/2131/4537 4813/2134/4549
f 4816/2135/4552 4804/2132/4540 4803/2131/4539 4815/2135/4551
f 4817/2136/4553 4805/2132/4541 4804/2132/4540 4816/2135/4552
f 4818/2136/4554 4806/2133/4542 4805/2132/4541 4817/2136/4553
f 4819/2136/4555 4807/2133/4543 4806/2133/4542 4818/2136/4554
f 4820/2136/4556 4808/2132/4544 4807/2133/4543 4819/2136/4555
f 4821/2135/4557 4809/2132/4545 4808/2132/4544 4820/2136/4556
f 4822/2135/4558 4810/2131/4546 4809/2132/4545 4821/2135/4557
f 4823/2134/4559 4811/2131/4547 4810/2131/4546 4822/2135/4558
f 4824/2134/4560 4812/2131/4548 4811/2131/4547 4823/2134/4559
f 4814/2134/4550 4802/2131/4538 4812/2131/4548 4824/2134/4560
f 4825/2137/4561 4813/2134/4549 4814/2134/4550 4826/2138/4562
f 4827/2137/4563 4815/2135/4551 4813/2134/4549 4825/2137/4561
f 4828/2139/4564 4816/2135/4552 4815/2135/4551 4827/2137/4563
f 4829/2139/4565 4817/2136/4553 4816/2135/4552 4828/2139/4564
f 4830/2140/4566 4818/2136/4554 4817/2136/4553 4829/2139/4565
f 4831/2140/4567 4819/2136/4555 4818/2136/4554 4830/2140/4566
f 4832/2139/4568 4820/2136/4556 4819/2136/4555 4831/2140/4567
f 4833/2139/4569 4821/2135/4557 4820/2136/4556 4832/2139/4568
f 4834/2137/4570 4822/2135/4558 4821/2135/4557 4833/2139/4569
f 4835/2137/4571 4823/2134/4559 4822/2135/4558 4834/2137/4570
f 4836/2137/4572 4824/2134/4560 4823/2134/4559 4835/2137/4571
f 4826/2138/4562 4814/2134/4550 4824/2134/4560 4836/2137/4572
f 4837/2141/4573 4825/2137/4561 4826/2138/4562 4838/2142/4574
f 4839/2143/4575 4827/2137/4563 4825/2137/4561 4837/2141/4573
f 4840/2144/4576 4828/2139/4564 4827/2137/4563 4839/2143/4575
f 4841/2145/4577 4829/2139/4565 4828/2139/4564 4840/2144/4576
f 4842/2145/4578 4830/2140/4566 4829/2139/4565 4841/2145/4577
f 4843/2145/4579 4831/2140/4567 4830/2140/4566 4842/2145/4578
f 4844/2145/4580 4832/2139/4568 4831/2140/4567 4843/2145/4579
f 4845/2144/4581 4833/2139/4569 4832/2139/4568 4844/2145/4580
f 4846/2143/4582 4834/2137/4570 4833/2139/4569 4845/2144/4581
f 4847/2141/4583 4835/2137/4571 4834/2137/4570 4846/2143/4582
f 4848/2142/4584 4836/2137/4572 4835/2137/4571 4847/2141/4583
f 4838/2142/4574 4826/2138/4562 4836/2137/4572 4848/2142/4584
f 4849/2146/4585 4837/2141/4573 4838/2142/4574 4850/2147/4586
f 4851/2148/4587 4839/2143/4575 4837/2141/4573 4849/2146/4585
f 4852/2149/4588 4840/2144/4576 4839/2143/4575 4851/2148/4587
f 4853/2150/4589 4841/2145/4577 4840/2144/4576 4852/2149/4588
f 4854/2151/4590 4842/2145/4578 4841/2145/4577 4853/2150/4589
f 4855/2151/4591 4843/2145/4579 4842/2145/4578 4854/2151/4590
f 4856/2151/4592 4844/2145/4580 4843/2145/4579 4855/2151/4591
f 4857/2149/4593 4845/2144/4581 4844/2145/4580 4856/2151/4592
f 4858/2148/4594 4846/2143/4582 4845/2144/4581 4857/2149/4593
f 4859/2146/4595 4847/2141/4583 4846/2143/4582 4858/2148/4594
f 4860/2147/4596 4848/2142/4584 4847/2141/4583 4859/2146/4595
f 4850/2147/4586 4838/2142/4574 4848/2142/4584 4860/2147/4596
f 4861/2152/4597 4849/2146/4585 4850/2147/4586 4862/2153/4598
f 4863/2154/4599 4851/2148/4587 4849/2146/4585 4861/2152/4597
f 4864/2155/4600 4852/2149/4588 4851/2148/4587 4863/2154/4599
f 4865/2156/4601 4853/2150/4589 4852/2149/4588 4864/2155/4600
f 4866/2157/4602 4854/2151/4590 4853/2150/4589 4865/2156/4601
f 4867/2157/4603 4855/2151/4591 4854/2151/4590 4866/2157/4602
f 4868/2156/4604 4856/2151/4592 4855/2151/4591 4867/2157/4603
f 4869/2155/4605 4857/2149/4593 4856/2151/4592 4868/2156/4604
f 4870/2154/4606 4858/2148/4594 4857/2149/4593 4869/2155/4605
f 4871/2152/4607 4859/2146/4595 4858/2148/4594 4870/2154/4606
f 4872/2153/4608 4860/2147/4596 4859/2146/4595 4871/2152/4607
f 4862/2153/4598 4850/2147/4586 4860/2147/4596 4872/2153/4608
f 4873/2158/4609 4861/2152/4597 4862/2153/4598 4874/2159/4610
f 4875/2160/4611 4863/2154/4599 4861/2152/4597 4873/2158/4609
f 4876/2161/4612 4864/2155/4600 4863/2154/4599 4875/2160/4611
f 4877/2162/4613 4865/2156/4601 4864/2155/4600 4876/2161/4612
f 4878/2163/4614 4866/2157/4602 4865/2156/4601 4877/2162/4613
f 4879/2163/4615 4867/2157/4603 4866/2157/4602 4878/2163/4614
f 4880/2162/4616 4868/2156/4604 4867/2157/4603 4879/2163/4615
f 4881/2161/4617 4869/2155/4605 4868/2156/4604 4880/2162/4616
f 4882/2160/4618 4870/2154/4606 4869/2155/4605 4881/2161/4617
f 4883/2164/4619 4871/2152/4607 4870/2154/4606 4882/2160/4618
f 4884/2159/4620 4872/2153/4608 4871/2152/4607 4883/2164/4619
f 4874/2159/4610 4862/2153/4598 4872/2153/4608 4884/2159/4620
f 4885/2165/4621 4873/2158/4609 4874/2159/4610 4886/2166/4622
f 4887/2167/4623 4875/2160/4611 4873/2158/4609 4885/2165/4621
f 4888/2168/4624 4876/2161/4612 4875/2160/4611 4887/2167/4623
f 4889/2169/4625 4877/2162/4613 4876/2161/4612 4888/2168/4624
f 4890/2169/4626 4878/2163/4614 4877/2162/4613 4889/2169/4625
f 4891/2169/4627 4879/2163/4615 4878/2163/4614 4890/2169/4626
f 4892/2169/4628 4880/2162/4616 4879/2163/4615 4891/2169/4627
f 4893/2170/4629 4881/2161/4617 4880/2162/4616 4892/2169/4628
f 4894/2167/4630 4882/2160/4618 4881/2161/4617 4893/2170/4629
f 4895/2165/4631 4883/2164/4619 4882/2160/4618 4894/2167/4630
f 4896/2166/4632 4884/2159/4620 4883/2164/4619 4895/2165/4631
f 4886/2166/4622 4874/2159/4610 4884/2159/4620 4896/2166/4632
f 4897/2171/4633 4885/2165/4621 4886/2166/4622 4898/2171/4634
f 4899/2172/4635 4887/2167/4623 4885/2165/4621 4897/2171/4633
f 4900/2173/4636 4888/2168/4624 4887/2167/4623 4899/2172/4635
f 4901/2173/4637 4889/2169/4625 4888/2168/4624 4900/2173/4636
f 4902/2174/4638 4890/2169/4626 4889/2169/4625 4901/2173/4637
f 4903/2175/4639 4891/2169/4627 4890/2169/4626 4902/2174/4638
f 4904/2173/4640 4892/2169/4628 4891/2169/4627 4903/2175/4639
f 4905/2176/4641 4893/2170/4629 4892/2169/4628 4904/2173/4640
f 4906/2176/4642 4894/2167/4630 4893/2170/4629 4905/2176/4641
f 4907/2171/4643 4895/2165/4631 4894/2167/4630 4906/2176/4642
f 4908/2171/4644 4896/2166/4632 4895/2165/4631 4907/2171/4643
f 4898/2171/4634 4886/2166/4622 4896/2166/4632 4908/2171/4644
f 4909/2177/4645 4897/2171/4633 4898/2171/4634 4910/2178/4646
f 4911/2179/4647 4899/2172/4635 4897/2171/4633 4909/2177/4645
f 4912/2179/4648 4900/2173/4636 4899/2172/4635 4911/2179/4647
f 4913/2180/4649 4901/2173/4637 4900/2173/4636 4912/2179/4648
f 4914/2180/4650 4902/2174/4638 4901/2173/4637 4913/2180/4649
f 4915/2180/4651 4903/2175/4639 4902/2174/4638 4914/2180/4650
f 4916/2181/4652 4904/2173/4640 4903/2175/4639 4915/2180/4651
f 4917/2181/4653 4905/2176/4641 4904/2173/4640 4916/2181/4652
f 4918/2179/4654 4906/2176/4642 4905/2176/4641 4917/2181/4653
f 4919/2182/4655 4907/2171/4643 4906/2176/4642 4918/2179/4654
f 4920/2178/4656 4908/2171/4644 4907/2171/4643 4919/2182/4655
f 4910/2178/4646 4898/2171/4634 4908/2171/4644 4920/2178/4656
f 4921/2183/4657 4909/2177/4645 4910/2178/4646 4922/2184/4658
f 4923/2185/4659 4911/2179/4647 4909/2177/4645 4921/2183/4657
f 4924/2185/4660 4912/2179/4648 4911/2179/4647 4923/2185/4659
f 4925/2186/4661 4913/2180/4649 4912/2179/4648 4924/2185/4660
f 4926/2186/4662 4914/2180/4650 4913/2180/4649 4925/2186/4661
f 4927/2186/4663 4915/2180/4651 4914/2180/4650 4926/2186/4662
f 4928/2186/4664 4916/2181/4652 4915/2180/4651 4927/2186/4663
f 4929/2186/4665 4917/2181/4653 4916/2181/4652 4928/2186/4664
f 4930/2187/4666 4918/2179/4654 4917/2181/4653 4929/2186/4665
f 4931/2187/4667 4919/2182/4655 4918/2179/4654 4930/2187/4666
f 4932/2184/4668 4920/2178/4656 4919/2182/4655 4931/2187/4667
f 4922/2184/4658 4910/2178/4646 4920/2178/4656 4932/2184/4668
f 4933/2188/4669 4921/2183/4657 4922/2184/4658 4934/2188/4670
f 4935/2188/4671 4923/2185/4659 4921/2183/4657 4933/2188/4669
f 4936/2189/4672 4924/2185/4660 4923/2185/4659 4935/2188/4671
f 4937/2190/4673 4925/2186/4661 4924/2185/4660 4936/2189/4672
f 4938/2191/4674 4926/2186/4662 4925/2186/4661 4937/2190/4673
f 4939/2192/4675 4927/2186/4663 4926/2186/4662 4938/2191/4674
f 4940/2192/4676 4928/2186/4664 4927/2186/4663 4939/2192/4675
f 4941/2193/4677 4929/2186/4665 4928/2186/4664 4940/2192/4676
f 4942/2193/4678 4930/2187/4666 4929/2186/4665 4941/2193/4677
f 4943/2194/4679 4931/2187/4667 4930/2187/4666 4942/2193/4678
f 4944/2194/4680 4932/2184/4668 4931/2187/4667 4943/2194/4679
f 4934/2188/4670 4922/2184/4658 4932/2184/4668 4944/2194/4680
f 4945/2195/4681 4933/2188/4669 4934/2188/4670 4946/2196/4682
f 4947/2195/4683 4935/2188/4671 4933/2188/4669 4945/2195/4681
f 4948/2197/4684 4936/2189/4672 4935/2188/4671 4947/2195/4683
f 4949/2198/4685 4937/2190/4673 4936/2189/4672 4948/2197/4684
f 4950/2198/4686 4938/2191/4674 4937/2190/4673 4949/2198/4685
f 4951/2199/4687 4939/2192/4675 4938/2191/4674 4950/2198/4686
f 4952/2199/4688 4940/2192/4676 4939/2192/4675 4951/2199/4687
f 4953/2199/4689 4941/2193/4677 4940/2192/4676 4952/2199/4688
f 4954/2200/4690 4942/2193/4678 4941/2193/4677 4953/2199/4689
f 4955/2197/4691 4943/2194/4679 4942/2193/4678 4954/2200/4690
f 4956/2197/4692 4944/2194/4680 4943/2194/4679 4955/2197/4691
f 4946/2196/4682 4934/2188/4670 4944/2194/4680 4956/2197/4692
f 4957/2201/4693 4945/2195/4681 4946/2196/4682 4958/2201/4694
f 4959/2201/4695 4947/2195/4683 4945/2195/4681 4957/2201/4693
f 4960/2202/4696 4948/2197/4684 4947/2195/4683 4959/2201/4695
f 4961/2203/4697 4949/2198/4685 4948/2197/4684 4960/2202/4696
f 4962/2203/4698 4950/2198/4686 4949/2198/4685 4961/2203/4697
f 4963/2204/4699 4951/2199/4687 4950/2198/4686 4962/2203/4698
f 4964/2204/4700 4952/2199/4688 4951/2199/4687 4963/2204/4699
f 4965/2204/4701 4953/2199/4689 4952/2199/4688 4964/2204/4700
f 4966/2203/4702 4954/2200/4690 4953/2199/4689 4965/2204/4701
f 4967/2205/4703 4955/2197/4691 4954/2200/4690 4966/2203/4702
f 4968/2201/4704 4956/2197/4692 4955/2197/4691 4967/2205/4703
f 4958/2201/4694 4946/2196/4682 4956/2197/4692 4968/2201/4704
f 4969/2206/4705 4957/2201/4693 4958/2201/4694 4970/2206/4706
f 4971/2207/4707 4959/2201/4695 4957/2201/4693 4969/2206/4705
f 4972/2208/4708 4960/2202/4696 4959/2201/4695 4971/2207/4707
f 4973/2209/4709 4961/2203/4697 4960/2202/4696 4972/2208/4708
f 4974/2210/4710 4962/2203/4698 4961/2203/4697 4973/2209/4709
f 4975/2211/4711 4963/2204/4699 4962/2203/4698 4974/2210/4710
f 4976/2211/4712 4964/2204/4700 4963/2204/4699 4975/2211/4711
f 4977/2209/4713 4965/2204/4701 4964/2204/4700 4976/2211/4712
f 4978/2209/4714 4966/2203/4702 4965/2204/4701 4977/2209/4713
f 4979/2208/4715 4967/2205/4703 4966/2203/4702 4978/2209/4714
f 4980/2207/4716 4968/2201/4704 4967/2205/4703 4979/2208/4715
f 4970/2206/4706 4958/2201/4694 4968/2201/4704 4980/2207/4716
f 4981/2212/4717 4969/2206/4705 4970/2206/4706 4982/2212/4718
f 4983/2213/4719 4971/2207/4707 4969/2206/4705 4981/2212/4717
f 4984/2214/4720 4972/2208/4708 4971/2207/4707 4983/2213/4719
f 4985/2215/4721 4973/2209/4709 4972/2208/4708 4984/2214/4720
f 4986/2216/4722 4974/2210/4710 4973/2209/4709 4985/2215/4721
f 4987/2216/4723 4975/2211/4711 4974/2210/4710 4986/2216/4722
f 4988/2216/4724 4976/2211/4712 4975/2211/4711 4987/2216/4723
f 4989/2216/4725 4977/2209/4713 4976/2211/4712 4988/2216/4724
f 4990/2215/4726 4978/2209/4714 4977/2209/4713 4989/2216/4725
f 4991/2214/4727 4979/2208/4715 4978/2209/4714 4990/2215/4726
f 4992/2213/4728 4980/2207/4716 4979/2208/4715 4991/2214/4727
f 4982/2212/4718 4970/2206/4706 4980/2207/4716 4992/2213/4728
f 4993/1996/4729 4981/2212/4717 4982/2212/4718 4994/1996/4730
f 4995/1996/4731 4983/2213/4719 4981/2212/4717 4993/1996/4729
f 4996/1997/4732 4984/2214/4720 4983/2213/4719 4995/1996/4731
f 4997/2217/4733 4985/2215/4721 4984/2214/4720 4996/1997/4732
f 4998/2218/4734 4986/2216/4722 4985/2215/4721 4997/2217/4733
f 4999/2000/4735 4987/2216/4723 4986/2216/4722 4998/2218/4734
f 5000/2000/4736 4988/2216/4724 4987/2216/4723 4999/2000/4735
f 5001/2218/4737 4989/2216/4725 4988/2216/4724 5000/2000/4736
f 5002/2217/4738 4990/2215/4726 4989/2216/4725 5001/2218/4737
f 5003/1997/4739 4991/2214/4727 4990/2215/4726 5002/2217/4738
f 5004/1996/4740 4992/2213/4728 4991/2214/4727 5003/1997/4739
f 4994/1996/4730 4982/2212/4718 4992/2213/4728 5004/1996/4740
f 4474/1871/4741 4476/1871/4741 4455/1871/4742 4472/2003/4743
f 4470/2003/4744 4472/2003/4743 4455/1871/4742 4468/1877/4745
f 4466/1877/4746 4468/1877/4745 4455/1871/4742 4464/1877/4747
f 4462/2003/4748 4464/1877/4747 4455/1871/4742 4460/2003/4749
f 4458/1871/4750 4460/2003/4749 4455/1871/4742 4454/1871/4750
f 4995/1996/4751 4993/1996/4752 4994/1996/4753
f 4996/1997/4754 4995/1996/4751 4994/1996/4753 4997/2217/4755
f 4994/1996/4753 5003/1997/4756 5002/2217/4757 5001/2218/4758
f 4994/1996/4753 5001/2218/4758 5000/2000/4759 4999/2000/4760
f 4994/1996/4753 4999/2000/4760 4998/2218/4761 4997/2217/4755
f 5004/1996/4762 5003/1997/4756 4994/1996/4753
f 5005/2219/4763 5006/2220/4764 5007/2221/4765 5008/2222/4763
f 5005/2219/4766 5008/2222/4766 5009/2222/4766 5010/2219/4766
f 5010/2219/4767 5009/2222/4767 5011/2222/4767 5012/2219/4767
f 5013/2219/4768 5014/2222/4768 5015/2222/4768 5016/2219/4768
f 5006/2220/4764 5017/2223/4769 5018/2224/4769 5007/2221/4765
f 5019/2222/4770 5020/2219/4770 5012/2219/4770 5011/2222/4770
f 5014/2222/4771 5013/2219/4771 5020/2219/4771 5019/2222/4771
f 5021/2222/4772 5022/2219/4772 5016/2219/4772 5015/2222/4772
f 5023/2219/4773 5024/2222/4773 5025/2221/4774 5026/2220/4775
f 5023/2219/4776 5027/2219/4776 5028/2222/4776 5024/2222/4776
f 5027/2219/4777 5029/2219/4777 5030/2222/4777 5028/2222/4777
f 5031/2219/4778 5032/2219/4778 5033/2222/4778 5034/2222/4778
f 5026/2220/4775 5025/2221/4774 5035/2224/4779 5036/2223/4779
f 5037/2222/4780 5030/2222/4780 5029/2219/4780 5038/2219/4780
f 5034/2222/4781 5037/2222/4781 5038/2219/4781 5031/2219/4781
f 5021/2222/4782 5033/2222/4782 5032/2219/4782 5022/2219/4782
f 5039/2225/4783 5040/2226/4784 5041/2227/4785 5042/2228/4786
f 5039/2225/4783 5042/2228/4786 5043/2229/4787 5044/2230/4788
f 5039/2225/4783 5044/2230/4788 5045/2231/4789 5046/2232/4790
f 5039/2225/4783 5046/2232/4790 5047/2233/4791 5040/2226/4784
f 5048/2234/4792 5049/2235/4793 5050/2236/4794 5051/2237/4795
f 5048/2234/4792 5051/2237/4795 5052/2238/4796 5053/2239/4797
f 5048/2234/4792 5053/2239/4797 5054/2240/4798 5055/2241/4799
f 5048/2234/4792 5055/2241/4799 5056/2242/4800 5049/2235/4793
f 5057/2243/4801 5058/2244/4802 5059/2245/4803 5060/2246/4804
f 5057/2243/4801 5060/2246/4804 5061/2247/4805 5062/2248/4806
f 5057/2243/4801 5062/2248/4806 5063/2249/4807 5064/2250/4808
f 5057/2243/4801 5064/2250/4808 5065/2251/4809 5066/2252/4810
f 5057/2243/4801 5066/2252/4810 5067/2253/4811 5058/2244/4802
f 5068/2254/4812 5069/2255/4813 5070/2256/4814
f 5069/2257/4813 5071/2258/4815 5072/2259/4816 5073/2260/4817
f 5069/2261/4813 5073/2262/4817 5074/2263/4818 5070/2264/4814
f 5075/2265/4819 5044/2266/4788 5043/2267/4787 5076/2268/4820
f 5075/2265/4819 5076/2268/4820 5050/2269/4794 5049/2270/4793
f 5075/2265/4819 5049/2270/4793 5056/2271/4800 5077/2272/4821
f 5075/2265/4819 5077/2272/4821 5045/2273/4789 5044/2266/4788
f 5078/2274/4822 5066/2252/4810 5065/2251/4809 5079/2275/4823
f 5078/2274/4822 5079/2275/4823 5080/2276/4824 5081/2277/4825
f 5078/2274/4822 5081/2277/4825 5082/2278/4826 5083/2279/4827
f 5078/2274/4822 5083/2279/4827 5084/2280/4828 5085/2281/4829
f 5078/2274/4822 5085/2281/4829 5067/2253/4811 5066/2252/4810
f 5086/2282/4830 5087/2283/4831 5050/2269/4794 5076/2268/4820
f 5086/2282/4830 5076/2268/4820 5043/2267/4787 5088/2284/4832
f 5086/2282/4830 5088/2284/4832 5089/2285/4833 5090/2286/4834
f 5086/2282/4830 5090/2286/4834 5091/2287/4835 5087/2283/4831
f 5092/2288/4836 5088/2289/4832 5043/2229/4787 5042/2228/4786
f 5092/2288/4836 5042/2228/4786 5041/2227/4785 5093/2290/4837
f 5092/2288/4836 5093/2290/4837 5094/2291/4838 5095/2292/4839
f 5092/2288/4836 5095/2292/4839 5089/2293/4833 5088/2289/4832
f 5072/2259/4816 5096/2294/4840 5097/2295/4841
f 5096/2296/4840 5071/2297/4815 5068/2298/4812 5098/2298/4842
f 5096/2296/4840 5098/2298/4842 5099/2298/4843 5097/2299/4841
f 5100/2300/4844 5098/2298/4842 5068/2298/4812 5101/2300/4845
f 5100/2301/4844 5101/2302/4845 5102/2303/4846 5103/2304/4847
f 5100/2301/4844 5103/2304/4847 5104/2305/4848 5105/2306/4849
f 5100/2300/4844 5105/2300/4849 5099/2298/4843 5098/2298/4842
f 5106/2307/4850 5103/2304/4847 5102/2303/4846 5107/2308/4851
f 5106/2309/4850 5107/2309/4851 5108/2310/4852 5109/2310/4853
f 5106/2309/4850 5109/2310/4853 5110/2310/4854 5111/2309/4855
f 5106/2307/4850 5111/2311/4855 5104/2305/4848 5103/2304/4847
f 5112/2312/4856 5109/2313/4853 5108/2298/4852 5113/2314/4857
f 5112/2312/4856 5113/2314/4857 5052/2315/4796 5114/2316/4858
f 5112/2312/4856 5114/2316/4858 5115/2317/4859 5116/2318/4860
f 5112/2312/4856 5116/2318/4860 5110/2319/4854 5109/2313/4853
f 5117/2320/4861 5090/2286/4834 5089/2285/4833 5118/2321/4862
f 5117/2320/4861 5118/2321/4862 5119/2322/4863 5120/2323/4864
f 5117/2320/4861 5120/2323/4864 5121/2324/4865 5122/2325/4866
f 5117/2320/4861 5122/2325/4866 5091/2287/4835 5090/2286/4834
f 5123/2326/4867 5095/2292/4839 5094/2291/4838 5124/2327/4868
f 5123/2326/4867 5124/2327/4868 5125/2328/4869 5126/2329/4870
f 5123/2326/4867 5126/2329/4870 5119/2330/4863 5118/2331/4862
f 5123/2326/4867 5118/2331/4862 5089/2293/4833 5095/2292/4839
f 5127/2332/4871 5128/2333/4872 5099/2298/4843 5129/2298/4873
f 5127/2332/4871 5129/2298/4873 5130/2298/4874 5131/2334/4875
f 5127/2332/4871 5131/2334/4875 5132/2335/4876 5133/2336/4877
f 5127/2332/4871 5133/2336/4877 5134/2337/4878 5128/2333/4872
f 5135/2338/4879 5105/2306/4849 5104/2305/4848 5136/2339/4880
f 5135/2338/4879 5136/2339/4880 5137/2340/4881 5138/2341/4882
f 5135/2300/4879 5138/2300/4882 5130/2298/4874 5129/2298/4873
f 5135/2300/4879 5129/2298/4873 5099/2298/4843 5105/2300/4849
f 5139/2309/4883 5111/2309/4855 5110/2310/4854 5140/2310/4884
f 5139/2309/4883 5140/2310/4884 5141/2310/4885 5142/2309/4886
f 5139/2342/4883 5142/2343/4886 5137/2340/4881 5136/2339/4880
f 5139/2342/4883 5136/2339/4880 5104/2305/4848 5111/2311/4855
f 5143/2344/4887 5144/2345/4888 5091/2346/4835 5122/2347/4866
f 5143/2344/4887 5122/2347/4866 5121/2348/4865 5145/2349/4889
f 5143/2344/4887 5145/2349/4889 5146/2350/4890 5147/2351/4891
f 5143/2344/4887 5147/2351/4891 5115/2352/4859 5144/2345/4888
f 5148/2353/4892 5149/2354/4893 5150/2355/4894 5151/2356/4895
f 5148/2353/4892 5151/2356/4895 5152/2357/4896 5153/2358/4897
f 5148/2353/4892 5153/2358/4897 5154/2359/4898 5155/2360/4899
f 5148/2353/4892 5155/2360/4899 5156/2361/4900 5149/2354/4893
f 5157/2362/4901 5158/2363/4902 5159/2364/4903 5160/2365/4904
f 5157/2362/4901 5160/2365/4904 5161/2310/4905 5162/2366/4906
f 5157/2362/4901 5162/2366/4906 5163/2367/4907 5164/2368/4908
f 5157/2362/4901 5164/2368/4908 5165/2369/4909 5158/2363/4902
f 5166/2370/4910 5167/2371/4911 5156/2372/4900 5155/2373/4899
f 5166/2370/4910 5155/2373/4899 5154/2374/4898 5168/2375/4912
f 5166/2370/4910 5168/2375/4912 5169/2376/4913 5170/2377/4914
f 5166/2370/4910 5170/2377/4914 5171/2378/4915 5167/2371/4911
f 5172/2377/4916 5173/2378/4917 5174/2372/4918 5175/2373/4919
f 5172/2377/4916 5175/2373/4919 5176/2374/4920 5177/2376/4921
f 5172/2377/4916 5177/2376/4921 5152/2310/4896 5151/2365/4895
f 5172/2377/4916 5151/2365/4895 5150/2364/4894 5173/2378/4917
f 5178/2379/4922 5179/2380/4923 5180/2381/4924 5181/2382/4925
f 5178/2379/4922 5181/2382/4925 5150/2355/4894 5149/2354/4893
f 5178/2379/4922 5149/2354/4893 5156/2361/4900 5182/2383/4926
f 5178/2379/4922 5182/2383/4926 5183/2384/4927 5179/2380/4923
f 5184/2385/4928 5185/2386/4929 5186/2387/4930 5187/2388/4931
f 5184/2385/4928 5187/2388/4931 5159/2364/4903 5158/2363/4902
f 5184/2385/4928 5158/2363/4902 5165/2369/4909 5188/2389/4932
f 5184/2385/4928 5188/2389/4932 5189/2390/4933 5185/2386/4929
f 5190/2391/4934 5191/2392/4935 5183/2393/4927 5182/2394/4926
f 5190/2391/4934 5182/2394/4926 5156/2372/4900 5167/2371/4911
f 5190/2391/4934 5167/2371/4911 5171/2378/4915 5192/2395/4936
f 5190/2391/4934 5192/2395/4936 5193/2396/4937 5191/2392/4935
f 5194/2395/4938 5195/2396/4939 5196/2393/4940 5197/2394/4941
f 5194/2395/4938 5197/2394/4941 5174/2372/4918 5173/2378/4917
f 5194/2395/4938 5173/2378/4917 5150/2364/4894 5181/2388/4925
f 5194/2395/4938 5181/2388/4925 5180/2387/4924 5195/2396/4939
f 5198/2397/4942 5046/2232/4790 5045/2231/4789 5199/2398/4943
f 5198/2397/4942 5199/2398/4943 5180/2381/4924 5179/2380/4923
f 5198/2397/4942 5179/2380/4923 5183/2384/4927 5200/2399/4944
f 5198/2397/4942 5200/2399/4944 5047/2233/4791 5046/2232/4790
f 5201/2400/4945 5202/2401/4946 5203/2273/4947 5204/2402/4948
f 5201/2400/4945 5204/2402/4948 5186/2387/4930 5185/2386/4929
f 5201/2400/4945 5185/2386/4929 5189/2390/4933 5205/2403/4949
f 5201/2400/4945 5205/2403/4949 5054/2404/4798 5202/2401/4946
f 5206/2405/4950 5207/2406/4951 5047/2271/4791 5200/2407/4944
f 5206/2405/4950 5200/2407/4944 5183/2393/4927 5191/2392/4935
f 5206/2405/4950 5191/2392/4935 5193/2396/4937 5208/2408/4952
f 5206/2405/4950 5208/2408/4952 5209/2409/4953 5207/2406/4951
f 5210/2408/4954 5077/2272/4821 5056/2271/4800 5211/2407/4955
f 5210/2408/4954 5211/2407/4955 5196/2393/4940 5195/2396/4939
f 5210/2408/4954 5195/2396/4939 5180/2387/4924 5199/2402/4943
f 5210/2408/4954 5199/2402/4943 5045/2273/4789 5077/2272/4821
f 5212/2410/4956 5213/2411/4957 5214/2412/4958 5215/2413/4959
f 5212/2410/4956 5215/2413/4959 5216/2414/4960 5217/2415/4961
f 5212/2410/4956 5217/2415/4961 5218/2416/4962 5219/2417/4963
f 5212/2410/4956 5219/2417/4963 5220/2418/4964 5213/2411/4957
f 5221/2419/4965 5222/2420/4966 5223/2421/4967 5224/2422/4968
f 5221/2419/4965 5224/2422/4968 5225/2423/4969 5226/2424/4970
f 5221/2419/4965 5226/2424/4970 5216/2425/4960 5215/2426/4959
f 5221/2419/4965 5215/2426/4959 5214/2427/4958 5222/2420/4966
f 5227/2428/4971 5228/2429/4972 5229/2298/4973 5230/2298/4974
f 5227/2428/4971 5230/2298/4974 5231/2298/4975 5232/2430/4976
f 5227/2428/4971 5232/2430/4976 5233/2431/4977 5234/2432/4978
f 5227/2428/4971 5234/2432/4978 5235/2433/4979 5228/2429/4972
f 5236/2434/4980 5237/2435/4981 5238/2436/4982 5239/2437/4983
f 5236/2434/4980 5239/2437/4983 5240/2438/4984 5241/2439/4985
f 5236/2300/4980 5241/2300/4985 5231/2298/4975 5230/2298/4974
f 5236/2300/4980 5230/2298/4974 5229/2298/4973 5237/2300/4981
f 5242/2309/4986 5243/2309/4987 5244/2310/4988 5245/2310/4989
f 5242/2309/4986 5245/2310/4989 5246/2310/4990 5247/2309/4991
f 5242/2440/4986 5247/2441/4991 5240/2438/4984 5239/2437/4983
f 5242/2440/4986 5239/2437/4983 5238/2436/4982 5243/2442/4987
f 5248/2443/4992 5249/2444/4993 5220/2445/4964 5219/2446/4963
f 5248/2443/4992 5219/2446/4963 5218/2447/4962 5250/2448/4994
f 5248/2443/4992 5250/2448/4994 5251/2449/4995 5252/2450/4996
f 5248/2443/4992 5252/2450/4996 5253/2451/4997 5249/2444/4993
f 5254/2452/4998 5120/2323/4864 5119/2322/4863 5255/2453/4999
f 5254/2452/4998 5255/2453/4999 5214/2412/4958 5213/2411/4957
f 5254/2452/4998 5213/2411/4957 5220/2418/4964 5256/2454/5000
f 5254/2452/4998 5256/2454/5000 5121/2324/4865 5120/2323/4864
f 5257/2455/5001 5126/2329/4870 5125/2328/4869 5258/2456/5002
f 5257/2455/5001 5258/2456/5002 5223/2421/4967 5222/2420/4966
f 5257/2455/5001 5222/2420/4966 5214/2427/4958 5255/2457/4999
f 5257/2455/5001 5255/2457/4999 5119/2330/4863 5126/2329/4870
f 5259/2458/5003 5131/2334/4875 5130/2298/4874 5260/2298/5004
f 5259/2458/5003 5260/2298/5004 5229/2298/4973 5228/2429/4972
f 5259/2458/5003 5228/2429/4972 5235/2433/4979 5261/2459/5005
f 5259/2458/5003 5261/2459/5005 5132/2335/4876 5131/2334/4875
f 5262/2460/5006 5138/2341/4882 5137/2340/4881 5263/2461/5007
f 5262/2460/5006 5263/2461/5007 5238/2436/4982 5237/2435/4981
f 5262/2300/5006 5237/2300/4981 5229/2298/4973 5260/2298/5004
f 5262/2300/5006 5260/2298/5004 5130/2298/4874 5138/2300/4882
f 5264/2309/5008 5142/2309/4886 5141/2310/4885 5265/2310/5009
f 5264/2309/5008 5265/2310/5009 5244/2310/4988 5243/2309/4987
f 5264/2462/5008 5243/2442/4987 5238/2436/4982 5263/2461/5007
f 5264/2462/5008 5263/2461/5007 5137/2340/4881 5142/2343/4886
f 5266/2463/5010 5145/2349/4889 5121/2348/4865 5256/2464/5000
f 5266/2463/5010 5256/2464/5000 5220/2445/4964 5249/2444/4993
f 5266/2463/5010 5249/2444/4993 5253/2451/4997 5267/2465/5011
f 5266/2463/5010 5267/2465/5011 5146/2350/4890 5145/2349/4889
f 5268/2466/5012 5217/2415/4961 5216/2414/4960 5269/2467/5013
f 5268/2466/5012 5269/2467/5013 5270/2468/5014 5271/2469/5015
f 5268/2466/5012 5271/2469/5015 5272/2470/5016 5273/2471/5017
f 5268/2466/5012 5273/2471/5017 5218/2416/4962 5217/2415/4961
f 5274/2472/5018 5226/2424/4970 5225/2423/4969 5275/2473/5019
f 5274/2472/5018 5275/2473/5019 5276/2474/5020 5277/2475/5021
f 5274/2472/5018 5277/2475/5021 5270/2476/5014 5269/2477/5013
f 5274/2472/5018 5269/2477/5013 5216/2425/4960 5226/2424/4970
f 5278/2478/5022 5232/2430/4976 5231/2298/4975 5279/2298/5023
f 5278/2478/5022 5279/2298/5023 5280/2298/5024 5281/2479/5025
f 5278/2478/5022 5281/2479/5025 5282/2480/5026 5283/2481/5027
f 5278/2478/5022 5283/2481/5027 5233/2431/4977 5232/2430/4976
f 5284/2482/5028 5241/2439/4985 5240/2438/4984 5285/2483/5029
f 5284/2482/5028 5285/2483/5029 5286/2484/5030 5287/2485/5031
f 5284/2300/5028 5287/2300/5031 5280/2298/5024 5279/2298/5023
f 5284/2300/5028 5279/2298/5023 5231/2298/4975 5241/2300/4985
f 5288/2309/5032 5247/2309/4991 5246/2310/4990 5289/2310/5033
f 5288/2309/5032 5289/2310/5033 5290/2310/5034 5291/2309/5035
f 5288/2486/5032 5291/2487/5035 5286/2484/5030 5285/2483/5029
f 5288/2486/5032 5285/2483/5029 5240/2438/4984 5247/2441/4991
f 5292/2488/5036 5250/2448/4994 5218/2447/4962 5273/2489/5017
f 5292/2488/5036 5273/2489/5017 5272/2490/5016 5293/2491/5037
f 5292/2488/5036 5293/2491/5037 5294/2492/5038 5295/2493/5039
f 5292/2488/5036 5295/2493/5039 5251/2449/4995 5250/2448/4994
f 5296/2494/5040 5271/2469/5015 5270/2468/5014 5297/2495/5041
f 5296/2494/5040 5297/2495/5041 5298/2496/5042 5299/2497/5043
f 5296/2494/5040 5299/2497/5043 5300/2498/5044 5301/2499/5045
f 5296/2494/5040 5301/2499/5045 5272/2470/5016 5271/2469/5015
f 5302/2500/5046 5277/2475/5021 5276/2474/5020 5303/2501/5047
f 5302/2500/5046 5303/2501/5047 5304/2502/5048 5305/2503/5049
f 5302/2500/5046 5305/2503/5049 5298/2504/5042 5297/2505/5041
f 5302/2500/5046 5297/2505/5041 5270/2476/5014 5277/2475/5021
f 5306/2506/5050 5281/2479/5025 5280/2298/5024 5307/2298/5051
f 5306/2506/5050 5307/2298/5051 5308/2298/5052 5309/2507/5053
f 5306/2506/5050 5309/2507/5053 5310/2508/5054 5311/2509/5055
f 5306/2506/5050 5311/2509/5055 5282/2480/5026 5281/2479/5025
f 5312/2510/5056 5287/2485/5031 5286/2484/5030 5313/2511/5057
f 5312/2510/5056 5313/2511/5057 5314/2512/5058 5315/2513/5059
f 5312/2300/5056 5315/2300/5059 5308/2298/5052 5307/2298/5051
f 5312/2300/5056 5307/2298/5051 5280/2298/5024 5287/2300/5031
f 5316/2309/5060 5291/2309/5035 5290/2310/5034 5317/2310/5061
f 5316/2309/5060 5317/2310/5061 5318/2310/5062 5319/2309/5063
f 5316/2514/5060 5319/2515/5063 5314/2512/5058 5313/2511/5057
f 5316/2514/5060 5313/2511/5057 5286/2484/5030 5291/2487/5035
f 5320/2516/5064 5293/2491/5037 5272/2490/5016 5301/2517/5045
f 5320/2516/5064 5301/2517/5045 5300/2518/5044 5321/2519/5065
f 5320/2516/5064 5321/2519/5065 5322/2520/5066 5323/2521/5067
f 5320/2516/5064 5323/2521/5067 5294/2492/5038 5293/2491/5037
f 5324/2522/5068 5299/2497/5043 5298/2496/5042 5325/2523/5069
f 5324/2522/5068 5325/2523/5069 5326/2524/5070 5327/2525/5071
f 5324/2522/5068 5327/2525/5071 5328/2526/5072 5329/2527/5073
f 5324/2522/5068 5329/2527/5073 5300/2498/5044 5299/2497/5043
f 5330/2528/5074 5305/2503/5049 5304/2502/5048 5331/2529/5075
f 5330/2528/5074 5331/2529/5075 5332/2530/5076 5333/2531/5077
f 5330/2528/5074 5333/2531/5077 5326/2532/5070 5325/2533/5069
f 5330/2528/5074 5325/2533/5069 5298/2504/5042 5305/2503/5049
f 5334/2534/5078 5309/2507/5053 5308/2298/5052 5335/2298/5079
f 5334/2534/5078 5335/2298/5079 5336/2535/5080 5337/2536/5081
f 5334/2534/5078 5337/2536/5081 5338/2537/5082 5339/2538/5083
f 5334/2534/5078 5339/2538/5083 5310/2508/5054 5309/2507/5053
f 5340/2539/5084 5315/2513/5059 5314/2512/5058 5341/2540/5085
f 5340/2539/5084 5341/2540/5085 5342/2541/5086 5343/2542/5087
f 5340/2300/5084 5343/2300/5087 5336/2535/5080 5335/2298/5079
f 5340/2300/5084 5335/2298/5079 5308/2298/5052 5315/2300/5059
f 5344/2309/5088 5319/2309/5063 5318/2310/5062 5345/2310/5089
f 5344/2309/5088 5345/2310/5089 5346/2543/5090 5347/2309/5091
f 5344/2544/5088 5347/2545/5091 5342/2541/5086 5341/2540/5085
f 5344/2544/5088 5341/2540/5085 5314/2512/5058 5319/2515/5063
f 5348/2546/5092 5321/2519/5065 5300/2518/5044 5329/2547/5073
f 5348/2546/5092 5329/2547/5073 5328/2548/5072 5349/2549/5093
f 5348/2546/5092 5349/2549/5093 5350/2550/5094 5351/2551/5095
f 5348/2546/5092 5351/2551/5095 5322/2520/5066 5321/2519/5065
f 5352/2552/5096 5097/2299/4841 5099/2298/4843 5128/2333/4872
f 5352/2552/5096 5128/2333/4872 5134/2337/4878 5353/2553/5097
f 5352/2552/5096 5353/2553/5097 5354/2554/5098 5355/2555/5099
f 5352/2556/5096 5355/2557/5099 5072/2259/4816 5097/2295/4841
f 5072/2259/4816 5356/2558/5100 5073/2260/4817
f 5356/2559/5100 5355/2560/5099 5354/2561/5098 5357/2562/5101
f 5356/2559/5100 5357/2562/5101 5209/2563/4953 5358/2564/5102
f 5356/2559/5100 5358/2564/5102 5359/2565/5103 5360/2566/5104
f 5356/2558/5100 5360/2567/5104 5074/2568/4818 5073/2260/4817
f 5361/2569/5105 5133/2336/4877 5132/2335/4876 5362/2570/5106
f 5361/2569/5105 5362/2570/5106 5125/2571/4869 5124/2572/4868
f 5361/2569/5105 5124/2572/4868 5094/2573/4838 5363/2574/5107
f 5361/2569/5105 5363/2574/5107 5134/2337/4878 5133/2336/4877
f 5364/2575/5108 5170/2576/4914 5169/2577/4913 5365/2578/5109
f 5364/2575/5108 5365/2578/5109 5366/2579/5110 5367/2580/5111
f 5364/2575/5108 5367/2580/5111 5368/2581/5112 5369/2582/5113
f 5364/2575/5108 5369/2582/5113 5171/2583/4915 5170/2576/4914
f 5370/2584/5114 5192/2585/4936 5171/2583/4915 5369/2582/5113
f 5370/2584/5114 5369/2582/5113 5368/2581/5112 5371/2586/5115
f 5370/2584/5114 5371/2586/5115 5372/2587/5116 5373/2588/5117
f 5370/2584/5114 5373/2588/5117 5193/2589/4937 5192/2585/4936
f 5374/2590/5118 5208/2591/4952 5193/2589/4937 5373/2588/5117
f 5374/2590/5118 5373/2588/5117 5372/2587/5116 5375/2592/5119
f 5374/2590/5118 5375/2592/5119 5359/2565/5103 5358/2564/5102
f 5374/2590/5118 5358/2564/5102 5209/2563/4953 5208/2591/4952
f 5376/2593/5120 5234/2432/4978 5233/2431/4977 5377/2594/5121
f 5376/2593/5120 5377/2594/5121 5225/2595/4969 5224/2596/4968
f 5376/2593/5120 5224/2596/4968 5223/2597/4967 5378/2598/5122
f 5376/2593/5120 5378/2598/5122 5235/2433/4979 5234/2432/4978
f 5379/2599/5123 5261/2459/5005 5235/2433/4979 5378/2598/5122
f 5379/2599/5123 5378/2598/5122 5223/2597/4967 5258/2600/5002
f 5379/2599/5123 5258/2600/5002 5125/2571/4869 5362/2570/5106
f 5379/2599/5123 5362/2570/5106 5132/2335/4876 5261/2459/5005
f 5380/2601/5124 5283/2481/5027 5282/2480/5026 5381/2602/5125
f 5380/2601/5124 5381/2602/5125 5276/2603/5020 5275/2604/5019
f 5380/2601/5124 5275/2604/5019 5225/2595/4969 5377/2594/5121
f 5380/2601/5124 5377/2594/5121 5233/2431/4977 5283/2481/5027
f 5382/2605/5126 5311/2509/5055 5310/2508/5054 5383/2606/5127
f 5382/2605/5126 5383/2606/5127 5304/2607/5048 5303/2608/5047
f 5382/2605/5126 5303/2608/5047 5276/2603/5020 5381/2602/5125
f 5382/2605/5126 5381/2602/5125 5282/2480/5026 5311/2509/5055
f 5384/2609/5128 5339/2538/5083 5338/2537/5082 5385/2610/5129
f 5384/2609/5128 5385/2610/5129 5332/2611/5076 5331/2612/5075
f 5384/2609/5128 5331/2612/5075 5304/2607/5048 5383/2606/5127
f 5384/2609/5128 5383/2606/5127 5310/2508/5054 5339/2538/5083
f 5386/2613/5130 5353/2553/5097 5134/2337/4878 5363/2574/5107
f 5386/2613/5130 5363/2574/5107 5094/2573/4838 5093/2614/4837
f 5386/2613/5130 5093/2614/4837 5041/2269/4785 5387/2615/5131
f 5386/2613/5130 5387/2615/5131 5354/2554/5098 5353/2553/5097
f 5388/2616/5132 5357/2617/5101 5354/2554/5098 5387/2615/5131
f 5388/2616/5132 5387/2615/5131 5041/2269/4785 5040/2270/4784
f 5388/2616/5132 5040/2270/4784 5047/2271/4791 5207/2406/4951
f 5388/2616/5132 5207/2406/4951 5209/2409/4953 5357/2617/5101
f 5389/2618/5133 5053/2619/4797 5052/2315/4796 5113/2314/4857
f 5389/2618/5133 5113/2314/4857 5108/2298/4852 5390/2266/5134
f 5389/2618/5133 5390/2266/5134 5203/2273/4947 5202/2401/4946
f 5389/2618/5133 5202/2401/4946 5054/2404/4798 5053/2619/4797
f 5391/2620/5135 5114/2621/4858 5052/2238/4796 5051/2237/4795
f 5391/2620/5135 5051/2237/4795 5050/2236/4794 5087/2622/4831
f 5391/2620/5135 5087/2622/4831 5091/2346/4835 5144/2345/4888
f 5391/2620/5135 5144/2345/4888 5115/2352/4859 5114/2621/4858
f 5392/2623/5136 5147/2624/4891 5146/2625/4890 5393/2626/5137
f 5392/2623/5136 5393/2626/5137 5141/2627/4885 5140/2628/4884
f 5392/2623/5136 5140/2628/4884 5110/2319/4854 5116/2318/4860
f 5392/2623/5136 5116/2318/4860 5115/2317/4859 5147/2624/4891
f 5394/2629/5138 5164/2630/4908 5163/2631/4907 5395/2632/5139
f 5394/2629/5138 5395/2632/5139 5176/2633/4920 5175/2634/4919
f 5394/2629/5138 5175/2634/4919 5174/2635/4918 5396/2636/5140
f 5394/2629/5138 5396/2636/5140 5165/2637/4909 5164/2630/4908
f 5397/2638/5141 5188/2639/4932 5165/2637/4909 5396/2636/5140
f 5397/2638/5141 5396/2636/5140 5174/2635/4918 5197/2640/4941
f 5397/2638/5141 5197/2640/4941 5196/2641/4940 5398/2642/5142
f 5397/2638/5141 5398/2642/5142 5189/2643/4933 5188/2639/4932
f 5399/2644/5143 5205/2645/4949 5189/2643/4933 5398/2642/5142
f 5399/2644/5143 5398/2642/5142 5196/2641/4940 5211/2646/4955
f 5399/2644/5143 5211/2646/4955 5056/2242/4800 5055/2241/4799
f 5399/2644/5143 5055/2241/4799 5054/2240/4798 5205/2645/4949
f 5400/2647/5144 5252/2648/4996 5251/2649/4995 5401/2650/5145
f 5400/2647/5144 5401/2650/5145 5246/2651/4990 5245/2652/4989
f 5400/2647/5144 5245/2652/4989 5244/2653/4988 5402/2654/5146
f 5400/2647/5144 5402/2654/5146 5253/2655/4997 5252/2648/4996
f 5403/2656/5147 5267/2657/5011 5253/2655/4997 5402/2654/5146
f 5403/2656/5147 5402/2654/5146 5244/2653/4988 5265/2658/5009
f 5403/2656/5147 5265/2658/5009 5141/2627/4885 5393/2626/5137
f 5403/2656/5147 5393/2626/5137 5146/2625/4890 5267/2657/5011
f 5404/2659/5148 5295/2660/5039 5294/2661/5038 5405/2662/5149
f 5404/2659/5148 5405/2662/5149 5290/2663/5034 5289/2664/5033
f 5404/2659/5148 5289/2664/5033 5246/2651/4990 5401/2650/5145
f 5404/2659/5148 5401/2650/5145 5251/2649/4995 5295/2660/5039
f 5406/2665/5150 5323/2666/5067 5322/2667/5066 5407/2668/5151
f 5406/2665/5150 5407/2668/5151 5318/2669/5062 5317/2670/5061
f 5406/2665/5150 5317/2670/5061 5290/2663/5034 5405/2662/5149
f 5406/2665/5150 5405/2662/5149 5294/2661/5038 5323/2666/5067
f 5408/2671/5152 5351/2672/5095 5350/2367/5094 5409/2366/5153
f 5408/2671/5152 5409/2366/5153 5346/2543/5090 5345/2673/5089
f 5408/2671/5152 5345/2673/5089 5318/2669/5062 5407/2668/5151
f 5408/2671/5152 5407/2668/5151 5322/2667/5066 5351/2672/5095
f 5060/2246/4804 5059/2245/4803 5366/2579/5110 5365/2578/5109
f 5061/2247/4805 5060/2246/4804 5365/2578/5109 5169/2577/4913
f 5062/2248/4806 5061/2247/4805 5169/2376/4913 5168/2375/4912
f 5063/2249/4807 5062/2248/4806 5168/2375/4912 5154/2374/4898
f 5064/2250/4808 5063/2249/4807 5154/2359/4898 5153/2358/4897
f 5065/2251/4809 5064/2250/4808 5153/2358/4897 5152/2357/4896
f 5079/2275/4823 5065/2251/4809 5152/2310/4896 5177/2376/4921
f 5080/2276/4824 5079/2275/4823 5177/2376/4921 5176/2374/4920
f 5081/2277/4825 5080/2276/4824 5176/2633/4920 5395/2632/5139
f 5082/2278/4826 5081/2277/4825 5395/2632/5139 5163/2631/4907
f 5083/2279/4827 5082/2278/4826 5163/2367/4907 5162/2366/4906
f 5084/2280/4828 5083/2279/4827 5162/2366/4906 5161/2310/4905
f 5068/2254/4812 5071/2674/4815 5069/2255/4813
f 5072/2259/4816 5071/2258/4815 5096/2294/4840
f 5072/2259/4816 5355/2557/5099 5356/2558/5100
f 5410/2227/5154 5411/2226/5155 5412/2225/5156 5413/2228/5157
f 5414/2229/5158 5413/2228/5157 5412/2225/5156 5415/2230/5159
f 5416/2231/5160 5415/2230/5159 5412/2225/5156 5417/2232/5161
f 5418/2233/5162 5417/2232/5161 5412/2225/5156 5411/2226/5155
f 5419/2236/5163 5420/2235/5164 5421/2234/5165 5422/2237/5166
f 5423/2238/5167 5422/2237/5166 5421/2234/5165 5424/2239/5168
f 5425/2240/5169 5424/2239/5168 5421/2234/5165 5426/2241/5170
f 5427/2242/5171 5426/2241/5170 5421/2234/5165 5420/2235/5164
f 5059/2245/4803 5428/2244/5172 5429/2243/5173 5430/2246/5174
f 5431/2247/5175 5430/2246/5174 5429/2243/5173 5432/2248/5176
f 5433/2249/5177 5432/2248/5176 5429/2243/5173 5434/2250/5178
f 5435/2251/5179 5434/2250/5178 5429/2243/5173 5436/2252/5180
f 5437/2253/5181 5436/2252/5180 5429/2243/5173 5428/2244/5172
f 5068/2254/4812 5070/2256/4814 5438/2255/5182
f 5439/2259/5183 5440/2258/5184 5438/2257/5182 5441/2260/5185
f 5074/2263/4818 5441/2262/5185 5438/2261/5182 5070/2264/4814
f 5414/2267/5158 5415/2266/5159 5442/2265/5186 5443/2268/5187
f 5419/2269/5163 5443/2268/5187 5442/2265/5186 5420/2270/5164
f 5427/2271/5171 5420/2270/5164 5442/2265/5186 5444/2272/5188
f 5416/2273/5160 5444/2272/5188 5442/2265/5186 5415/2266/5159
f 5435/2251/5179 5436/2252/5180 5445/2274/5189 5446/2275/5190
f 5447/2276/5191 5446/2275/5190 5445/2274/5189 5448/2277/5192
f 5449/2278/5193 5448/2277/5192 5445/2274/5189 5450/2279/5194
f 5451/2280/5195 5450/2279/5194 5445/2274/5189 5452/2281/5196
f 5437/2253/5181 5452/2281/5196 5445/2274/5189 5436/2252/5180
f 5419/2269/5163 5453/2283/5197 5454/2282/5198 5443/2268/5187
f 5414/2267/5158 5443/2268/5187 5454/2282/5198 5455/2284/5199
f 5456/2285/5200 5455/2284/5199 5454/2282/5198 5457/2286/5201
f 5458/2287/5202 5457/2286/5201 5454/2282/5198 5453/2283/5197
f 5414/2229/5158 5455/2289/5199 5459/2288/5203 5413/2228/5157
f 5410/2227/5154 5413/2228/5157 5459/2288/5203 5460/2290/5204
f 5461/2291/5205 5460/2290/5204 5459/2288/5203 5462/2292/5206
f 5456/2293/5200 5462/2292/5206 5459/2288/5203 5455/2289/5199
f 5439/2259/5183 5463/2295/5207 5464/2294/5208
f 5068/2298/4812 5440/2297/5184 5464/2296/5208 5465/2298/5209
f 5466/2298/5210 5465/2298/5209 5464/2296/5208 5463/2299/5207
f 5068/2298/4812 5465/2298/5209 5467/2300/5211 5101/2300/4845
f 5102/2303/4846 5101/2302/4845 5467/2301/5211 5468/2304/5212
f 5469/2305/5213 5468/2304/5212 5467/2301/5211 5470/2306/5214
f 5466/2298/5210 5470/2300/5214 5467/2300/5211 5465/2298/5209
f 5102/2303/4846 5468/2304/5212 5471/2307/5215 5107/2308/4851
f 5108/2310/4852 5107/2309/4851 5471/2309/5215 5472/2310/5216
f 5473/2310/5217 5472/2310/5216 5471/2309/5215 5474/2309/5218
f 5469/2305/5213 5474/2311/5218 5471/2307/5215 5468/2304/5212
f 5108/2298/4852 5472/2313/5216 5475/2312/5219 5476/2314/5220
f 5423/2315/5167 5476/2314/5220 5475/2312/5219 5477/2316/5221
f 5478/2317/5222 5477/2316/5221 5475/2312/5219 5479/2318/5223
f 5473/2319/5217 5479/2318/5223 5475/2312/5219 5472/2313/5216
f 5456/2285/5200 5457/2286/5201 5480/2320/5224 5481/2321/5225
f 5482/2322/5226 5481/2321/5225 5480/2320/5224 5483/2323/5227
f 5484/2324/5228 5483/2323/5227 5480/2320/5224 5485/2325/5229
f 5458/2287/5202 5485/2325/5229 5480/2320/5224 5457/2286/5201
f 5461/2291/5205 5462/2292/5206 5486/2326/5230 5487/2327/5231
f 5488/2328/5232 5487/2327/5231 5486/2326/5230 5489/2329/5233
f 5482/2330/5226 5489/2329/5233 5486/2326/5230 5481/2331/5225
f 5456/2293/5200 5481/2331/5225 5486/2326/5230 5462/2292/5206
f 5466/2298/5210 5490/2333/5234 5491/2332/5235 5492/2298/5236
f 5493/2298/5237 5492/2298/5236 5491/2332/5235 5494/2334/5238
f 5495/2335/5239 5494/2334/5238 5491/2332/5235 5496/2336/5240
f 5497/2337/5241 5496/2336/5240 5491/2332/5235 5490/2333/5234
f 5469/2305/5213 5470/2306/5214 5498/2338/5242 5499/2339/5243
f 5500/2340/5244 5499/2339/5243 5498/2338/5242 5501/2341/5245
f 5493/2298/5237 5501/2300/5245 5498/2300/5242 5492/2298/5236
f 5466/2298/5210 5492/2298/5236 5498/2300/5242 5470/2300/5214
f 5473/2310/5217 5474/2309/5218 5502/2309/5246 5503/2310/5247
f 5504/2310/5248 5503/2310/5247 5502/2309/5246 5505/2309/5249
f 5500/2340/5244 5505/2343/5249 5502/2342/5246 5499/2339/5243
f 5469/2305/5213 5499/2339/5243 5502/2342/5246 5474/2311/5218
f 5458/2346/5202 5506/2345/5250 5507/2344/5251 5485/2347/5229
f 5484/2348/5228 5485/2347/5229 5507/2344/5251 5508/2349/5252
f 5509/2350/5253 5508/2349/5252 5507/2344/5251 5510/2351/5254
f 5478/2352/5222 5510/2351/5254 5507/2344/5251 5506/2345/5250
f 5511/2355/5255 5512/2354/5256 5513/2353/5257 5514/2356/5258
f 5515/2357/5259 5514/2356/5258 5513/2353/5257 5516/2358/5260
f 5517/2359/5261 5516/2358/5260 5513/2353/5257 5518/2360/5262
f 5519/2361/5263 5518/2360/5262 5513/2353/5257 5512/2354/5256
f 5159/2364/4903 5520/2363/5264 5521/2362/5265 5160/2365/4904
f 5161/2310/4905 5160/2365/4904 5521/2362/5265 5522/2366/5266
f 5523/2367/5267 5522/2366/5266 5521/2362/5265 5524/2368/5268
f 5525/2369/5269 5524/2368/5268 5521/2362/5265 5520/2363/5264
f 5519/2372/5263 5526/2371/5270 5527/2370/5271 5518/2373/5262
f 5517/2374/5261 5518/2373/5262 5527/2370/5271 5528/2375/5272
f 5529/2376/5273 5528/2375/5272 5527/2370/5271 5530/2377/5274
f 5531/2378/5275 5530/2377/5274 5527/2370/5271 5526/2371/5270
f 5532/2372/5276 5533/2378/5277 5534/2377/5278 5535/2373/5279
f 5536/2374/5280 5535/2373/5279 5534/2377/5278 5537/2376/5281
f 5515/2310/5259 5537/2376/5281 5534/2377/5278 5514/2365/5258
f 5511/2364/5255 5514/2365/5258 5534/2377/5278 5533/2378/5277
f 5538/2381/5282 5539/2380/5283 5540/2379/5284 5541/2382/5285
f 5511/2355/5255 5541/2382/5285 5540/2379/5284 5512/2354/5256
f 5519/2361/5263 5512/2354/5256 5540/2379/5284 5542/2383/5286
f 5543/2384/5287 5542/2383/5286 5540/2379/5284 5539/2380/5283
f 5186/2387/4930 5544/2386/5288 5545/2385/5289 5187/2388/4931
f 5159/2364/4903 5187/2388/4931 5545/2385/5289 5520/2363/5264
f 5525/2369/5269 5520/2363/5264 5545/2385/5289 5546/2389/5290
f 5547/2390/5291 5546/2389/5290 5545/2385/5289 5544/2386/5288
f 5543/2393/5287 5548/2392/5292 5549/2391/5293 5542/2394/5286
f 5519/2372/5263 5542/2394/5286 5549/2391/5293 5526/2371/5270
f 5531/2378/5275 5526/2371/5270 5549/2391/5293 5550/2395/5294
f 5551/2396/5295 5550/2395/5294 5549/2391/5293 5548/2392/5292
f 5552/2393/5296 5553/2396/5297 5554/2395/5298 5555/2394/5299
f 5532/2372/5276 5555/2394/5299 5554/2395/5298 5533/2378/5277
f 5511/2364/5255 5533/2378/5277 5554/2395/5298 5541/2388/5285
f 5538/2387/5282 5541/2388/5285 5554/2395/5298 5553/2396/5297
f 5416/2231/5160 5417/2232/5161 5556/2397/5300 5557/2398/5301
f 5538/2381/5282 5557/2398/5301 5556/2397/5300 5539/2380/5283
f 5543/2384/5287 5539/2380/5283 5556/2397/5300 5558/2399/5302
f 5418/2233/5162 5558/2399/5302 5556/2397/5300 5417/2232/5161
f 5203/2273/4947 5559/2401/5303 5560/2400/5304 5204/2402/4948
f 5186/2387/4930 5204/2402/4948 5560/2400/5304 5544/2386/5288
f 5547/2390/5291 5544/2386/5288 5560/2400/5304 5561/2403/5305
f 5425/2404/5169 5561/2403/5305 5560/2400/5304 5559/2401/5303
f 5418/2271/5162 5562/2406/5306 5563/2405/5307 5558/2407/5302
f 5543/2393/5287 5558/2407/5302 5563/2405/5307 5548/2392/5292
f 5551/2396/5295 5548/2392/5292 5563/2405/5307 5564/2408/5308
f 5565/2409/5309 5564/2408/5308 5563/2405/5307 5562/2406/5306
f 5427/2271/5171 5444/2272/5188 5566/2408/5310 5567/2407/5311
f 5552/2393/5296 5567/2407/5311 5566/2408/5310 5553/2396/5297
f 5538/2387/5282 5553/2396/5297 5566/2408/5310 5557/2402/5301
f 5416/2273/5160 5557/2402/5301 5566/2408/5310 5444/2272/5188
f 5568/2412/5312 5569/2411/5313 5570/2410/5314 5571/2413/5315
f 5572/2414/5316 5571/2413/5315 5570/2410/5314 5573/2415/5317
f 5574/2416/5318 5573/2415/5317 5570/2410/5314 5575/2417/5319
f 5576/2418/5320 5575/2417/5319 5570/2410/5314 5569/2411/5313
f 5577/2421/5321 5578/2420/5322 5579/2419/5323 5580/2422/5324
f 5581/2423/5325 5580/2422/5324 5579/2419/5323 5582/2424/5326
f 5572/2425/5316 5582/2424/5326 5579/2419/5323 5571/2426/5315
f 5568/2427/5312 5571/2426/5315 5579/2419/5323 5578/2420/5322
f 5583/2298/5327 5584/2429/5328 5585/2428/5329 5586/2298/5330
f 5587/2298/5331 5586/2298/5330 5585/2428/5329 5588/2430/5332
f 5589/2431/5333 5588/2430/5332 5585/2428/5329 5590/2432/5334
f 5591/2433/5335 5590/2432/5334 5585/2428/5329 5584/2429/5328
f 5592/2436/5336 5593/2435/5337 5594/2434/5338 5595/2437/5339
f 5596/2438/5340 5595/2437/5339 5594/2434/5338 5597/2439/5341
f 5587/2298/5331 5597/2300/5341 5594/2300/5338 5586/2298/5330
f 5583/2298/5327 5586/2298/5330 5594/2300/5338 5593/2300/5337
f 5598/2310/5342 5599/2309/5343 5600/2309/5344 5601/2310/5345
f 5602/2310/5346 5601/2310/5345 5600/2309/5344 5603/2309/5347
f 5596/2438/5340 5603/2441/5347 5600/2440/5344 5595/2437/5339
f 5592/2436/5336 5595/2437/5339 5600/2440/5344 5599/2442/5343
f 5576/2445/5320 5604/2444/5348 5605/2443/5349 5575/2446/5319
f 5574/2447/5318 5575/2446/5319 5605/2443/5349 5606/2448/5350
f 5607/2449/5351 5606/2448/5350 5605/2443/5349 5608/2450/5352
f 5609/2451/5353 5608/2450/5352 5605/2443/5349 5604/2444/5348
f 5482/2322/5226 5483/2323/5227 5610/2452/5354 5611/2453/5355
f 5568/2412/5312 5611/2453/5355 5610/2452/5354 5569/2411/5313
f 5576/2418/5320 5569/2411/5313 5610/2452/5354 5612/2454/5356
f 5484/2324/5228 5612/2454/5356 5610/2452/5354 5483/2323/5227
f 5488/2328/5232 5489/2329/5233 5613/2455/5357 5614/2456/5358
f 5577/2421/5321 5614/2456/5358 5613/2455/5357 5578/2420/5322
f 5568/2427/5312 5578/2420/5322 5613/2455/5357 5611/2457/5355
f 5482/2330/5226 5611/2457/5355 5613/2455/5357 5489/2329/5233
f 5493/2298/5237 5494/2334/5238 5615/2458/5359 5616/2298/5360
f 5583/2298/5327 5616/2298/5360 5615/2458/5359 5584/2429/5328
f 5591/2433/5335 5584/2429/5328 5615/2458/5359 5617/2459/5361
f 5495/2335/5239 5617/2459/5361 5615/2458/5359 5494/2334/5238
f 5500/2340/5244 5501/2341/5245 5618/2460/5362 5619/2461/5363
f 5592/2436/5336 5619/2461/5363 5618/2460/5362 5593/2435/5337
f 5583/2298/5327 5593/2300/5337 5618/2300/5362 5616/2298/5360
f 5493/2298/5237 5616/2298/5360 5618/2300/5362 5501/2300/5245
f 5504/2310/5248 5505/2309/5249 5620/2309/5364 5621/2310/5365
f 5598/2310/5342 5621/2310/5365 5620/2309/5364 5599/2309/5343
f 5592/2436/5336 5599/2442/5343 5620/2462/5364 5619/2461/5363
f 5500/2340/5244 5619/2461/5363 5620/2462/5364 5505/2343/5249
f 5484/2348/5228 5508/2349/5252 5622/2463/5366 5612/2464/5356
f 5576/2445/5320 5612/2464/5356 5622/2463/5366 5604/2444/5348
f 5609/2451/5353 5604/2444/5348 5622/2463/5366 5623/2465/5367
f 5509/2350/5253 5623/2465/5367 5622/2463/5366 5508/2349/5252
f 5572/2414/5316 5573/2415/5317 5624/2466/5368 5625/2467/5369
f 5626/2468/5370 5625/2467/5369 5624/2466/5368 5627/2469/5371
f 5628/2470/5372 5627/2469/5371 5624/2466/5368 5629/2471/5373
f 5574/2416/5318 5629/2471/5373 5624/2466/5368 5573/2415/5317
f 5581/2423/5325 5582/2424/5326 5630/2472/5374 5631/2473/5375
f 5632/2474/5376 5631/2473/5375 5630/2472/5374 5633/2475/5377
f 5626/2476/5370 5633/2475/5377 5630/2472/5374 5625/2477/5369
f 5572/2425/5316 5625/2477/5369 5630/2472/5374 5582/2424/5326
f 5587/2298/5331 5588/2430/5332 5634/2478/5378 5635/2298/5379
f 5636/2298/5380 5635/2298/5379 5634/2478/5378 5637/2479/5381
f 5638/2480/5382 5637/2479/5381 5634/2478/5378 5639/2481/5383
f 5589/2431/5333 5639/2481/5383 5634/2478/5378 5588/2430/5332
f 5596/2438/5340 5597/2439/5341 5640/2482/5384 5641/2483/5385
f 5642/2484/5386 5641/2483/5385 5640/2482/5384 5643/2485/5387
f 5636/2298/5380 5643/2300/5387 5640/2300/5384 5635/2298/5379
f 5587/2298/5331 5635/2298/5379 5640/2300/5384 5597/2300/5341
f 5602/2310/5346 5603/2309/5347 5644/2309/5388 5645/2310/5389
f 5646/2310/5390 5645/2310/5389 5644/2309/5388 5647/2309/5391
f 5642/2484/5386 5647/2487/5391 5644/2486/5388 5641/2483/5385
f 5596/2438/5340 5641/2483/5385 5644/2486/5388 5603/2441/5347
f 5574/2447/5318 5606/2448/5350 5648/2488/5392 5629/2489/5373
f 5628/2490/5372 5629/2489/5373 5648/2488/5392 5649/2491/5393
f 5650/2492/5394 5649/2491/5393 5648/2488/5392 5651/2493/5395
f 5607/2449/5351 5651/2493/5395 5648/2488/5392 5606/2448/5350
f 5626/2468/5370 5627/2469/5371 5652/2494/5396 5653/2495/5397
f 5654/2496/5398 5653/2495/5397 5652/2494/5396 5655/2497/5399
f 5656/2498/5400 5655/2497/5399 5652/2494/5396 5657/2499/5401
f 5628/2470/5372 5657/2499/5401 5652/2494/5396 5627/2469/5371
f 5632/2474/5376 5633/2475/5377 5658/2500/5402 5659/2501/5403
f 5660/2502/5404 5659/2501/5403 5658/2500/5402 5661/2503/5405
f 5654/2504/5398 5661/2503/5405 5658/2500/5402 5653/2505/5397
f 5626/2476/5370 5653/2505/5397 5658/2500/5402 5633/2475/5377
f 5636/2298/5380 5637/2479/5381 5662/2506/5406 5663/2298/5407
f 5664/2298/5408 5663/2298/5407 5662/2506/5406 5665/2507/5409
f 5666/2508/5410 5665/2507/5409 5662/2506/5406 5667/2509/5411
f 5638/2480/5382 5667/2509/5411 5662/2506/5406 5637/2479/5381
f 5642/2484/5386 5643/2485/5387 5668/2510/5412 5669/2511/5413
f 5670/2512/5414 5669/2511/5413 5668/2510/5412 5671/2513/5415
f 5664/2298/5408 5671/2300/5415 5668/2300/5412 5663/2298/5407
f 5636/2298/5380 5663/2298/5407 5668/2300/5412 5643/2300/5387
f 5646/2310/5390 5647/2309/5391 5672/2309/5416 5673/2310/5417
f 5674/2310/5418 5673/2310/5417 5672/2309/5416 5675/2309/5419
f 5670/2512/5414 5675/2515/5419 5672/2514/5416 5669/2511/5413
f 5642/2484/5386 5669/2511/5413 5672/2514/5416 5647/2487/5391
f 5628/2490/5372 5649/2491/5393 5676/2516/5420 5657/2517/5401
f 5656/2518/5400 5657/2517/5401 5676/2516/5420 5677/2519/5421
f 5678/2520/5422 5677/2519/5421 5676/2516/5420 5679/2521/5423
f 5650/2492/5394 5679/2521/5423 5676/2516/5420 5649/2491/5393
f 5654/2496/5398 5655/2497/5399 5680/2522/5424 5681/2523/5425
f 5682/2524/5426 5681/2523/5425 5680/2522/5424 5683/2525/5427
f 5684/2526/5428 5683/2525/5427 5680/2522/5424 5685/2527/5429
f 5656/2498/5400 5685/2527/5429 5680/2522/5424 5655/2497/5399
f 5660/2502/5404 5661/2503/5405 5686/2528/5430 5687/2529/5431
f 5688/2530/5432 5687/2529/5431 5686/2528/5430 5689/2531/5433
f 5682/2532/5426 5689/2531/5433 5686/2528/5430 5681/2533/5425
f 5654/2504/5398 5681/2533/5425 5686/2528/5430 5661/2503/5405
f 5664/2298/5408 5665/2507/5409 5690/2534/5434 5691/2298/5435
f 5692/2535/5436 5691/2298/5435 5690/2534/5434 5693/2536/5437
f 5694/2537/5438 5693/2536/5437 5690/2534/5434 5695/2538/5439
f 5666/2508/5410 5695/2538/5439 5690/2534/5434 5665/2507/5409
f 5670/2512/5414 5671/2513/5415 5696/2539/5440 5697/2540/5441
f 5698/2541/5442 5697/2540/5441 5696/2539/5440 5699/2542/5443
f 5692/2535/5436 5699/2300/5443 5696/2300/5440 5691/2298/5435
f 5664/2298/5408 5691/2298/5435 5696/2300/5440 5671/2300/5415
f 5674/2310/5418 5675/2309/5419 5700/2309/5444 5701/2310/5445
f 5702/2543/5446 5701/2310/5445 5700/2309/5444 5703/2309/5447
f 5698/2541/5442 5703/2545/5447 5700/2544/5444 5697/2540/5441
f 5670/2512/5414 5697/2540/5441 5700/2544/5444 5675/2515/5419
f 5656/2518/5400 5677/2519/5421 5704/2546/5448 5685/2547/5429
f 5684/2548/5428 5685/2547/5429 5704/2546/5448 5705/2549/5449
f 5706/2550/5450 5705/2549/5449 5704/2546/5448 5707/2551/5451
f 5678/2520/5422 5707/2551/5451 5704/2546/5448 5677/2519/5421
f 5466/2298/5210 5463/2299/5207 5708/2552/5452 5490/2333/5234
f 5497/2337/5241 5490/2333/5234 5708/2552/5452 5709/2553/5453
f 5710/2554/5454 5709/2553/5453 5708/2552/5452 5711/2555/5455
f 5439/2259/5183 5711/2557/5455 5708/2556/5452 5463/2295/5207
f 5439/2259/5183 5441/2260/5185 5712/2558/5456
f 5710/2561/5454 5711/2560/5455 5712/2559/5456 5713/2562/5457
f 5565/2563/5309 5713/2562/5457 5712/2559/5456 5714/2564/5458
f 5359/2565/5103 5714/2564/5458 5712/2559/5456 5360/2566/5104
f 5074/2568/4818 5360/2567/5104 5712/2558/5456 5441/2260/5185
f 5495/2335/5239 5496/2336/5240 5715/2569/5459 5716/2570/5460
f 5488/2571/5232 5716/2570/5460 5715/2569/5459 5487/2572/5231
f 5461/2573/5205 5487/2572/5231 5715/2569/5459 5717/2574/5461
f 5497/2337/5241 5717/2574/5461 5715/2569/5459 5496/2336/5240
f 5529/2577/5273 5530/2576/5274 5718/2575/5462 5719/2578/5463
f 5366/2579/5110 5719/2578/5463 5718/2575/5462 5367/2580/5111
f 5368/2581/5112 5367/2580/5111 5718/2575/5462 5720/2582/5464
f 5531/2583/5275 5720/2582/5464 5718/2575/5462 5530/2576/5274
f 5531/2583/5275 5550/2585/5294 5721/2584/5465 5720/2582/5464
f 5368/2581/5112 5720/2582/5464 5721/2584/5465 5371/2586/5115
f 5372/2587/5116 5371/2586/5115 5721/2584/5465 5722/2588/5466
f 5551/2589/5295 5722/2588/5466 5721/2584/5465 5550/2585/5294
f 5551/2589/5295 5564/2591/5308 5723/2590/5467 5722/2588/5466
f 5372/2587/5116 5722/2588/5466 5723/2590/5467 5375/2592/5119
f 5359/2565/5103 5375/2592/5119 5723/2590/5467 5714/2564/5458
f 5565/2563/5309 5714/2564/5458 5723/2590/5467 5564/2591/5308
f 5589/2431/5333 5590/2432/5334 5724/2593/5468 5725/2594/5469
f 5581/2595/5325 5725/2594/5469 5724/2593/5468 5580/2596/5324
f 5577/2597/5321 5580/2596/5324 5724/2593/5468 5726/2598/5470
f 5591/2433/5335 5726/2598/5470 5724/2593/5468 5590/2432/5334
f 5591/2433/5335 5617/2459/5361 5727/2599/5471 5726/2598/5470
f 5577/2597/5321 5726/2598/5470 5727/2599/5471 5614/2600/5358
f 5488/2571/5232 5614/2600/5358 5727/2599/5471 5716/2570/5460
f 5495/2335/5239 5716/2570/5460 5727/2599/5471 5617/2459/5361
f 5638/2480/5382 5639/2481/5383 5728/2601/5472 5729/2602/5473
f 5632/2603/5376 5729/2602/5473 5728/2601/5472 5631/2604/5375
f 5581/2595/5325 5631/2604/5375 5728/2601/5472 5725/2594/5469
f 5589/2431/5333 5725/2594/5469 5728/2601/5472 5639/2481/5383
f 5666/2508/5410 5667/2509/5411 5730/2605/5474 5731/2606/5475
f 5660/2607/5404 5731/2606/5475 5730/2605/5474 5659/2608/5403
f 5632/2603/5376 5659/2608/5403 5730/2605/5474 5729/2602/5473
f 5638/2480/5382 5729/2602/5473 5730/2605/5474 5667/2509/5411
f 5694/2537/5438 5695/2538/5439 5732/2609/5476 5733/2610/5477
f 5688/2611/5432 5733/2610/5477 5732/2609/5476 5687/2612/5431
f 5660/2607/5404 5687/2612/5431 5732/2609/5476 5731/2606/5475
f 5666/2508/5410 5731/2606/5475 5732/2609/5476 5695/2538/5439
f 5497/2337/5241 5709/2553/5453 5734/2613/5478 5717/2574/5461
f 5461/2573/5205 5717/2574/5461 5734/2613/5478 5460/2614/5204
f 5410/2269/5154 5460/2614/5204 5734/2613/5478 5735/2615/5479
f 5710/2554/5454 5735/2615/5479 5734/2613/5478 5709/2553/5453
f 5710/2554/5454 5713/2617/5457 5736/2616/5480 5735/2615/5479
f 5410/2269/5154 5735/2615/5479 5736/2616/5480 5411/2270/5155
f 5418/2271/5162 5411/2270/5155 5736/2616/5480 5562/2406/5306
f 5565/2409/5309 5562/2406/5306 5736/2616/5480 5713/2617/5457
f 5423/2315/5167 5424/2619/5168 5737/2618/5481 5476/2314/5220
f 5108/2298/4852 5476/2314/5220 5737/2618/5481 5390/2266/5134
f 5203/2273/4947 5390/2266/5134 5737/2618/5481 5559/2401/5303
f 5425/2404/5169 5559/2401/5303 5737/2618/5481 5424/2619/5168
f 5423/2238/5167 5477/2621/5221 5738/2620/5482 5422/2237/5166
f 5419/2236/5163 5422/2237/5166 5738/2620/5482 5453/2622/5197
f 5458/2346/5202 5453/2622/5197 5738/2620/5482 5506/2345/5250
f 5478/2352/5222 5506/2345/5250 5738/2620/5482 5477/2621/5221
f 5509/2625/5253 5510/2624/5254 5739/2623/5483 5740/2626/5484
f 5504/2627/5248 5740/2626/5484 5739/2623/5483 5503/2628/5247
f 5473/2319/5217 5503/2628/5247 5739/2623/5483 5479/2318/5223
f 5478/2317/5222 5479/2318/5223 5739/2623/5483 5510/2624/5254
f 5523/2631/5267 5524/2630/5268 5741/2629/5485 5742/2632/5486
f 5536/2633/5280 5742/2632/5486 5741/2629/5485 5535/2634/5279
f 5532/2635/5276 5535/2634/5279 5741/2629/5485 5743/2636/5487
f 5525/2637/5269 5743/2636/5487 5741/2629/5485 5524/2630/5268
f 5525/2637/5269 5546/2639/5290 5744/2638/5488 5743/2636/5487
f 5532/2635/5276 5743/2636/5487 5744/2638/5488 5555/2640/5299
f 5552/2641/5296 5555/2640/5299 5744/2638/5488 5745/2642/5489
f 5547/2643/5291 5745/2642/5489 5744/2638/5488 5546/2639/5290
f 5547/2643/5291 5561/2645/5305 5746/2644/5490 5745/2642/5489
f 5552/2641/5296 5745/2642/5489 5746/2644/5490 5567/2646/5311
f 5427/2242/5171 5567/2646/5311 5746/2644/5490 5426/2241/5170
f 5425/2240/5169 5426/2241/5170 5746/2644/5490 5561/2645/5305
f 5607/2649/5351 5608/2648/5352 5747/2647/5491 5748/2650/5492
f 5602/2651/5346 5748/2650/5492 5747/2647/5491 5601/2652/5345
f 5598/2653/5342 5601/2652/5345 5747/2647/5491 5749/2654/5493
f 5609/2655/5353 5749/2654/5493 5747/2647/5491 5608/2648/5352
f 5609/2655/5353 5623/2657/5367 5750/2656/5494 5749/2654/5493
f 5598/2653/5342 5749/2654/5493 5750/2656/5494 5621/2658/5365
f 5504/2627/5248 5621/2658/5365 5750/2656/5494 5740/2626/5484
f 5509/2625/5253 5740/2626/5484 5750/2656/5494 5623/2657/5367
f 5650/2661/5394 5651/2660/5395 5751/2659/5495 5752/2662/5496
f 5646/2663/5390 5752/2662/5496 5751/2659/5495 5645/2664/5389
f 5602/2651/5346 5645/2664/5389 5751/2659/5495 5748/2650/5492
f 5607/2649/5351 5748/2650/5492 5751/2659/5495 5651/2660/5395
f 5678/2667/5422 5679/2666/5423 5753/2665/5497 5754/2668/5498
f 5674/2669/5418 5754/2668/5498 5753/2665/5497 5673/2670/5417
f 5646/2663/5390 5673/2670/5417 5753/2665/5497 5752/2662/5496
f 5650/2661/5394 5752/2662/5496 5753/2665/5497 5679/2666/5423
f 5706/2367/5450 5707/2672/5451 5755/2671/5499 5756/2366/5500
f 5702/2543/5446 5756/2366/5500 5755/2671/5499 5701/2673/5445
f 5674/2669/5418 5701/2673/5445 5755/2671/5499 5754/2668/5498
f 5678/2667/5422 5754/2668/5498 5755/2671/5499 5707/2672/5451
f 5366/2579/5110 5059/2245/4803 5430/2246/5174 5719/2578/5463
f 5719/2578/5463 5430/2246/5174 5431/2247/5175 5529/2577/5273
f 5529/2376/5273 5431/2247/5175 5432/2248/5176 5528/2375/5272
f 5528/2375/5272 5432/2248/5176 5433/2249/5177 5517/2374/5261
f 5517/2359/5261 5433/2249/5177 5434/2250/5178 5516/2358/5260
f 5516/2358/5260 5434/2250/5178 5435/2251/5179 5515/2357/5259
f 5515/2310/5259 5435/2251/5179 5446/2275/5190 5537/2376/5281
f 5537/2376/5281 5446/2275/5190 5447/2276/5191 5536/2374/5280
f 5536/2633/5280 5447/2276/5191 5448/2277/5192 5742/2632/5486
f 5742/2632/5486 5448/2277/5192 5449/2278/5193 5523/2631/5267
f 5523/2367/5267 5449/2278/5193 5450/2279/5194 5522/2366/5266
f 5522/2366/5266 5450/2279/5194 5451/2280/5195 5161/2310/4905
f 5068/2254/4812 5438/2255/5182 5440/2674/5184
f 5439/2259/5183 5464/2294/5208 5440/2258/5184
f 5439/2259/5183 5712/2558/5456 5711/2557/5455
f 5762/2675/5501 5759/2676/5501 5866/2677/5501
f 5866/2677/5501 5865/2678/5501 5762/2675/5501
f 5877/2679/5501 5761/2680/5501 5887/2681/5501
f 5887/2681/5501 5886/2682/5501 5877/2679/5501
f 5876/2683/5501 5765/2684/5501 5799/2685/5501
f 5799/2685/5501 5875/2686/5501 5876/2683/5501
f 5764/2687/5501 6111/2687/5501 6112/2688/5501
f 6112/2688/5501 5883/2688/5501 5764/2687/5501
f 5767/2689/5502 6107/2689/5503 6108/2690/5501
f 6108/2690/5501 5794/2690/5501 5767/2689/5502
f 5872/2691/5502 5768/2692/5502 5781/2693/5501
f 5781/2693/5501 5871/2694/5501 5872/2691/5502
f 5770/2695/5501 6103/2695/5501 6104/2696/5501
f 6104/2696/5501 5785/2696/5501 5770/2695/5501
f 5868/2697/5504 5771/2698/5504 5758/2699/5502
f 5758/2699/5502 5867/2700/5502 5868/2697/5504
f 6133/2689/5505 6134/2689/5502 6135/2690/5501
f 6135/2690/5501 5811/2690/5501 6133/2689/5505
f 5816/2695/5501 6129/2695/5501 6130/2696/5501
f 6130/2696/5501 5815/2696/5501 5816/2695/5501
f 5828/2696/5501 5831/2695/5501 5775/2695/5501
f 5775/2695/5501 5784/2696/5501 5828/2696/5501
f 5871/2694/5501 5781/2693/5501 5791/2701/5501
f 5791/2701/5501 5870/2702/5501 5871/2694/5501
f 5780/2703/5503 6106/2703/5506 6107/2689/5503
f 6107/2689/5503 5767/2689/5502 5780/2703/5503
f 5813/2703/5505 6132/2703/5505 6113/2689/5501
f 6113/2689/5501 5812/2689/5501 5813/2703/5505
f 5825/2689/5501 5827/2703/5501 5779/2703/5507
f 5779/2703/5507 5774/2689/5502 5825/2689/5501
f 5785/2696/5501 6104/2696/5501 6105/2704/5501
f 6105/2704/5501 5790/2704/5501 5785/2696/5501
f 5815/2696/5501 6130/2696/5501 6131/2704/5501
f 6131/2704/5501 5814/2704/5501 5815/2696/5501
f 5829/2704/5508 6153/2696/5509 6154/2696/5510
f 6154/2696/5510 5789/2704/5511 5829/2704/5508
f 5869/2705/5501 5786/2706/5501 5771/2698/5504
f 5771/2698/5504 5868/2697/5504 5869/2705/5501
f 5870/2702/5501 5791/2701/5501 5786/2706/5501
f 5786/2706/5501 5869/2705/5501 5870/2702/5501
f 5790/2704/5501 6105/2704/5501 6106/2703/5506
f 6106/2703/5506 5780/2703/5503 5790/2704/5501
f 5814/2704/5501 6131/2704/5501 6132/2703/5505
f 6132/2703/5505 5813/2703/5505 5814/2704/5501
f 6163/2703/5512 5829/2704/5512 5789/2704/5512
f 5789/2704/5513 6162/2703/5513 6163/2703/5513
f 5873/2707/5501 5795/2708/5501 5768/2692/5502
f 5768/2692/5502 5872/2691/5502 5873/2707/5501
f 5794/2690/5501 6108/2690/5501 6109/2709/5501
f 6109/2709/5501 5837/2709/5501 5794/2690/5501
f 5811/2690/5501 6135/2690/5501 6136/2709/5501
f 6136/2709/5501 5840/2709/5501 5811/2690/5501
f 5875/2686/5501 5799/2685/5501 5838/2710/5501
f 5838/2710/5501 5874/2711/5501 5875/2686/5501
f 5798/2712/5501 6110/2712/5501 6111/2687/5501
f 6111/2687/5501 5764/2687/5501 5798/2712/5501
f 5810/2712/5501 6137/2712/5501 6138/2687/5501
f 6138/2687/5501 5809/2687/5514 5810/2712/5501
f 6151/2689/5515 5803/2690/5501 5793/2690/5515
f 5793/2690/5515 6150/2689/5516 6151/2689/5515
f 5808/2695/5501 5807/2696/5501 5784/2696/5501
f 5784/2696/5501 5775/2695/5501 5808/2695/5501
f 5805/2703/5501 5804/2689/5501 5774/2689/5502
f 5774/2689/5502 5779/2703/5507 5805/2703/5501
f 6155/2696/5517 5806/2704/5517 5789/2704/5517
f 5789/2704/5517 6154/2696/5517 6155/2696/5517
f 5806/2704/5518 6161/2703/5518 6162/2703/5518
f 6162/2703/5518 5789/2704/5518 5806/2704/5518
f 5839/2709/5515 5802/2712/5515 5797/2712/5515
f 5797/2712/5515 5836/2709/5515 5839/2709/5515
f 5802/2712/5515 5801/2687/5502 5773/2687/5515
f 5773/2687/5515 5797/2712/5515 5802/2712/5515
f 6133/2689/5505 5811/2690/5501 5843/2690/5502
f 5843/2690/5502 6152/2689/5502 6133/2689/5505
f 5816/2695/5501 5815/2696/5501 5847/2696/5501
f 5847/2696/5501 5848/2695/5501 5816/2695/5501
f 5813/2703/5505 5812/2689/5501 5844/2689/5501
f 5844/2689/5501 5845/2703/5501 5813/2703/5505
f 6157/2696/5519 6158/2704/5519 5846/2704/5519
f 5846/2704/5517 6156/2696/5517 6157/2696/5517
f 6158/2704/5520 6159/2703/5520 6160/2703/5520
f 6160/2703/5521 5846/2704/5521 6158/2704/5521
f 5842/2712/5502 5810/2712/5501 5809/2687/5514
f 5809/2687/5514 5841/2687/5502 5842/2712/5502
f 5817/2713/5501 5819/2714/5501 5788/2714/5501
f 5788/2714/5501 5778/2713/5501 5817/2713/5501
f 5819/2714/5501 5818/2715/5504 5783/2715/5504
f 5783/2715/5504 5788/2714/5501 5819/2714/5501
f 5826/2695/5501 5821/2695/5507 5823/2696/5505
f 5823/2696/5505 5833/2696/5501 5826/2695/5501
f 5822/2703/5501 5820/2689/5501 5830/2689/5501
f 5830/2689/5501 5832/2703/5501 5822/2703/5501
f 6170/2696/5522 5824/2704/5523 5834/2704/5524
f 5834/2704/5524 6169/2696/5525 6170/2696/5522
f 5824/2704/5526 6164/2703/5527 6165/2703/5528
f 6165/2703/5528 5834/2704/5529 5824/2704/5526
f 5831/2695/5501 5828/2696/5501 5823/2696/5505
f 5823/2696/5505 5821/2695/5507 5831/2695/5501
f 5827/2703/5501 5825/2689/5501 5820/2689/5501
f 5820/2689/5501 5822/2703/5501 5827/2703/5501
f 6153/2696/5509 5829/2704/5508 5824/2704/5530
f 5824/2704/5531 6170/2696/5531 6153/2696/5531
f 5829/2704/5532 6163/2703/5532 6164/2703/5532
f 6164/2703/5527 5824/2704/5526 5829/2704/5533
f 5777/2695/5501 5826/2695/5501 5833/2696/5501
f 5833/2696/5501 5783/2696/5501 5777/2695/5501
f 5832/2703/5501 5830/2689/5501 5776/2689/5501
f 5776/2689/5501 5778/2703/5501 5832/2703/5501
f 6169/2696/5534 5834/2704/5534 6167/2704/5534
f 6167/2704/5501 6168/2696/5501 6169/2696/5501
f 5834/2704/5529 6165/2703/5528 6166/2703/5535
f 6166/2703/5536 6167/2704/5536 5834/2704/5536
f 5837/2709/5501 6109/2709/5501 6110/2712/5501
f 6110/2712/5501 5798/2712/5501 5837/2709/5501
f 5840/2709/5501 6136/2709/5501 6137/2712/5501
f 6137/2712/5501 5810/2712/5501 5840/2709/5501
f 5874/2711/5501 5838/2710/5501 5795/2708/5501
f 5795/2708/5501 5873/2707/5501 5874/2711/5501
f 5839/2709/5515 5836/2709/5515 5793/2690/5515
f 5793/2690/5515 5803/2690/5501 5839/2709/5515
f 5842/2712/5502 5841/2687/5502 5801/2687/5502
f 5801/2687/5502 5802/2712/5515 5842/2712/5502
f 6151/2689/5515 6152/2689/5502 5843/2690/5502
f 5843/2690/5502 5803/2690/5501 6151/2689/5515
f 5848/2695/5501 5847/2696/5501 5807/2696/5501
f 5807/2696/5501 5808/2695/5501 5848/2695/5501
f 5845/2703/5501 5844/2689/5501 5804/2689/5501
f 5804/2689/5501 5805/2703/5501 5845/2703/5501
f 6156/2696/5517 5846/2704/5517 5806/2704/5517
f 5806/2704/5517 6155/2696/5517 6156/2696/5517
f 5846/2704/5518 6160/2703/5518 6161/2703/5518
f 6161/2703/5518 5806/2704/5518 5846/2704/5518
f 5854/2716/5537 5852/2716/5515 5849/2717/5515
f 5849/2717/5515 5853/2717/5538 5854/2716/5537
f 5851/2716/5539 5854/2716/5537 5853/2717/5538
f 5853/2717/5538 5850/2717/5540 5851/2716/5539
f 5865/2678/5501 5866/2677/5501 5878/2718/5501
f 5878/2718/5501 5877/2679/5501 5865/2678/5501
f 5880/2719/5501 5864/2720/5501 5766/2721/5501
f 5766/2721/5501 5879/2722/5501 5880/2719/5501
f 5864/2720/5501 5863/2723/5501 5800/2724/5501
f 5800/2724/5501 5766/2721/5501 5864/2720/5501
f 5860/2725/5502 5859/2726/5501 5782/2727/5501
f 5782/2727/5501 5769/2728/5502 5860/2725/5502
f 5856/2729/5504 5855/2730/5502 5760/2731/5502
f 5760/2731/5502 5772/2732/5504 5856/2729/5504
f 5859/2726/5501 5858/2733/5501 5792/2734/5501
f 5792/2734/5501 5782/2727/5501 5859/2726/5501
f 5857/2735/5501 5856/2729/5504 5772/2732/5504
f 5772/2732/5504 5787/2736/5501 5857/2735/5501
f 5858/2733/5501 5857/2735/5501 5787/2736/5501
f 5787/2736/5501 5792/2734/5501 5858/2733/5501
f 5861/2737/5501 5860/2725/5502 5769/2728/5502
f 5769/2728/5502 5796/2738/5501 5861/2737/5501
f 5863/2723/5501 5862/2739/5501 5835/2740/5501
f 5835/2740/5501 5800/2724/5501 5863/2723/5501
f 5862/2741/5501 5861/2742/5501 5796/2743/5501
f 5796/2743/5501 5835/2744/5501 5862/2741/5501
f 5881/2745/5501 5876/2683/5501 5864/2720/5501
f 5864/2720/5501 5880/2719/5501 5881/2745/5501
f 5876/2683/5501 5875/2686/5501 5863/2723/5501
f 5863/2723/5501 5864/2720/5501 5876/2683/5501
f 5872/2691/5502 5871/2694/5501 5859/2726/5501
f 5859/2726/5501 5860/2725/5502 5872/2691/5502
f 5868/2697/5504 5867/2700/5502 5855/2730/5502
f 5855/2730/5502 5856/2729/5504 5868/2697/5504
f 5871/2694/5501 5870/2702/5501 5858/2733/5501
f 5858/2733/5501 5859/2726/5501 5871/2694/5501
f 5869/2705/5501 5868/2697/5504 5856/2729/5504
f 5856/2729/5504 5857/2735/5501 5869/2705/5501
f 5870/2702/5501 5869/2705/5501 5857/2735/5501
f 5857/2735/5501 5858/2733/5501 5870/2702/5501
f 5873/2707/5501 5872/2691/5502 5860/2725/5502
f 5860/2725/5502 5861/2737/5501 5873/2707/5501
f 5875/2686/5501 5874/2711/5501 5862/2739/5501
f 5862/2739/5501 5863/2723/5501 5875/2686/5501
f 5874/2711/5501 5873/2707/5501 5861/2737/5501
f 5861/2737/5501 5862/2739/5501 5874/2711/5501
f 5877/2679/5501 5878/2718/5501 5757/2746/5501
f 5757/2746/5501 5761/2680/5501 5877/2679/5501
f 5881/2745/5501 5882/2747/5501 5765/2684/5501
f 5765/2684/5501 5876/2683/5501 5881/2745/5501
f 5883/2688/5501 6112/2688/5501 6087/2748/5501
f 6087/2748/5501 5888/2748/5501 5883/2688/5501
f 5880/2719/5501 5879/2722/5501 5884/2749/5501
f 5884/2749/5501 5885/2750/5501 5880/2719/5501
f 5881/2751/5501 5880/2752/5501 5885/2753/5501
f 5885/2753/5501 5886/2754/5501 5881/2751/5501
f 5886/2682/5501 5887/2681/5501 5882/2747/5501
f 5882/2747/5501 5881/2745/5501 5886/2682/5501
f 5888/2748/5501 6087/2748/5501 6088/2755/5503
f 6088/2755/5503 5763/2755/5514 5888/2748/5501
f 5885/2750/5501 5884/2749/5501 5762/2675/5501
f 5762/2675/5501 5865/2678/5501 5885/2750/5501
f 5886/2754/5501 5885/2753/5501 5865/2756/5501
f 5865/2756/5501 5877/2757/5501 5886/2754/5501
f 5998/2677/5541 5891/2676/5541 5894/2675/5541
f 5894/2675/5541 5997/2678/5541 5998/2677/5541
f 6019/2681/5542 5893/2680/5541 6009/2679/5541
f 6009/2679/5541 6018/2682/5542 6019/2681/5542
f 5931/2685/5541 5897/2684/5541 6008/2683/5541
f 6008/2683/5541 6007/2686/5541 5931/2685/5541
f 6092/2688/5541 6093/2687/5543 5896/2687/5543
f 5896/2687/5543 6015/2688/5541 6092/2688/5541
f 6096/2690/5544 6097/2689/5542 5899/2689/5542
f 5899/2689/5542 5926/2690/5544 6096/2690/5544
f 5913/2693/5541 5900/2692/5545 6004/2691/5545
f 6004/2691/5545 6003/2694/5541 5913/2693/5541
f 6100/2696/5544 6101/2695/5543 5902/2695/5541
f 5902/2695/5541 5917/2696/5544 6100/2696/5544
f 5890/2699/5541 5903/2698/5541 6000/2697/5541
f 6000/2697/5541 5999/2700/5541 5890/2699/5541
f 6143/2690/5541 6144/2689/5545 6145/2689/5545
f 6145/2689/5545 5943/2690/5541 6143/2690/5541
f 6126/2696/5541 6127/2695/5541 5948/2695/5541
f 5948/2695/5541 5947/2696/5541 6126/2696/5541
f 5907/2695/5541 5963/2695/5541 5960/2696/5541
f 5960/2696/5541 5916/2696/5541 5907/2695/5541
f 5923/2701/5541 5913/2693/5541 6003/2694/5541
f 6003/2694/5541 6002/2702/5541 5923/2701/5541
f 6097/2689/5542 6098/2703/5541 5912/2703/5541
f 5912/2703/5541 5899/2689/5542 6097/2689/5542
f 6123/2689/5541 6124/2703/5541 5945/2703/5541
f 5945/2703/5541 5944/2689/5541 6123/2689/5541
f 5911/2703/5542 5959/2703/5541 5957/2689/5541
f 5957/2689/5541 5906/2689/5542 5911/2703/5542
f 6099/2704/5541 6100/2696/5544 5917/2696/5544
f 5917/2696/5544 5922/2704/5541 6099/2704/5541
f 6125/2704/5541 6126/2696/5541 5947/2696/5541
f 5947/2696/5541 5946/2704/5541 6125/2704/5541
f 6171/2696/5546 6172/2696/5547 5961/2704/5548
f 5961/2704/5548 5921/2704/5549 6171/2696/5546
f 5903/2698/5541 5918/2706/5541 6001/2705/5541
f 6001/2705/5541 6000/2697/5541 5903/2698/5541
f 5918/2706/5541 5923/2701/5541 6002/2702/5541
f 6002/2702/5541 6001/2705/5541 5918/2706/5541
f 6098/2703/5541 6099/2704/5541 5922/2704/5541
f 5922/2704/5541 5912/2703/5541 6098/2703/5541
f 6124/2703/5541 6125/2704/5541 5946/2704/5541
f 5946/2704/5541 5945/2703/5541 6124/2703/5541
f 5921/2704/5550 5961/2704/5550 6180/2703/5550
f 6180/2703/5551 6181/2703/5551 5921/2704/5551
f 5900/2692/5545 5927/2708/5541 6005/2707/5541
f 6005/2707/5541 6004/2691/5545 5900/2692/5545
f 6095/2709/5541 6096/2690/5544 5926/2690/5544
f 5926/2690/5544 5969/2709/5541 6095/2709/5541
f 6142/2709/5541 6143/2690/5541 5943/2690/5541
f 5943/2690/5541 5972/2709/5541 6142/2709/5541
f 5970/2710/5541 5931/2685/5541 6007/2686/5541
f 6007/2686/5541 6006/2711/5541 5970/2710/5541
f 6093/2687/5543 6094/2712/5542 5930/2712/5542
f 5930/2712/5542 5896/2687/5543 6093/2687/5543
f 6140/2687/5541 6141/2712/5541 5942/2712/5541
f 5942/2712/5541 5941/2687/5541 6140/2687/5541
f 5925/2690/5545 5935/2690/5541 6147/2689/5544
f 6147/2689/5544 6148/2689/5541 5925/2690/5545
f 5916/2696/5541 5939/2696/5541 5940/2695/5541
f 5940/2695/5541 5907/2695/5541 5916/2696/5541
f 5906/2689/5542 5936/2689/5552 5937/2703/5553
f 5937/2703/5553 5911/2703/5542 5906/2689/5542
f 5921/2704/5554 5938/2704/5554 6188/2696/5554
f 6188/2696/5554 6171/2696/5554 5921/2704/5554
f 6181/2703/5555 6182/2703/5555 5938/2704/5555
f 5938/2704/5555 5921/2704/5556 6181/2703/5555
f 5929/2712/5557 5934/2712/5557 5971/2709/5558
f 5971/2709/5558 5968/2709/5558 5929/2712/5557
f 5905/2687/5545 5933/2687/5541 5934/2712/5557
f 5934/2712/5557 5929/2712/5557 5905/2687/5545
f 5975/2690/5545 5943/2690/5541 6145/2689/5545
f 6145/2689/5545 6146/2689/5545 5975/2690/5545
f 5979/2696/5541 5947/2696/5541 5948/2695/5541
f 5948/2695/5541 5980/2695/5541 5979/2696/5541
f 5976/2689/5541 5944/2689/5541 5945/2703/5541
f 5945/2703/5541 5977/2703/5541 5976/2689/5541
f 5978/2704/5559 6185/2704/5559 6186/2696/5559
f 6186/2696/5554 6187/2696/5554 5978/2704/5554
f 6183/2703/5560 6184/2703/5560 6185/2704/5560
f 6185/2704/5561 5978/2704/5561 6183/2703/5561
f 5941/2687/5541 5942/2712/5541 5974/2712/5542
f 5974/2712/5542 5973/2687/5545 5941/2687/5541
f 5920/2714/5541 5951/2714/5541 5949/2713/5541
f 5949/2713/5541 5910/2713/5541 5920/2714/5541
f 5915/2715/5542 5950/2715/5542 5951/2714/5541
f 5951/2714/5541 5920/2714/5541 5915/2715/5542
f 5955/2696/5541 5953/2695/5552 5958/2695/5545
f 5958/2695/5545 5965/2696/5545 5955/2696/5541
f 5962/2689/5541 5952/2689/5541 5954/2703/5541
f 5954/2703/5541 5964/2703/5541 5962/2689/5541
f 5966/2704/5562 5956/2704/5563 6173/2696/5564
f 6173/2696/5564 6174/2696/5565 5966/2704/5562
f 6178/2703/5566 6179/2703/5567 5956/2704/5568
f 5956/2704/5568 5966/2704/5569 6178/2703/5566
f 5955/2696/5541 5960/2696/5541 5963/2695/5541
f 5963/2695/5541 5953/2695/5552 5955/2696/5541
f 5952/2689/5541 5957/2689/5541 5959/2703/5541
f 5959/2703/5541 5954/2703/5541 5952/2689/5541
f 5956/2704/5570 5961/2704/5548 6172/2696/5547
f 6172/2696/5571 6173/2696/5571 5956/2704/5571
f 6179/2703/5572 6180/2703/5572 5961/2704/5572
f 5961/2704/5573 5956/2704/5568 6179/2703/5567
f 5965/2696/5545 5958/2695/5545 5909/2695/5558
f 5909/2695/5558 5915/2696/5552 5965/2696/5545
f 5908/2689/5541 5962/2689/5541 5964/2703/5541
f 5964/2703/5541 5910/2703/5541 5908/2689/5541
f 6176/2704/5574 5966/2704/5574 6174/2696/5574
f 6174/2696/5541 6175/2696/5541 6176/2704/5541
f 6177/2703/5575 6178/2703/5566 5966/2704/5569
f 5966/2704/5576 6176/2704/5576 6177/2703/5576
f 6094/2712/5542 6095/2709/5541 5969/2709/5541
f 5969/2709/5541 5930/2712/5542 6094/2712/5542
f 6141/2712/5541 6142/2709/5541 5972/2709/5541
f 5972/2709/5541 5942/2712/5541 6141/2712/5541
f 5927/2708/5541 5970/2710/5541 6006/2711/5541
f 6006/2711/5541 6005/2707/5541 5927/2708/5541
f 5925/2690/5545 5968/2709/5558 5971/2709/5558
f 5971/2709/5558 5935/2690/5541 5925/2690/5545
f 5933/2687/5541 5973/2687/5545 5974/2712/5542
f 5974/2712/5542 5934/2712/5557 5933/2687/5541
f 5975/2690/5545 6146/2689/5545 6147/2689/5544
f 6147/2689/5544 5935/2690/5541 5975/2690/5545
f 5939/2696/5541 5979/2696/5541 5980/2695/5541
f 5980/2695/5541 5940/2695/5541 5939/2696/5541
f 5936/2689/5552 5976/2689/5541 5977/2703/5541
f 5977/2703/5541 5937/2703/5553 5936/2689/5552
f 5938/2704/5554 5978/2704/5554 6187/2696/5554
f 6187/2696/5554 6188/2696/5554 5938/2704/5554
f 6182/2703/5555 6183/2703/5556 5978/2704/5555
f 5978/2704/5555 5938/2704/5555 6182/2703/5555
f 5981/2717/5577 5984/2716/5577 5986/2716/5541
f 5986/2716/5541 5985/2717/5541 5981/2717/5577
f 5985/2717/5541 5986/2716/5541 5983/2716/5578
f 5983/2716/5578 5982/2717/5542 5985/2717/5541
f 6010/2718/5541 5998/2677/5541 5997/2678/5541
f 5997/2678/5541 6009/2679/5541 6010/2718/5541
f 5898/2721/5541 5996/2720/5541 6012/2719/5542
f 6012/2719/5542 6011/2722/5542 5898/2721/5541
f 5932/2724/5541 5995/2723/5541 5996/2720/5541
f 5996/2720/5541 5898/2721/5541 5932/2724/5541
f 5914/2727/5541 5991/2726/5541 5992/2725/5545
f 5992/2725/5545 5901/2728/5545 5914/2727/5541
f 5892/2731/5541 5987/2730/5541 5988/2729/5541
f 5988/2729/5541 5904/2732/5541 5892/2731/5541
f 5924/2734/5541 5990/2733/5541 5991/2726/5541
f 5991/2726/5541 5914/2727/5541 5924/2734/5541
f 5904/2732/5541 5988/2729/5541 5989/2735/5541
f 5989/2735/5541 5919/2736/5541 5904/2732/5541
f 5919/2736/5541 5989/2735/5541 5990/2733/5541
f 5990/2733/5541 5924/2734/5541 5919/2736/5541
f 5901/2728/5545 5992/2725/5545 5993/2737/5541
f 5993/2737/5541 5928/2738/5541 5901/2728/5545
f 5967/2740/5541 5994/2739/5541 5995/2723/5541
f 5995/2723/5541 5932/2724/5541 5967/2740/5541
f 5928/2758/5541 5993/2759/5541 5994/2760/5541
f 5994/2760/5541 5967/2761/5541 5928/2758/5541
f 5996/2720/5541 6008/2683/5541 6013/2745/5542
f 6013/2745/5542 6012/2719/5542 5996/2720/5541
f 5995/2723/5541 6007/2686/5541 6008/2683/5541
f 6008/2683/5541 5996/2720/5541 5995/2723/5541
f 5991/2726/5541 6003/2694/5541 6004/2691/5545
f 6004/2691/5545 5992/2725/5545 5991/2726/5541
f 5987/2730/5541 5999/2700/5541 6000/2697/5541
f 6000/2697/5541 5988/2729/5541 5987/2730/5541
f 5990/2733/5541 6002/2702/5541 6003/2694/5541
f 6003/2694/5541 5991/2726/5541 5990/2733/5541
f 5988/2729/5541 6000/2697/5541 6001/2705/5541
f 6001/2705/5541 5989/2735/5541 5988/2729/5541
f 5989/2735/5541 6001/2705/5541 6002/2702/5541
f 6002/2702/5541 5990/2733/5541 5989/2735/5541
f 5992/2725/5545 6004/2691/5545 6005/2707/5541
f 6005/2707/5541 5993/2737/5541 5992/2725/5545
f 5994/2739/5541 6006/2711/5541 6007/2686/5541
f 6007/2686/5541 5995/2723/5541 5994/2739/5541
f 5993/2737/5541 6005/2707/5541 6006/2711/5541
f 6006/2711/5541 5994/2739/5541 5993/2737/5541
f 5889/2746/5541 6010/2718/5541 6009/2679/5541
f 6009/2679/5541 5893/2680/5541 5889/2746/5541
f 5897/2684/5541 6014/2747/5542 6013/2745/5542
f 6013/2745/5542 6008/2683/5541 5897/2684/5541
f 6091/2748/5541 6092/2688/5541 6015/2688/5541
f 6015/2688/5541 6020/2748/5541 6091/2748/5541
f 6016/2749/5542 6011/2722/5542 6012/2719/5542
f 6012/2719/5542 6017/2750/5542 6016/2749/5542
f 6017/2753/5542 6012/2752/5542 6013/2751/5542
f 6013/2751/5542 6018/2754/5542 6017/2753/5542
f 6014/2747/5542 6019/2681/5542 6018/2682/5542
f 6018/2682/5542 6013/2745/5542 6014/2747/5542
f 6090/2755/5541 6091/2748/5541 6020/2748/5541
f 6020/2748/5541 5895/2755/5552 6090/2755/5541
f 5894/2675/5541 6016/2749/5542 6017/2750/5542
f 6017/2750/5542 5997/2678/5541 5894/2675/5541
f 5997/2756/5541 6017/2753/5542 6018/2754/5542
f 6018/2754/5542 6009/2757/5541 5997/2756/5541
f 5762/2675/2421 6021/2675/2421 6022/2676/2421
f 6022/2676/2421 5759/2676/2421 5762/2675/2421
f 5866/2762/5579 6022/2763/5580 6023/2764/5580
f 5883/2688/2435 6024/2688/2435 6025/2687/2435
f 6025/2687/2435 5764/2687/2435 5883/2688/2435
f 5770/2695/5581 6026/2695/5582 6102/2695/5582
f 6102/2695/5582 6103/2695/5581 5770/2695/5581
f 5758/2699/5582 6028/2699/5582 6029/2700/5582
f 6029/2700/5582 5867/2700/5582 5758/2699/5582
f 5771/2698/2435 6027/2698/2435 6028/2699/2435
f 6028/2699/2435 5758/2699/2435 5771/2698/2435
f 5816/2695/5581 6030/2695/5582 6128/2695/5582
f 6128/2695/5582 6129/2695/5581 5816/2695/5581
f 5831/2695/5583 6031/2695/5584 6032/2695/5585
f 6032/2695/5585 5775/2695/5586 5831/2695/5583
f 5774/2689/5587 6033/2689/5588 6034/2689/5589
f 6034/2689/5589 5825/2689/5590 5774/2689/5587
f 5840/2709/5591 6035/2709/5591 6036/2690/5592
f 6036/2690/5592 5811/2690/5592 5840/2709/5591
f 6138/2687/5593 6139/2687/5594 6037/2687/5595
f 6037/2687/5595 5809/2687/5595 6138/2687/5593
f 5793/2690/5596 6038/2690/5596 6149/2689/5597
f 6149/2689/5597 6150/2689/5597 5793/2690/5596
f 5775/2695/5586 6032/2695/5585 6039/2695/5582
f 6039/2695/5582 5808/2695/5598 5775/2695/5586
f 5797/2712/5599 6040/2712/5600 6041/2709/5601
f 6041/2709/5601 5836/2709/5601 5797/2712/5599
f 5839/2709/5602 6042/2709/5602 6043/2712/5603
f 6043/2712/5603 5802/2712/5603 5839/2709/5602
f 5773/2687/5604 6044/2687/5604 6040/2712/5600
f 6040/2712/5600 5797/2712/5599 5773/2687/5604
f 5801/2687/5605 6045/2687/5605 6044/2687/5606
f 6044/2687/5606 5773/2687/5606 5801/2687/5605
f 5811/2690/5607 6036/2690/5608 6046/2690/5609
f 6046/2690/5609 5843/2690/5610 5811/2690/5607
f 5848/2695/5581 6047/2695/5582 6030/2695/5582
f 6030/2695/5582 5816/2695/5581 5848/2695/5581
f 5809/2687/5595 6037/2687/5595 6048/2687/5611
f 6048/2687/5611 5841/2687/5612 5809/2687/5595
f 5842/2712/5613 6049/2712/5613 6050/2712/5614
f 6050/2712/5614 5810/2712/5615 5842/2712/5613
f 5778/2713/5616 6051/2713/5617 6052/2713/5617
f 6052/2713/5617 5817/2713/5618 5778/2713/5616
f 5817/2713/5619 6052/2713/5619 6053/2714/5620
f 6053/2714/5620 5819/2714/5620 5817/2713/5619
f 5819/2714/5620 6053/2714/5620 6054/2715/5621
f 6054/2715/5621 5818/2715/5621 5819/2714/5620
f 5818/2715/5581 6054/2715/5582 6055/2715/5582
f 6055/2715/5582 5783/2715/5598 5818/2715/5581
f 5826/2695/5622 6056/2695/5623 6057/2695/5624
f 6057/2695/5624 5821/2695/5625 5826/2695/5622
f 5820/2689/5626 6058/2689/5627 6059/2689/5628
f 6059/2689/5628 5830/2689/5629 5820/2689/5626
f 5821/2695/5625 6057/2695/5624 6031/2695/5584
f 6031/2695/5584 5831/2695/5583 5821/2695/5625
f 5825/2689/5590 6034/2689/5589 6058/2689/5627
f 6058/2689/5627 5820/2689/5626 5825/2689/5590
f 5783/2696/5630 6055/2696/5630 6060/2695/5630
f 6060/2695/5630 5777/2695/5630 5783/2696/5630
f 5777/2695/5631 6060/2695/5632 6056/2695/5623
f 6056/2695/5623 5826/2695/5622 5777/2695/5631
f 5776/2689/5633 6061/2689/5634 6051/2703/5635
f 6051/2703/5635 5778/2703/5636 5776/2689/5633
f 5830/2689/5629 6059/2689/5628 6061/2689/5634
f 6061/2689/5634 5776/2689/5633 5830/2689/5629
f 5810/2712/5637 6050/2712/5637 6035/2709/5591
f 6035/2709/5591 5840/2709/5591 5810/2712/5637
f 5803/2690/5638 6062/2690/5639 6042/2709/5602
f 6042/2709/5602 5839/2709/5602 5803/2690/5638
f 5836/2709/5601 6041/2709/5601 6038/2690/5596
f 6038/2690/5596 5793/2690/5596 5836/2709/5601
f 5802/2712/5640 6043/2712/5641 6049/2712/5613
f 6049/2712/5613 5842/2712/5613 5802/2712/5640
f 5841/2687/5612 6048/2687/5611 6045/2687/5605
f 6045/2687/5605 5801/2687/5605 5841/2687/5612
f 5843/2690/5610 6046/2690/5609 6062/2690/5642
f 6062/2690/5642 5803/2690/5643 5843/2690/5610
f 5808/2695/5598 6039/2695/5582 6047/2695/5582
f 6047/2695/5582 5848/2695/5581 5808/2695/5598
f 5849/2717/5644 6063/2717/5644 6064/2717/5645
f 6064/2717/5645 5853/2717/5646 5849/2717/5644
f 5854/2716/5647 6065/2716/5648 6066/2716/5649
f 6066/2716/5649 5852/2716/5650 5854/2716/5647
f 5852/2716/5651 6066/2716/5651 6063/2717/5652
f 6063/2717/5652 5849/2717/5652 5852/2716/5651
f 5853/2717/5646 6064/2717/5645 6067/2717/5653
f 6067/2717/5653 5850/2717/5654 5853/2717/5646
f 5850/2717/5655 6067/2717/5656 6068/2716/5657
f 6068/2716/5657 5851/2716/5655 5850/2717/5655
f 5851/2716/5658 6068/2716/5659 6065/2716/5648
f 6065/2716/5648 5854/2716/5647 5851/2716/5658
f 5866/2762/5579 6023/2764/5580 6069/2765/5660
f 6069/2765/5660 5878/2766/5661 5866/2762/5579
f 5766/2721/2421 6070/2721/2421 6071/2722/2421
f 6071/2722/2421 5879/2722/2421 5766/2721/2421
f 5800/2724/2421 6072/2724/2421 6070/2721/2421
f 6070/2721/2421 5766/2721/2421 5800/2724/2421
f 5782/2727/2421 6073/2727/2421 6074/2728/2421
f 6074/2728/2421 5769/2728/2421 5782/2727/2421
f 5760/2731/2421 6075/2731/2421 6076/2732/2421
f 6076/2732/2421 5772/2732/2421 5760/2731/2421
f 5855/2730/5582 6077/2730/5582 6075/2731/5582
f 6075/2731/5582 5760/2731/5582 5855/2730/5582
f 5792/2734/2421 6078/2734/2421 6073/2727/2421
f 6073/2727/2421 5782/2727/2421 5792/2734/2421
f 5772/2732/2421 6076/2732/2421 6079/2736/2421
f 6079/2736/2421 5787/2736/2421 5772/2732/2421
f 5787/2736/2421 6079/2736/2421 6078/2734/2421
f 6078/2734/2421 5792/2734/2421 5787/2736/2421
f 5769/2728/2421 6074/2728/2421 6080/2738/2421
f 6080/2738/2421 5796/2738/2421 5769/2728/2421
f 5835/2740/2421 6081/2740/2421 6072/2724/2421
f 6072/2724/2421 5800/2724/2421 5835/2740/2421
f 5796/2743/2421 6080/2767/2421 6081/2768/2421
f 6081/2768/2421 5835/2744/2421 5796/2743/2421
f 5867/2700/5582 6029/2700/5582 6077/2730/5582
f 6077/2730/5582 5855/2730/5582 5867/2700/5582
f 5757/2746/2435 6082/2746/2435 6083/2680/2435
f 6083/2680/2435 5761/2680/2435 5757/2746/2435
f 5878/2766/5661 6069/2765/5660 6082/2769/5660
f 6082/2769/5660 5757/2769/5617 5878/2766/5661
f 5888/2748/5662 6084/2748/5662 6024/2688/2435
f 6024/2688/2435 5883/2688/2435 5888/2748/5662
f 5879/2722/2421 6071/2722/2421 6085/2749/2421
f 6085/2749/2421 5884/2749/2421 5879/2722/2421
f 6088/2755/5663 6089/2755/5664 6086/2755/5663
f 6086/2755/5663 5763/2755/5665 6088/2755/5663
f 5763/2755/5666 6086/2755/5666 6084/2748/5662
f 6084/2748/5662 5888/2748/5662 5763/2755/5666
f 5884/2749/2421 6085/2749/2421 6021/2675/2421
f 6021/2675/2421 5762/2675/2421 5884/2749/2421
f 5894/2675/2421 5891/2676/2421 6022/2676/2421
f 6022/2676/2421 6021/2675/2421 5894/2675/2421
f 6022/2763/5580 5998/2762/5617 6023/2764/5580
f 6015/2688/2435 5896/2687/2435 6025/2687/2435
f 6025/2687/2435 6024/2688/2435 6015/2688/2435
f 5902/2695/5667 6101/2695/5667 6102/2695/5582
f 6102/2695/5582 6026/2695/5582 5902/2695/5667
f 5890/2699/5582 5999/2700/5582 6029/2700/5582
f 6029/2700/5582 6028/2699/5582 5890/2699/5582
f 5903/2698/2435 5890/2699/2435 6028/2699/2435
f 6028/2699/2435 6027/2698/2435 5903/2698/2435
f 5948/2695/5668 6127/2695/5667 6128/2695/5582
f 6128/2695/5582 6030/2695/5582 5948/2695/5668
f 5963/2695/5669 5907/2695/5670 6032/2695/5585
f 6032/2695/5585 6031/2695/5584 5963/2695/5669
f 5906/2689/5671 5957/2689/5672 6034/2689/5589
f 6034/2689/5589 6033/2689/5588 5906/2689/5671
f 5972/2709/5591 5943/2690/5673 6036/2690/5592
f 6036/2690/5592 6035/2709/5591 5972/2709/5591
f 6140/2687/5594 5941/2687/5674 6037/2687/5595
f 6037/2687/5595 6139/2687/5594 6140/2687/5594
f 5925/2690/5675 6148/2689/5597 6149/2689/5597
f 6149/2689/5597 6038/2690/5596 5925/2690/5675
f 5907/2695/5670 5940/2695/5668 6039/2695/5582
f 6039/2695/5582 6032/2695/5585 5907/2695/5670
f 5929/2712/5676 5968/2709/5601 6041/2709/5601
f 6041/2709/5601 6040/2712/5600 5929/2712/5676
f 5971/2709/5602 5934/2712/5603 6043/2712/5603
f 6043/2712/5603 6042/2709/5602 5971/2709/5602
f 5905/2687/5677 5929/2712/5676 6040/2712/5600
f 6040/2712/5600 6044/2687/5604 5905/2687/5677
f 5933/2687/5678 5905/2687/5606 6044/2687/5606
f 6044/2687/5606 6045/2687/5605 5933/2687/5678
f 5943/2690/5679 5975/2690/5680 6046/2690/5609
f 6046/2690/5609 6036/2690/5608 5943/2690/5679
f 5980/2695/5667 5948/2695/5668 6030/2695/5582
f 6030/2695/5582 6047/2695/5582 5980/2695/5667
f 5941/2687/5674 5973/2687/5611 6048/2687/5611
f 6048/2687/5611 6037/2687/5595 5941/2687/5674
f 5974/2712/5613 5942/2712/5614 6050/2712/5614
f 6050/2712/5614 6049/2712/5613 5974/2712/5613
f 5910/2713/5681 5949/2713/5681 6052/2713/5617
f 6052/2713/5617 6051/2713/5617 5910/2713/5681
f 5949/2713/5619 5951/2714/5620 6053/2714/5620
f 6053/2714/5620 6052/2713/5619 5949/2713/5619
f 5951/2714/5620 5950/2715/5621 6054/2715/5621
f 6054/2715/5621 6053/2714/5620 5951/2714/5620
f 5950/2715/5667 5915/2715/5667 6055/2715/5582
f 6055/2715/5582 6054/2715/5582 5950/2715/5667
f 5958/2695/5682 5953/2695/5683 6057/2695/5624
f 6057/2695/5624 6056/2695/5623 5958/2695/5682
f 5952/2689/5684 5962/2689/5685 6059/2689/5628
f 6059/2689/5628 6058/2689/5627 5952/2689/5684
f 5953/2695/5683 5963/2695/5669 6031/2695/5584
f 6031/2695/5584 6057/2695/5624 5953/2695/5683
f 5957/2689/5672 5952/2689/5684 6058/2689/5627
f 6058/2689/5627 6034/2689/5589 5957/2689/5672
f 5915/2696/5686 5909/2695/5686 6060/2695/5630
f 6060/2695/5630 6055/2696/5630 5915/2696/5686
f 5909/2695/5687 5958/2695/5682 6056/2695/5623
f 6056/2695/5623 6060/2695/5632 5909/2695/5687
f 5908/2689/5688 5910/2703/5689 6051/2703/5635
f 6051/2703/5635 6061/2689/5634 5908/2689/5688
f 5962/2689/5685 5908/2689/5688 6061/2689/5634
f 6061/2689/5634 6059/2689/5628 5962/2689/5685
f 5942/2712/5637 5972/2709/5591 6035/2709/5591
f 6035/2709/5591 6050/2712/5637 5942/2712/5637
f 5935/2690/5639 5971/2709/5602 6042/2709/5602
f 6042/2709/5602 6062/2690/5639 5935/2690/5639
f 5968/2709/5601 5925/2690/5675 6038/2690/5596
f 6038/2690/5596 6041/2709/5601 5968/2709/5601
f 5934/2712/5641 5974/2712/5613 6049/2712/5613
f 6049/2712/5613 6043/2712/5641 5934/2712/5641
f 5973/2687/5611 5933/2687/5678 6045/2687/5605
f 6045/2687/5605 6048/2687/5611 5973/2687/5611
f 5975/2690/5680 5935/2690/5690 6062/2690/5642
f 6062/2690/5642 6046/2690/5609 5975/2690/5680
f 5940/2695/5668 5980/2695/5667 6047/2695/5582
f 6047/2695/5582 6039/2695/5582 5940/2695/5668
f 5981/2717/5644 5985/2717/5691 6064/2717/5645
f 6064/2717/5645 6063/2717/5644 5981/2717/5644
f 5986/2716/5692 5984/2716/5649 6066/2716/5649
f 6066/2716/5649 6065/2716/5648 5986/2716/5692
f 5984/2716/5652 5981/2717/5651 6063/2717/5652
f 6063/2717/5652 6066/2716/5651 5984/2716/5652
f 5985/2717/5691 5982/2717/5693 6067/2717/5653
f 6067/2717/5653 6064/2717/5645 5985/2717/5691
f 5982/2717/5694 5983/2716/5695 6068/2716/5657
f 6068/2716/5657 6067/2717/5656 5982/2717/5694
f 5983/2716/5696 5986/2716/5692 6065/2716/5648
f 6065/2716/5648 6068/2716/5659 5983/2716/5696
f 5998/2762/5617 6010/2766/5617 6069/2765/5660
f 6069/2765/5660 6023/2764/5580 5998/2762/5617
f 5898/2721/2421 6011/2722/2421 6071/2722/2421
f 6071/2722/2421 6070/2721/2421 5898/2721/2421
f 5932/2724/2421 5898/2721/2421 6070/2721/2421
f 6070/2721/2421 6072/2724/2421 5932/2724/2421
f 5914/2727/2421 5901/2728/2421 6074/2728/2421
f 6074/2728/2421 6073/2727/2421 5914/2727/2421
f 5892/2731/2421 5904/2732/2421 6076/2732/2421
f 6076/2732/2421 6075/2731/2421 5892/2731/2421
f 5987/2730/5582 5892/2731/5582 6075/2731/5582
f 6075/2731/5582 6077/2730/5582 5987/2730/5582
f 5924/2734/2421 5914/2727/2421 6073/2727/2421
f 6073/2727/2421 6078/2734/2421 5924/2734/2421
f 5904/2732/2421 5919/2736/2421 6079/2736/2421
f 6079/2736/2421 6076/2732/2421 5904/2732/2421
f 5919/2736/2421 5924/2734/2421 6078/2734/2421
f 6078/2734/2421 6079/2736/2421 5919/2736/2421
f 5901/2728/2421 5928/2738/2421 6080/2738/2421
f 6080/2738/2421 6074/2728/2421 5901/2728/2421
f 5967/2740/2421 5932/2724/2421 6072/2724/2421
f 6072/2724/2421 6081/2740/2421 5967/2740/2421
f 5928/2758/2421 5967/2761/2421 6081/2768/2421
f 6081/2768/2421 6080/2767/2421 5928/2758/2421
f 5999/2700/5582 5987/2730/5582 6077/2730/5582
f 6077/2730/5582 6029/2700/5582 5999/2700/5582
f 5889/2746/2435 5893/2680/2435 6083/2680/2435
f 6083/2680/2435 6082/2746/2435 5889/2746/2435
f 6010/2766/5617 5889/2769/5697 6082/2769/5660
f 6082/2769/5660 6069/2765/5660 6010/2766/5617
f 6020/2748/5662 6015/2688/2435 6024/2688/2435
f 6024/2688/2435 6084/2748/5662 6020/2748/5662
f 6011/2722/2421 6016/2749/2421 6085/2749/2421
f 6085/2749/2421 6071/2722/2421 6011/2722/2421
f 6090/2755/5663 5895/2755/5698 6086/2755/5663
f 6086/2755/5663 6089/2755/5664 6090/2755/5663
f 5895/2755/5666 6020/2748/5662 6084/2748/5662
f 6084/2748/5662 6086/2755/5666 5895/2755/5666
f 6016/2749/2421 5894/2675/2421 6021/2675/2421
f 6021/2675/2421 6085/2749/2421 6016/2749/2421
f 5887/2681/5699 5761/2680/5700 6088/2680/5701
f 6088/2680/5701 6087/2681/5699 5887/2681/5699
f 5761/2680/5702 6083/2680/5703 6089/2680/5704
f 6089/2680/5704 6088/2680/5705 5761/2680/5702
f 6083/2680/5703 5893/2680/5706 6090/2680/5707
f 6090/2680/5707 6089/2680/5704 6083/2680/5703
f 5893/2680/5708 6019/2681/5708 6091/2681/5708
f 6091/2681/5708 6090/2680/5708 5893/2680/5708
f 6019/2681/5708 6014/2747/5709 6092/2747/5710
f 6092/2747/5710 6091/2681/5708 6019/2681/5708
f 6014/2747/5709 5897/2684/5709 6093/2684/5709
f 6093/2684/5709 6092/2747/5710 6014/2747/5709
f 5897/2684/5709 5931/2685/5708 6094/2685/5708
f 6094/2685/5708 6093/2684/5709 5897/2684/5709
f 5931/2685/5708 5970/2710/5710 6095/2710/5708
f 6095/2710/5708 6094/2685/5708 5931/2685/5708
f 5970/2710/5710 5927/2708/5708 6096/2708/5710
f 6096/2708/5710 6095/2710/5708 5970/2710/5710
f 5927/2708/5708 5900/2692/5708 6097/2692/5708
f 6097/2692/5708 6096/2708/5710 5927/2708/5708
f 5900/2692/5708 5913/2693/5711 6098/2693/5709
f 6098/2693/5709 6097/2692/5708 5900/2692/5708
f 5913/2693/5711 5923/2701/5711 6099/2701/5709
f 6099/2701/5709 6098/2693/5709 5913/2693/5711
f 5923/2701/5711 5918/2706/5708 6100/2706/5709
f 6100/2706/5709 6099/2701/5709 5923/2701/5711
f 5918/2706/5708 5903/2698/5708 6101/2698/5708
f 6101/2698/5708 6100/2706/5709 5918/2706/5708
f 5903/2698/5712 6027/2698/5713 6102/2698/5714
f 6102/2698/5714 6101/2698/5715 5903/2698/5712
f 6027/2698/5713 5771/2698/5716 6103/2698/5716
f 6103/2698/5716 6102/2698/5714 6027/2698/5713
f 5771/2698/5701 5786/2706/5701 6104/2706/5699
f 6104/2706/5699 6103/2698/5701 5771/2698/5701
f 5786/2706/5701 5791/2701/5699 6105/2701/5699
f 6105/2701/5699 6104/2706/5699 5786/2706/5701
f 5791/2701/5699 5781/2693/5717 6106/2693/5701
f 6106/2693/5701 6105/2701/5699 5791/2701/5699
f 5781/2693/5717 5768/2692/5700 6107/2692/5700
f 6107/2692/5700 6106/2693/5701 5781/2693/5717
f 5768/2692/5700 5795/2708/5700 6108/2708/5701
f 6108/2708/5701 6107/2692/5700 5768/2692/5700
f 5795/2708/5700 5838/2710/5701 6109/2710/5699
f 6109/2710/5699 6108/2708/5701 5795/2708/5700
f 5838/2710/5701 5799/2685/5701 6110/2685/5700
f 6110/2685/5700 6109/2710/5699 5838/2710/5701
f 5799/2685/5701 5765/2684/5700 6111/2684/5700
f 6111/2684/5700 6110/2685/5700 5799/2685/5701
f 5765/2684/5700 5882/2747/5699 6112/2747/5699
f 6112/2747/5699 6111/2684/5700 5765/2684/5700
f 5882/2747/5699 5887/2681/5699 6087/2681/5699
f 6087/2681/5699 6112/2747/5699 5882/2747/5699
f 5767/2689/2435 5794/2690/2435 6114/2690/2435
f 6114/2690/2435 6113/2689/2435 5767/2689/2435
f 5794/2690/2435 5837/2709/2435 6115/2709/2435
f 6115/2709/2435 6114/2690/2435 5794/2690/2435
f 5837/2709/2435 5798/2712/2435 6116/2712/2435
f 6116/2712/2435 6115/2709/2435 5837/2709/2435
f 5798/2712/2435 5764/2687/2435 6117/2687/2435
f 6117/2687/2435 6116/2712/2435 5798/2712/2435
f 5764/2687/5504 6025/2687/5718 6118/2687/5719
f 6118/2687/5719 6117/2687/5720 5764/2687/5504
f 6025/2687/2435 5896/2687/2435 6119/2687/5721
f 6119/2687/5722 6118/2687/5719 6025/2687/5718
f 5896/2687/2435 5930/2712/2435 6120/2712/2435
f 6120/2712/2435 6119/2687/5721 5896/2687/2435
f 5930/2712/2435 5969/2709/2435 6121/2709/2435
f 6121/2709/2435 6120/2712/2435 5930/2712/2435
f 5969/2709/2435 5926/2690/2435 6122/2690/2435
f 6122/2690/2435 6121/2709/2435 5969/2709/2435
f 5926/2690/2435 5899/2689/2435 6123/2689/2435
f 6123/2689/2435 6122/2690/2435 5926/2690/2435
f 5899/2689/2435 5912/2703/2435 6124/2703/2435
f 6124/2703/2435 6123/2689/2435 5899/2689/2435
f 5912/2703/2435 5922/2704/2435 6125/2704/2435
f 6125/2704/2435 6124/2703/2435 5912/2703/2435
f 5922/2704/2435 5917/2696/2435 6126/2696/2435
f 6126/2696/2435 6125/2704/2435 5922/2704/2435
f 5917/2696/2435 5902/2695/2435 6127/2695/5723
f 6127/2695/5723 6126/2696/2435 5917/2696/2435
f 5902/2695/5724 6026/2695/5725 6128/2695/5726
f 6128/2695/5727 6127/2695/5723 5902/2695/2435
f 6026/2695/5725 5770/2695/5728 6129/2695/5729
f 6129/2695/5729 6128/2695/5726 6026/2695/5725
f 5770/2695/2435 5785/2696/2435 6130/2696/2435
f 6130/2696/2435 6129/2695/2435 5770/2695/2435
f 5785/2696/2435 5790/2704/2435 6131/2704/2435
f 6131/2704/2435 6130/2696/2435 5785/2696/2435
f 5790/2704/2435 5780/2703/2435 6132/2703/2435
f 6132/2703/2435 6131/2704/2435 5790/2704/2435
f 5780/2703/2435 5767/2689/2435 6113/2689/2435
f 6113/2689/2435 6132/2703/2435 5780/2703/2435
f 5812/2689/5730 6113/2689/5730 6134/2689/5730
f 6134/2689/5730 6133/2689/5730 5812/2689/5730
f 6113/2689/5731 6114/2690/5731 6135/2690/5731
f 6135/2690/5731 6134/2689/5732 6113/2689/5731
f 6114/2690/5731 6115/2709/5731 6136/2709/5731
f 6136/2709/5731 6135/2690/5731 6114/2690/5731
f 6115/2709/5731 6116/2712/5731 6137/2712/5731
f 6137/2712/5731 6136/2709/5731 6115/2709/5731
f 6116/2712/5731 6117/2687/5731 6138/2687/5731
f 6138/2687/5731 6137/2712/5731 6116/2712/5731
f 6117/2687/5733 6118/2687/5734 6139/2687/5735
f 6139/2687/5735 6138/2687/5736 6117/2687/5733
f 6118/2687/5734 6119/2687/5737 6140/2687/5738
f 6140/2687/5738 6139/2687/5735 6118/2687/5734
f 6119/2687/5739 6120/2712/5739 6141/2712/5739
f 6141/2712/5739 6140/2687/5739 6119/2687/5739
f 6120/2712/5739 6121/2709/5739 6142/2709/5739
f 6142/2709/5739 6141/2712/5739 6120/2712/5739
f 6121/2709/5739 6122/2690/5739 6143/2690/5739
f 6143/2690/5739 6142/2709/5739 6121/2709/5739
f 6122/2690/5739 6123/2689/5739 6144/2689/5739
f 6144/2689/5739 6143/2690/5739 6122/2690/5739
f 6123/2689/5740 5944/2689/5740 6145/2689/5740
f 6145/2689/5740 6144/2689/5740 6123/2689/5740
f 5944/2689/5740 5976/2689/5740 6146/2689/5741
f 6146/2689/5741 6145/2689/5740 5944/2689/5740
f 5976/2689/5740 5936/2689/5742 6147/2689/5740
f 6147/2689/5740 6146/2689/5741 5976/2689/5740
f 5936/2689/5743 5906/2689/5743 6148/2689/5743
f 6148/2689/5744 6147/2689/5744 5936/2689/5744
f 5906/2689/5745 6033/2689/5746 6149/2689/5747
f 6149/2689/5747 6148/2689/5748 5906/2689/5745
f 6033/2689/5746 5774/2689/5749 6150/2689/5750
f 6150/2689/5750 6149/2689/5747 6033/2689/5746
f 5774/2689/5751 5804/2689/5751 6151/2689/5751
f 6151/2689/5752 6150/2689/5752 5774/2689/5752
f 5804/2689/5753 5844/2689/5730 6152/2689/5730
f 6152/2689/5730 6151/2689/5753 5804/2689/5753
f 5844/2689/5730 5812/2689/5730 6133/2689/5730
f 6133/2689/5730 6152/2689/5730 5844/2689/5730
f 5828/2696/5754 5784/2696/5755 6154/2696/5755
f 6154/2696/5755 6153/2696/5756 5828/2696/5754
f 5784/2696/5757 5807/2696/5758 6155/2696/5758
f 6155/2696/5758 6154/2696/5758 5784/2696/5757
f 5807/2696/5758 5847/2696/5758 6156/2696/5758
f 6156/2696/5758 6155/2696/5758 5807/2696/5758
f 5847/2696/5758 5815/2696/5758 6157/2696/5758
f 6157/2696/5758 6156/2696/5758 5847/2696/5758
f 5815/2696/5759 5814/2704/5759 6158/2704/5759
f 6158/2704/5760 6157/2696/5760 5815/2696/5760
f 5814/2704/5761 5813/2703/5761 6159/2703/5761
f 6159/2703/5762 6158/2704/5762 5814/2704/5762
f 5813/2703/5763 5845/2703/5764 6160/2703/5763
f 6160/2703/5763 6159/2703/5765 5813/2703/5763
f 5845/2703/5764 5805/2703/5763 6161/2703/5763
f 6161/2703/5763 6160/2703/5763 5845/2703/5764
f 5805/2703/5763 5779/2703/5763 6162/2703/5764
f 6162/2703/5764 6161/2703/5763 5805/2703/5763
f 5779/2703/5766 5827/2703/5767 6163/2703/5768
f 6163/2703/5768 6162/2703/5769 5779/2703/5766
f 5827/2703/5770 5822/2703/5771 6164/2703/5772
f 6164/2703/5772 6163/2703/5770 5827/2703/5770
f 5822/2703/5773 5832/2703/5773 6165/2703/5773
f 6165/2703/5773 6164/2703/5774 5822/2703/5773
f 5832/2703/5775 5778/2703/5776 6166/2703/5776
f 6166/2703/5776 6165/2703/5777 5832/2703/5775
f 5778/2703/5778 5788/2704/5779 6167/2704/5778
f 6167/2704/5778 6166/2703/5778 5778/2703/5778
f 5788/2704/5780 5783/2696/5780 6168/2696/5780
f 6168/2696/5780 6167/2704/5780 5788/2704/5780
f 5783/2696/5781 5833/2696/5782 6169/2696/5782
f 6169/2696/5782 6168/2696/5783 5783/2696/5781
f 5833/2696/5784 5823/2696/5785 6170/2696/5785
f 6170/2696/5785 6169/2696/5784 5833/2696/5784
f 5823/2696/5786 5828/2696/5787 6153/2696/5787
f 6153/2696/5787 6170/2696/5788 5823/2696/5786
f 5916/2696/5789 5960/2696/5790 6172/2696/5790
f 6172/2696/5790 6171/2696/5789 5916/2696/5789
f 5960/2696/5791 5955/2696/5792 6173/2696/5792
f 6173/2696/5792 6172/2696/5791 5960/2696/5791
f 5955/2696/5793 5965/2696/5793 6174/2696/5793
f 6174/2696/5793 6173/2696/5793 5955/2696/5793
f 5965/2696/5794 5915/2696/5795 6175/2696/5795
f 6175/2696/5795 6174/2696/5796 5965/2696/5794
f 5915/2696/5797 5920/2704/5798 6176/2704/5799
f 6176/2704/5799 6175/2696/5797 5915/2696/5797
f 5920/2704/5800 5910/2703/5801 6177/2703/5802
f 6177/2703/5802 6176/2704/5803 5920/2704/5800
f 5910/2703/5804 5964/2703/5805 6178/2703/5804
f 6178/2703/5804 6177/2703/5804 5910/2703/5804
f 5964/2703/5806 5954/2703/5807 6179/2703/5808
f 6179/2703/5808 6178/2703/5809 5964/2703/5806
f 5954/2703/5810 5959/2703/5811 6180/2703/5811
f 6180/2703/5811 6179/2703/5812 5954/2703/5810
f 5959/2703/5813 5911/2703/5814 6181/2703/5815
f 6181/2703/5815 6180/2703/5816 5959/2703/5813
f 5911/2703/5817 5937/2703/5817 6182/2703/5818
f 6182/2703/5818 6181/2703/5819 5911/2703/5817
f 5937/2703/5817 5977/2703/5817 6183/2703/5817
f 6183/2703/5817 6182/2703/5818 5937/2703/5817
f 5977/2703/5817 5945/2703/5817 6184/2703/5819
f 6184/2703/5819 6183/2703/5817 5977/2703/5817
f 5945/2703/5820 5946/2704/5820 6185/2704/5820
f 6185/2704/5821 6184/2703/5821 5945/2703/5821
f 5946/2704/5822 5947/2696/5822 6186/2696/5822
f 6186/2696/5823 6185/2704/5823 5946/2704/5823
f 5947/2696/5824 5979/2696/5824 6187/2696/5824
f 6187/2696/5824 6186/2696/5824 5947/2696/5824
f 5979/2696/5824 5939/2696/5825 6188/2696/5824
f 6188/2696/5824 6187/2696/5824 5979/2696/5824
f 5939/2696/5825 5916/2696/5824 6171/2696/5824
f 6171/2696/5824 6188/2696/5824 5939/2696/5825
f 6191/2770/5826 6192/2770/5827 6189/2771/5827
f 6189/2771/5827 6190/2771/5828 6191/2770/5826
f 6194/2770/5829 6191/2770/5826 6190/2771/5828
f 6190/2771/5828 6193/2771/5830 6194/2770/5829
f 6197/2771/5557 6198/2770/5557 6195/2770/5545
f 6195/2770/5545 6196/2771/5545 6197/2771/5557
f 6196/2771/5545 6195/2770/5545 6199/2770/5541
f 6199/2770/5541 6200/2771/5542 6196/2771/5545
f 6189/2771/5831 6201/2771/5832 6202/2771/5833
f 6202/2771/5833 6190/2771/5834 6189/2771/5831
f 6191/2770/5835 6203/2770/5836 6204/2770/5837
f 6204/2770/5837 6192/2770/5838 6191/2770/5835
f 6192/2770/5839 6204/2770/5839 6201/2771/5839
f 6201/2771/5839 6189/2771/5840 6192/2770/5839
f 6190/2771/5834 6202/2771/5833 6205/2771/5841
f 6205/2771/5841 6193/2771/5842 6190/2771/5834
f 6193/2771/5843 6205/2771/5844 6206/2770/5845
f 6206/2770/5845 6194/2770/5846 6193/2771/5843
f 6194/2770/5847 6206/2770/5848 6203/2770/5836
f 6203/2770/5836 6191/2770/5835 6194/2770/5847
f 6197/2771/5849 6196/2771/5850 6202/2771/5833
f 6202/2771/5833 6201/2771/5832 6197/2771/5849
f 6195/2770/5851 6198/2770/5852 6204/2770/5837
f 6204/2770/5837 6203/2770/5836 6195/2770/5851
f 6198/2770/5840 6197/2771/5853 6201/2771/5839
f 6201/2771/5839 6204/2770/5839 6198/2770/5840
f 6196/2771/5850 6200/2771/5854 6205/2771/5841
f 6205/2771/5841 6202/2771/5833 6196/2771/5850
f 6200/2771/5855 6199/2770/5856 6206/2770/5845
f 6206/2770/5845 6205/2771/5844 6200/2771/5855
f 6199/2770/5857 6195/2770/5851 6203/2770/5836
f 6203/2770/5836 6206/2770/5848 6199/2770/5857
f 6209/2770/5858 6210/2770/5515 6207/2771/5859
f 6207/2771/5859 6208/2771/5860 6209/2770/5858
f 6212/2770/5861 6209/2770/5858 6208/2771/5860
f 6208/2771/5860 6211/2771/5862 6212/2770/5861
f 6215/2771/5557 6216/2770/5557 6213/2770/5863
f 6213/2770/5863 6214/2771/5558 6215/2771/5557
f 6214/2771/5558 6213/2770/5863 6217/2770/5541
f 6217/2770/5541 6218/2771/5558 6214/2771/5558
f 6207/2771/5864 6219/2771/5849 6220/2771/5865
f 6220/2771/5865 6208/2771/5866 6207/2771/5864
f 6209/2770/5835 6221/2770/5867 6222/2770/5852
f 6222/2770/5852 6210/2770/5868 6209/2770/5835
f 6210/2770/5840 6222/2770/5839 6219/2771/5840
f 6219/2771/5840 6207/2771/5840 6210/2770/5840
f 6208/2771/5866 6220/2771/5865 6223/2771/5869
f 6223/2771/5869 6211/2771/5842 6208/2771/5866
f 6211/2771/5870 6223/2771/5871 6224/2770/5872
f 6224/2770/5872 6212/2770/5873 6211/2771/5870
f 6212/2770/5874 6224/2770/5875 6221/2770/5867
f 6221/2770/5867 6209/2770/5835 6212/2770/5874
f 6215/2771/5864 6214/2771/5876 6220/2771/5865
f 6220/2771/5865 6219/2771/5849 6215/2771/5864
f 6213/2770/5877 6216/2770/5852 6222/2770/5852
f 6222/2770/5852 6221/2770/5867 6213/2770/5877
f 6216/2770/5839 6215/2771/5840 6219/2771/5840
f 6219/2771/5840 6222/2770/5839 6216/2770/5839
f 6214/2771/5876 6218/2771/5878 6223/2771/5869
f 6223/2771/5869 6220/2771/5865 6214/2771/5876
f 6218/2771/5879 6217/2770/5880 6224/2770/5872
f 6224/2770/5872 6223/2771/5871 6218/2771/5879
f 6217/2770/5881 6213/2770/5877 6221/2770/5867
f 6221/2770/5867 6224/2770/5875 6217/2770/5881
f 5866/2762/5579 5759/2763/5617 6022/2763/5580
f 6022/2763/5580 5891/2763/5882 5998/2762/5617
f 6225/2772/5883 6226/2773/5884 6227/2774/5885 6228/2775/5886
f 6229/2776/5887 6230/2777/5888 6227/2774/5885 6226/2773/5884
f 6231/2778/5889 6232/2779/5890 6227/2774/5885 6230/2777/5888
f 6233/2780/5891 6228/2775/5886 6227/2774/5885 6232/2779/5890
f 6234/2781/5892 6235/2782/5893 6236/2783/5894 6237/2784/5895
f 6238/2785/5896 6239/2786/5897 6236/2783/5894 6235/2782/5893
f 6240/2779/5898 6241/2787/5899 6236/2783/5894 6239/2786/5897
f 6242/2788/5900 6237/2784/5895 6236/2783/5894 6241/2787/5899
f 6225/2789/5883 6228/2790/5886 6243/2791/5901 6244/2792/5902
f 6233/2780/5891 6245/2793/5903 6243/2791/5901 6228/2790/5886
f 6246/2794/5904 6247/2795/5905 6243/2791/5901 6245/2793/5903
f 6248/2796/5906 6244/2792/5902 6243/2791/5901 6247/2795/5905
f 6249/2789/5907 6250/2797/5908 6251/2798/5909 6252/2792/5910
f 6253/2790/5911 6254/2791/5912 6251/2798/5909 6250/2797/5908
f 6255/2795/5913 6256/2799/5914 6251/2798/5909 6254/2791/5912
f 6257/2796/5915 6252/2792/5910 6251/2798/5909 6256/2799/5914
f 6258/2789/5916 6259/2790/5917 6260/2791/5918 6261/2792/5919
f 6262/2780/5920 6263/2793/5921 6260/2791/5918 6259/2790/5917
f 6264/2794/5922 6265/2795/5923 6260/2791/5918 6263/2793/5921
f 6266/2796/5924 6261/2792/5919 6260/2791/5918 6265/2795/5923
f 6267/2789/5925 6268/2797/5926 6269/2798/5927 6270/2792/5928
f 6271/2790/5929 6272/2791/5930 6269/2798/5927 6268/2797/5926
f 6273/2795/5931 6274/2799/5932 6269/2798/5927 6272/2791/5930
f 6275/2796/5933 6270/2792/5928 6269/2798/5927 6274/2799/5932
f 6262/2800/5920 6259/2801/5917 6276/2802/5934 6277/2803/5935
f 6258/2804/5916 6278/2805/5936 6276/2802/5934 6259/2801/5917
f 6279/2806/5937 6280/2807/5938 6276/2802/5934 6278/2805/5936
f 6281/2808/5939 6277/2803/5935 6276/2802/5934 6280/2807/5938
f 6238/2785/5896 6282/2809/5940 6283/2810/5941 6239/2786/5897
f 6284/2811/5942 6285/2812/5943 6283/2810/5941 6282/2809/5940
f 6286/2813/5944 6287/2774/5945 6283/2810/5941 6285/2812/5943
f 6240/2779/5898 6239/2786/5897 6283/2810/5941 6287/2774/5945
f 6233/2780/5891 6288/2775/5946 6289/2814/5947 6245/2793/5903
f 6249/2772/5907 6252/2815/5910 6289/2814/5947 6288/2775/5946
f 6257/2816/5915 6290/2817/5948 6289/2814/5947 6252/2815/5910
f 6246/2794/5904 6245/2793/5903 6289/2814/5947 6290/2817/5948
f 6262/2780/5920 6291/2775/5949 6292/2814/5950 6263/2793/5921
f 6267/2772/5925 6270/2815/5928 6292/2814/5950 6291/2775/5949
f 6275/2816/5933 6293/2817/5951 6292/2814/5950 6270/2815/5928
f 6264/2794/5922 6263/2793/5921 6292/2814/5950 6293/2817/5951
f 6294/2818/5952 6295/2819/5953 6296/2820/5954 6297/2821/5955
f 6271/2822/5929 6298/2823/5956 6296/2820/5954 6295/2819/5953
f 6281/2808/5939 6299/2824/5957 6296/2820/5954 6298/2823/5956
f 6300/2825/5958 6297/2821/5955 6296/2820/5954 6299/2824/5957
f 6301/2826/5959 6302/2824/5960 6303/2827/5961 6304/2828/5962
f 6305/2808/5963 6306/2807/5964 6303/2827/5961 6302/2824/5960
f 6307/2829/5965 6308/2830/5966 6303/2827/5961 6306/2807/5964
f 6309/2831/5967 6304/2828/5962 6303/2827/5961 6308/2830/5966
f 6310/2780/5968 6311/2832/5969 6312/2833/5970 6313/2793/5971
f 6279/2775/5937 6314/2814/5972 6312/2833/5970 6311/2832/5969
f 6315/2817/5973 6316/2834/5974 6312/2833/5970 6314/2814/5972
f 6317/2794/5975 6313/2793/5971 6312/2833/5970 6316/2834/5974
f 6294/2780/5952 6318/2832/5976 6319/2833/5977 6320/2793/5978
f 6229/2775/5887 6321/2814/5979 6319/2833/5977 6318/2832/5976
f 6322/2817/5980 6323/2834/5981 6319/2833/5977 6321/2814/5979
f 6324/2794/5982 6320/2793/5978 6319/2833/5977 6323/2834/5981
f 6310/2835/5968 6325/2836/5983 6326/2837/5984 6327/2838/5985
f 6253/2839/5911 6328/2840/5986 6326/2837/5984 6325/2836/5983
f 6231/2778/5889 6329/2841/5987 6326/2837/5984 6328/2840/5986
f 6300/2825/5958 6327/2838/5985 6326/2837/5984 6329/2841/5987
f 6330/2842/5988 6331/2843/5989 6332/2820/5990 6333/2844/5991
f 6334/2845/5992 6335/2823/5993 6332/2820/5990 6331/2843/5989
f 6305/2808/5963 6302/2824/5960 6332/2820/5990 6335/2823/5993
f 6301/2826/5959 6333/2844/5991 6332/2820/5990 6302/2824/5960
f 6336/2804/5994 6337/2846/5995 6338/2838/5996 6339/2835/5997
f 6340/2847/5998 6341/2825/5999 6338/2838/5996 6337/2846/5995
f 6238/2785/5896 6235/2782/5893 6338/2838/5996 6341/2825/5999
f 6234/2781/5892 6339/2835/5997 6338/2838/5996 6235/2782/5893
f 6340/2847/5998 6342/2848/6000 6343/2821/6001 6341/2825/5999
f 6344/2849/6002 6345/2818/6003 6343/2821/6001 6342/2848/6000
f 6284/2811/5942 6282/2809/5940 6343/2821/6001 6345/2818/6003
f 6238/2785/5896 6341/2825/5999 6343/2821/6001 6282/2809/5940
f 6344/2804/6002 6346/2850/6004 6347/2851/6005 6345/2825/6003
f 6348/2852/6006 6349/2853/6007 6347/2851/6005 6346/2850/6004
f 6286/2813/5944 6285/2812/5943 6347/2851/6005 6349/2853/6007
f 6284/2811/5942 6345/2825/6003 6347/2851/6005 6285/2812/5943
f 6350/2854/6008 6351/2855/6009 6352/2856/6010 6353/2857/6011
f 6354/2858/6012 6355/2859/6013 6352/2856/6010 6351/2855/6009
f 6356/2860/6014 6357/2861/6015 6352/2856/6010 6355/2859/6013
f 6358/2862/6016 6353/2857/6011 6352/2856/6010 6357/2861/6015
f 6359/2804/6017 6360/2863/6018 6361/2864/6019 6362/2801/6020
f 6363/2865/6021 6364/2800/6022 6361/2864/6019 6360/2863/6018
f 6365/2800/6023 6366/2800/6024 6361/2864/6019 6364/2800/6022
f 6367/2800/6025 6362/2801/6020 6361/2864/6019 6366/2800/6024
f 6363/2865/6021 6368/2866/6026 6369/2867/6027 6364/2800/6022
f 6370/2849/6028 6371/2868/6029 6369/2867/6027 6368/2866/6026
f 6372/2800/6030 6373/2800/6031 6369/2867/6027 6371/2868/6029
f 6365/2800/6023 6364/2800/6022 6369/2867/6027 6373/2800/6031
f 6370/2804/6028 6374/2869/6032 6375/2870/6033 6371/2804/6029
f 6376/2871/6034 6377/2872/6035 6375/2870/6033 6374/2869/6032
f 6378/2873/6036 6379/2874/6037 6375/2870/6033 6377/2872/6035
f 6372/2804/6030 6371/2804/6029 6375/2870/6033 6379/2874/6037
f 6380/2875/6038 6381/2876/6039 6382/2877/6040 6383/2878/6041
f 6384/2879/6042 6385/2880/6043 6382/2877/6040 6381/2876/6039
f 6386/2881/6044 6387/2882/6045 6382/2877/6040 6385/2880/6043
f 6388/2883/6046 6383/2878/6041 6382/2877/6040 6387/2882/6045
f 6389/2884/6047 6390/2885/6048 6391/2838/6049 6392/2886/6050
f 6393/2887/6051 6394/2825/6052 6391/2838/6049 6390/2885/6048
f 6301/2826/5959 6304/2828/5962 6391/2838/6049 6394/2825/6052
f 6309/2831/5967 6392/2886/6050 6391/2838/6049 6304/2828/5962
f 6393/2887/6051 6395/2888/6053 6396/2821/6054 6394/2825/6052
f 6397/2889/6055 6398/2890/6056 6396/2821/6054 6395/2888/6053
f 6330/2842/5988 6333/2844/5991 6396/2821/6054 6398/2890/6056
f 6301/2826/5959 6394/2825/6052 6396/2821/6054 6333/2844/5991
f 6397/2889/6055 6399/2891/6057 6400/2819/6058 6398/2890/6056
f 6401/2892/6059 6402/2822/6060 6400/2819/6058 6399/2891/6057
f 6334/2845/5992 6331/2843/5989 6400/2819/6058 6402/2822/6060
f 6330/2842/5988 6398/2890/6056 6400/2819/6058 6331/2843/5989
f 6403/2893/6061 6404/2894/6062 6405/2868/6063 6406/2895/6064
f 6407/2800/6065 6408/2800/6066 6405/2868/6063 6404/2894/6062
f 6409/2896/6067 6410/2897/6068 6405/2868/6063 6408/2800/6066
f 6411/2898/6069 6406/2895/6064 6405/2868/6063 6410/2897/6068
f 6407/2800/6065 6412/2899/6070 6413/2801/6071 6408/2800/6066
f 6414/2900/6072 6415/2901/6073 6413/2801/6071 6412/2899/6070
f 6416/2902/6074 6417/2903/6075 6413/2801/6071 6415/2901/6073
f 6409/2896/6067 6408/2800/6066 6413/2801/6071 6417/2903/6075
f 6414/2900/6072 6418/2904/6076 6419/2805/6077 6415/2901/6073
f 6420/2905/6078 6421/2806/6079 6419/2805/6077 6418/2904/6076
f 6307/2829/5965 6422/2906/6080 6419/2805/6077 6421/2806/6079
f 6416/2902/6074 6415/2901/6073 6419/2805/6077 6422/2906/6080
f 6271/2790/5929 6295/2907/5953 6423/2908/6081 6272/2791/5930
f 6294/2780/5952 6320/2793/5978 6423/2908/6081 6295/2907/5953
f 6324/2794/5982 6424/2909/6082 6423/2908/6081 6320/2793/5978
f 6273/2795/5931 6272/2791/5930 6423/2908/6081 6424/2909/6082
f 6279/2806/5937 6311/2910/5969 6425/2827/6083 6280/2807/5938
f 6310/2835/5968 6327/2838/5985 6425/2827/6083 6311/2910/5969
f 6300/2825/5958 6299/2824/5957 6425/2827/6083 6327/2838/5985
f 6281/2808/5939 6280/2807/5938 6425/2827/6083 6299/2824/5957
f 6271/2822/5929 6268/2911/5926 6426/2912/6084 6298/2823/5956
f 6267/2849/5925 6291/2868/5949 6426/2912/6084 6268/2911/5926
f 6262/2800/5920 6277/2803/5935 6426/2912/6084 6291/2868/5949
f 6281/2808/5939 6298/2823/5956 6426/2912/6084 6277/2803/5935
f 6305/2808/5963 6427/2803/6085 6428/2802/6086 6306/2807/5964
f 6409/2896/6067 6417/2903/6075 6428/2802/6086 6427/2803/6085
f 6416/2902/6074 6422/2906/6080 6428/2802/6086 6417/2903/6075
f 6307/2829/5965 6306/2807/5964 6428/2802/6086 6422/2906/6080
f 6279/2775/5937 6278/2913/5936 6429/2914/6087 6314/2814/5972
f 6258/2772/5916 6261/2815/5919 6429/2914/6087 6278/2913/5936
f 6266/2816/5924 6430/2915/6088 6429/2914/6087 6261/2815/5919
f 6315/2817/5973 6314/2814/5972 6429/2914/6087 6430/2915/6088
f 6334/2845/5992 6431/2916/6089 6432/2912/6090 6335/2823/5993
f 6411/2898/6069 6410/2897/6068 6432/2912/6090 6431/2916/6089
f 6409/2896/6067 6427/2803/6085 6432/2912/6090 6410/2897/6068
f 6305/2808/5963 6335/2823/5993 6432/2912/6090 6427/2803/6085
f 6354/2858/6012 6433/2917/6091 6434/2918/6092 6355/2859/6013
f 6359/2849/6017 6362/2849/6020 6434/2918/6092 6433/2917/6091
f 6367/2849/6025 6435/2919/6093 6434/2918/6092 6362/2849/6020
f 6356/2860/6014 6355/2859/6013 6434/2918/6092 6435/2919/6093
f 6376/2871/6034 6436/2920/6094 6437/2921/6095 6377/2872/6035
f 6380/2875/6038 6383/2878/6041 6437/2921/6095 6436/2920/6094
f 6388/2883/6046 6438/2922/6096 6437/2921/6095 6383/2878/6041
f 6378/2873/6036 6377/2872/6035 6437/2921/6095 6438/2922/6096
f 6401/2892/6059 6439/2923/6097 6440/2911/6098 6402/2822/6060
f 6403/2893/6061 6406/2895/6064 6440/2911/6098 6439/2923/6097
f 6411/2898/6069 6431/2916/6089 6440/2911/6098 6406/2895/6064
f 6334/2845/5992 6402/2822/6060 6440/2911/6098 6431/2916/6089
f 6420/2905/6078 6441/2924/6099 6442/2910/6100 6421/2806/6079
f 6389/2884/6047 6392/2886/6050 6442/2910/6100 6441/2924/6099
f 6309/2831/5967 6308/2830/5966 6442/2910/6100 6392/2886/6050
f 6307/2829/5965 6421/2806/6079 6442/2910/6100 6308/2830/5966
f 6229/2776/5887 6318/2925/5976 6443/2926/6101 6230/2777/5888
f 6294/2818/5952 6297/2821/5955 6443/2926/6101 6318/2925/5976
f 6300/2825/5958 6329/2841/5987 6443/2926/6101 6297/2821/5955
f 6231/2778/5889 6230/2777/5888 6443/2926/6101 6329/2841/5987
f 6444/2927/6102 6445/2928/6103 6446/2929/6104 6447/2930/6105
f 6393/2887/6051 6448/2837/6106 6446/2929/6104 6445/2928/6103
f 6386/2881/6044 6447/2930/6105 6446/2929/6104 6448/2837/6106
f 6253/2790/5911 6325/2907/5983 6449/2908/6107 6254/2791/5912
f 6310/2780/5968 6313/2793/5971 6449/2908/6107 6325/2907/5983
f 6317/2794/5975 6450/2909/6108 6449/2908/6107 6313/2793/5971
f 6255/2795/5913 6254/2791/5912 6449/2908/6107 6450/2909/6108
f 6451/2931/6109 6452/2926/6110 6453/2932/6111 6454/2933/6112
f 6393/2887/6051 6445/2928/6103 6453/2932/6111 6452/2926/6110
f 6444/2927/6102 6454/2933/6112 6453/2932/6111 6445/2928/6103
f 6229/2775/5887 6226/2913/5884 6455/2914/6113 6321/2814/5979
f 6225/2772/5883 6244/2815/5902 6455/2914/6113 6226/2913/5884
f 6248/2816/5906 6456/2915/6114 6455/2914/6113 6244/2815/5902
f 6322/2817/5980 6321/2814/5979 6455/2914/6113 6456/2915/6114
f 6253/2839/5911 6250/2934/5908 6457/2787/6115 6328/2840/5986
f 6249/2789/5907 6288/2790/5946 6457/2787/6115 6250/2934/5908
f 6233/2780/5891 6232/2779/5890 6457/2787/6115 6288/2790/5946
f 6231/2778/5889 6328/2840/5986 6457/2787/6115 6232/2779/5890
f 6348/2852/6006 6458/2935/6116 6459/2936/6117 6460/2937/6118
f 6350/2854/6008 6353/2857/6011 6459/2936/6117 6458/2935/6116
f 6358/2862/6016 6461/2938/6119 6459/2936/6117 6353/2857/6011
f 6451/2931/6109 6460/2937/6118 6459/2936/6117 6461/2938/6119
f 6384/2879/6042 6462/2939/6120 6463/2940/6121 6385/2880/6043
f 6242/2788/5900 6464/2941/6122 6463/2940/6121 6462/2939/6120
f 6386/2881/6044 6385/2880/6043 6463/2940/6121 6464/2941/6122
f 6240/2779/5898 6465/2942/6123 6466/2943/6124 6241/2787/5899
f 6444/2927/6102 6447/2930/6105 6466/2943/6124 6465/2942/6123
f 6386/2881/6044 6464/2941/6122 6466/2943/6124 6447/2930/6105
f 6242/2788/5900 6241/2787/5899 6466/2943/6124 6464/2941/6122
f 6286/2813/5944 6467/2944/6125 6468/2945/6126 6287/2774/5945
f 6451/2931/6109 6454/2933/6112 6468/2945/6126 6467/2944/6125
f 6444/2927/6102 6465/2942/6123 6468/2945/6126 6454/2933/6112
f 6240/2779/5898 6287/2774/5945 6468/2945/6126 6465/2942/6123
f 6356/2860/6014 6469/2946/6127 6470/2947/6128 6357/2861/6015
f 6401/2892/6059 6399/2891/6057 6470/2947/6128 6469/2946/6127
f 6397/2889/6055 6471/2948/6129 6470/2947/6128 6399/2891/6057
f 6358/2862/6016 6357/2861/6015 6470/2947/6128 6471/2948/6129
f 6365/2800/6023 6472/2800/6130 6473/2867/6131 6366/2800/6024
f 6407/2800/6065 6404/2894/6062 6473/2867/6131 6472/2800/6130
f 6403/2893/6061 6474/2868/6132 6473/2867/6131 6404/2894/6062
f 6367/2800/6025 6366/2800/6024 6473/2867/6131 6474/2868/6132
f 6372/2800/6030 6475/2801/6133 6476/2864/6134 6373/2800/6031
f 6414/2900/6072 6412/2899/6070 6476/2864/6134 6475/2801/6133
f 6407/2800/6065 6472/2800/6130 6476/2864/6134 6412/2899/6070
f 6365/2800/6023 6373/2800/6031 6476/2864/6134 6472/2800/6130
f 6378/2873/6036 6477/2949/6135 6478/2950/6136 6379/2874/6037
f 6420/2905/6078 6418/2904/6076 6478/2950/6136 6477/2949/6135
f 6414/2900/6072 6475/2804/6133 6478/2950/6136 6418/2904/6076
f 6372/2804/6030 6379/2874/6037 6478/2950/6136 6475/2804/6133
f 6367/2849/6025 6474/2849/6132 6479/2951/6137 6435/2919/6093
f 6403/2893/6061 6439/2923/6097 6479/2951/6137 6474/2849/6132
f 6401/2892/6059 6469/2946/6127 6479/2951/6137 6439/2923/6097
f 6356/2860/6014 6435/2919/6093 6479/2951/6137 6469/2946/6127
f 6388/2883/6046 6480/2952/6138 6481/2953/6139 6438/2922/6096
f 6389/2884/6047 6441/2924/6099 6481/2953/6139 6480/2952/6138
f 6420/2905/6078 6477/2949/6135 6481/2953/6139 6441/2924/6099
f 6378/2873/6036 6438/2922/6096 6481/2953/6139 6477/2949/6135
f 6386/2881/6044 6482/2954/6140 6483/2955/6141 6387/2882/6045
f 6389/2884/6047 6480/2952/6138 6483/2955/6141 6482/2954/6140
f 6388/2883/6046 6387/2882/6045 6483/2955/6141 6480/2952/6138
f 6393/2887/6051 6390/2885/6048 6484/2956/6142 6448/2837/6106
f 6389/2884/6047 6482/2954/6140 6484/2956/6142 6390/2885/6048
f 6386/2881/6044 6448/2837/6106 6484/2956/6142 6482/2954/6140
f 6451/2931/6109 6485/2957/6143 6486/2958/6144 6452/2926/6110
f 6397/2889/6055 6395/2888/6053 6486/2958/6144 6485/2957/6143
f 6393/2887/6051 6452/2926/6110 6486/2958/6144 6395/2888/6053
f 6358/2862/6016 6471/2948/6129 6487/2959/6145 6461/2938/6119
f 6397/2889/6055 6485/2957/6143 6487/2959/6145 6471/2948/6129
f 6451/2931/6109 6461/2938/6119 6487/2959/6145 6485/2957/6143
f 6246/2794/5904 6488/2960/6146 6489/2961/6147 6247/2795/5905
f 6340/2847/5998 6337/2846/5995 6489/2961/6147 6488/2960/6146
f 6336/2804/5994 6490/2962/6148 6489/2961/6147 6337/2846/5995
f 6248/2796/5906 6247/2795/5905 6489/2961/6147 6490/2962/6148
f 6255/2795/5913 6491/2961/6149 6492/2963/6150 6256/2799/5914
f 6348/2852/6006 6346/2850/6004 6492/2963/6150 6491/2961/6149
f 6344/2804/6002 6493/2962/6151 6492/2963/6150 6346/2850/6004
f 6257/2796/5915 6256/2799/5914 6492/2963/6150 6493/2962/6151
f 6264/2794/5922 6494/2960/6152 6495/2961/6153 6265/2795/5923
f 6363/2865/6021 6360/2863/6018 6495/2961/6153 6494/2960/6152
f 6359/2804/6017 6496/2962/6154 6495/2961/6153 6360/2863/6018
f 6266/2796/5924 6265/2795/5923 6495/2961/6153 6496/2962/6154
f 6273/2795/5931 6497/2961/6155 6498/2963/6156 6274/2799/5932
f 6376/2871/6034 6374/2869/6032 6498/2963/6156 6497/2961/6155
f 6370/2804/6028 6499/2962/6157 6498/2963/6156 6374/2869/6032
f 6275/2796/5933 6274/2799/5932 6498/2963/6156 6499/2962/6157
f 6257/2816/5915 6493/2964/6151 6500/2965/6158 6290/2817/5948
f 6344/2849/6002 6342/2848/6000 6500/2965/6158 6493/2964/6151
f 6340/2847/5998 6488/2960/6146 6500/2965/6158 6342/2848/6000
f 6246/2794/5904 6290/2817/5948 6500/2965/6158 6488/2960/6146
f 6275/2816/5933 6499/2964/6157 6501/2965/6159 6293/2817/5951
f 6370/2849/6028 6368/2866/6026 6501/2965/6159 6499/2964/6157
f 6363/2865/6021 6494/2960/6152 6501/2965/6159 6368/2866/6026
f 6264/2794/5922 6293/2817/5951 6501/2965/6159 6494/2960/6152
f 6315/2817/5973 6502/2965/6160 6503/2966/6161 6316/2834/5974
f 6354/2858/6012 6351/2855/6009 6503/2966/6161 6502/2965/6160
f 6350/2854/6008 6504/2960/6162 6503/2966/6161 6351/2855/6009
f 6317/2794/5975 6316/2834/5974 6503/2966/6161 6504/2960/6162
f 6322/2817/5980 6505/2965/6163 6506/2966/6164 6323/2834/5981
f 6384/2879/6042 6381/2876/6039 6506/2966/6164 6505/2965/6163
f 6380/2875/6038 6507/2960/6165 6506/2966/6164 6381/2876/6039
f 6324/2794/5982 6323/2834/5981 6506/2966/6164 6507/2960/6165
f 6324/2794/5982 6507/2960/6165 6508/2967/6166 6424/2909/6082
f 6380/2875/6038 6436/2920/6094 6508/2967/6166 6507/2960/6165
f 6376/2871/6034 6497/2961/6155 6508/2967/6166 6436/2920/6094
f 6273/2795/5931 6424/2909/6082 6508/2967/6166 6497/2961/6155
f 6266/2816/5924 6496/2964/6154 6509/2968/6167 6430/2915/6088
f 6359/2849/6017 6433/2917/6091 6509/2968/6167 6496/2964/6154
f 6354/2858/6012 6502/2965/6160 6509/2968/6167 6433/2917/6091
f 6315/2817/5973 6430/2915/6088 6509/2968/6167 6502/2965/6160
f 6317/2794/5975 6504/2960/6162 6510/2967/6168 6450/2909/6108
f 6350/2854/6008 6458/2935/6116 6510/2967/6168 6504/2960/6162
f 6348/2852/6006 6491/2961/6149 6510/2967/6168 6458/2935/6116
f 6255/2795/5913 6450/2909/6108 6510/2967/6168 6491/2961/6149
f 6248/2816/5906 6490/2964/6148 6511/2968/6169 6456/2915/6114
f 6336/2849/5994 6512/2969/6170 6511/2968/6169 6490/2964/6148
f 6384/2879/6042 6505/2965/6163 6511/2968/6169 6512/2969/6170
f 6322/2817/5980 6456/2915/6114 6511/2968/6169 6505/2965/6163
f 6348/2852/6006 6460/2937/6118 6513/2970/6171 6349/2853/6007
f 6451/2931/6109 6467/2944/6125 6513/2970/6171 6460/2937/6118
f 6286/2813/5944 6349/2853/6007 6513/2970/6171 6467/2944/6125
f 6384/2879/6042 6512/2969/6170 6514/2971/6172 6462/2939/6120
f 6336/2849/5994 6339/2825/5997 6514/2971/6172 6512/2969/6170
f 6234/2781/5892 6237/2784/5895 6514/2971/6172 6339/2825/5997
f 6242/2788/5900 6462/2939/6120 6514/2971/6172 6237/2784/5895
f 6518/2775/6173 6517/2774/6174 6516/2773/6175 6515/2772/6176
f 6516/2773/6175 6517/2774/6174 6520/2777/6177 6519/2776/6178
f 6520/2777/6177 6517/2774/6174 6522/2779/6179 6521/2778/2435
f 6522/2779/6179 6517/2774/6174 6518/2775/6173 6523/2780/6180
f 6527/2784/6181 6526/2783/6182 6525/2782/6183 6524/2781/6184
f 6525/2782/6183 6526/2783/6182 6529/2786/6185 6528/2785/6186
f 6529/2786/6185 6526/2783/6182 6531/2787/6187 6530/2779/6188
f 6531/2787/6187 6526/2783/6182 6527/2784/6181 6532/2788/6189
f 6534/2792/6190 6533/2791/6191 6518/2790/6173 6515/2789/6176
f 6518/2790/6173 6533/2791/6191 6535/2793/6192 6523/2780/6180
f 6535/2793/6192 6533/2791/6191 6537/2795/6193 6536/2794/6194
f 6537/2795/6193 6533/2791/6191 6534/2792/6190 6538/2796/6195
f 6542/2792/6196 6541/2798/6197 6540/2797/6198 6539/2789/6199
f 6540/2797/6198 6541/2798/6197 6544/2791/6200 6543/2790/6201
f 6544/2791/6200 6541/2798/6197 6546/2799/6202 6545/2795/6203
f 6546/2799/6202 6541/2798/6197 6542/2792/6196 6547/2796/6204
f 6551/2792/6205 6550/2791/6206 6549/2790/6207 6548/2789/6208
f 6549/2790/6207 6550/2791/6206 6553/2793/6209 6552/2780/6210
f 6553/2793/6209 6550/2791/6206 6555/2795/6211 6554/2794/6212
f 6555/2795/6211 6550/2791/6206 6551/2792/6205 6556/2796/6213
f 6560/2792/6214 6559/2798/6215 6558/2797/6216 6557/2789/6217
f 6558/2797/6216 6559/2798/6215 6562/2791/6218 6561/2790/6219
f 6562/2791/6218 6559/2798/6215 6564/2799/6220 6563/2795/6221
f 6564/2799/6220 6559/2798/6215 6560/2792/6214 6565/2796/6222
f 6567/2803/6223 6566/2802/6224 6549/2801/6207 6552/2800/6210
f 6549/2801/6207 6566/2802/6224 6568/2805/6225 6548/2804/6208
f 6568/2805/6225 6566/2802/6224 6570/2807/6226 6569/2806/6227
f 6570/2807/6226 6566/2802/6224 6567/2803/6223 6571/2808/6228
f 6529/2786/6185 6573/2810/6229 6572/2809/6230 6528/2785/6186
f 6572/2809/6230 6573/2810/6229 6575/2812/6231 6574/2811/6232
f 6575/2812/6231 6573/2810/6229 6577/2774/6233 6576/2813/6234
f 6577/2774/6233 6573/2810/6229 6529/2786/6185 6530/2779/6188
f 6535/2793/6192 6579/2814/6235 6578/2775/6236 6523/2780/6180
f 6578/2775/6236 6579/2814/6235 6542/2815/6196 6539/2772/6199
f 6542/2815/6196 6579/2814/6235 6580/2817/6237 6547/2816/6204
f 6580/2817/6237 6579/2814/6235 6535/2793/6192 6536/2794/6194
f 6553/2793/6209 6582/2814/6238 6581/2775/6239 6552/2780/6210
f 6581/2775/6239 6582/2814/6238 6560/2815/6214 6557/2772/6217
f 6560/2815/6214 6582/2814/6238 6583/2817/6240 6565/2816/6222
f 6583/2817/6240 6582/2814/6238 6553/2793/6209 6554/2794/6212
f 6587/2821/6241 6586/2820/6242 6585/2819/6243 6584/2818/6244
f 6585/2819/6243 6586/2820/6242 6588/2823/6245 6561/2822/6219
f 6588/2823/6245 6586/2820/6242 6589/2824/6246 6571/2808/6228
f 6589/2824/6246 6586/2820/6242 6587/2821/6241 6590/2825/6247
f 6594/2828/6248 6593/2827/6249 6592/2824/6250 6591/2826/6251
f 6592/2824/6250 6593/2827/6249 6596/2807/6252 6595/2808/6253
f 6596/2807/6252 6593/2827/6249 6598/2830/6254 6597/2829/6255
f 6598/2830/6254 6593/2827/6249 6594/2828/6248 6599/2831/6256
f 6603/2793/6257 6602/2833/6258 6601/2832/6259 6600/2780/6260
f 6601/2832/6259 6602/2833/6258 6604/2814/6261 6569/2775/6227
f 6604/2814/6261 6602/2833/6258 6606/2834/6262 6605/2817/6263
f 6606/2834/6262 6602/2833/6258 6603/2793/6257 6607/2794/6264
f 6610/2793/6265 6609/2833/6266 6608/2832/6267 6584/2780/6244
f 6608/2832/6267 6609/2833/6266 6611/2814/6268 6519/2775/6178
f 6611/2814/6268 6609/2833/6266 6613/2834/6269 6612/2817/6270
f 6613/2834/6269 6609/2833/6266 6610/2793/6265 6614/2794/6271
f 6617/2838/6272 6616/2837/6273 6615/2836/6274 6600/2835/6260
f 6615/2836/6274 6616/2837/6273 6618/2840/6275 6543/2839/6201
f 6618/2840/6275 6616/2837/6273 6619/2841/6276 6521/2778/2435
f 6619/2841/6276 6616/2837/6273 6617/2838/6272 6590/2825/6247
f 6623/2844/6277 6622/2820/6278 6621/2843/6279 6620/2842/6280
f 6621/2843/6279 6622/2820/6278 6625/2823/6281 6624/2845/6282
f 6625/2823/6281 6622/2820/6278 6592/2824/6250 6595/2808/6253
f 6592/2824/6250 6622/2820/6278 6623/2844/6277 6591/2826/6251
f 6629/2835/6283 6628/2838/6284 6627/2846/6285 6626/2804/6286
f 6627/2846/6285 6628/2838/6284 6631/2825/6287 6630/2847/6288
f 6631/2825/6287 6628/2838/6284 6525/2782/6183 6528/2785/6186
f 6525/2782/6183 6628/2838/6284 6629/2835/6283 6524/2781/6184
f 6631/2825/6287 6633/2821/6289 6632/2848/6290 6630/2847/6288
f 6632/2848/6290 6633/2821/6289 6635/2818/6291 6634/2849/6292
f 6635/2818/6291 6633/2821/6289 6572/2809/6230 6574/2811/6232
f 6572/2809/6230 6633/2821/6289 6631/2825/6287 6528/2785/6186
f 6635/2825/6291 6637/2851/6293 6636/2850/6294 6634/2804/6292
f 6636/2850/6294 6637/2851/6293 6639/2853/6295 6638/2852/6296
f 6639/2853/6295 6637/2851/6293 6575/2812/6231 6576/2813/6234
f 6575/2812/6231 6637/2851/6293 6635/2825/6291 6574/2811/6232
f 6643/2857/6297 6642/2856/6298 6641/2855/6299 6640/2854/6300
f 6641/2855/6299 6642/2856/6298 6645/2859/6301 6644/2858/6302
f 6645/2859/6301 6642/2856/6298 6647/2861/6303 6646/2860/6304
f 6647/2861/6303 6642/2856/6298 6643/2857/6297 6648/2862/6305
f 6652/2801/6306 6651/2864/6307 6650/2863/6308 6649/2804/6309
f 6650/2863/6308 6651/2864/6307 6654/2800/6310 6653/2865/6311
f 6654/2800/6310 6651/2864/6307 6656/2800/6312 6655/2800/6313
f 6656/2800/6312 6651/2864/6307 6652/2801/6306 6657/2800/6314
f 6654/2800/6310 6659/2867/6315 6658/2866/6316 6653/2865/6311
f 6658/2866/6316 6659/2867/6315 6661/2868/6317 6660/2849/6318
f 6661/2868/6317 6659/2867/6315 6663/2800/6319 6662/2800/6320
f 6663/2800/6319 6659/2867/6315 6654/2800/6310 6655/2800/6313
f 6661/2804/6317 6665/2870/6321 6664/2869/6322 6660/2804/6318
f 6664/2869/6322 6665/2870/6321 6667/2872/6323 6666/2871/6324
f 6667/2872/6323 6665/2870/6321 6669/2874/6325 6668/2873/6326
f 6669/2874/6325 6665/2870/6321 6661/2804/6317 6662/2804/6320
f 6673/2878/6327 6672/2877/6328 6671/2876/6329 6670/2875/6330
f 6671/2876/6329 6672/2877/6328 6675/2880/6331 6674/2879/6332
f 6675/2880/6331 6672/2877/6328 6677/2882/6333 6676/2881/6334
f 6677/2882/6333 6672/2877/6328 6673/2878/6327 6678/2883/6335
f 6682/2886/6336 6681/2838/6337 6680/2885/6338 6679/2884/6339
f 6680/2885/6338 6681/2838/6337 6684/2825/6340 6683/2887/6341
f 6684/2825/6340 6681/2838/6337 6594/2828/6248 6591/2826/6251
f 6594/2828/6248 6681/2838/6337 6682/2886/6336 6599/2831/6256
f 6684/2825/6340 6686/2821/6342 6685/2888/6343 6683/2887/6341
f 6685/2888/6343 6686/2821/6342 6688/2890/6344 6687/2889/6345
f 6688/2890/6344 6686/2821/6342 6623/2844/6277 6620/2842/6280
f 6623/2844/6277 6686/2821/6342 6684/2825/6340 6591/2826/6251
f 6688/2890/6344 6690/2819/6346 6689/2891/6347 6687/2889/6345
f 6689/2891/6347 6690/2819/6346 6692/2822/6348 6691/2892/6349
f 6692/2822/6348 6690/2819/6346 6621/2843/6279 6624/2845/6282
f 6621/2843/6279 6690/2819/6346 6688/2890/6344 6620/2842/6280
f 6696/2895/6350 6695/2868/6351 6694/2894/6352 6693/2893/6353
f 6694/2894/6352 6695/2868/6351 6698/2800/6354 6697/2800/6355
f 6698/2800/6354 6695/2868/6351 6700/2897/6356 6699/2896/6357
f 6700/2897/6356 6695/2868/6351 6696/2895/6350 6701/2898/6358
f 6698/2800/6354 6703/2801/6359 6702/2899/6360 6697/2800/6355
f 6702/2899/6360 6703/2801/6359 6705/2901/6361 6704/2900/6362
f 6705/2901/6361 6703/2801/6359 6707/2903/6363 6706/2902/6364
f 6707/2903/6363 6703/2801/6359 6698/2800/6354 6699/2896/6357
f 6705/2901/6361 6709/2805/6365 6708/2904/6366 6704/2900/6362
f 6708/2904/6366 6709/2805/6365 6711/2806/6367 6710/2905/6368
f 6711/2806/6367 6709/2805/6365 6712/2906/6369 6597/2829/6255
f 6712/2906/6369 6709/2805/6365 6705/2901/6361 6706/2902/6364
f 6562/2791/6218 6713/2908/6370 6585/2907/6243 6561/2790/6219
f 6585/2907/6243 6713/2908/6370 6610/2793/6265 6584/2780/6244
f 6610/2793/6265 6713/2908/6370 6714/2909/6371 6614/2794/6271
f 6714/2909/6371 6713/2908/6370 6562/2791/6218 6563/2795/6221
f 6570/2807/6226 6715/2827/6372 6601/2910/6259 6569/2806/6227
f 6601/2910/6259 6715/2827/6372 6617/2838/6272 6600/2835/6260
f 6617/2838/6272 6715/2827/6372 6589/2824/6246 6590/2825/6247
f 6589/2824/6246 6715/2827/6372 6570/2807/6226 6571/2808/6228
f 6588/2823/6245 6716/2912/6373 6558/2911/6216 6561/2822/6219
f 6558/2911/6216 6716/2912/6373 6581/2868/6239 6557/2849/6217
f 6581/2868/6239 6716/2912/6373 6567/2803/6223 6552/2800/6210
f 6567/2803/6223 6716/2912/6373 6588/2823/6245 6571/2808/6228
f 6596/2807/6252 6718/2802/6374 6717/2803/6375 6595/2808/6253
f 6717/2803/6375 6718/2802/6374 6707/2903/6363 6699/2896/6357
f 6707/2903/6363 6718/2802/6374 6712/2906/6369 6706/2902/6364
f 6712/2906/6369 6718/2802/6374 6596/2807/6252 6597/2829/6255
f 6604/2814/6261 6719/2914/6376 6568/2913/6225 6569/2775/6227
f 6568/2913/6225 6719/2914/6376 6551/2815/6205 6548/2772/6208
f 6551/2815/6205 6719/2914/6376 6720/2915/6377 6556/2816/6213
f 6720/2915/6377 6719/2914/6376 6604/2814/6261 6605/2817/6263
f 6625/2823/6281 6722/2912/6378 6721/2916/6379 6624/2845/6282
f 6721/2916/6379 6722/2912/6378 6700/2897/6356 6701/2898/6358
f 6700/2897/6356 6722/2912/6378 6717/2803/6375 6699/2896/6357
f 6717/2803/6375 6722/2912/6378 6625/2823/6281 6595/2808/6253
f 6645/2859/6301 6724/2918/6380 6723/2917/6381 6644/2858/6302
f 6723/2917/6381 6724/2918/6380 6652/2849/6306 6649/2849/6309
f 6652/2849/6306 6724/2918/6380 6725/2919/6382 6657/2849/6314
f 6725/2919/6382 6724/2918/6380 6645/2859/6301 6646/2860/6304
f 6667/2872/6323 6727/2921/6383 6726/2920/6384 6666/2871/6324
f 6726/2920/6384 6727/2921/6383 6673/2878/6327 6670/2875/6330
f 6673/2878/6327 6727/2921/6383 6728/2922/6385 6678/2883/6335
f 6728/2922/6385 6727/2921/6383 6667/2872/6323 6668/2873/6326
f 6692/2822/6348 6730/2911/6386 6729/2923/6387 6691/2892/6349
f 6729/2923/6387 6730/2911/6386 6696/2895/6350 6693/2893/6353
f 6696/2895/6350 6730/2911/6386 6721/2916/6379 6701/2898/6358
f 6721/2916/6379 6730/2911/6386 6692/2822/6348 6624/2845/6282
f 6711/2806/6367 6732/2910/6388 6731/2924/6389 6710/2905/6368
f 6731/2924/6389 6732/2910/6388 6682/2886/6336 6679/2884/6339
f 6682/2886/6336 6732/2910/6388 6598/2830/6254 6599/2831/6256
f 6598/2830/6254 6732/2910/6388 6711/2806/6367 6597/2829/6255
f 6520/2777/6177 6733/2926/6390 6608/2925/6267 6519/2776/6178
f 6608/2925/6267 6733/2926/6390 6587/2821/6241 6584/2818/6244
f 6587/2821/6241 6733/2926/6390 6619/2841/6276 6590/2825/6247
f 6619/2841/6276 6733/2926/6390 6520/2777/6177 6521/2778/2435
f 6737/2930/6391 6736/2929/6392 6735/2928/6393 6734/2927/6394
f 6735/2928/6393 6736/2929/6392 6738/2837/6395 6683/2887/6341
f 6738/2837/6395 6736/2929/6392 6737/2930/6391 6676/2881/6334
f 6544/2791/6200 6739/2908/6396 6615/2907/6274 6543/2790/6201
f 6615/2907/6274 6739/2908/6396 6603/2793/6257 6600/2780/6260
f 6603/2793/6257 6739/2908/6396 6740/2909/6397 6607/2794/6264
f 6740/2909/6397 6739/2908/6396 6544/2791/6200 6545/2795/6203
f 6744/2933/6398 6743/2932/6399 6742/2926/6400 6741/2931/6401
f 6742/2926/6400 6743/2932/6399 6735/2928/6393 6683/2887/6341
f 6735/2928/6393 6743/2932/6399 6744/2933/6398 6734/2927/6394
f 6611/2814/6268 6745/2914/6402 6516/2913/6175 6519/2775/6178
f 6516/2913/6175 6745/2914/6402 6534/2815/6190 6515/2772/6176
f 6534/2815/6190 6745/2914/6402 6746/2915/6403 6538/2816/6195
f 6746/2915/6403 6745/2914/6402 6611/2814/6268 6612/2817/6270
f 6618/2840/6275 6747/2787/6404 6540/2934/6198 6543/2839/6201
f 6540/2934/6198 6747/2787/6404 6578/2790/6236 6539/2789/6199
f 6578/2790/6236 6747/2787/6404 6522/2779/6179 6523/2780/6180
f 6522/2779/6179 6747/2787/6404 6618/2840/6275 6521/2778/2435
f 6750/2937/6405 6749/2936/6406 6748/2935/6407 6638/2852/6296
f 6748/2935/6407 6749/2936/6406 6643/2857/6297 6640/2854/6300
f 6643/2857/6297 6749/2936/6406 6751/2938/6408 6648/2862/6305
f 6751/2938/6408 6749/2936/6406 6750/2937/6405 6741/2931/6401
f 6675/2880/6331 6753/2940/6409 6752/2939/6410 6674/2879/6332
f 6752/2939/6410 6753/2940/6409 6754/2941/6411 6532/2788/6189
f 6754/2941/6411 6753/2940/6409 6675/2880/6331 6676/2881/6334
f 6531/2787/6187 6756/2943/6412 6755/2942/6413 6530/2779/6188
f 6755/2942/6413 6756/2943/6412 6737/2930/6391 6734/2927/6394
f 6737/2930/6391 6756/2943/6412 6754/2941/6411 6676/2881/6334
f 6754/2941/6411 6756/2943/6412 6531/2787/6187 6532/2788/6189
f 6577/2774/6233 6758/2945/6414 6757/2944/6415 6576/2813/6234
f 6757/2944/6415 6758/2945/6414 6744/2933/6398 6741/2931/6401
f 6744/2933/6398 6758/2945/6414 6755/2942/6413 6734/2927/6394
f 6755/2942/6413 6758/2945/6414 6577/2774/6233 6530/2779/6188
f 6647/2861/6303 6760/2947/6416 6759/2946/6417 6646/2860/6304
f 6759/2946/6417 6760/2947/6416 6689/2891/6347 6691/2892/6349
f 6689/2891/6347 6760/2947/6416 6761/2948/6418 6687/2889/6345
f 6761/2948/6418 6760/2947/6416 6647/2861/6303 6648/2862/6305
f 6656/2800/6312 6763/2867/6419 6762/2800/6420 6655/2800/6313
f 6762/2800/6420 6763/2867/6419 6694/2894/6352 6697/2800/6355
f 6694/2894/6352 6763/2867/6419 6764/2868/6421 6693/2893/6353
f 6764/2868/6421 6763/2867/6419 6656/2800/6312 6657/2800/6314
f 6663/2800/6319 6766/2864/6422 6765/2801/6423 6662/2800/6320
f 6765/2801/6423 6766/2864/6422 6702/2899/6360 6704/2900/6362
f 6702/2899/6360 6766/2864/6422 6762/2800/6420 6697/2800/6355
f 6762/2800/6420 6766/2864/6422 6663/2800/6319 6655/2800/6313
f 6669/2874/6325 6768/2950/6424 6767/2949/6425 6668/2873/6326
f 6767/2949/6425 6768/2950/6424 6708/2904/6366 6710/2905/6368
f 6708/2904/6366 6768/2950/6424 6765/2804/6423 6704/2900/6362
f 6765/2804/6423 6768/2950/6424 6669/2874/6325 6662/2804/6320
f 6725/2919/6382 6769/2951/6426 6764/2849/6421 6657/2849/6314
f 6764/2849/6421 6769/2951/6426 6729/2923/6387 6693/2893/6353
f 6729/2923/6387 6769/2951/6426 6759/2946/6417 6691/2892/6349
f 6759/2946/6417 6769/2951/6426 6725/2919/6382 6646/2860/6304
f 6728/2922/6385 6771/2953/6427 6770/2952/6428 6678/2883/6335
f 6770/2952/6428 6771/2953/6427 6731/2924/6389 6679/2884/6339
f 6731/2924/6389 6771/2953/6427 6767/2949/6425 6710/2905/6368
f 6767/2949/6425 6771/2953/6427 6728/2922/6385 6668/2873/6326
f 6677/2882/6333 6773/2955/6429 6772/2954/6430 6676/2881/6334
f 6772/2954/6430 6773/2955/6429 6770/2952/6428 6679/2884/6339
f 6770/2952/6428 6773/2955/6429 6677/2882/6333 6678/2883/6335
f 6738/2837/6395 6774/2956/6431 6680/2885/6338 6683/2887/6341
f 6680/2885/6338 6774/2956/6431 6772/2954/6430 6679/2884/6339
f 6772/2954/6430 6774/2956/6431 6738/2837/6395 6676/2881/6334
f 6742/2926/6400 6776/2958/6432 6775/2957/6433 6741/2931/6401
f 6775/2957/6433 6776/2958/6432 6685/2888/6343 6687/2889/6345
f 6685/2888/6343 6776/2958/6432 6742/2926/6400 6683/2887/6341
f 6751/2938/6408 6777/2959/6434 6761/2948/6418 6648/2862/6305
f 6761/2948/6418 6777/2959/6434 6775/2957/6433 6687/2889/6345
f 6775/2957/6433 6777/2959/6434 6751/2938/6408 6741/2931/6401
f 6537/2795/6193 6779/2961/6435 6778/2960/6436 6536/2794/6194
f 6778/2960/6436 6779/2961/6435 6627/2846/6285 6630/2847/6288
f 6627/2846/6285 6779/2961/6435 6780/2962/6437 6626/2804/6286
f 6780/2962/6437 6779/2961/6435 6537/2795/6193 6538/2796/6195
f 6546/2799/6202 6782/2963/6438 6781/2961/6439 6545/2795/6203
f 6781/2961/6439 6782/2963/6438 6636/2850/6294 6638/2852/6296
f 6636/2850/6294 6782/2963/6438 6783/2962/6440 6634/2804/6292
f 6783/2962/6440 6782/2963/6438 6546/2799/6202 6547/2796/6204
f 6555/2795/6211 6785/2961/6441 6784/2960/6442 6554/2794/6212
f 6784/2960/6442 6785/2961/6441 6650/2863/6308 6653/2865/6311
f 6650/2863/6308 6785/2961/6441 6786/2962/6443 6649/2804/6309
f 6786/2962/6443 6785/2961/6441 6555/2795/6211 6556/2796/6213
f 6564/2799/6220 6788/2963/6444 6787/2961/6445 6563/2795/6221
f 6787/2961/6445 6788/2963/6444 6664/2869/6322 6666/2871/6324
f 6664/2869/6322 6788/2963/6444 6789/2962/6446 6660/2804/6318
f 6789/2962/6446 6788/2963/6444 6564/2799/6220 6565/2796/6222
f 6580/2817/6237 6790/2965/6447 6783/2964/6440 6547/2816/6204
f 6783/2964/6440 6790/2965/6447 6632/2848/6290 6634/2849/6292
f 6632/2848/6290 6790/2965/6447 6778/2960/6436 6630/2847/6288
f 6778/2960/6436 6790/2965/6447 6580/2817/6237 6536/2794/6194
f 6583/2817/6240 6791/2965/6448 6789/2964/6446 6565/2816/6222
f 6789/2964/6446 6791/2965/6448 6658/2866/6316 6660/2849/6318
f 6658/2866/6316 6791/2965/6448 6784/2960/6442 6653/2865/6311
f 6784/2960/6442 6791/2965/6448 6583/2817/6240 6554/2794/6212
f 6606/2834/6262 6793/2966/6449 6792/2965/6450 6605/2817/6263
f 6792/2965/6450 6793/2966/6449 6641/2855/6299 6644/2858/6302
f 6641/2855/6299 6793/2966/6449 6794/2960/6451 6640/2854/6300
f 6794/2960/6451 6793/2966/6449 6606/2834/6262 6607/2794/6264
f 6613/2834/6269 6796/2966/6452 6795/2965/6453 6612/2817/6270
f 6795/2965/6453 6796/2966/6452 6671/2876/6329 6674/2879/6332
f 6671/2876/6329 6796/2966/6452 6797/2960/6454 6670/2875/6330
f 6797/2960/6454 6796/2966/6452 6613/2834/6269 6614/2794/6271
f 6714/2909/6371 6798/2967/6455 6797/2960/6454 6614/2794/6271
f 6797/2960/6454 6798/2967/6455 6726/2920/6384 6670/2875/6330
f 6726/2920/6384 6798/2967/6455 6787/2961/6445 6666/2871/6324
f 6787/2961/6445 6798/2967/6455 6714/2909/6371 6563/2795/6221
f 6720/2915/6377 6799/2968/6456 6786/2964/6443 6556/2816/6213
f 6786/2964/6443 6799/2968/6456 6723/2917/6381 6649/2849/6309
f 6723/2917/6381 6799/2968/6456 6792/2965/6450 6644/2858/6302
f 6792/2965/6450 6799/2968/6456 6720/2915/6377 6605/2817/6263
f 6740/2909/6397 6800/2967/6457 6794/2960/6451 6607/2794/6264
f 6794/2960/6451 6800/2967/6457 6748/2935/6407 6640/2854/6300
f 6748/2935/6407 6800/2967/6457 6781/2961/6439 6638/2852/6296
f 6781/2961/6439 6800/2967/6457 6740/2909/6397 6545/2795/6203
f 6746/2915/6403 6801/2968/6458 6780/2964/6437 6538/2816/6195
f 6780/2964/6437 6801/2968/6458 6802/2969/6459 6626/2849/6286
f 6802/2969/6459 6801/2968/6458 6795/2965/6453 6674/2879/6332
f 6795/2965/6453 6801/2968/6458 6746/2915/6403 6612/2817/6270
f 6639/2853/6295 6803/2970/6460 6750/2937/6405 6638/2852/6296
f 6750/2937/6405 6803/2970/6460 6757/2944/6415 6741/2931/6401
f 6757/2944/6415 6803/2970/6460 6639/2853/6295 6576/2813/6234
f 6752/2939/6410 6804/2971/6461 6802/2969/6459 6674/2879/6332
f 6802/2969/6459 6804/2971/6461 6629/2825/6283 6626/2849/6286
f 6629/2825/6283 6804/2971/6461 6527/2784/6181 6524/2781/6184
f 6527/2784/6181 6804/2971/6461 6752/2939/6410 6532/2788/6189
