# Blender 5.0.1
# www.blender.org
mtllib Library4.mtl
g Library4_Library4
v -0.558749 4.205129 -0.257008
v -0.418662 4.140871 0.120427
v 0.516286 4.365522 -0.628706
v 0.656373 4.301264 -0.251271
v -0.965877 4.473174 -0.462321
v 1.115304 4.473174 -0.462321
v -0.965297 4.459885 -0.464188
v -0.965297 4.459885 -0.464188
v -0.804738 4.459885 -0.464188
v -0.399937 4.459885 -0.464188
v 0.549365 4.459885 -0.464188
v 0.954165 4.459885 -0.464188
v 1.114725 4.459885 -0.464188
v 1.114725 4.459885 -0.464188
v -0.965297 4.464194 -0.472293
v -0.965297 4.464194 -0.472293
v -0.804738 4.464194 -0.472293
v -0.399937 4.464194 -0.472293
v 0.549365 4.464194 -0.472293
v 0.954165 4.464194 -0.472293
v 1.114725 4.464194 -0.472293
v 1.114725 4.464194 -0.472293
v -0.965297 4.472705 -0.475732
v -0.965297 4.472705 -0.475732
v -0.804738 4.472705 -0.475732
v -0.399937 4.472705 -0.475732
v 0.549365 4.472705 -0.475732
v 0.954165 4.472705 -0.475732
v 1.114725 4.472705 -0.475732
v 1.114725 4.472705 -0.475732
v -0.965297 4.481435 -0.472895
v -0.965297 4.481435 -0.472895
v -0.804738 4.481435 -0.472895
v -0.399937 4.481435 -0.472895
v 0.549365 4.481435 -0.472895
v 0.954165 4.481435 -0.472895
v 1.114725 4.481435 -0.472895
v 1.114725 4.481435 -0.472895
v -0.965297 4.486300 -0.465111
v -0.965297 4.486300 -0.465111
v -0.804738 4.486300 -0.465111
v -0.399937 4.486300 -0.465111
v 0.549365 4.486300 -0.465111
v 0.954165 4.486300 -0.465111
v 1.114725 4.486300 -0.465111
v 1.114725 4.486300 -0.465111
v -0.965297 4.485022 -0.456021
v -0.965297 4.485022 -0.456021
v -0.804738 4.485022 -0.456021
v -0.399937 4.485022 -0.456021
v 0.549365 4.485022 -0.456021
v 0.954165 4.485022 -0.456021
v 1.114725 4.485022 -0.456021
v 1.114725 4.485022 -0.456021
v -0.965297 4.478200 -0.449879
v -0.965297 4.478200 -0.449879
v -0.804738 4.478200 -0.449879
v -0.399937 4.478200 -0.449879
v 0.549365 4.478200 -0.449879
v 0.954165 4.478200 -0.449879
v 1.114725 4.478200 -0.449879
v 1.114725 4.478200 -0.449879
v -0.965297 4.469027 -0.449558
v -0.965297 4.469027 -0.449558
v -0.804738 4.469027 -0.449558
v -0.399937 4.469027 -0.449558
v 0.549365 4.469027 -0.449558
v 0.954165 4.469027 -0.449558
v 1.114725 4.469027 -0.449558
v 1.114725 4.469027 -0.449558
v -0.965297 4.461793 -0.455210
v -0.965297 4.461793 -0.455210
v -0.804738 4.461793 -0.455210
v -0.399937 4.461793 -0.455210
v 0.549365 4.461793 -0.455210
v 0.954165 4.461793 -0.455210
v 1.114725 4.461793 -0.455210
v 1.114725 4.461793 -0.455210
v -0.965297 4.462511 -0.463819
v -0.965297 4.465969 -0.470323
v -0.965297 4.472798 -0.473082
v -0.965297 4.479803 -0.470806
v -0.965297 4.483706 -0.464559
v -0.965297 4.482681 -0.457266
v -0.965297 4.477207 -0.452337
v -0.965297 4.469846 -0.452080
v -0.965297 4.464042 -0.456615
v 1.114725 4.462511 -0.463819
v 1.114725 4.465969 -0.470323
v 1.114725 4.472798 -0.473082
v 1.114725 4.479803 -0.470806
v 1.114725 4.483706 -0.464559
v 1.114725 4.482681 -0.457266
v 1.114725 4.477207 -0.452337
v 1.114725 4.469846 -0.452080
v 1.114725 4.464042 -0.456615
v -0.960480 4.462511 -0.463819
v -0.960480 4.465969 -0.470323
v -0.960480 4.472798 -0.473082
v -0.960480 4.479803 -0.470806
v -0.960480 4.483706 -0.464559
v -0.960480 4.482681 -0.457266
v -0.960480 4.477207 -0.452337
v -0.960480 4.469846 -0.452080
v -0.960480 4.464042 -0.456615
v 1.109907 4.462511 -0.463819
v 1.109907 4.465969 -0.470323
v 1.109907 4.472798 -0.473082
v 1.109907 4.479803 -0.470806
v 1.109907 4.483706 -0.464559
v 1.109907 4.482681 -0.457266
v 1.109907 4.477207 -0.452337
v 1.109907 4.469846 -0.452080
v 1.109907 4.464042 -0.456615
v -0.960480 4.463824 -0.463635
v -0.960480 4.466856 -0.469337
v -0.960480 4.472844 -0.471757
v -0.960480 4.478986 -0.469761
v -0.960480 4.482409 -0.464284
v -0.960480 4.481510 -0.457888
v -0.960480 4.476710 -0.453566
v -0.960480 4.470256 -0.453341
v -0.960480 4.465167 -0.457317
v 1.109907 4.463824 -0.463635
v 1.109907 4.466856 -0.469337
v 1.109907 4.472844 -0.471757
v 1.109907 4.478986 -0.469761
v 1.109907 4.482409 -0.464284
v 1.109907 4.481510 -0.457888
v 1.109907 4.476710 -0.453566
v 1.109907 4.470256 -0.453341
v 1.109907 4.465167 -0.457317
v -0.965877 4.466012 -0.463327
v -0.965877 4.468334 -0.467695
v -0.965877 4.472921 -0.469548
v -0.965877 4.477626 -0.468020
v -0.965877 4.480247 -0.463824
v -0.965877 4.479559 -0.458925
v -0.965877 4.475883 -0.455615
v -0.965877 4.470939 -0.455442
v -0.965877 4.467040 -0.458488
v 1.115304 4.466012 -0.463327
v 1.115304 4.468334 -0.467695
v 1.115304 4.472921 -0.469548
v 1.115304 4.477626 -0.468020
v 1.115304 4.480247 -0.463824
v 1.115304 4.479559 -0.458925
v 1.115304 4.475883 -0.455615
v 1.115304 4.470939 -0.455442
v 1.115304 4.467040 -0.458488
v -0.802342 4.459885 -0.464188
v -0.802342 4.464194 -0.472293
v -0.802342 4.472705 -0.475732
v -0.802342 4.481435 -0.472895
v -0.802342 4.486300 -0.465111
v -0.802342 4.485022 -0.456021
v -0.802342 4.478200 -0.449879
v -0.802342 4.469027 -0.449558
v -0.802342 4.461793 -0.455210
v -0.397139 4.459885 -0.464188
v 0.545738 4.459885 -0.464188
v -0.397139 4.464194 -0.472293
v 0.545738 4.464194 -0.472293
v -0.397139 4.472705 -0.475732
v 0.545738 4.472705 -0.475732
v -0.397139 4.481435 -0.472895
v 0.545738 4.481435 -0.472895
v -0.397139 4.486300 -0.465111
v 0.545738 4.486300 -0.465111
v -0.397139 4.485022 -0.456021
v 0.545738 4.485022 -0.456021
v -0.397139 4.478200 -0.449879
v 0.545738 4.478200 -0.449879
v -0.397139 4.469027 -0.449558
v 0.545738 4.469027 -0.449558
v -0.397139 4.461793 -0.455210
v 0.545738 4.461793 -0.455210
v 0.951230 4.459885 -0.464188
v 0.951230 4.464194 -0.472293
v 0.951230 4.472705 -0.475732
v 0.951230 4.481435 -0.472895
v 0.951230 4.486300 -0.465111
v 0.951230 4.485022 -0.456021
v 0.951230 4.478200 -0.449879
v 0.951230 4.469027 -0.449558
v 0.951230 4.461793 -0.455210
v -0.965297 4.459330 -0.464273
v -0.804738 4.459330 -0.464273
v -0.399937 4.459330 -0.464273
v 0.549365 4.459330 -0.464273
v 0.954165 4.459330 -0.464273
v 1.114725 4.459330 -0.464273
v -0.965297 4.460444 -0.472306
v -0.804738 4.460444 -0.472306
v -0.399937 4.460444 -0.472306
v 0.549365 4.460444 -0.472306
v 0.954165 4.460444 -0.472306
v 1.114725 4.460444 -0.472306
v -0.802342 4.459330 -0.464273
v -0.802342 4.460444 -0.472306
v -0.397139 4.459330 -0.464273
v 0.545738 4.459330 -0.464273
v -0.397139 4.460444 -0.472306
v 0.545738 4.460444 -0.472306
v 0.951230 4.459330 -0.464273
v 0.951230 4.460444 -0.472306
v -0.965297 4.472124 -0.529625
v -0.804738 4.472124 -0.529625
v -0.399937 4.472124 -0.529625
v 0.549365 4.472124 -0.529625
v 0.954165 4.472124 -0.529625
v 1.114725 4.472124 -0.529625
v -0.802342 4.472124 -0.529625
v -0.397139 4.472124 -0.529625
v 0.545738 4.472124 -0.529625
v 0.951230 4.472124 -0.529625
v -0.965297 4.468613 -0.530115
v -0.804738 4.468613 -0.530115
v -0.399937 4.468613 -0.530115
v 0.549365 4.468613 -0.530115
v 0.954165 4.468613 -0.530115
v 1.114725 4.468613 -0.530115
v -0.802342 4.468613 -0.530115
v -0.397139 4.468613 -0.530115
v 0.545738 4.468613 -0.530115
v 0.951230 4.468613 -0.530115
v -0.963460 4.472411 -0.531682
v -0.803184 4.472411 -0.531682
v -0.399099 4.472411 -0.531682
v 0.548526 4.472411 -0.531682
v 0.952611 4.472411 -0.531682
v 1.112887 4.472411 -0.531682
v -0.800793 4.472411 -0.531682
v -0.396305 4.472411 -0.531682
v 0.544906 4.472411 -0.531682
v 0.949682 4.472411 -0.531682
v -0.963460 4.468900 -0.532172
v -0.803184 4.468900 -0.532172
v -0.399099 4.468900 -0.532172
v 0.548526 4.468900 -0.532172
v 0.952611 4.468900 -0.532172
v 1.112887 4.468900 -0.532172
v -0.800793 4.468900 -0.532172
v -0.396305 4.468900 -0.532172
v 0.544906 4.468900 -0.532172
v 0.949682 4.468900 -0.532172
v -1.242563 4.043434 1.899418
v -0.552635 4.179624 -0.151005
v -0.552635 4.179624 -0.174827
v -0.552635 4.043434 1.899418
v 0.680714 4.043434 1.899418
v 0.680714 4.179624 -0.151005
v 0.680714 4.179624 -0.174827
v 1.370642 4.043434 1.899418
v -0.552635 4.274721 -0.151005
v -0.552635 4.274721 -0.174827
v 1.370642 4.078628 1.649000
v 1.370642 4.296766 0.096865
v 1.370642 4.369926 -0.423697
v 1.370642 4.399020 -0.630712
v 1.159688 4.399020 -0.630712
v 0.680714 4.399020 -0.630712
v -0.552635 4.399020 -0.630712
v -1.031610 4.399020 -0.630712
v -1.242563 4.399020 -0.630712
v -1.242563 4.369926 -0.423697
v -1.242563 4.296766 0.096865
v -1.242563 4.078628 1.649000
v 0.680714 4.274721 -0.151005
v 0.680714 4.274721 -0.174827
v -1.031608 4.141211 1.800465
v -1.031610 4.160873 1.660559
v -1.031610 4.380633 0.096884
v -1.031610 4.453786 -0.423623
v -0.552635 4.141211 1.800465
v -0.552635 4.160873 1.660559
v -0.552635 4.380633 0.096884
v -0.557922 4.448818 -0.418247
v 0.680714 4.141211 1.800465
v 0.680714 4.160873 1.660559
v 0.680714 4.380633 0.096884
v 0.685820 4.448818 -0.418247
v 1.159682 4.141211 1.800465
v 1.159688 4.160873 1.660559
v 1.159688 4.380633 0.096884
v 1.159688 4.453786 -0.423623
v -1.031610 4.369926 -0.423697
v -1.031610 4.296766 0.096865
v -1.031610 4.078628 1.649000
v -1.031610 4.057520 1.799187
v -0.552635 4.369926 -0.423697
v -0.552635 4.057520 1.799187
v 0.680714 4.369926 -0.423697
v 0.680714 4.057520 1.799187
v 1.159688 4.369926 -0.423697
v 1.159688 4.296766 0.096865
v 1.159688 4.078628 1.649000
v 1.159688 4.057520 1.799187
v 1.278853 4.141211 1.800465
v 1.278853 4.145412 1.770568
v -1.150775 4.145412 1.770568
v -1.150775 4.141211 1.800465
v -0.552635 4.179624 0.089214
v -1.031608 4.145412 1.770568
v -0.552635 4.179624 -0.417709
v -0.552635 4.145412 1.770568
v 0.680714 4.179624 0.089214
v 0.680714 4.145412 1.770568
v 0.680714 4.179624 -0.417709
v 1.159682 4.145412 1.770568
v 1.266907 4.169344 1.800197
v 1.266907 4.172383 1.778581
v -1.138829 4.172383 1.778581
v -1.138829 4.169344 1.800197
v -1.031608 4.169344 1.800197
v -1.031608 4.172383 1.778581
v -0.552635 4.169344 1.800197
v -0.552635 4.172383 1.778581
v 0.680714 4.169344 1.800197
v 0.680714 4.172383 1.778581
v 1.159682 4.169344 1.800197
v 1.159682 4.172383 1.778581
v -1.024135 4.377062 0.089234
v -1.024135 4.448306 -0.417694
v -0.552635 4.377062 0.089234
v -0.552635 4.448306 -0.417694
v 0.680714 4.377062 0.089234
v 0.680714 4.448306 -0.417694
v 1.152214 4.377062 0.089234
v 1.152214 4.448306 -0.417694
v -1.024135 4.295484 0.089214
v -1.024135 4.295484 -0.417709
v -0.552635 4.295484 0.089214
v -0.552635 4.295484 -0.417709
v 0.680714 4.295484 0.089214
v 0.680714 4.295484 -0.417709
v 1.152214 4.295484 0.089214
v 1.152214 4.295484 -0.417709
v -0.608236 4.295484 -0.164260
v -0.699750 4.295484 -0.322766
v -0.882776 4.295484 -0.322766
v -0.699750 4.295484 -0.005754
v 0.747353 4.295484 -0.226859
v 0.736315 4.295484 -0.164260
v 1.010855 4.295484 -0.322766
v 1.059548 4.295484 -0.281907
v 1.091331 4.295484 -0.226859
v 1.010855 4.295484 -0.005754
v 0.887559 4.295484 0.015986
v 0.827828 4.295484 -0.005754
v 0.747353 4.295484 -0.101661
v -0.791263 4.131437 -0.164575
v -0.613544 4.131437 -0.164575
v -0.624262 4.131187 -0.225393
v -0.655122 4.130967 -0.278876
v -0.702404 4.130804 -0.318573
v -0.760403 4.130717 -0.339695
v -0.822124 4.130717 -0.339695
v -0.880123 4.130804 -0.318573
v -0.927404 4.130967 -0.278876
v -0.958264 4.131187 -0.225393
v -0.968982 4.131437 -0.164575
v -0.958264 4.131687 -0.103756
v -0.927404 4.131907 -0.050273
v -0.880123 4.132071 -0.010576
v -0.822124 4.132157 0.010546
v -0.760403 4.132157 0.010546
v -0.702404 4.132071 -0.010576
v -0.655122 4.131907 -0.050273
v -0.624262 4.131687 -0.103756
v 0.919341 4.131446 -0.164640
v 0.742721 4.131446 -0.164640
v 0.753372 4.131144 -0.225090
v 0.784042 4.130878 -0.278249
v 0.831031 4.130682 -0.317705
v 0.888672 4.130577 -0.338699
v 0.950011 4.130577 -0.338699
v 1.007652 4.130682 -0.317705
v 1.054641 4.130878 -0.278249
v 1.085311 4.131144 -0.225090
v 1.095962 4.131446 -0.164640
v 1.085311 4.131748 -0.104189
v 1.054641 4.132014 -0.051030
v 1.007652 4.132211 -0.011574
v 0.950011 4.132316 0.009420
v 0.888672 4.132316 0.009420
v 0.831031 4.132211 -0.011574
v 0.784042 4.132014 -0.051030
v 0.753372 4.131748 -0.104189
v -0.619274 4.295484 -0.226859
v -0.651056 4.295484 -0.281907
v -0.759481 4.295484 -0.344506
v -0.823045 4.295484 -0.344506
v -0.931470 4.295484 -0.281907
v -0.963252 4.295484 -0.226859
v -0.974290 4.295484 -0.164260
v -0.963252 4.295484 -0.101661
v -0.931470 4.295484 -0.046613
v -0.882776 4.295484 -0.005754
v -0.823045 4.295484 0.015986
v -0.759481 4.295484 0.015986
v -0.651056 4.295484 -0.046613
v -0.619274 4.295484 -0.101661
v 0.779135 4.295484 -0.281907
v 0.827828 4.295484 -0.322766
v 0.887559 4.295484 -0.344506
v 0.951124 4.295484 -0.344506
v 1.102368 4.295484 -0.164260
v 1.091331 4.295484 -0.101661
v 1.059548 4.295484 -0.046613
v 0.951124 4.295484 0.015986
v 0.779135 4.295484 -0.046613
v 0.784042 4.289223 -0.050271
v 0.753372 4.288958 -0.103430
v -0.624262 4.288414 -0.224764
v -0.613544 4.288665 -0.163946
v 0.950011 4.289525 0.010179
v 0.888672 4.289525 0.010179
v -0.655122 4.288195 -0.278247
v 0.831031 4.289420 -0.010815
v -0.702404 4.288031 -0.317944
v -0.760403 4.287944 -0.339066
v -0.822124 4.287944 -0.339066
v 0.742721 4.288655 -0.163881
v -0.880123 4.288031 -0.317944
v -0.927404 4.288195 -0.278247
v -0.958264 4.288414 -0.224764
v -0.968982 4.288665 -0.163946
v -0.958264 4.288915 -0.103127
v -0.927404 4.289135 -0.049644
v -0.880123 4.289298 -0.009948
v -0.822124 4.289385 0.011174
v -0.760403 4.289385 0.011174
v -0.702404 4.289298 -0.009948
v -0.655122 4.289135 -0.049644
v -0.624262 4.288915 -0.103127
v 0.753372 4.288353 -0.224331
v 0.784042 4.288088 -0.277490
v 0.831031 4.287891 -0.316946
v 0.888672 4.287786 -0.337941
v 0.950011 4.287786 -0.337941
v 1.007652 4.287891 -0.316946
v 1.054641 4.288088 -0.277490
v 1.085311 4.288353 -0.224331
v 1.095962 4.288655 -0.163881
v 1.085311 4.288958 -0.103430
v 1.054641 4.289223 -0.050271
v 1.007652 4.289420 -0.010815
v -1.239485 4.160871 1.660575
v 1.159688 4.480247 -0.618386
v -1.241662 4.480247 -0.618386
v -1.242563 4.157825 1.660131
v -1.242563 4.122631 1.910548
v -0.552635 4.122631 1.910548
v -0.552635 4.126153 1.907605
v 0.680714 4.122631 1.910548
v 0.680714 4.126153 1.907605
v 1.367572 4.126153 1.907605
v -1.241662 4.452876 -0.423624
v 1.367563 4.160873 1.660559
v 1.370642 4.122631 1.910548
v 1.370642 4.157825 1.660131
v 1.370642 4.377525 0.096883
v -1.031610 4.478218 -0.619582
v 1.367563 4.380633 0.096884
v 0.680714 4.480837 -0.616105
v 1.370642 4.450678 -0.423626
v 1.159688 4.478218 -0.619582
v 1.367563 4.480837 -0.616105
v 1.367563 4.453786 -0.423623
v 1.159688 4.480837 -0.616105
v 1.370642 4.478218 -0.619582
v 0.680714 4.478218 -0.619582
v -0.552635 4.478218 -0.619582
v -1.242563 4.450678 -0.423626
v -0.552635 4.480837 -0.616105
v -1.242563 4.478218 -0.619582
v -1.239485 4.480837 -0.616105
v -1.031610 4.480837 -0.616105
v -1.239485 4.453786 -0.423623
v -1.242563 4.377525 0.096883
v 1.369740 4.452876 -0.423624
v -1.239485 4.380633 0.096884
v -1.241687 4.159930 1.660434
v 0.680714 4.480247 -0.618386
v 1.369740 4.480247 -0.618386
v -1.239486 4.126154 1.907599
v -1.241426 4.124876 1.909959
v 0.758742 4.057520 1.799187
v -0.552635 4.124877 1.909953
v 0.680714 4.124877 1.909953
v -1.241662 4.379723 0.096884
v 1.369482 4.124876 1.909959
v -1.031610 4.480247 -0.618386
v 1.369766 4.159930 1.660434
v 1.369740 4.379723 0.096884
v -0.552635 4.480247 -0.618386
v 1.370642 4.434236 -0.423660
v -1.242563 4.434236 -0.423660
v -0.552635 4.434236 -0.417698
v -1.024135 4.434236 -0.417698
v 0.680714 4.434236 -0.417698
v 1.152214 4.434236 -0.417698
v -1.031610 4.459987 -0.467746
v -0.557922 4.455856 -0.468327
v 0.685820 4.455856 -0.468327
v 1.159688 4.459987 -0.467746
v 1.097988 4.459987 -0.467746
v 1.096639 4.295484 -0.397478
v 1.087993 4.455856 -0.468327
v 1.092234 4.459987 -0.467746
v 1.087993 4.448818 -0.418247
v 1.092234 4.453786 -0.423623
v 1.079527 4.480837 -0.616105
v 1.092234 4.480837 -0.616105
v -0.944125 4.459987 -0.467746
v -0.938521 4.455856 -0.468327
v -0.944125 4.453786 -0.423623
v -0.938521 4.448818 -0.418247
v -0.930054 4.480837 -0.616105
v -0.944125 4.480837 -0.616105
v 1.037263 4.476203 -0.500143
v 1.062468 4.467737 -0.501333
v 1.059091 4.469491 -0.513812
v 1.049865 4.470775 -0.522948
v 1.037263 4.471245 -0.526292
v 1.024661 4.470775 -0.522948
v 1.015435 4.469491 -0.513812
v 1.012058 4.467737 -0.501333
v 1.015435 4.465983 -0.488853
v 1.024661 4.464699 -0.479717
v 1.037263 4.464230 -0.476373
v 1.049865 4.464699 -0.479717
v 1.059091 4.465983 -0.488853
v 1.059091 4.471970 -0.500738
v 1.056167 4.473489 -0.511546
v 1.048177 4.474601 -0.519457
v 1.037263 4.475008 -0.522353
v 1.026349 4.474601 -0.519457
v 1.018360 4.473489 -0.511546
v 1.015435 4.471970 -0.500738
v 1.018360 4.470451 -0.489930
v 1.026349 4.469339 -0.482018
v 1.037263 4.468932 -0.479122
v 1.048177 4.469339 -0.482018
v 1.056167 4.470451 -0.489930
v 1.049865 4.475069 -0.500302
v 1.048177 4.475946 -0.506542
v 1.043564 4.476588 -0.511110
v 1.037263 4.476823 -0.512782
v 1.030962 4.476588 -0.511110
v 1.026349 4.475946 -0.506542
v 1.024661 4.475069 -0.500302
v 1.026349 4.474192 -0.494062
v 1.030962 4.473550 -0.489495
v 1.037263 4.473315 -0.487823
v 1.043564 4.473550 -0.489495
v 1.048177 4.474192 -0.494062
v 0.711085 4.476203 -0.500143
v 0.726682 4.464982 -0.481726
v 0.734492 4.466436 -0.492076
v 0.736030 4.468239 -0.504906
v 0.730884 4.469908 -0.516778
v 0.720433 4.470995 -0.524512
v 0.707477 4.471209 -0.526035
v 0.695488 4.470493 -0.520939
v 0.687678 4.469038 -0.510590
v 0.686140 4.467235 -0.497760
v 0.691286 4.465567 -0.485887
v 0.701737 4.464479 -0.478153
v 0.714693 4.464265 -0.476630
v 0.724593 4.469584 -0.483758
v 0.731356 4.470844 -0.492721
v 0.732688 4.472405 -0.503832
v 0.728231 4.473850 -0.514114
v 0.719180 4.474792 -0.520812
v 0.707960 4.474977 -0.522131
v 0.697577 4.474357 -0.517717
v 0.690814 4.473097 -0.508754
v 0.689482 4.471535 -0.497643
v 0.693938 4.470090 -0.487362
v 0.702990 4.469149 -0.480664
v 0.714210 4.468964 -0.479345
v 0.718884 4.473691 -0.490499
v 0.722789 4.474419 -0.495674
v 0.723558 4.475320 -0.502089
v 0.720985 4.476154 -0.508025
v 0.715759 4.476698 -0.511892
v 0.709281 4.476805 -0.512653
v 0.703286 4.476447 -0.510105
v 0.699381 4.475719 -0.504931
v 0.698612 4.474818 -0.498516
v 0.701185 4.473984 -0.492580
v 0.706411 4.473440 -0.488713
v 0.712889 4.473333 -0.487951
v 0.397344 4.476203 -0.500143
v 0.420777 4.469029 -0.510527
v 0.412995 4.470487 -0.520897
v 0.401020 4.471208 -0.526025
v 0.388060 4.470998 -0.524537
v 0.377587 4.469915 -0.516831
v 0.372409 4.468249 -0.504973
v 0.373912 4.466445 -0.492139
v 0.381693 4.464988 -0.481768
v 0.393669 4.464267 -0.476640
v 0.406629 4.464476 -0.478128
v 0.417101 4.465559 -0.485834
v 0.422280 4.467226 -0.497693
v 0.417637 4.473089 -0.508700
v 0.410898 4.474351 -0.517681
v 0.400527 4.474976 -0.522122
v 0.389304 4.474794 -0.520833
v 0.380234 4.473856 -0.514160
v 0.375750 4.472413 -0.503890
v 0.377051 4.470851 -0.492775
v 0.383790 4.469589 -0.483794
v 0.394161 4.468965 -0.479353
v 0.405385 4.469146 -0.480642
v 0.414454 4.470084 -0.487316
v 0.418939 4.471527 -0.497586
v 0.409060 4.475715 -0.504899
v 0.405170 4.476444 -0.510085
v 0.399182 4.476804 -0.512649
v 0.392702 4.476700 -0.511904
v 0.387466 4.476158 -0.508052
v 0.384877 4.475325 -0.502122
v 0.385628 4.474423 -0.495705
v 0.389519 4.473694 -0.490520
v 0.395506 4.473334 -0.487956
v 0.401986 4.473438 -0.488700
v 0.407223 4.473980 -0.492553
v 0.409812 4.474813 -0.498482
v 0.073223 4.476203 -0.500143
v 0.067736 4.471161 -0.525694
v 0.056171 4.470320 -0.519713
v 0.049175 4.468788 -0.508808
v 0.048623 4.466974 -0.495899
v 0.054662 4.465364 -0.484447
v 0.065675 4.464390 -0.477519
v 0.078710 4.464314 -0.476972
v 0.090275 4.465154 -0.482952
v 0.097271 4.466687 -0.493858
v 0.097823 4.468501 -0.506766
v 0.091784 4.470110 -0.518219
v 0.080772 4.471084 -0.525147
v 0.068471 4.474935 -0.521835
v 0.058456 4.474207 -0.516656
v 0.052397 4.472880 -0.507211
v 0.051919 4.471309 -0.496032
v 0.057149 4.469915 -0.486114
v 0.066686 4.469072 -0.480114
v 0.077975 4.469005 -0.479641
v 0.087990 4.469733 -0.484820
v 0.094049 4.471060 -0.494264
v 0.094528 4.472631 -0.505443
v 0.089297 4.474025 -0.515361
v 0.079760 4.474869 -0.521361
v 0.070480 4.476781 -0.512483
v 0.064697 4.476361 -0.509492
v 0.061199 4.475595 -0.504040
v 0.060923 4.474687 -0.497586
v 0.063943 4.473883 -0.491859
v 0.069449 4.473396 -0.488395
v 0.075967 4.473357 -0.488122
v 0.081749 4.473777 -0.491112
v 0.085247 4.474544 -0.496565
v 0.085523 4.475451 -0.503019
v 0.082504 4.476255 -0.508745
v 0.076997 4.476742 -0.512209
v -0.252285 4.476203 -0.500143
v -0.265322 4.464735 -0.479972
v -0.252790 4.464230 -0.476378
v -0.240123 4.464665 -0.479471
v -0.230714 4.465923 -0.488422
v -0.227085 4.467667 -0.500832
v -0.230208 4.469430 -0.513376
v -0.239247 4.470739 -0.522694
v -0.251779 4.471244 -0.526287
v -0.264447 4.470809 -0.523194
v -0.273856 4.469552 -0.514243
v -0.277484 4.467808 -0.501833
v -0.274361 4.466044 -0.489289
v -0.263576 4.469370 -0.482239
v -0.252723 4.468933 -0.479127
v -0.241752 4.469309 -0.481805
v -0.233604 4.470399 -0.489557
v -0.230461 4.471910 -0.500304
v -0.233166 4.473436 -0.511168
v -0.240994 4.474570 -0.519237
v -0.251847 4.475008 -0.522349
v -0.262817 4.474631 -0.519670
v -0.270966 4.473542 -0.511919
v -0.274108 4.472031 -0.501171
v -0.271403 4.470504 -0.490308
v -0.258804 4.473568 -0.489622
v -0.252537 4.473316 -0.487825
v -0.246204 4.473533 -0.489372
v -0.241499 4.474162 -0.493847
v -0.239685 4.475034 -0.500052
v -0.241247 4.475915 -0.506324
v -0.245766 4.476570 -0.510983
v -0.252032 4.476822 -0.512779
v -0.258366 4.476605 -0.511233
v -0.263070 4.475976 -0.506758
v -0.264885 4.475104 -0.500553
v -0.263323 4.474223 -0.494280
v -0.566226 4.476203 -0.500143
v -0.542206 4.466674 -0.493771
v -0.541606 4.468488 -0.506677
v -0.547603 4.470101 -0.518152
v -0.558590 4.471080 -0.525119
v -0.571623 4.471164 -0.525713
v -0.583210 4.470329 -0.519774
v -0.590246 4.468800 -0.508894
v -0.590846 4.466986 -0.495988
v -0.584849 4.465374 -0.484514
v -0.573862 4.464394 -0.477546
v -0.560829 4.464311 -0.476952
v -0.549242 4.465146 -0.482891
v -0.545424 4.471050 -0.494189
v -0.544905 4.472621 -0.505366
v -0.550098 4.474017 -0.515303
v -0.559613 4.474865 -0.521337
v -0.570900 4.474937 -0.521852
v -0.580935 4.474215 -0.516709
v -0.587028 4.472890 -0.507286
v -0.587548 4.471320 -0.496109
v -0.582354 4.469923 -0.486172
v -0.572839 4.469075 -0.480138
v -0.561552 4.469003 -0.479624
v -0.551517 4.469726 -0.484767
v -0.554216 4.474538 -0.496521
v -0.553916 4.475445 -0.502975
v -0.556915 4.476251 -0.508712
v -0.562408 4.476740 -0.512196
v -0.568925 4.476782 -0.512493
v -0.574718 4.476365 -0.509523
v -0.578236 4.475600 -0.504083
v -0.578536 4.474693 -0.497630
v -0.575538 4.473887 -0.491893
v -0.570044 4.473398 -0.488409
v -0.563528 4.473356 -0.488112
v -0.557734 4.473773 -0.491081
v -0.890265 4.476203 -0.500143
v -0.875532 4.470583 -0.521584
v -0.887731 4.471227 -0.526166
v -0.900609 4.470936 -0.524093
v -0.910716 4.469788 -0.515923
v -0.915342 4.468090 -0.503842
v -0.913250 4.466298 -0.491090
v -0.904999 4.464891 -0.481082
v -0.892800 4.464247 -0.476500
v -0.879922 4.464539 -0.478572
v -0.869815 4.465687 -0.486743
v -0.865188 4.467384 -0.498823
v -0.867281 4.469177 -0.511576
v -0.877506 4.474435 -0.518276
v -0.888071 4.474993 -0.522244
v -0.899223 4.474741 -0.520449
v -0.907976 4.473746 -0.513373
v -0.911983 4.472276 -0.502911
v -0.910170 4.470724 -0.491867
v -0.903025 4.469505 -0.483200
v -0.892460 4.468948 -0.479232
v -0.881307 4.469200 -0.481026
v -0.872555 4.470194 -0.488103
v -0.868548 4.471665 -0.498564
v -0.870360 4.473217 -0.509609
v -0.882899 4.476492 -0.510428
v -0.888998 4.476814 -0.512719
v -0.895437 4.476668 -0.511683
v -0.900490 4.476094 -0.507597
v -0.902804 4.475245 -0.501557
v -0.901758 4.474349 -0.495181
v -0.897632 4.473646 -0.490177
v -0.891532 4.473324 -0.487886
v -0.885094 4.473470 -0.488922
v -0.880040 4.474044 -0.493007
v -0.877727 4.474893 -0.499047
v -0.878773 4.475789 -0.505424
v -1.048097 4.237020 1.127568
v -0.014818 4.256278 0.990546
v -1.155071 4.348197 0.336505
v -0.121792 4.367455 0.199483
v -1.116291 5.044405 -0.621833
v 1.258731 5.044405 -0.621833
v 1.258731 4.491937 -0.452713
v -1.116291 4.491937 -0.452713
v -1.116291 5.047160 -0.627019
v 1.258731 5.047160 -0.627019
v 1.262883 5.043189 -0.625804
v 1.262883 4.490721 -0.456684
v 1.258731 4.486750 -0.455469
v -1.116291 4.486750 -0.455469
v -1.120444 4.490721 -0.456684
v -1.120444 5.043189 -0.625804
v -1.116291 5.037437 -0.658786
v 1.258731 5.037437 -0.658786
v 1.262883 5.033466 -0.657570
v 1.262883 4.480998 -0.488451
v 1.258731 4.477027 -0.487235
v -1.116291 4.477027 -0.487235
v -1.120444 4.480998 -0.488451
v -1.120444 5.033466 -0.657570
v -1.116291 5.032251 -0.661541
v 1.258731 5.032251 -0.661541
v 1.258731 4.479783 -0.492422
v -1.116291 4.479783 -0.492422
v -1.024874 5.013035 -0.612231
v 1.167314 5.013035 -0.612231
v 1.167314 4.531641 -0.464890
v -1.024874 4.531641 -0.464890
v -1.024874 5.020570 -0.587612
v 1.167314 5.020570 -0.587612
v 1.167314 4.539176 -0.440271
v -1.024874 4.539176 -0.440271
v -0.997882 4.994760 -0.579712
v 1.140321 4.994760 -0.579712
v 1.140321 4.561850 -0.447211
v -0.997882 4.561850 -0.447211
v -0.997882 4.980053 -0.627760
v 1.140321 4.980053 -0.627760
v 1.140321 4.547144 -0.495259
v -0.997882 4.547144 -0.495259
v 0.023514 4.891245 -0.602375
v -0.548060 4.255477 -0.301095
v 0.037143 4.754630 -0.533857
v -0.462803 4.194804 -0.268473
v 0.734139 4.382502 -0.328953
v 0.664837 4.304899 -0.292166
v 0.023358 4.894032 -0.596806
v -0.548214 4.258256 -0.295523
v 0.036989 4.757409 -0.528285
v -0.462957 4.197583 -0.262900
v 0.733985 4.385281 -0.323381
v 0.664683 4.307678 -0.286593
v 1.177724 4.284704 0.774135
v 1.177724 4.288762 0.774705
v 1.129340 4.295781 0.695318
v 1.203762 4.290592 0.732242
v 1.203762 4.294649 0.732813
v 1.129340 4.299341 0.695818
v 1.142292 4.300331 0.662943
v 1.222058 4.297019 0.686509
v 1.222058 4.301077 0.687079
v 1.142292 4.303891 0.663443
v 1.149370 4.305125 0.628833
v 1.232057 4.303791 0.638324
v 1.232057 4.307849 0.638894
v 1.149370 4.308685 0.629333
v 1.150360 4.310017 0.594023
v 1.233454 4.310702 0.589152
v 1.233454 4.314759 0.589722
v 1.150360 4.313577 0.594524
v 1.145230 4.314859 0.559573
v 1.226208 4.317542 0.540487
v 1.226208 4.321599 0.541057
v 1.145230 4.318419 0.560073
v 1.134137 4.319503 0.526528
v 1.210538 4.324102 0.493807
v 1.210538 4.328159 0.494377
v 1.134137 4.323063 0.527028
v 1.117418 4.323809 0.495892
v 1.186921 4.330184 0.450530
v 1.186921 4.334241 0.451101
v 1.117418 4.327368 0.496392
v 1.095581 4.327645 0.468597
v 1.156073 4.335603 0.411973
v 1.156073 4.339660 0.412543
v 1.095581 4.331204 0.469097
v 1.069289 4.330895 0.445472
v 1.118933 4.340194 0.379306
v 1.118933 4.344251 0.379876
v 1.069289 4.334455 0.445972
v 1.039342 4.333460 0.427219
v 1.076629 4.343818 0.353521
v 1.076629 4.347875 0.354091
v 1.039342 4.337020 0.427719
v 1.006649 4.335263 0.414393
v 1.030446 4.346364 0.335403
v 1.030446 4.350421 0.335973
v 1.006649 4.338822 0.414893
v 0.972203 4.336248 0.407383
v 0.981788 4.347755 0.325501
v 0.981788 4.351813 0.326072
v 0.972203 4.339808 0.407883
v 0.937052 4.336386 0.406404
v 0.932133 4.347950 0.324117
v 0.932133 4.352007 0.324688
v 0.937052 4.339945 0.406904
v 0.902263 4.335671 0.411483
v 0.882989 4.346941 0.331293
v 0.882989 4.350999 0.331864
v 0.902263 4.339231 0.411984
v 0.868893 4.334128 0.422468
v 0.835850 4.344761 0.346811
v 0.835850 4.348818 0.347381
v 0.868893 4.337687 0.422969
v 0.837956 4.331801 0.439025
v 0.792149 4.341474 0.370198
v 0.792149 4.345531 0.370769
v 0.837956 4.335361 0.439525
v 0.810393 4.328762 0.460649
v 0.753212 4.337181 0.400746
v 0.753212 4.341238 0.401316
v 0.810393 4.332321 0.461149
v 0.788506 4.325378 0.484723
v 0.720224 4.332012 0.437524
v 0.720224 4.336069 0.438094
v 0.788506 4.328938 0.485224
v 0.690711 4.326484 0.476860
v 0.690711 4.330541 0.477430
v 0.656127 4.320005 0.522953
v 0.656127 4.324063 0.523523
v 0.722470 4.317066 0.573307
v 0.722470 4.313009 0.572737
v 0.950443 4.308633 0.603871
v 0.883938 4.296176 0.692510
v 0.883938 4.300233 0.693080
v 0.950443 4.312193 0.604371
v 1.045876 4.279431 0.811657
v 1.045876 4.283488 0.812227
v 1.112381 4.295448 0.723518
v 1.112381 4.291888 0.723018
v 1.112688 4.272522 0.860815
v 1.112688 4.276580 0.861385
v 1.148211 4.279176 0.813470
v 1.148211 4.283234 0.814041
v 1.172304 4.294349 0.771783
v 1.197892 4.300135 0.730614
v 1.139091 4.304659 0.698419
v 1.215767 4.306414 0.685934
v 1.152617 4.309411 0.664610
v 1.225535 4.313030 0.638859
v 1.160013 4.314420 0.628967
v 1.226900 4.319781 0.590820
v 1.161047 4.319532 0.592593
v 1.219821 4.326463 0.543276
v 1.155687 4.324592 0.556594
v 1.204512 4.332872 0.497671
v 1.144095 4.329444 0.522065
v 1.181439 4.338815 0.455392
v 1.126625 4.333943 0.490052
v 1.151302 4.344109 0.417723
v 1.103807 4.337952 0.461531
v 1.115018 4.348594 0.385808
v 1.076334 4.341348 0.437366
v 1.073688 4.352134 0.360617
v 1.045041 4.344028 0.418293
v 1.028569 4.354622 0.342917
v 1.010879 4.345912 0.404890
v 0.981032 4.355981 0.333243
v 0.974885 4.346941 0.397566
v 0.932521 4.356172 0.331891
v 0.938154 4.347085 0.396543
v 0.884509 4.355186 0.338902
v 0.901802 4.346339 0.401851
v 0.838456 4.353055 0.354062
v 0.866933 4.344726 0.413329
v 0.795762 4.349844 0.376911
v 0.834606 4.342295 0.430629
v 0.757722 4.345650 0.406754
v 0.805821 4.339121 0.453212
v 0.725303 4.340570 0.442897
v 0.772405 4.333758 0.491372
v 0.695961 4.335074 0.482006
v 0.665278 4.329327 0.522900
v 0.726371 4.322873 0.568821
v 0.887839 4.306040 0.688594
v 0.942123 4.316208 0.616243
v 1.049777 4.289295 0.807742
v 1.111842 4.298659 0.741115
v 1.111339 4.282929 0.853037
v 1.142961 4.288852 0.810891
v -1.165158 3.399576 1.848424
v -0.828790 3.399559 1.823508
v -0.828790 3.461858 1.823508
v 0.956868 3.399559 1.823508
v 0.956868 3.461858 1.823508
v 1.293236 3.399576 1.848424
v 1.268320 3.399559 1.636636
v 1.268320 3.456017 1.636636
v 1.268320 3.399559 -0.398184
v 1.268320 3.456017 -0.398184
v 1.293236 3.399576 -0.609971
v 0.956868 3.399559 -0.585055
v 0.956868 3.461858 -0.585055
v -0.828790 3.399559 -0.585055
v -0.828790 3.461858 -0.585055
v -1.165158 3.399576 -0.609971
v -1.140242 3.399559 -0.398184
v -1.140242 3.456017 -0.398184
v -1.140242 3.399559 1.636636
v -1.140242 3.456017 1.636636
v -0.828790 3.399559 -0.398184
v -0.828790 3.399559 1.636636
v 0.956868 3.399559 -0.398184
v 0.956868 3.399559 1.636636
v -0.828790 -0.179817 -0.585055
v -1.140242 -0.179817 -0.585055
v -1.140242 -0.179817 -0.398183
v -0.828790 -0.179817 -0.398183
v 1.268320 -0.179817 -0.398183
v 1.268320 -0.179817 -0.585055
v 0.956868 -0.179817 -0.585055
v 0.956868 -0.179817 -0.398183
v -1.140242 -0.179817 1.823508
v -0.828790 -0.179817 1.823508
v -1.140242 -0.179817 1.636637
v -0.828790 -0.179817 1.636637
v 0.956868 -0.179817 1.823508
v 1.268320 -0.179817 1.823508
v 1.268320 -0.179817 1.636637
v 0.956868 -0.179817 1.636637
v -0.846647 -0.179817 -0.567198
v -1.140242 -0.179817 -0.567198
v -1.140242 -0.179817 -0.416040
v -0.846647 -0.179817 -0.416040
v 1.268320 -0.179817 -0.416040
v 1.268320 -0.179817 -0.567198
v 0.974725 -0.179817 -0.567198
v 0.974725 -0.179817 -0.416040
v -1.140242 -0.179817 1.805651
v -0.846647 -0.179817 1.805651
v -1.140242 -0.179817 1.654493
v -0.846647 -0.179817 1.654493
v 0.974725 -0.179817 1.805651
v 1.268320 -0.179817 1.805651
v 1.268320 -0.179817 1.654493
v 0.974725 -0.179817 1.654493
v -0.846647 -0.222101 -0.567198
v -1.140242 -0.222101 -0.567198
v -1.140242 -0.222101 -0.416040
v -0.846647 -0.222101 -0.416040
v 1.268320 -0.222101 -0.416040
v 1.268320 -0.222101 -0.567198
v 0.974725 -0.222101 -0.567198
v 0.974725 -0.222101 -0.416040
v -1.140242 -0.222101 1.805651
v -0.846647 -0.222101 1.805651
v -1.140242 -0.222101 1.654493
v -0.846647 -0.222101 1.654493
v 0.974725 -0.222101 1.805651
v 1.268320 -0.222101 1.805651
v 1.268320 -0.222101 1.654493
v 0.974725 -0.222101 1.654493
v -0.828790 4.066112 1.823508
v 0.956868 4.066112 1.823508
v 1.268320 4.091529 1.636636
v 1.268320 4.370905 -0.398184
v 0.956868 4.396937 -0.585055
v -0.828790 4.396937 -0.585055
v -1.140242 4.370905 -0.398184
v -1.140242 4.091529 1.636636
v -0.828790 3.399576 1.848424
v -1.165158 3.399576 1.636636
v -1.165158 -0.179817 1.848424
v -0.828790 -0.179817 1.848424
v -1.165158 -0.179817 1.636637
v -1.165158 4.062770 1.848424
v -0.828790 4.062770 1.848424
v -1.165158 4.091529 1.636636
v 0.956868 3.399576 1.848424
v 1.293236 3.399576 1.636636
v 0.956868 -0.179817 1.848424
v 1.293236 -0.179817 1.848424
v 1.293236 -0.179817 1.636637
v 0.956868 4.062770 1.848424
v 1.293236 4.062770 1.848424
v 1.293236 4.091529 1.636636
v 1.293236 3.399576 -0.398184
v 0.956868 3.399576 -0.609971
v 1.293236 -0.179817 -0.398183
v 1.293236 -0.179817 -0.609971
v 0.956868 -0.179817 -0.609971
v 1.293236 4.370905 -0.398184
v 1.293236 4.400112 -0.609971
v 0.956868 4.400112 -0.609971
v -0.828790 3.399576 -0.609971
v -1.165158 3.399576 -0.398184
v -0.828790 -0.179817 -0.609971
v -1.165158 -0.179817 -0.609971
v -1.165158 -0.179817 -0.398183
v -0.828790 4.400112 -0.609971
v -1.165158 4.400112 -0.609971
v -1.165158 4.370905 -0.398184
v -1.057188 0.455909 -0.398183
v -0.911844 0.455909 -0.398183
v -1.057188 0.289802 -0.398183
v -0.911844 0.289802 -0.398183
v 1.185266 0.455909 -0.398183
v 1.039922 0.455909 -0.398183
v 1.185266 0.289802 -0.398183
v 1.039922 0.289802 -0.398183
v -1.057188 0.455909 1.636633
v -0.911844 0.455909 1.636633
v -1.057188 0.289802 1.636633
v -0.911844 0.289802 1.636633
v 1.185266 0.455909 1.636633
v 1.039922 0.455909 1.636633
v 1.185266 0.289802 1.636633
v 1.039922 0.289802 1.636633
v -0.828790 0.459142 -0.567128
v -0.828790 0.459142 -0.441144
v -0.828790 0.176200 -0.567128
v -0.828790 0.176200 -0.441144
v -0.828790 0.459142 1.805582
v -0.828790 0.459142 1.679597
v -0.828790 0.176200 1.805582
v -0.828790 0.176200 1.679597
v 0.956869 0.459142 -0.567128
v 0.956869 0.459142 -0.441144
v 0.956869 0.176200 -0.567128
v 0.956869 0.176200 -0.441144
v 0.956869 0.459142 1.805582
v 0.956869 0.459142 1.679597
v 0.956869 0.176200 1.805582
v 0.956869 0.176200 1.679597
v -0.828790 3.399559 1.834720
v -0.828790 3.461858 1.834720
v 0.956868 3.399559 1.834720
v 0.956868 3.461858 1.834720
v 1.279533 3.399559 1.636636
v 1.279533 3.456017 1.636636
v 1.279533 3.399559 -0.398184
v 1.279533 3.456017 -0.398184
v 0.956868 3.399559 -0.596267
v 0.956868 3.461858 -0.596267
v -0.828790 3.399559 -0.596267
v -0.828790 3.461858 -0.596267
v -1.151454 3.399559 -0.398184
v -1.151454 3.456017 -0.398184
v -1.151454 3.399559 1.636636
v -1.151454 3.456017 1.636636
v 0.529826 4.176494 1.558236
v 1.260477 4.163270 1.652329
v 0.584382 4.234879 1.142803
v 1.315033 4.221655 1.236895
v 0.096581 4.195690 1.741082
v 0.886862 4.196473 1.735507
v 0.126168 4.198142 1.723635
v 0.126168 4.198142 1.723635
v 0.139489 4.199131 1.716592
v 0.179348 4.199171 1.716308
v 0.300527 4.200737 1.705167
v 0.753042 4.201186 1.701975
v 0.768543 4.201201 1.701865
v 0.790047 4.201222 1.701714
v 0.858852 4.198554 1.720700
v 0.864056 4.199347 1.715058
v 0.870651 4.199481 1.714106
v 0.871045 4.200012 1.710328
v 0.879000 4.199776 1.712003
v 0.883597 4.198829 1.718745
v 0.883597 4.198829 1.718745
v 0.126185 4.206435 1.727156
v 0.126185 4.206435 1.727156
v 0.139513 4.210771 1.721533
v 0.179372 4.210810 1.721248
v 0.300560 4.217325 1.712208
v 0.753075 4.217774 1.709016
v 0.768576 4.217789 1.708907
v 0.790081 4.217811 1.708755
v 0.858866 4.205773 1.723764
v 0.864076 4.209263 1.719267
v 0.870671 4.209833 1.718500
v 0.871070 4.212180 1.715493
v 0.879023 4.211112 1.716815
v 0.883613 4.206905 1.722173
v 0.883613 4.206905 1.722173
v 0.126230 4.211858 1.734352
v 0.126230 4.211858 1.734352
v 0.139576 4.218380 1.731631
v 0.179435 4.218420 1.731346
v 0.300651 4.228170 1.726600
v 0.753166 4.228619 1.723408
v 0.768667 4.228635 1.723298
v 0.790171 4.228656 1.723147
v 0.858906 4.210494 1.730028
v 0.864130 4.215747 1.727870
v 0.870728 4.216600 1.727481
v 0.871136 4.220136 1.726050
v 0.879085 4.218523 1.726649
v 0.883657 4.212185 1.729180
v 0.883657 4.212185 1.729180
v 0.126292 4.212956 1.743295
v 0.126292 4.212956 1.743295
v 0.139663 4.219921 1.744181
v 0.179522 4.219961 1.743896
v 0.300775 4.230367 1.744486
v 0.753290 4.230815 1.741294
v 0.768791 4.230831 1.741185
v 0.790295 4.230852 1.741033
v 0.858960 4.211450 1.737812
v 0.864204 4.217060 1.738563
v 0.870805 4.217971 1.738643
v 0.871227 4.221747 1.739171
v 0.879170 4.220024 1.738872
v 0.883717 4.213254 1.737888
v 0.883717 4.213254 1.737888
v 0.126354 4.209435 1.751588
v 0.126354 4.209435 1.751588
v 0.139750 4.214981 1.755820
v 0.179609 4.215021 1.755535
v 0.300899 4.223326 1.761074
v 0.753414 4.223774 1.757882
v 0.768915 4.223790 1.757772
v 0.790419 4.223811 1.757621
v 0.859014 4.208385 1.745031
v 0.864278 4.212851 1.748479
v 0.870883 4.213577 1.748995
v 0.871318 4.216582 1.751339
v 0.879255 4.215212 1.750207
v 0.883778 4.209826 1.745963
v 0.883778 4.209826 1.745963
v 0.126400 4.202240 1.757011
v 0.126400 4.202240 1.757011
v 0.139814 4.204882 1.763429
v 0.179673 4.204922 1.763144
v 0.300990 4.208933 1.771919
v 0.753505 4.209382 1.768727
v 0.769006 4.209398 1.768617
v 0.790510 4.209419 1.768466
v 0.859053 4.202121 1.749751
v 0.864332 4.204247 1.754962
v 0.870939 4.204596 1.755763
v 0.871385 4.206024 1.759295
v 0.879317 4.205377 1.757618
v 0.883822 4.202819 1.751243
v 0.883822 4.202819 1.751243
v 0.126416 4.193296 1.758109
v 0.126416 4.193296 1.758109
v 0.139837 4.192332 1.764970
v 0.179696 4.192372 1.764685
v 0.301023 4.191047 1.774115
v 0.753538 4.191495 1.770923
v 0.769039 4.191511 1.770813
v 0.790543 4.191532 1.770662
v 0.859068 4.194337 1.750707
v 0.864352 4.193554 1.756275
v 0.870960 4.193434 1.757133
v 0.871409 4.192904 1.760906
v 0.879339 4.193155 1.759118
v 0.883838 4.194111 1.752312
v 0.883838 4.194111 1.752312
v 0.126400 4.185002 1.754588
v 0.126400 4.185002 1.754588
v 0.139814 4.180693 1.760029
v 0.179673 4.180733 1.759745
v 0.300990 4.174459 1.767074
v 0.753505 4.174907 1.763882
v 0.769006 4.174922 1.763772
v 0.790510 4.174944 1.763621
v 0.859053 4.187117 1.747643
v 0.864332 4.183638 1.752066
v 0.870939 4.183082 1.752739
v 0.871385 4.180735 1.755741
v 0.879317 4.181819 1.754307
v 0.883822 4.186035 1.748884
v 0.883822 4.186035 1.748884
v 0.126354 4.179580 1.747392
v 0.126354 4.179580 1.747392
v 0.139750 4.173083 1.749931
v 0.179609 4.173123 1.749647
v 0.300899 4.163613 1.752682
v 0.753414 4.164062 1.749490
v 0.768915 4.164077 1.749380
v 0.790419 4.164099 1.749229
v 0.859014 4.182397 1.741379
v 0.864278 4.177154 1.743462
v 0.870883 4.176314 1.743758
v 0.871318 4.172779 1.745183
v 0.879255 4.174408 1.744472
v 0.883778 4.180755 1.741878
v 0.883778 4.180755 1.741878
v 0.126292 4.178482 1.738450
v 0.126292 4.178482 1.738450
v 0.139663 4.171543 1.737381
v 0.179522 4.171583 1.737097
v 0.300775 4.161417 1.734796
v 0.753290 4.161866 1.731604
v 0.768791 4.161881 1.731494
v 0.790295 4.161902 1.731343
v 0.858960 4.181441 1.733595
v 0.864204 4.175841 1.732770
v 0.870805 4.174943 1.732596
v 0.871227 4.171168 1.732063
v 0.879170 4.172907 1.732250
v 0.883717 4.179686 1.733170
v 0.883717 4.179686 1.733170
v 0.126230 4.182003 1.730156
v 0.126230 4.182003 1.730156
v 0.139576 4.176483 1.725743
v 0.179435 4.176523 1.725458
v 0.300651 4.168458 1.718208
v 0.753166 4.168907 1.715016
v 0.768667 4.168922 1.714906
v 0.790171 4.168944 1.714755
v 0.858906 4.184506 1.726375
v 0.864130 4.180051 1.722854
v 0.870728 4.179337 1.722245
v 0.871136 4.176333 1.719894
v 0.879085 4.177719 1.720915
v 0.883657 4.183114 1.725094
v 0.883657 4.183114 1.725094
v 0.126185 4.189198 1.724733
v 0.126185 4.189198 1.724733
v 0.139513 4.186581 1.718133
v 0.179372 4.186621 1.717849
v 0.300560 4.182850 1.707363
v 0.753075 4.183299 1.704171
v 0.768576 4.183314 1.704062
v 0.790081 4.183336 1.703910
v 0.858866 4.190770 1.721655
v 0.864076 4.188654 1.716370
v 0.870671 4.188319 1.715477
v 0.871070 4.186891 1.711939
v 0.879023 4.187553 1.713504
v 0.883613 4.190121 1.719814
v 0.883613 4.190121 1.719814
v 0.136582 4.198854 1.718562
v 0.136603 4.209560 1.723106
v 0.136662 4.216559 1.732394
v 0.136742 4.217976 1.743937
v 0.136822 4.213432 1.754642
v 0.136881 4.204144 1.761641
v 0.136902 4.192601 1.763058
v 0.136881 4.181896 1.758514
v 0.136822 4.174897 1.749226
v 0.136742 4.173479 1.737683
v 0.136662 4.178023 1.726978
v 0.136603 4.187311 1.719979
v 0.135211 4.198149 1.723583
v 0.135228 4.206443 1.727104
v 0.135273 4.211865 1.734300
v 0.135335 4.212963 1.743243
v 0.135397 4.209443 1.751536
v 0.135442 4.202247 1.756959
v 0.135459 4.193304 1.758057
v 0.135442 4.185010 1.754536
v 0.135397 4.179587 1.747340
v 0.135335 4.178489 1.738397
v 0.135273 4.182010 1.730104
v 0.135228 4.189206 1.724681
v 0.181402 4.201721 1.698169
v 0.187226 4.202067 1.695703
v 0.181442 4.222081 1.706811
v 0.187269 4.223594 1.704840
v 0.181554 4.235392 1.724475
v 0.187387 4.237668 1.723516
v 0.181706 4.238087 1.746428
v 0.187547 4.240518 1.746727
v 0.181858 4.229445 1.766787
v 0.187708 4.231380 1.768254
v 0.181970 4.211781 1.780098
v 0.187826 4.212704 1.782327
v 0.182010 4.189827 1.782794
v 0.187869 4.189492 1.785177
v 0.181970 4.169467 1.774151
v 0.187826 4.167965 1.776040
v 0.181858 4.156156 1.756487
v 0.187708 4.153892 1.757363
v 0.181706 4.153461 1.734534
v 0.187547 4.151042 1.734152
v 0.181554 4.162103 1.714175
v 0.187387 4.160179 1.712626
v 0.181442 4.179767 1.700864
v 0.187269 4.178855 1.698553
v 0.196137 4.201428 1.700251
v 0.196176 4.220736 1.708447
v 0.196282 4.233359 1.725198
v 0.196426 4.235915 1.746017
v 0.196570 4.227720 1.765324
v 0.196676 4.210968 1.777947
v 0.196715 4.190149 1.780503
v 0.196676 4.170841 1.772308
v 0.196570 4.158218 1.755556
v 0.196426 4.155662 1.734738
v 0.196282 4.163857 1.715430
v 0.196176 4.180609 1.702808
v 0.214282 4.200731 1.705209
v 0.214316 4.217592 1.712366
v 0.214409 4.228616 1.726994
v 0.214535 4.230848 1.745174
v 0.214661 4.223691 1.762035
v 0.214753 4.209063 1.773058
v 0.214787 4.190882 1.775290
v 0.214753 4.174021 1.768134
v 0.214661 4.162997 1.753505
v 0.214535 4.160765 1.735325
v 0.214409 4.167922 1.718464
v 0.214316 4.182550 1.707441
v 0.853613 4.198478 1.721244
v 0.853627 4.205453 1.724205
v 0.853665 4.210013 1.730256
v 0.853717 4.210937 1.737778
v 0.853770 4.207976 1.744753
v 0.853808 4.201924 1.749313
v 0.853822 4.194403 1.750237
v 0.853808 4.187428 1.747276
v 0.853770 4.182867 1.741224
v 0.853717 4.181943 1.733703
v 0.853665 4.184904 1.726728
v 0.853627 4.190956 1.722167
v 0.814286 4.202249 1.694409
v 0.830309 4.200362 1.707832
v 0.814326 4.222270 1.702907
v 0.830336 4.213870 1.713566
v 0.814436 4.235359 1.720277
v 0.830410 4.222701 1.725285
v 0.814586 4.238010 1.741864
v 0.830511 4.224490 1.739849
v 0.814735 4.229512 1.761884
v 0.830612 4.218756 1.753357
v 0.814845 4.212142 1.774973
v 0.830686 4.207036 1.762187
v 0.814885 4.190554 1.777624
v 0.830713 4.192472 1.763976
v 0.814845 4.170533 1.769126
v 0.830686 4.178965 1.758242
v 0.814735 4.157444 1.751756
v 0.830612 4.170133 1.746523
v 0.814586 4.154793 1.730169
v 0.830511 4.168345 1.731959
v 0.814436 4.163291 1.710148
v 0.830410 4.174078 1.718451
v 0.814326 4.180661 1.697059
v 0.830336 4.185798 1.709621
v 0.800940 4.223128 1.701886
v 0.800899 4.202433 1.693102
v 0.801054 4.236659 1.719841
v 0.801208 4.239398 1.742155
v 0.801363 4.230614 1.762850
v 0.801476 4.212658 1.776380
v 0.801518 4.190343 1.779120
v 0.801476 4.169648 1.770335
v 0.801363 4.156118 1.752380
v 0.801208 4.153378 1.730066
v 0.801054 4.162162 1.709371
v 0.800940 4.180118 1.695841
v 0.778971 4.201211 1.701792
v 0.779005 4.217800 1.708833
v 0.779096 4.228645 1.723225
v 0.779220 4.230841 1.741111
v 0.779343 4.223800 1.757699
v 0.779434 4.209408 1.768544
v 0.779468 4.191521 1.770740
v 0.779434 4.174933 1.763699
v 0.779343 4.164088 1.749307
v 0.779220 4.161891 1.731421
v 0.779096 4.168933 1.714833
v 0.779005 4.183325 1.703988
v 0.760370 4.201193 1.701923
v 0.760403 4.217781 1.708964
v 0.760494 4.228627 1.723356
v 0.760618 4.230823 1.741242
v 0.760742 4.223782 1.757830
v 0.760833 4.209390 1.768675
v 0.760866 4.191503 1.770871
v 0.760833 4.174914 1.763830
v 0.760742 4.164069 1.749438
v 0.760618 4.161873 1.731552
v 0.760494 4.168914 1.714964
v 0.760403 4.183306 1.704119
v 0.770358 4.202699 1.691209
v 0.770402 4.224408 1.700424
v 0.770521 4.238602 1.719259
v 0.770683 4.241476 1.742667
v 0.770845 4.232261 1.764376
v 0.770964 4.213426 1.778569
v 0.771008 4.190017 1.781443
v 0.770964 4.168307 1.772228
v 0.770845 4.154114 1.753393
v 0.770683 4.151239 1.729985
v 0.770521 4.160455 1.708276
v 0.770402 4.179290 1.694083
v 0.777003 4.202705 1.691162
v 0.777047 4.224415 1.700377
v 0.777165 4.238608 1.719212
v 0.777328 4.241483 1.742620
v 0.777490 4.232268 1.764329
v 0.777609 4.213432 1.778522
v 0.777652 4.190023 1.781396
v 0.777609 4.168314 1.772181
v 0.777490 4.154120 1.753346
v 0.777328 4.151246 1.729938
v 0.777165 4.160461 1.708229
v 0.777047 4.179296 1.694036
v 0.783640 4.201752 1.697948
v 0.783677 4.220173 1.705768
v 0.783778 4.232218 1.721750
v 0.783916 4.234657 1.741613
v 0.784053 4.226837 1.760035
v 0.784154 4.210854 1.772079
v 0.784191 4.190990 1.774517
v 0.784154 4.172568 1.766698
v 0.784053 4.160524 1.750715
v 0.783916 4.158085 1.730852
v 0.783778 4.165905 1.712431
v 0.783677 4.181888 1.700387
v 0.756933 4.201698 1.698326
v 0.756969 4.220029 1.706107
v 0.757070 4.232014 1.722010
v 0.764958 4.190998 1.774464
v 0.764921 4.172667 1.766683
v 0.757207 4.234441 1.741775
v 0.757344 4.226660 1.760106
v 0.764547 4.232021 1.721957
v 0.764684 4.234448 1.741723
v 0.757444 4.210756 1.772090
v 0.757481 4.190990 1.774517
v 0.757444 4.172659 1.766736
v 0.764821 4.226667 1.760053
v 0.764921 4.210763 1.772037
v 0.757344 4.160675 1.750832
v 0.757207 4.158248 1.731067
v 0.757070 4.166029 1.712737
v 0.756969 4.181933 1.700752
v 0.764410 4.201706 1.698273
v 0.764446 4.220037 1.706054
v 0.764821 4.160682 1.750779
v 0.764684 4.158256 1.731014
v 0.764547 4.166036 1.712684
v 0.764446 4.181941 1.700700
v 0.950220 4.543545 -0.467061
v 0.545732 4.543545 -0.467061
v 1.114725 4.477050 -0.449533
v 0.954165 4.477050 -0.449533
v 0.549365 4.477050 -0.449533
v -0.399937 4.477050 -0.449533
v -0.804738 4.477050 -0.449533
v -0.965297 4.477050 -0.449533
v 1.114725 4.484379 -0.455059
v 0.954165 4.484379 -0.455059
v 0.549365 4.484379 -0.455059
v -0.399937 4.484379 -0.455059
v -0.804738 4.484379 -0.455059
v -0.965297 4.484379 -0.455059
v 0.951770 4.477050 -0.449533
v 0.951770 4.484379 -0.455059
v 0.546566 4.477050 -0.449533
v -0.396311 4.477050 -0.449533
v 0.546566 4.484379 -0.455059
v -0.396311 4.484379 -0.455059
v -0.801803 4.477050 -0.449533
v -0.801803 4.484379 -0.455059
v 1.114725 4.477985 -0.446967
v 0.954165 4.477985 -0.446967
v 0.549365 4.477985 -0.446967
v -0.399937 4.477985 -0.446967
v -0.804738 4.477985 -0.446967
v -0.965297 4.477985 -0.446967
v 1.114725 4.485744 -0.449327
v 0.954165 4.485744 -0.449327
v 0.549365 4.485744 -0.449327
v -0.399937 4.485744 -0.449327
v -0.804738 4.485744 -0.449327
v -0.965297 4.485744 -0.449327
v 0.951770 4.477985 -0.446967
v 0.951770 4.485744 -0.449327
v 0.546566 4.477985 -0.446967
v -0.396311 4.477985 -0.446967
v 0.546566 4.485744 -0.449327
v -0.396311 4.485744 -0.449327
v -0.801803 4.477985 -0.446967
v -0.801803 4.485744 -0.449327
v 1.114725 4.539760 -0.471877
v 0.954165 4.539760 -0.471877
v 0.549365 4.539760 -0.471877
v -0.399937 4.539760 -0.471877
v -0.804738 4.539760 -0.471877
v -0.965297 4.539760 -0.471877
v 0.951770 4.539760 -0.471877
v 0.546566 4.539760 -0.471877
v -0.396311 4.539760 -0.471877
v -0.801803 4.539760 -0.471877
v 1.114725 4.541559 -0.466456
v 0.954165 4.541559 -0.466456
v 0.549365 4.541559 -0.466455
v -0.399937 4.541559 -0.466455
v -0.804738 4.541559 -0.466455
v -0.965297 4.541559 -0.466455
v 0.951770 4.541559 -0.466456
v 0.546566 4.541559 -0.466455
v -0.396311 4.541559 -0.466455
v -0.801803 4.541559 -0.466455
v 1.112887 4.541746 -0.472483
v 0.952611 4.541746 -0.472483
v 0.548526 4.541746 -0.472483
v -0.399099 4.541746 -0.472483
v -0.803184 4.541746 -0.472483
v -0.963460 4.541746 -0.472483
v 0.950220 4.541746 -0.472483
v 0.545732 4.541746 -0.472483
v -0.395479 4.543545 -0.467061
v -0.395479 4.541746 -0.472483
v -0.800254 4.541746 -0.472483
v 1.112887 4.543545 -0.467061
v 0.952611 4.543545 -0.467061
v 0.548526 4.543545 -0.467061
v -0.399099 4.543545 -0.467061
v -0.803184 4.543545 -0.467061
v -0.963460 4.543544 -0.467061
v -0.800254 4.543545 -0.467061
v 0.923197 4.370849 -0.168946
v 0.923197 4.436788 -0.168946
v 1.060211 4.370849 -0.168946
v 1.060211 4.370849 -0.168946
v 1.066650 4.388817 -0.168946
v 1.060211 4.430052 -0.168946
v 1.052401 4.436788 -0.168946
v 1.052401 4.436788 -0.168946
v 1.051948 4.370849 -0.215807
v 1.051948 4.370849 -0.215807
v 1.057999 4.388817 -0.218010
v 1.051948 4.430052 -0.215807
v 1.044609 4.436788 -0.213136
v 1.044609 4.436788 -0.213136
v 1.028156 4.370849 -0.257016
v 1.028156 4.370849 -0.257016
v 1.033089 4.388817 -0.261156
v 1.028156 4.430052 -0.257016
v 1.022173 4.436788 -0.251996
v 1.022173 4.436788 -0.251996
v 0.991704 4.370849 -0.287603
v 0.991704 4.370849 -0.287603
v 0.994924 4.388817 -0.293180
v 0.991704 4.430052 -0.287603
v 0.987799 4.436788 -0.280839
v 0.987799 4.436788 -0.280839
v 0.946989 4.370849 -0.303878
v 0.946989 4.370849 -0.303878
v 0.948108 4.388817 -0.310219
v 0.946989 4.430052 -0.303878
v 0.945633 4.436788 -0.296186
v 0.945633 4.436788 -0.296186
v 0.899405 4.370849 -0.303878
v 0.899405 4.370849 -0.303878
v 0.898287 4.388817 -0.310219
v 0.899405 4.430052 -0.303878
v 0.900761 4.436788 -0.296186
v 0.900761 4.436788 -0.296186
v 0.854691 4.370849 -0.287603
v 0.854691 4.370849 -0.287603
v 0.851471 4.388817 -0.293180
v 0.854691 4.430052 -0.287603
v 0.858596 4.436788 -0.280839
v 0.858596 4.436788 -0.280839
v 0.818239 4.370849 -0.257016
v 0.818239 4.370849 -0.257016
v 0.813306 4.388817 -0.261156
v 0.818239 4.430052 -0.257016
v 0.824222 4.436788 -0.251996
v 0.824222 4.436788 -0.251996
v 0.794447 4.370849 -0.215807
v 0.794447 4.370849 -0.215807
v 0.788396 4.388817 -0.218010
v 0.794447 4.430052 -0.215807
v 0.801786 4.436788 -0.213136
v 0.801786 4.436788 -0.213136
v 0.786184 4.370849 -0.168946
v 0.786184 4.370849 -0.168946
v 0.779744 4.388817 -0.168946
v 0.786184 4.430052 -0.168946
v 0.793994 4.436788 -0.168946
v 0.793994 4.436788 -0.168946
v 0.794447 4.370849 -0.122084
v 0.794447 4.370849 -0.122084
v 0.788396 4.388817 -0.119882
v 0.794447 4.430052 -0.122084
v 0.801786 4.436788 -0.124756
v 0.801786 4.436788 -0.124756
v 0.818239 4.370849 -0.080875
v 0.818239 4.370849 -0.080875
v 0.813306 4.388817 -0.076736
v 0.818239 4.430052 -0.080875
v 0.824222 4.436788 -0.085895
v 0.824222 4.436788 -0.085895
v 0.854691 4.370849 -0.050289
v 0.854691 4.370849 -0.050289
v 0.851471 4.388817 -0.044712
v 0.854691 4.430052 -0.050289
v 0.858596 4.436788 -0.057052
v 0.858596 4.436788 -0.057052
v 0.899405 4.370849 -0.034014
v 0.899405 4.370849 -0.034014
v 0.898287 4.388817 -0.027672
v 0.899405 4.430052 -0.034014
v 0.900761 4.436788 -0.041705
v 0.900761 4.436788 -0.041705
v 0.946989 4.370849 -0.034014
v 0.946989 4.370849 -0.034014
v 0.948108 4.388817 -0.027672
v 0.946989 4.430052 -0.034014
v 0.945633 4.436788 -0.041705
v 0.945633 4.436788 -0.041705
v 0.991704 4.370849 -0.050289
v 0.991704 4.370849 -0.050289
v 0.994924 4.388817 -0.044712
v 0.991704 4.430052 -0.050289
v 0.987799 4.436788 -0.057052
v 0.987799 4.436788 -0.057052
v 1.028156 4.370849 -0.080875
v 1.028156 4.370849 -0.080875
v 1.033089 4.388817 -0.076736
v 1.028156 4.430052 -0.080875
v 1.022173 4.436788 -0.085895
v 1.022173 4.436788 -0.085895
v 1.051948 4.370849 -0.122084
v 1.051948 4.370849 -0.122084
v 1.057999 4.388817 -0.119882
v 1.051948 4.430052 -0.122084
v 1.044609 4.436788 -0.124756
v 1.044609 4.436788 -0.124756
v 0.318581 4.218405 -0.093270
v 0.318581 4.273355 -0.056821
v 0.455594 4.218405 -0.093270
v 0.455594 4.218405 -0.093270
v 0.462034 4.233378 -0.083338
v 0.455594 4.267741 -0.060544
v 0.447785 4.273355 -0.056821
v 0.447785 4.273355 -0.056821
v 0.447331 4.244308 -0.132321
v 0.447331 4.244308 -0.132321
v 0.453383 4.260499 -0.124224
v 0.447331 4.293645 -0.099595
v 0.439993 4.297781 -0.093646
v 0.439993 4.297781 -0.093646
v 0.423539 4.267087 -0.166662
v 0.423539 4.267087 -0.166662
v 0.428472 4.284349 -0.160179
v 0.423539 4.316424 -0.133936
v 0.417557 4.319262 -0.126029
v 0.417557 4.319262 -0.126029
v 0.387088 4.283995 -0.192151
v 0.387088 4.283995 -0.192151
v 0.390308 4.302051 -0.186866
v 0.387088 4.333331 -0.159425
v 0.383183 4.335206 -0.150065
v 0.383183 4.335206 -0.150065
v 0.342373 4.292991 -0.205713
v 0.342373 4.292991 -0.205713
v 0.343491 4.311470 -0.201066
v 0.342373 4.342328 -0.172987
v 0.341017 4.343689 -0.162855
v 0.341017 4.343689 -0.162855
v 0.294789 4.292991 -0.205713
v 0.294789 4.292991 -0.205713
v 0.293671 4.311470 -0.201066
v 0.294789 4.342328 -0.172987
v 0.296145 4.343689 -0.162855
v 0.296145 4.343689 -0.162855
v 0.250074 4.283995 -0.192151
v 0.250074 4.283995 -0.192151
v 0.246855 4.302051 -0.186866
v 0.250074 4.333331 -0.159425
v 0.253979 4.335206 -0.150065
v 0.253979 4.335206 -0.150065
v 0.213623 4.267087 -0.166662
v 0.213623 4.267087 -0.166662
v 0.208690 4.284349 -0.160179
v 0.213623 4.316424 -0.133936
v 0.219605 4.319262 -0.126029
v 0.219605 4.319262 -0.126029
v 0.189831 4.244308 -0.132321
v 0.189831 4.244308 -0.132321
v 0.183779 4.260499 -0.124224
v 0.189831 4.293645 -0.099595
v 0.197169 4.297781 -0.093646
v 0.197169 4.297781 -0.093646
v 0.181568 4.218405 -0.093270
v 0.181568 4.218405 -0.093270
v 0.175128 4.233378 -0.083338
v 0.181568 4.267741 -0.060544
v 0.189377 4.273355 -0.056821
v 0.189377 4.273355 -0.056821
v 0.189831 4.192502 -0.054219
v 0.189831 4.192502 -0.054219
v 0.183779 4.206257 -0.042451
v 0.189831 4.241838 -0.021493
v 0.197169 4.248928 -0.019995
v 0.197169 4.248928 -0.019995
v 0.213623 4.169722 -0.019878
v 0.213623 4.169722 -0.019878
v 0.208690 4.182408 -0.006496
v 0.213623 4.219059 0.012848
v 0.219605 4.227447 0.012388
v 0.219605 4.227447 0.012388
v 0.250074 4.152815 0.005611
v 0.250074 4.152815 0.005611
v 0.246855 4.164706 0.020191
v 0.250074 4.202151 0.038337
v 0.253979 4.211503 0.036424
v 0.253979 4.211503 0.036424
v 0.294789 4.143819 0.019173
v 0.294789 4.143819 0.019173
v 0.293671 4.155287 0.034390
v 0.294789 4.193155 0.051899
v 0.296145 4.203020 0.049213
v 0.296145 4.203020 0.049213
v 0.342373 4.143819 0.019173
v 0.342373 4.143819 0.019173
v 0.343491 4.155287 0.034390
v 0.342373 4.193155 0.051899
v 0.341017 4.203020 0.049213
v 0.341017 4.203020 0.049213
v 0.387088 4.152815 0.005611
v 0.387088 4.152815 0.005611
v 0.390308 4.164706 0.020191
v 0.387088 4.202151 0.038337
v 0.383183 4.211503 0.036424
v 0.383183 4.211503 0.036424
v 0.423539 4.169722 -0.019878
v 0.423539 4.169722 -0.019878
v 0.428472 4.182408 -0.006496
v 0.423539 4.219059 0.012848
v 0.417557 4.227447 0.012388
v 0.417557 4.227447 0.012388
v 0.447331 4.192502 -0.054219
v 0.447331 4.192502 -0.054219
v 0.453383 4.206257 -0.042451
v 0.447331 4.241838 -0.021493
v 0.439993 4.248928 -0.019995
v 0.439993 4.248928 -0.019995
v 0.923197 4.131393 -0.168946
v 0.923197 4.162012 -0.168946
v 1.074355 4.131393 -0.168946
v 1.074355 4.131393 -0.168946
v 1.089305 4.292277 -0.168946
v 1.083658 4.321121 -0.168946
v 1.059167 4.348219 -0.168946
v 1.022382 4.364458 -0.168946
v 1.033573 4.417714 -0.168946
v 1.020200 4.423383 -0.168946
v 1.020200 4.423383 -0.168946
v 1.065240 4.131393 -0.220645
v 1.065240 4.131393 -0.220645
v 1.079288 4.292277 -0.225758
v 1.073981 4.321121 -0.223826
v 1.050967 4.348218 -0.215450
v 1.016400 4.364458 -0.202869
v 1.026916 4.417714 -0.206696
v 1.014350 4.423383 -0.202123
v 1.014350 4.423383 -0.202123
v 1.038991 4.131393 -0.266108
v 1.038991 4.131393 -0.266108
v 1.050443 4.292277 -0.275718
v 1.046117 4.321121 -0.272088
v 1.027356 4.348218 -0.256345
v 0.999177 4.364458 -0.232700
v 1.007750 4.417714 -0.239894
v 0.997505 4.423383 -0.231298
v 0.997505 4.423383 -0.231298
v 0.998776 4.131393 -0.299852
v 0.998776 4.131393 -0.299852
v 1.006251 4.292277 -0.312799
v 1.003427 4.321121 -0.307908
v 0.991182 4.348218 -0.286699
v 0.972790 4.364458 -0.254842
v 0.978385 4.417714 -0.264534
v 0.971699 4.423383 -0.252952
v 0.971699 4.423383 -0.252952
v 0.949446 4.131393 -0.317807
v 0.949446 4.131393 -0.317807
v 0.952042 4.292277 -0.332530
v 0.951061 4.321121 -0.326968
v 0.946808 4.348218 -0.302850
v 0.940421 4.364458 -0.266623
v 0.942364 4.417714 -0.277644
v 0.940042 4.423383 -0.264474
v 0.940042 4.423383 -0.264474
v 0.896949 4.131393 -0.317807
v 0.896949 4.131393 -0.317807
v 0.894353 4.292277 -0.332530
v 0.895334 4.321121 -0.326968
v 0.899586 4.348218 -0.302850
v 0.905974 4.364458 -0.266623
v 0.904031 4.417714 -0.277644
v 0.906353 4.423383 -0.264474
v 0.906353 4.423383 -0.264474
v 0.847618 4.131393 -0.299852
v 0.847618 4.131393 -0.299852
v 0.840144 4.292277 -0.312799
v 0.842967 4.321121 -0.307908
v 0.855213 4.348218 -0.286699
v 0.873605 4.364458 -0.254842
v 0.868010 4.417714 -0.264534
v 0.874696 4.423383 -0.252952
v 0.874696 4.423383 -0.252952
v 0.807404 4.131393 -0.266108
v 0.807404 4.131393 -0.266108
v 0.795951 4.292277 -0.275718
v 0.800278 4.321121 -0.272088
v 0.819039 4.348218 -0.256345
v 0.847218 4.364458 -0.232700
v 0.838645 4.417714 -0.239894
v 0.848889 4.423383 -0.231298
v 0.848889 4.423383 -0.231298
v 0.781155 4.131393 -0.220645
v 0.781155 4.131393 -0.220645
v 0.767107 4.292277 -0.225758
v 0.772414 4.321121 -0.223826
v 0.795428 4.348218 -0.215450
v 0.829995 4.364458 -0.202869
v 0.819479 4.417714 -0.206696
v 0.832045 4.423383 -0.202123
v 0.832045 4.423383 -0.202123
v 0.772039 4.131393 -0.168946
v 0.772039 4.131393 -0.168946
v 0.757090 4.292277 -0.168946
v 0.762737 4.321121 -0.168946
v 0.787228 4.348219 -0.168946
v 0.824013 4.364458 -0.168946
v 0.812822 4.417714 -0.168946
v 0.826195 4.423383 -0.168946
v 0.826195 4.423383 -0.168946
v 0.781155 4.131393 -0.117247
v 0.781155 4.131393 -0.117247
v 0.767107 4.292277 -0.112134
v 0.772414 4.321121 -0.114065
v 0.795428 4.348219 -0.122441
v 0.829995 4.364458 -0.135023
v 0.819479 4.417714 -0.131195
v 0.832045 4.423383 -0.135769
v 0.832045 4.423383 -0.135769
v 0.807404 4.131393 -0.071783
v 0.807404 4.131393 -0.071783
v 0.795951 4.292277 -0.062174
v 0.800278 4.321121 -0.065804
v 0.819039 4.348219 -0.081546
v 0.847218 4.364458 -0.105191
v 0.838645 4.417714 -0.097998
v 0.848889 4.423383 -0.106594
v 0.848889 4.423383 -0.106594
v 0.847618 4.131393 -0.038039
v 0.847618 4.131393 -0.038039
v 0.840144 4.292277 -0.025092
v 0.842967 4.321121 -0.029983
v 0.855213 4.348219 -0.051193
v 0.873605 4.364458 -0.083050
v 0.868010 4.417714 -0.073358
v 0.874696 4.423383 -0.084939
v 0.874696 4.423383 -0.084939
v 0.896949 4.131393 -0.020084
v 0.896949 4.131393 -0.020084
v 0.894353 4.292277 -0.005362
v 0.895334 4.321121 -0.010923
v 0.899586 4.348219 -0.035042
v 0.905974 4.364458 -0.071268
v 0.904031 4.417714 -0.060247
v 0.906353 4.423383 -0.073417
v 0.906353 4.423383 -0.073417
v 0.949446 4.131393 -0.020084
v 0.949446 4.131393 -0.020084
v 0.952042 4.292277 -0.005362
v 0.951061 4.321121 -0.010923
v 0.946808 4.348219 -0.035042
v 0.940421 4.364458 -0.071268
v 0.942364 4.417714 -0.060247
v 0.940042 4.423383 -0.073417
v 0.940042 4.423383 -0.073417
v 0.998776 4.131393 -0.038039
v 0.998776 4.131393 -0.038039
v 1.006251 4.292277 -0.025092
v 1.003427 4.321121 -0.029983
v 0.991182 4.348219 -0.051193
v 0.972790 4.364458 -0.083050
v 0.978385 4.417714 -0.073358
v 0.971699 4.423383 -0.084939
v 0.971699 4.423383 -0.084939
v 1.038991 4.131393 -0.071783
v 1.038991 4.131393 -0.071783
v 1.050443 4.292277 -0.062174
v 1.046117 4.321121 -0.065804
v 1.027356 4.348219 -0.081546
v 0.999177 4.364458 -0.105191
v 1.007750 4.417714 -0.097998
v 0.997505 4.423383 -0.106594
v 0.997505 4.423383 -0.106594
v 1.065240 4.131393 -0.117247
v 1.065240 4.131393 -0.117247
v 1.079288 4.292277 -0.112134
v 1.073981 4.321121 -0.114065
v 1.050967 4.348219 -0.122441
v 1.016400 4.364458 -0.135023
v 1.026916 4.417714 -0.131195
v 1.014350 4.423383 -0.135769
v 1.014350 4.423383 -0.135769
v 1.009091 4.423383 -0.168946
v 1.003911 4.423383 -0.198323
v 0.988996 4.423383 -0.224157
v 0.966144 4.423383 -0.243332
v 0.938113 4.423383 -0.253535
v 0.908282 4.423383 -0.253535
v 0.880251 4.423383 -0.243332
v 0.857399 4.423383 -0.224157
v 0.842484 4.423383 -0.198323
v 0.837304 4.423383 -0.168946
v 0.842484 4.423383 -0.139568
v 0.857399 4.423383 -0.113734
v 0.880251 4.423383 -0.094560
v 0.908282 4.423383 -0.084357
v 0.938113 4.423383 -0.084357
v 0.966144 4.423383 -0.094560
v 0.988996 4.423383 -0.113734
v 1.003911 4.423383 -0.139568
v 0.989945 4.356046 -0.168946
v 0.985920 4.356046 -0.191775
v 0.974329 4.356046 -0.211850
v 0.956571 4.356046 -0.226751
v 0.934788 4.356046 -0.234679
v 0.911607 4.356046 -0.234679
v 0.889824 4.356046 -0.226751
v 0.872066 4.356046 -0.211850
v 0.860475 4.356046 -0.191775
v 0.856450 4.356046 -0.168946
v 0.860475 4.356046 -0.146117
v 0.872066 4.356046 -0.126041
v 0.889824 4.356046 -0.111141
v 0.911607 4.356046 -0.103212
v 0.934788 4.356046 -0.103212
v 0.956571 4.356046 -0.111141
v 0.974329 4.356046 -0.126041
v 0.985920 4.356046 -0.146117
v 1.067806 4.295628 -0.168946
v 1.059085 4.295628 -0.218405
v 1.033974 4.295628 -0.261899
v 0.995502 4.295628 -0.294181
v 0.948308 4.295628 -0.311358
v 0.898086 4.295628 -0.311358
v 0.850893 4.295628 -0.294181
v 0.812421 4.295628 -0.261899
v 0.787310 4.295628 -0.218405
v 0.778589 4.295628 -0.168946
v 0.787310 4.295628 -0.119487
v 0.812421 4.295628 -0.075993
v 0.850893 4.295628 -0.043711
v 0.898086 4.295628 -0.026534
v 0.948308 4.295628 -0.026534
v 0.995502 4.295628 -0.043711
v 1.033974 4.295628 -0.075993
v 1.059085 4.295628 -0.119487
v 1.067806 4.175301 -0.168946
v 1.059085 4.175301 -0.218405
v 1.033974 4.175301 -0.261899
v 0.995502 4.175301 -0.294181
v 0.948308 4.175301 -0.311358
v 0.898086 4.175301 -0.311358
v 0.850893 4.175301 -0.294181
v 0.812421 4.175301 -0.261899
v 0.787310 4.175301 -0.218405
v 0.778589 4.175301 -0.168946
v 0.787310 4.175301 -0.119487
v 0.812421 4.175301 -0.075993
v 0.850893 4.175301 -0.043711
v 0.898086 4.175301 -0.026534
v 0.948308 4.175301 -0.026534
v 0.995502 4.175301 -0.043711
v 1.033974 4.175301 -0.075993
v 1.059085 4.175301 -0.119487
v 1.058841 4.162012 -0.168946
v 1.050660 4.162012 -0.215338
v 1.027106 4.162012 -0.256135
v 0.991019 4.162012 -0.286416
v 0.946752 4.162012 -0.302528
v 0.899643 4.162012 -0.302528
v 0.855376 4.162012 -0.286416
v 0.819289 4.162012 -0.256135
v 0.795735 4.162012 -0.215338
v 0.787554 4.162012 -0.168946
v 0.795735 4.162012 -0.122553
v 0.819289 4.162012 -0.081756
v 0.855376 4.162013 -0.051475
v 0.899643 4.162013 -0.035363
v 0.946752 4.162013 -0.035363
v 0.991019 4.162013 -0.051475
v 1.027106 4.162012 -0.081756
v 1.050660 4.162012 -0.122553
v 1.089305 4.149362 -0.168946
v 1.079288 4.149362 -0.225758
v 1.050443 4.149362 -0.275718
v 1.006251 4.149362 -0.312799
v 0.952042 4.149362 -0.332530
v 0.894353 4.149362 -0.332530
v 0.840144 4.149362 -0.312799
v 0.795951 4.149362 -0.275718
v 0.767107 4.149362 -0.225758
v 0.757090 4.149362 -0.168946
v 0.767107 4.149362 -0.112134
v 0.795951 4.149362 -0.062174
v 0.840144 4.149362 -0.025092
v 0.894353 4.149362 -0.005362
v 0.952042 4.149362 -0.005362
v 1.006251 4.149362 -0.025092
v 1.050443 4.149362 -0.062174
v 1.079288 4.149362 -0.112134
v 1.022688 4.374103 -0.168946
v 1.040192 4.408858 -0.168946
v 1.016688 4.374103 -0.202974
v 1.033136 4.408858 -0.208960
v 0.999412 4.374103 -0.232897
v 1.012820 4.408858 -0.244148
v 0.972943 4.374103 -0.255107
v 0.981695 4.408858 -0.270266
v 0.940474 4.374103 -0.266925
v 0.943513 4.408858 -0.284163
v 0.905921 4.374103 -0.266925
v 0.902882 4.408858 -0.284163
v 0.873452 4.374103 -0.255107
v 0.864700 4.408858 -0.270266
v 0.846983 4.374103 -0.232897
v 0.833575 4.408858 -0.244148
v 0.829706 4.374103 -0.202974
v 0.813259 4.408858 -0.208960
v 0.823706 4.374103 -0.168946
v 0.806203 4.408858 -0.168946
v 0.829706 4.374103 -0.134918
v 0.813259 4.408858 -0.128931
v 0.846983 4.374103 -0.104994
v 0.833575 4.408858 -0.093743
v 0.873452 4.374103 -0.082784
v 0.864700 4.408858 -0.067626
v 0.905921 4.374103 -0.070966
v 0.902882 4.408858 -0.053729
v 0.940474 4.374103 -0.070966
v 0.943513 4.408858 -0.053729
v 0.972943 4.374103 -0.082784
v 0.981695 4.408858 -0.067626
v 0.999412 4.374103 -0.104994
v 1.012820 4.408858 -0.093743
v 1.016688 4.374103 -0.134918
v 1.033136 4.408858 -0.128931
v 1.040185 4.381581 -0.168946
v 1.033130 4.381581 -0.208958
v 1.012815 4.381581 -0.244144
v 0.981691 4.381581 -0.270260
v 0.943512 4.381581 -0.284157
v 0.902883 4.381581 -0.284157
v 0.864703 4.381581 -0.270260
v 0.833579 4.381581 -0.244144
v 0.813265 4.381581 -0.208958
v 0.806209 4.381581 -0.168946
v 0.813265 4.381581 -0.128933
v 0.833579 4.381581 -0.093747
v 0.864703 4.381581 -0.067631
v 0.902883 4.381581 -0.053735
v 0.943512 4.381581 -0.053735
v 0.981691 4.381581 -0.067631
v 1.012815 4.381581 -0.093747
v 1.033130 4.381581 -0.128933
v 0.997155 4.416191 -0.168946
v 0.989780 4.408868 -0.168946
v 0.992695 4.416191 -0.194241
v 0.985764 4.408868 -0.191718
v 0.979852 4.416191 -0.216485
v 0.974202 4.408868 -0.211744
v 0.960176 4.416191 -0.232995
v 0.956488 4.408868 -0.226608
v 0.936040 4.416191 -0.241780
v 0.934759 4.408868 -0.234516
v 0.910355 4.416191 -0.241780
v 0.911636 4.408868 -0.234516
v 0.886219 4.416191 -0.232995
v 0.889906 4.408868 -0.226608
v 0.866543 4.416191 -0.216485
v 0.872192 4.408868 -0.211744
v 0.853700 4.416191 -0.194241
v 0.860631 4.408868 -0.191718
v 0.849240 4.416191 -0.168946
v 0.856615 4.408868 -0.168946
v 0.853700 4.416191 -0.143651
v 0.860631 4.408868 -0.146173
v 0.866543 4.416191 -0.121407
v 0.872192 4.408868 -0.126148
v 0.886219 4.416191 -0.104897
v 0.889906 4.408868 -0.111284
v 0.910355 4.416191 -0.096112
v 0.911636 4.408868 -0.103375
v 0.936040 4.416191 -0.096112
v 0.934759 4.408868 -0.103375
v 0.960176 4.416191 -0.104897
v 0.956488 4.408868 -0.111284
v 0.979852 4.416191 -0.121407
v 0.974202 4.408868 -0.126148
v 0.992695 4.416191 -0.143651
v 0.985764 4.408868 -0.146173
v 1.045634 4.328640 -0.168946
v 1.038251 4.328640 -0.210822
v 1.016990 4.328639 -0.247647
v 0.984416 4.328639 -0.274979
v 0.944458 4.328639 -0.289523
v 0.901936 4.328639 -0.289523
v 0.861979 4.328639 -0.274979
v 0.829405 4.328639 -0.247647
v 0.808144 4.328640 -0.210822
v 0.800760 4.328640 -0.168946
v 0.808144 4.328640 -0.127070
v 0.829405 4.328640 -0.090245
v 0.861979 4.328640 -0.062912
v 0.901936 4.328640 -0.048369
v 0.944458 4.328640 -0.048369
v 0.984416 4.328640 -0.062912
v 1.016990 4.328640 -0.090245
v 1.038251 4.328640 -0.127070
v 1.042300 4.408521 -0.168946
v 1.035117 4.408521 -0.209681
v 1.014435 4.408521 -0.245503
v 0.982749 4.408521 -0.272092
v 0.943879 4.408521 -0.286239
v 0.902515 4.408521 -0.286239
v 0.863646 4.408521 -0.272092
v 0.831959 4.408521 -0.245503
v 0.811278 4.408521 -0.209681
v 0.804095 4.408521 -0.168946
v 0.811278 4.408521 -0.128210
v 0.831959 4.408521 -0.092388
v 0.863646 4.408521 -0.065800
v 0.902515 4.408521 -0.051653
v 0.943879 4.408521 -0.051653
v 0.982749 4.408521 -0.065800
v 1.014435 4.408521 -0.092388
v 1.035117 4.408521 -0.128210
v 1.042294 4.381917 -0.168946
v 1.035111 4.381917 -0.209679
v 1.014431 4.381917 -0.245499
v 0.982746 4.381917 -0.272086
v 0.943878 4.381917 -0.286233
v 0.902516 4.381917 -0.286233
v 0.863649 4.381917 -0.272086
v 0.831964 4.381917 -0.245499
v 0.811283 4.381917 -0.209679
v 0.804101 4.381917 -0.168946
v 0.811283 4.381917 -0.128212
v 0.831964 4.381917 -0.092392
v 0.863649 4.381917 -0.065805
v 0.902516 4.381917 -0.051659
v 0.943878 4.381917 -0.051659
v 0.982746 4.381917 -0.065805
v 1.014431 4.381917 -0.092392
v 1.035111 4.381917 -0.128212
v -1.355719 4.000700 1.614533
v -1.355719 4.031845 1.614533
v -1.355719 4.062990 1.614533
v -1.191256 4.000700 1.614533
v -1.191256 4.031845 1.614533
v -1.191256 4.062990 1.614533
v -1.191133 4.009425 1.583163
v -1.191133 4.031845 1.583163
v -1.191133 4.054265 1.583163
v 1.245246 4.009425 1.583163
v 1.245246 4.054265 1.583163
v 1.245246 4.031845 1.583163
v 2.424749 4.009425 1.583163
v 2.424749 4.031845 1.583163
v 2.424749 4.054265 1.583163
v 2.424872 4.000700 1.614533
v 2.424872 4.031845 1.614533
v 2.424872 4.062990 1.614533
v 2.589336 4.000700 1.614533
v 2.589336 4.031845 1.614533
v 2.589336 4.062990 1.614533
v 2.589336 4.000700 -0.384317
v 2.589336 4.031845 -0.384317
v 2.589336 4.062990 -0.384317
v 2.424872 4.000700 -0.384317
v 2.424872 4.031845 -0.384317
v 2.424872 4.062990 -0.384317
v 2.424749 4.009425 -0.352947
v 2.424749 4.031845 -0.352947
v 2.424749 4.054265 -0.352947
v 1.245246 4.054265 -0.352947
v 1.245246 4.031845 -0.352947
v 1.245246 4.009425 -0.352947
v -1.191133 4.009425 -0.352947
v -1.191133 4.031845 -0.352947
v -1.191133 4.054265 -0.352947
v -1.191256 4.000700 -0.384317
v -1.191256 4.031845 -0.384317
v -1.191256 4.062990 -0.384317
v -1.355719 4.000700 -0.384317
v -1.355719 4.031845 -0.384317
v -1.355719 4.062990 -0.384317
v -1.293429 4.000700 1.552243
v -1.253546 4.000700 1.552243
v -1.253546 4.000700 -0.322026
v -1.293429 4.000700 -0.322026
v 2.487163 4.000700 1.552243
v 2.527045 4.000700 1.552243
v 2.527045 4.000700 -0.322026
v 2.487163 4.000700 -0.322026
v -1.285539 3.960809 1.506722
v -1.261436 3.960809 1.506722
v -1.261436 3.960809 -0.276505
v -1.285539 3.960809 -0.276505
v 2.495053 3.960809 1.506722
v 2.519155 3.960809 1.506722
v 2.519155 3.960809 -0.276505
v 2.495053 3.960809 -0.276505
v -1.105430 4.031845 1.583163
v -1.105430 4.009425 1.583163
v -1.105430 4.054265 1.583163
v -1.105430 4.031845 -0.352947
v -1.105430 4.009425 -0.352947
v -1.105430 4.054265 -0.352947
v -0.823971 4.146139 1.768898
v 0.955043 4.146139 1.768898
v -0.823971 4.337554 0.406911
v 0.955043 4.337554 0.406911
v -0.547492 4.205010 -0.251906
v 0.558010 4.311346 -0.341069
v -0.414222 4.216889 -0.257956
v -0.414222 4.216889 -0.257956
v -0.365652 4.220537 -0.256753
v -0.278542 4.230890 -0.273651
v -0.274831 4.231003 -0.272729
v -0.271800 4.231691 -0.274959
v -0.253120 4.233912 -0.278582
v -0.250729 4.233971 -0.277920
v -0.249020 4.234399 -0.279377
v -0.249020 4.234399 -0.279377
v -0.414129 4.204361 -0.265150
v -0.414129 4.204361 -0.265150
v -0.365739 4.210269 -0.263495
v -0.278630 4.220623 -0.280393
v -0.274928 4.219688 -0.280159
v -0.271887 4.221424 -0.281701
v -0.253207 4.223644 -0.285324
v -0.250823 4.222984 -0.285134
v -0.249108 4.224131 -0.286119
v -0.249108 4.224131 -0.286119
v -0.414789 4.202744 -0.269544
v -0.414789 4.202744 -0.269544
v -0.367727 4.207669 -0.275335
v -0.280618 4.218022 -0.292232
v -0.277118 4.216823 -0.293206
v -0.273875 4.218823 -0.293540
v -0.255195 4.221044 -0.297164
v -0.252949 4.220202 -0.297802
v -0.251096 4.221531 -0.297959
v -0.251096 4.221531 -0.297959
v -0.416821 4.208749 -0.276342
v -0.416821 4.208749 -0.276342
v -0.370450 4.214260 -0.285337
v -0.283341 4.224613 -0.302234
v -0.280119 4.224085 -0.304228
v -0.276598 4.225414 -0.303542
v -0.257918 4.227634 -0.307166
v -0.255864 4.227254 -0.308504
v -0.253819 4.228121 -0.307961
v -0.253819 4.228121 -0.307961
v -0.418685 4.220669 -0.278647
v -0.418685 4.220669 -0.278647
v -0.372314 4.226181 -0.287642
v -0.285205 4.236534 -0.304539
v -0.282173 4.237222 -0.306769
v -0.278462 4.237335 -0.305847
v -0.259782 4.239555 -0.309471
v -0.257858 4.240009 -0.310970
v -0.255683 4.240042 -0.310266
v -0.255683 4.240042 -0.310266
v -0.418597 4.230937 -0.271905
v -0.418597 4.230937 -0.271905
v -0.372227 4.236448 -0.280900
v -0.285117 4.246801 -0.297797
v -0.282077 4.248537 -0.299339
v -0.278375 4.247602 -0.299105
v -0.259695 4.249823 -0.302729
v -0.257764 4.250995 -0.303756
v -0.255595 4.250310 -0.303524
v -0.255595 4.250310 -0.303524
v -0.417301 4.234123 -0.263269
v -0.417301 4.234123 -0.263269
v -0.370239 4.239048 -0.269060
v -0.283130 4.249402 -0.285958
v -0.279887 4.251402 -0.286292
v -0.276387 4.250203 -0.287266
v -0.257707 4.252423 -0.290889
v -0.255638 4.253778 -0.291088
v -0.253608 4.252910 -0.291684
v -0.253608 4.252910 -0.291684
v -0.416267 4.231071 -0.259809
v -0.416267 4.231071 -0.259809
v -0.367516 4.232458 -0.259058
v -0.280406 4.242811 -0.275956
v -0.276885 4.244140 -0.275270
v -0.273664 4.243612 -0.277264
v -0.254984 4.245832 -0.280887
v -0.252723 4.246726 -0.280386
v -0.250884 4.246320 -0.281682
v -0.250884 4.246320 -0.281682
v -0.427043 4.216016 -0.258719
v -0.427099 4.208789 -0.263439
v -0.427582 4.207926 -0.266455
v -0.428959 4.211596 -0.271308
v -0.430160 4.218656 -0.273171
v -0.429997 4.224561 -0.268715
v -0.429050 4.226262 -0.262788
v -0.428349 4.224396 -0.260319
v -0.464352 4.210854 -0.247842
v -0.464226 4.197512 -0.255369
v -0.465250 4.196064 -0.261532
v -0.467021 4.202119 -0.266952
v -0.468976 4.214770 -0.269281
v -0.468909 4.225709 -0.262235
v -0.467921 4.229426 -0.254861
v -0.466499 4.225908 -0.249690
v -0.499752 4.208768 -0.251585
v -0.499588 4.199237 -0.256576
v -0.500004 4.197948 -0.259512
v -0.501166 4.202163 -0.262920
v -0.502478 4.211077 -0.264223
v -0.502506 4.218903 -0.259572
v -0.501899 4.221620 -0.254779
v -0.501201 4.219387 -0.252547
v -0.547185 4.204750 -0.250484
v -0.547238 4.203500 -0.251523
v -0.547361 4.203377 -0.252232
v -0.547680 4.204093 -0.253435
v -0.547936 4.205386 -0.253965
v -0.547864 4.206401 -0.252973
v -0.547623 4.206643 -0.251579
v -0.547461 4.206279 -0.250967
v -0.248762 4.234909 -0.281826
v -0.248837 4.226172 -0.287563
v -0.250528 4.223959 -0.297638
v -0.252846 4.229568 -0.306149
v -0.254432 4.239711 -0.308110
v -0.254357 4.248448 -0.302373
v -0.252666 4.250661 -0.292298
v -0.250348 4.245053 -0.283787
v -0.086172 4.257267 -0.328539
v -0.086140 4.252329 -0.331401
v -0.086907 4.250944 -0.336202
v -0.088023 4.253924 -0.340131
v -0.088835 4.259523 -0.340886
v -0.088866 4.264461 -0.338024
v -0.088100 4.265846 -0.333222
v -0.086983 4.262866 -0.329294
v -0.021216 4.265355 -0.342980
v -0.021190 4.261375 -0.345286
v -0.021808 4.260259 -0.349156
v -0.022708 4.262661 -0.352323
v -0.023362 4.267173 -0.352931
v -0.023388 4.271153 -0.350624
v -0.022770 4.272270 -0.346754
v -0.021870 4.269868 -0.343588
v 0.036712 4.271855 -0.352292
v 0.036834 4.268586 -0.354208
v 0.036568 4.267694 -0.357434
v 0.036071 4.269700 -0.360080
v 0.035633 4.273429 -0.360597
v 0.035511 4.276698 -0.358681
v 0.035776 4.277591 -0.355455
v 0.036274 4.275585 -0.352809
v 0.091792 4.277305 -0.357493
v 0.091922 4.274403 -0.359290
v 0.091734 4.273650 -0.362379
v 0.091339 4.275488 -0.364950
v 0.090968 4.278839 -0.365497
v 0.090839 4.281741 -0.363700
v 0.091026 4.282494 -0.360611
v 0.091421 4.280656 -0.358040
v 0.179924 4.285502 -0.363202
v 0.180074 4.282890 -0.364824
v 0.179987 4.282219 -0.367613
v 0.179713 4.283884 -0.369936
v 0.179412 4.286907 -0.370431
v 0.179262 4.289518 -0.368809
v 0.179349 4.290189 -0.366020
v 0.179623 4.288525 -0.363697
v 0.293559 4.294786 -0.364136
v 0.293741 4.292555 -0.365526
v 0.293794 4.291992 -0.367916
v 0.293688 4.293427 -0.369908
v 0.293483 4.296020 -0.370333
v 0.293301 4.298251 -0.368943
v 0.293248 4.298814 -0.366552
v 0.293355 4.297379 -0.364561
v 0.395902 4.301703 -0.357752
v 0.396063 4.299973 -0.358831
v 0.396152 4.299541 -0.360685
v 0.396118 4.300658 -0.362230
v 0.395979 4.302671 -0.362559
v 0.395818 4.304401 -0.361481
v 0.395728 4.304834 -0.359627
v 0.395763 4.303717 -0.358082
v 0.485092 4.306972 -0.348388
v 0.485252 4.305855 -0.349098
v 0.485442 4.305590 -0.350328
v 0.485552 4.306331 -0.351356
v 0.485518 4.307644 -0.351580
v 0.485358 4.308760 -0.350870
v 0.485167 4.309025 -0.349641
v 0.485057 4.308285 -0.348612
v -0.791263 4.131393 -0.164260
v -0.791263 4.162012 -0.164260
v -0.640105 4.131393 -0.164260
v -0.640105 4.131393 -0.164260
v -0.625155 4.292277 -0.164260
v -0.630803 4.321121 -0.164260
v -0.655293 4.348219 -0.164260
v -0.692079 4.364458 -0.164260
v -0.680888 4.417714 -0.164260
v -0.694261 4.423383 -0.164260
v -0.694261 4.423383 -0.164260
v -0.649221 4.131393 -0.215959
v -0.649221 4.131393 -0.215959
v -0.635173 4.292277 -0.221072
v -0.640480 4.321121 -0.219141
v -0.663493 4.348218 -0.210765
v -0.698060 4.364458 -0.198183
v -0.687544 4.417714 -0.202011
v -0.700111 4.423383 -0.197437
v -0.700111 4.423383 -0.197437
v -0.675469 4.131393 -0.261423
v -0.675469 4.131393 -0.261423
v -0.664017 4.292277 -0.271032
v -0.668343 4.321121 -0.267402
v -0.687104 4.348218 -0.251660
v -0.715283 4.364458 -0.228015
v -0.706711 4.417714 -0.235208
v -0.716955 4.423383 -0.226612
v -0.716955 4.423383 -0.226612
v -0.715684 4.131393 -0.295167
v -0.715684 4.131393 -0.295167
v -0.708209 4.292277 -0.308114
v -0.711033 4.321121 -0.303223
v -0.723278 4.348218 -0.282013
v -0.741671 4.364458 -0.250156
v -0.736075 4.417714 -0.259848
v -0.742762 4.423383 -0.248267
v -0.742762 4.423383 -0.248267
v -0.765015 4.131393 -0.313122
v -0.765015 4.131393 -0.313122
v -0.762419 4.292277 -0.327844
v -0.763399 4.321121 -0.322283
v -0.767652 4.348218 -0.298164
v -0.774040 4.364458 -0.261938
v -0.772097 4.417714 -0.272959
v -0.774419 4.423383 -0.259789
v -0.774419 4.423383 -0.259789
v -0.817511 4.131393 -0.313122
v -0.817511 4.131393 -0.313122
v -0.820107 4.292277 -0.327844
v -0.819127 4.321121 -0.322283
v -0.814874 4.348218 -0.298164
v -0.808486 4.364458 -0.261938
v -0.810429 4.417714 -0.272959
v -0.808107 4.423383 -0.259789
v -0.808107 4.423383 -0.259789
v -0.866842 4.131393 -0.295167
v -0.866842 4.131393 -0.295167
v -0.874317 4.292277 -0.308114
v -0.871493 4.321121 -0.303223
v -0.859248 4.348218 -0.282013
v -0.840855 4.364458 -0.250156
v -0.846451 4.417714 -0.259848
v -0.839764 4.423383 -0.248267
v -0.839764 4.423383 -0.248267
v -0.907057 4.131393 -0.261423
v -0.907057 4.131393 -0.261423
v -0.918509 4.292277 -0.271032
v -0.914183 4.321121 -0.267402
v -0.895422 4.348218 -0.251660
v -0.867243 4.364458 -0.228015
v -0.875815 4.417714 -0.235208
v -0.865571 4.423383 -0.226612
v -0.865571 4.423383 -0.226612
v -0.933305 4.131393 -0.215959
v -0.933305 4.131393 -0.215959
v -0.947353 4.292277 -0.221072
v -0.942046 4.321121 -0.219141
v -0.919033 4.348218 -0.210765
v -0.884466 4.364458 -0.198183
v -0.894982 4.417714 -0.202011
v -0.882415 4.423383 -0.197437
v -0.882415 4.423383 -0.197437
v -0.942421 4.131393 -0.164260
v -0.942421 4.131393 -0.164260
v -0.957371 4.292277 -0.164260
v -0.951723 4.321121 -0.164260
v -0.927233 4.348219 -0.164260
v -0.890447 4.364458 -0.164260
v -0.901638 4.417714 -0.164260
v -0.888265 4.423383 -0.164260
v -0.888265 4.423383 -0.164260
v -0.933305 4.131393 -0.112561
v -0.933305 4.131393 -0.112561
v -0.947353 4.292277 -0.107448
v -0.942046 4.321121 -0.109380
v -0.919033 4.348219 -0.117756
v -0.884466 4.364458 -0.130337
v -0.894982 4.417714 -0.126510
v -0.882415 4.423383 -0.131083
v -0.882415 4.423383 -0.131083
v -0.907057 4.131393 -0.067098
v -0.907057 4.131393 -0.067098
v -0.918509 4.292277 -0.057488
v -0.914183 4.321121 -0.061118
v -0.895422 4.348219 -0.076861
v -0.867243 4.364458 -0.100506
v -0.875815 4.417714 -0.093312
v -0.865571 4.423383 -0.101908
v -0.865571 4.423383 -0.101908
v -0.866842 4.131393 -0.033353
v -0.866842 4.131393 -0.033353
v -0.874317 4.292277 -0.020407
v -0.871493 4.321121 -0.025298
v -0.859248 4.348219 -0.046507
v -0.840855 4.364458 -0.078364
v -0.846451 4.417714 -0.068672
v -0.839764 4.423383 -0.080254
v -0.839764 4.423383 -0.080254
v -0.817511 4.131393 -0.015399
v -0.817511 4.131393 -0.015399
v -0.820107 4.292277 -0.000676
v -0.819127 4.321121 -0.006238
v -0.814874 4.348219 -0.030356
v -0.808486 4.364458 -0.066583
v -0.810429 4.417714 -0.055562
v -0.808107 4.423383 -0.068732
v -0.808107 4.423383 -0.068732
v -0.765015 4.131393 -0.015399
v -0.765015 4.131393 -0.015399
v -0.762419 4.292277 -0.000676
v -0.763399 4.321121 -0.006238
v -0.767652 4.348219 -0.030356
v -0.774040 4.364458 -0.066583
v -0.772097 4.417714 -0.055562
v -0.774419 4.423383 -0.068732
v -0.774419 4.423383 -0.068732
v -0.715684 4.131393 -0.033353
v -0.715684 4.131393 -0.033353
v -0.708209 4.292277 -0.020407
v -0.711033 4.321121 -0.025298
v -0.723278 4.348219 -0.046507
v -0.741671 4.364458 -0.078364
v -0.736075 4.417714 -0.068672
v -0.742762 4.423383 -0.080254
v -0.742762 4.423383 -0.080254
v -0.675469 4.131393 -0.067098
v -0.675469 4.131393 -0.067098
v -0.664017 4.292277 -0.057488
v -0.668343 4.321121 -0.061118
v -0.687104 4.348219 -0.076861
v -0.715283 4.364458 -0.100506
v -0.706711 4.417714 -0.093312
v -0.716955 4.423383 -0.101908
v -0.716955 4.423383 -0.101908
v -0.649221 4.131393 -0.112561
v -0.649221 4.131393 -0.112561
v -0.635173 4.292277 -0.107448
v -0.640480 4.321121 -0.109380
v -0.663493 4.348219 -0.117756
v -0.698060 4.364458 -0.130337
v -0.687544 4.417714 -0.126510
v -0.700111 4.423383 -0.131083
v -0.700111 4.423383 -0.131083
v -0.705369 4.423383 -0.164260
v -0.710549 4.423383 -0.193638
v -0.725465 4.423383 -0.219472
v -0.748316 4.423383 -0.238646
v -0.776348 4.423383 -0.248849
v -0.806178 4.423383 -0.248849
v -0.834210 4.423383 -0.238646
v -0.857061 4.423383 -0.219472
v -0.871977 4.423383 -0.193638
v -0.877157 4.423383 -0.164260
v -0.871977 4.423383 -0.134883
v -0.857061 4.423383 -0.109049
v -0.834210 4.423383 -0.089874
v -0.806178 4.423383 -0.079671
v -0.776348 4.423383 -0.079671
v -0.748316 4.423383 -0.089874
v -0.725465 4.423383 -0.109049
v -0.710549 4.423383 -0.134883
v -0.724515 4.356046 -0.164260
v -0.728541 4.356046 -0.187089
v -0.740131 4.356046 -0.207165
v -0.757889 4.356046 -0.222065
v -0.779672 4.356046 -0.229994
v -0.802854 4.356046 -0.229994
v -0.824637 4.356046 -0.222065
v -0.842395 4.356046 -0.207165
v -0.853985 4.356046 -0.187089
v -0.858011 4.356046 -0.164260
v -0.853985 4.356046 -0.141431
v -0.842395 4.356046 -0.121356
v -0.824637 4.356046 -0.106455
v -0.802854 4.356046 -0.098527
v -0.779672 4.356046 -0.098527
v -0.757889 4.356046 -0.106455
v -0.740131 4.356046 -0.121356
v -0.728541 4.356046 -0.141431
v -0.646654 4.295628 -0.164260
v -0.655375 4.295628 -0.213719
v -0.680486 4.295628 -0.257213
v -0.718959 4.295628 -0.289495
v -0.766152 4.295628 -0.306672
v -0.816374 4.295628 -0.306672
v -0.863567 4.295628 -0.289495
v -0.902040 4.295628 -0.257213
v -0.927151 4.295628 -0.213719
v -0.935872 4.295628 -0.164260
v -0.927151 4.295628 -0.114801
v -0.902040 4.295628 -0.071307
v -0.863567 4.295628 -0.039025
v -0.816374 4.295628 -0.021848
v -0.766152 4.295628 -0.021848
v -0.718959 4.295628 -0.039025
v -0.680486 4.295628 -0.071307
v -0.655375 4.295628 -0.114801
v -0.646654 4.175301 -0.164260
v -0.655375 4.175301 -0.213719
v -0.680486 4.175301 -0.257213
v -0.718959 4.175301 -0.289495
v -0.766152 4.175301 -0.306672
v -0.816374 4.175301 -0.306672
v -0.863567 4.175301 -0.289495
v -0.902040 4.175301 -0.257213
v -0.927151 4.175301 -0.213719
v -0.935872 4.175301 -0.164260
v -0.927151 4.175301 -0.114801
v -0.902040 4.175301 -0.071307
v -0.863567 4.175301 -0.039025
v -0.816374 4.175301 -0.021848
v -0.766152 4.175301 -0.021848
v -0.718959 4.175301 -0.039025
v -0.680486 4.175301 -0.071307
v -0.655375 4.175301 -0.114801
v -0.655620 4.162012 -0.164260
v -0.663800 4.162012 -0.210653
v -0.687354 4.162012 -0.251450
v -0.723441 4.162012 -0.281731
v -0.767709 4.162012 -0.297843
v -0.814817 4.162012 -0.297843
v -0.859085 4.162012 -0.281731
v -0.895172 4.162012 -0.251450
v -0.918726 4.162012 -0.210653
v -0.926906 4.162012 -0.164260
v -0.918726 4.162012 -0.117868
v -0.895172 4.162012 -0.077071
v -0.859085 4.162013 -0.046790
v -0.814817 4.162013 -0.030678
v -0.767709 4.162013 -0.030678
v -0.723441 4.162013 -0.046790
v -0.687354 4.162012 -0.077071
v -0.663800 4.162012 -0.117868
v -0.625155 4.149362 -0.164260
v -0.635173 4.149362 -0.221072
v -0.664017 4.149362 -0.271032
v -0.708209 4.149362 -0.308114
v -0.762419 4.149362 -0.327844
v -0.820107 4.149362 -0.327844
v -0.874317 4.149362 -0.308114
v -0.918509 4.149362 -0.271032
v -0.947353 4.149362 -0.221072
v -0.957371 4.149362 -0.164260
v -0.947353 4.149362 -0.107448
v -0.918509 4.149362 -0.057488
v -0.874317 4.149362 -0.020407
v -0.820107 4.149362 -0.000676
v -0.762419 4.149362 -0.000676
v -0.708209 4.149362 -0.020407
v -0.664017 4.149362 -0.057488
v -0.635173 4.149362 -0.107448
v -0.691772 4.374103 -0.164260
v -0.674269 4.408858 -0.164260
v -0.697772 4.374103 -0.198288
v -0.681324 4.408858 -0.204275
v -0.715048 4.374103 -0.228212
v -0.701640 4.408858 -0.239463
v -0.741517 4.374103 -0.250422
v -0.732766 4.408858 -0.265580
v -0.773987 4.374103 -0.262240
v -0.770947 4.408858 -0.279477
v -0.808539 4.374103 -0.262240
v -0.811579 4.408858 -0.279477
v -0.841008 4.374103 -0.250422
v -0.849760 4.408858 -0.265580
v -0.867478 4.374103 -0.228212
v -0.880886 4.408858 -0.239463
v -0.884754 4.374103 -0.198288
v -0.901202 4.408858 -0.204275
v -0.890754 4.374103 -0.164260
v -0.908257 4.408858 -0.164260
v -0.884754 4.374103 -0.130232
v -0.901202 4.408858 -0.124246
v -0.867478 4.374103 -0.100309
v -0.880886 4.408858 -0.089058
v -0.841008 4.374103 -0.078098
v -0.849760 4.408858 -0.062940
v -0.808539 4.374103 -0.066281
v -0.811579 4.408858 -0.049043
v -0.773987 4.374103 -0.066281
v -0.770947 4.408858 -0.049043
v -0.741517 4.374103 -0.078098
v -0.732766 4.408858 -0.062940
v -0.715048 4.374103 -0.100309
v -0.701640 4.408858 -0.089058
v -0.697772 4.374103 -0.130232
v -0.681324 4.408858 -0.124246
v -0.674275 4.381581 -0.164260
v -0.681330 4.381581 -0.204273
v -0.701645 4.381581 -0.239459
v -0.732769 4.381581 -0.265575
v -0.770948 4.381581 -0.279471
v -0.811578 4.381581 -0.279471
v -0.849757 4.381581 -0.265575
v -0.880881 4.381581 -0.239459
v -0.901196 4.381581 -0.204273
v -0.908251 4.381581 -0.164260
v -0.901196 4.381581 -0.124248
v -0.880881 4.381581 -0.089062
v -0.849757 4.381581 -0.062946
v -0.811578 4.381581 -0.049049
v -0.770948 4.381581 -0.049049
v -0.732769 4.381581 -0.062946
v -0.701645 4.381581 -0.089062
v -0.681330 4.381581 -0.124248
v -0.717306 4.416191 -0.164260
v -0.724681 4.408868 -0.164260
v -0.721766 4.416191 -0.189555
v -0.728696 4.408868 -0.187033
v -0.734608 4.416191 -0.211799
v -0.740258 4.408868 -0.207058
v -0.754284 4.416191 -0.228309
v -0.757972 4.408868 -0.221922
v -0.778420 4.416191 -0.237094
v -0.779701 4.408868 -0.229831
v -0.804106 4.416191 -0.237094
v -0.802825 4.408868 -0.229831
v -0.828242 4.416191 -0.228309
v -0.824554 4.408868 -0.221922
v -0.847918 4.416191 -0.211799
v -0.842268 4.408868 -0.207058
v -0.860760 4.416191 -0.189555
v -0.853830 4.408868 -0.187033
v -0.865220 4.416191 -0.164260
v -0.857845 4.408868 -0.164260
v -0.860760 4.416191 -0.138965
v -0.853830 4.408868 -0.141488
v -0.847918 4.416191 -0.116721
v -0.842268 4.408868 -0.121462
v -0.828242 4.416191 -0.100211
v -0.824554 4.408868 -0.106598
v -0.804106 4.416191 -0.091426
v -0.802825 4.408868 -0.098690
v -0.778420 4.416191 -0.091426
v -0.779701 4.408868 -0.098690
v -0.754284 4.416191 -0.100211
v -0.757972 4.408868 -0.106598
v -0.734608 4.416191 -0.116721
v -0.740258 4.408868 -0.121462
v -0.721766 4.416191 -0.138965
v -0.728696 4.408868 -0.141488
v -0.668826 4.328640 -0.164260
v -0.676210 4.328640 -0.206136
v -0.697471 4.328639 -0.242961
v -0.730044 4.328639 -0.270294
v -0.770002 4.328639 -0.284837
v -0.812524 4.328639 -0.284837
v -0.852481 4.328639 -0.270294
v -0.885055 4.328639 -0.242961
v -0.906316 4.328640 -0.206136
v -0.913700 4.328640 -0.164260
v -0.906316 4.328640 -0.122384
v -0.885055 4.328640 -0.085559
v -0.852481 4.328640 -0.058227
v -0.812524 4.328640 -0.043683
v -0.770002 4.328640 -0.043683
v -0.730044 4.328640 -0.058227
v -0.697471 4.328640 -0.085559
v -0.676210 4.328640 -0.122384
v -0.672160 4.408521 -0.164260
v -0.679343 4.408521 -0.204996
v -0.700025 4.408521 -0.240818
v -0.731712 4.408521 -0.267406
v -0.770581 4.408521 -0.281553
v -0.811945 4.408521 -0.281553
v -0.850814 4.408521 -0.267406
v -0.882501 4.408521 -0.240818
v -0.903183 4.408521 -0.204996
v -0.910366 4.408521 -0.164260
v -0.903183 4.408521 -0.123525
v -0.882501 4.408521 -0.087703
v -0.850814 4.408521 -0.061114
v -0.811945 4.408521 -0.046967
v -0.770581 4.408521 -0.046967
v -0.731712 4.408521 -0.061114
v -0.700025 4.408521 -0.087703
v -0.679343 4.408521 -0.123525
v -0.672167 4.381917 -0.164260
v -0.679349 4.381917 -0.204994
v -0.700030 4.381917 -0.240814
v -0.731715 4.381917 -0.267401
v -0.770582 4.381917 -0.281547
v -0.811944 4.381917 -0.281547
v -0.850811 4.381917 -0.267401
v -0.882496 4.381917 -0.240814
v -0.903177 4.381917 -0.204994
v -0.910359 4.381917 -0.164260
v -0.903177 4.381917 -0.123527
v -0.882496 4.381917 -0.087707
v -0.850811 4.381917 -0.061120
v -0.811944 4.381917 -0.046973
v -0.770582 4.381917 -0.046973
v -0.731715 4.381917 -0.061120
v -0.700030 4.381917 -0.087707
v -0.679349 4.381917 -0.123527
v 1.037263 4.507452 -0.447232
v 1.062468 4.504950 -0.455407
v 1.059091 4.517001 -0.459095
v 1.049865 4.525822 -0.461795
v 1.037263 4.529051 -0.462783
v 1.024661 4.525822 -0.461795
v 1.015435 4.517001 -0.459095
v 1.012058 4.504950 -0.455407
v 1.015435 4.492899 -0.451718
v 1.024661 4.484078 -0.449018
v 1.037263 4.480849 -0.448030
v 1.049865 4.484078 -0.449018
v 1.059091 4.492899 -0.451718
v 1.059091 4.506201 -0.451319
v 1.056167 4.516637 -0.454513
v 1.048177 4.524277 -0.456852
v 1.037263 4.527073 -0.457708
v 1.026349 4.524277 -0.456852
v 1.018360 4.516637 -0.454513
v 1.015435 4.506201 -0.451319
v 1.018360 4.495765 -0.448125
v 1.026349 4.488125 -0.445787
v 1.037263 4.485329 -0.444931
v 1.048177 4.488125 -0.445787
v 1.056167 4.495765 -0.448125
v 1.049865 4.507117 -0.448327
v 1.048177 4.513142 -0.450171
v 1.043564 4.517553 -0.451521
v 1.037263 4.519167 -0.452015
v 1.030962 4.517553 -0.451521
v 1.026349 4.513142 -0.450171
v 1.024661 4.507117 -0.448327
v 1.026349 4.501092 -0.446483
v 1.030962 4.496681 -0.445133
v 1.037263 4.495067 -0.444639
v 1.043564 4.496681 -0.445133
v 1.048177 4.501092 -0.446483
v 0.711085 4.507452 -0.447232
v 0.726682 4.486018 -0.449612
v 0.734492 4.496012 -0.452671
v 0.736030 4.508400 -0.456463
v 0.730884 4.519865 -0.459972
v 0.720433 4.527332 -0.462257
v 0.707477 4.528803 -0.462707
v 0.695488 4.523882 -0.461201
v 0.687678 4.513889 -0.458143
v 0.686140 4.501500 -0.454351
v 0.691286 4.490036 -0.450842
v 0.701737 4.482568 -0.448556
v 0.714693 4.481097 -0.448106
v 0.724593 4.489805 -0.446301
v 0.731356 4.498460 -0.448950
v 0.732688 4.509189 -0.452234
v 0.728231 4.519117 -0.455273
v 0.719180 4.525585 -0.457252
v 0.707960 4.526858 -0.457642
v 0.697577 4.522597 -0.456338
v 0.690814 4.513942 -0.453689
v 0.689482 4.503213 -0.450405
v 0.693938 4.493285 -0.447366
v 0.702990 4.486817 -0.445386
v 0.714210 4.485544 -0.444997
v 0.718884 4.497651 -0.445430
v 0.722789 4.502648 -0.446959
v 0.723558 4.508842 -0.448855
v 0.720985 4.514574 -0.450609
v 0.715759 4.518308 -0.451752
v 0.709281 4.519043 -0.451977
v 0.703286 4.516583 -0.451224
v 0.699381 4.511586 -0.449695
v 0.698612 4.505392 -0.447799
v 0.701185 4.499660 -0.446045
v 0.706411 4.495926 -0.444902
v 0.712889 4.495191 -0.444677
v 0.397344 4.507452 -0.447232
v 0.420777 4.513828 -0.458124
v 0.412995 4.523842 -0.461189
v 0.401020 4.528793 -0.462704
v 0.388060 4.527357 -0.462265
v 0.377588 4.519916 -0.459987
v 0.372409 4.508465 -0.456482
v 0.373912 4.496072 -0.452689
v 0.381693 4.486058 -0.449625
v 0.393669 4.481107 -0.448109
v 0.406629 4.482543 -0.448549
v 0.417101 4.489985 -0.450826
v 0.422280 4.501435 -0.454331
v 0.417637 4.513890 -0.453672
v 0.410898 4.522562 -0.456327
v 0.400528 4.526850 -0.457639
v 0.389304 4.525606 -0.457258
v 0.380234 4.519162 -0.455286
v 0.375750 4.509245 -0.452251
v 0.377051 4.498513 -0.448966
v 0.383790 4.489841 -0.446312
v 0.394161 4.485552 -0.444999
v 0.405385 4.486797 -0.445380
v 0.414454 4.493240 -0.447352
v 0.418939 4.503157 -0.450388
v 0.409060 4.511556 -0.449686
v 0.405170 4.516563 -0.451218
v 0.399182 4.519039 -0.451976
v 0.392702 4.518320 -0.451756
v 0.387466 4.514600 -0.450617
v 0.384877 4.508874 -0.448865
v 0.385628 4.502678 -0.446968
v 0.389519 4.497671 -0.445436
v 0.395506 4.495195 -0.444678
v 0.401986 4.495914 -0.444898
v 0.407223 4.499634 -0.446037
v 0.409812 4.505360 -0.447789
v 0.073223 4.507452 -0.447232
v 0.067736 4.528473 -0.462606
v 0.056171 4.522698 -0.460839
v 0.049175 4.512168 -0.457616
v 0.048623 4.499703 -0.453801
v 0.054662 4.488645 -0.450416
v 0.065675 4.481955 -0.448369
v 0.078710 4.481427 -0.448207
v 0.090275 4.487202 -0.449974
v 0.097271 4.497732 -0.453197
v 0.097823 4.510197 -0.457012
v 0.091784 4.521255 -0.460397
v 0.080772 4.527945 -0.462445
v 0.068471 4.526573 -0.457554
v 0.058456 4.521572 -0.456024
v 0.052397 4.512452 -0.453232
v 0.051919 4.501657 -0.449929
v 0.057149 4.492080 -0.446997
v 0.066686 4.486287 -0.445224
v 0.077975 4.485829 -0.445084
v 0.087990 4.490830 -0.446615
v 0.094049 4.499950 -0.449406
v 0.094528 4.510745 -0.452710
v 0.089297 4.520322 -0.455641
v 0.079760 4.526115 -0.457414
v 0.070480 4.518878 -0.451927
v 0.064697 4.515991 -0.451043
v 0.061199 4.510726 -0.449432
v 0.060923 4.504494 -0.447524
v 0.063943 4.498964 -0.445832
v 0.069449 4.495619 -0.444808
v 0.075967 4.495356 -0.444727
v 0.081749 4.498243 -0.445611
v 0.085247 4.503508 -0.447222
v 0.085523 4.509740 -0.449130
v 0.082504 4.515270 -0.450822
v 0.076997 4.518614 -0.451846
v -0.252285 4.507452 -0.447232
v -0.265322 4.484324 -0.449094
v -0.252790 4.480854 -0.448031
v -0.240123 4.483840 -0.448946
v -0.230714 4.492483 -0.451591
v -0.227085 4.504467 -0.455259
v -0.230208 4.516580 -0.458966
v -0.239247 4.525576 -0.461720
v -0.251779 4.529046 -0.462782
v -0.264447 4.526060 -0.461868
v -0.273856 4.517417 -0.459222
v -0.277484 4.505434 -0.455555
v -0.274361 4.493320 -0.451847
v -0.263576 4.488338 -0.445852
v -0.252723 4.485333 -0.444932
v -0.241752 4.487920 -0.445724
v -0.233604 4.495405 -0.448015
v -0.230461 4.505783 -0.451191
v -0.233166 4.516273 -0.454402
v -0.240994 4.524064 -0.456786
v -0.251847 4.527069 -0.457706
v -0.262817 4.524483 -0.456915
v -0.270966 4.516997 -0.454624
v -0.274108 4.506619 -0.451447
v -0.271403 4.496130 -0.448237
v -0.258804 4.496804 -0.445170
v -0.252537 4.495069 -0.444639
v -0.246204 4.496562 -0.445096
v -0.241499 4.500884 -0.446419
v -0.239685 4.506875 -0.448253
v -0.241247 4.512932 -0.450107
v -0.245766 4.517430 -0.451483
v -0.252032 4.519165 -0.452015
v -0.258366 4.517672 -0.451557
v -0.263070 4.513350 -0.450235
v -0.264885 4.507359 -0.448401
v -0.263323 4.501302 -0.446547
v -0.566226 4.507452 -0.447232
v -0.542206 4.497648 -0.453172
v -0.541606 4.510111 -0.456986
v -0.547603 4.521191 -0.460377
v -0.558590 4.527918 -0.462437
v -0.571623 4.528492 -0.462612
v -0.583210 4.522758 -0.460857
v -0.590246 4.512251 -0.457641
v -0.590846 4.499789 -0.453827
v -0.584849 4.488709 -0.450436
v -0.573862 4.481982 -0.448377
v -0.560829 4.481408 -0.448201
v -0.549242 4.487143 -0.449956
v -0.545424 4.499878 -0.449384
v -0.544905 4.510671 -0.452687
v -0.550098 4.520266 -0.455624
v -0.559613 4.526093 -0.457407
v -0.570900 4.526589 -0.457559
v -0.580935 4.521623 -0.456039
v -0.587028 4.512525 -0.453255
v -0.587548 4.501731 -0.449951
v -0.582354 4.492136 -0.447014
v -0.572839 4.486310 -0.445231
v -0.561552 4.485813 -0.445079
v -0.551517 4.490779 -0.446599
v -0.554216 4.503466 -0.447209
v -0.553916 4.509697 -0.449117
v -0.556915 4.515237 -0.450812
v -0.562408 4.518601 -0.451842
v -0.568925 4.518888 -0.451930
v -0.574718 4.516021 -0.451052
v -0.578236 4.510767 -0.449444
v -0.578536 4.504537 -0.447537
v -0.575538 4.498997 -0.445842
v -0.570044 4.495633 -0.444812
v -0.563528 4.495346 -0.444724
v -0.557734 4.498213 -0.445602
v -0.890265 4.507452 -0.447232
v -0.875532 4.524505 -0.461392
v -0.887731 4.528929 -0.462746
v -0.900609 4.526928 -0.462133
v -0.910716 4.519038 -0.459719
v -0.915342 4.507373 -0.456148
v -0.913250 4.495059 -0.452379
v -0.904999 4.485395 -0.449421
v -0.892800 4.480971 -0.448067
v -0.879922 4.482972 -0.448680
v -0.869815 4.490862 -0.451095
v -0.865188 4.502527 -0.454665
v -0.867281 4.514841 -0.458434
v -0.877506 4.523136 -0.456502
v -0.888071 4.526968 -0.457675
v -0.899223 4.525235 -0.457145
v -0.907976 4.518402 -0.455053
v -0.911983 4.508300 -0.451961
v -0.910170 4.497635 -0.448697
v -0.903025 4.489266 -0.446136
v -0.892460 4.485435 -0.444963
v -0.881307 4.487167 -0.445493
v -0.872555 4.494000 -0.447585
v -0.868548 4.504102 -0.450677
v -0.870360 4.514767 -0.453941
v -0.882899 4.516894 -0.451319
v -0.888998 4.519106 -0.451996
v -0.895437 4.518106 -0.451690
v -0.900490 4.514161 -0.450483
v -0.902804 4.508328 -0.448698
v -0.901758 4.502172 -0.446813
v -0.897632 4.497340 -0.445334
v -0.891532 4.495127 -0.444657
v -0.885094 4.496128 -0.444963
v -0.880040 4.500073 -0.446171
v -0.877727 4.505905 -0.447956
v -0.878773 4.512062 -0.449840
vn -0.0783 0.9776 0.1955
vn -1.0000 -0.0000 -0.0000
vn -0.0000 -0.9903 -0.1386
vn -0.0000 -0.9905 -0.1373
vn -0.0000 -0.9905 -0.1376
vn -0.0000 -0.9905 -0.1374
vn -0.0000 -0.9903 -0.1387
vn 1.0000 -0.0000 -0.0000
vn -0.0000 -0.3746 -0.9272
vn -0.0000 0.6156 -0.7880
vn -0.0000 0.3091 -0.9510
vn -0.0000 0.5163 -0.8564
vn -0.0000 0.8480 -0.5300
vn -0.0000 0.7061 -0.7081
vn -0.0000 0.9781 -0.2079
vn -0.0000 0.8829 0.4695
vn -0.0000 0.9903 0.1392
vn -0.0000 0.9331 0.3597
vn -0.0000 0.9903 0.1393
vn -0.0000 0.6691 0.7432
vn -0.0000 0.8200 0.5724
vn -0.0000 -0.3090 0.9511
vn -0.0000 0.0350 0.9994
vn -0.0000 -0.1923 0.9813
vn -0.0000 -0.8481 0.5299
vn -0.0000 -0.4213 0.9069
vn -0.0000 -0.6157 0.7880
vn -0.0000 -0.9782 0.2078
vn -0.0000 -0.9782 0.2079
vn -0.0000 -0.9781 0.2079
vn -0.0000 0.8830 0.4694
vn -0.0000 0.3746 0.9272
vn -0.0000 -0.0857 0.9963
vn -0.0000 0.1550 0.9879
vn -0.0000 -0.8481 0.5298
vn -0.0001 -0.9961 0.0886
vn -0.0000 -0.9460 0.3242
vn -0.0000 -0.8200 -0.5724
vn -0.0000 -0.9331 -0.3597
vn -0.0000 -0.6691 -0.7432
vn -0.0000 -0.6691 -0.7431
vn -0.0000 -0.0349 -0.9994
vn -0.0000 0.4213 -0.9069
vn -0.0000 0.1922 -0.9813
vn -0.0000 0.6157 -0.7879
vn -0.0000 0.6157 -0.7880
vn -0.0000 0.9782 -0.2079
vn -0.0000 0.9782 -0.2077
vn -0.0000 0.8830 0.4695
vn -0.0000 -0.9961 0.0886
vn -0.0000 -0.6692 -0.7431
vn -0.0001 -0.8200 -0.5724
vn -0.0000 0.1923 -0.9813
vn -0.0000 0.6158 -0.7879
vn -1.0000 0.0001 -0.0000
vn 1.0000 -0.0001 -0.0000
vn 1.0000 0.0001 -0.0000
vn -0.3765 -0.8952 -0.2385
vn -0.3766 -0.5325 -0.7581
vn -0.3765 -0.6983 -0.6088
vn -0.3766 0.0794 -0.9230
vn -0.3766 -0.1436 -0.9152
vn -0.3766 0.6541 -0.6560
vn -0.3766 0.4783 -0.7933
vn -0.3766 0.9227 -0.0821
vn -0.3766 0.8764 -0.3003
vn -0.3765 0.7596 0.5303
vn -0.3765 0.8644 0.3333
vn -0.3765 0.2411 0.8945
vn -0.3766 0.4479 0.8109
vn -0.3766 -0.3902 0.8402
vn -0.3766 -0.1781 0.9091
vn -0.3766 -0.8390 0.3927
vn -0.3765 -0.7208 0.5819
vn -0.3766 -0.9262 -0.0176
vn 0.3766 -0.6983 -0.6088
vn 0.3766 -0.9262 -0.0175
vn 0.3766 -0.8952 -0.2384
vn 0.3766 -0.1436 -0.9152
vn 0.3766 -0.5325 -0.7580
vn 0.3766 0.4783 -0.7933
vn 0.3766 0.0794 -0.9230
vn 0.3766 0.8764 -0.3003
vn 0.3765 0.6541 -0.6561
vn 0.3766 0.8643 0.3333
vn 0.3765 0.9228 -0.0821
vn 0.3766 0.4479 0.8109
vn 0.3765 0.7597 0.5302
vn 0.3766 -0.1781 0.9091
vn 0.3766 0.2411 0.8944
vn 0.3765 -0.7208 0.5819
vn 0.3766 -0.3903 0.8402
vn 0.3766 -0.8390 0.3928
vn -0.0000 -0.3747 -0.9272
vn -0.0000 -0.6156 0.7880
vn -1.0000 -0.0001 -0.0000
vn -1.0000 0.0002 -0.0000
vn -0.0000 0.1382 -0.9904
vn -0.0000 -0.1513 0.9885
vn -0.0000 -0.1514 0.9885
vn -0.0000 -0.1511 0.9885
vn -0.0000 0.1383 -0.9904
vn -0.0000 -0.1515 0.9885
vn -0.0000 -0.1512 0.9885
vn -0.0000 0.9905 0.1377
vn -0.0000 0.9905 0.1374
vn -0.0000 0.9906 0.1370
vn -0.0000 -0.9902 -0.1394
vn -0.0000 -0.9903 -0.1390
vn -0.0000 -0.9903 -0.1391
vn -0.0000 0.9905 0.1376
vn -0.0000 0.9905 0.1375
vn -0.0000 -0.9903 -0.1389
vn -0.0000 0.9904 0.1383
vn -0.0000 0.9904 0.1382
vn -0.0000 -0.9904 -0.1383
vn -0.0000 -0.9904 -0.1382
vn -0.7490 0.0916 -0.6562
vn -0.0000 0.9904 0.1384
vn -0.0000 -0.9904 -0.1380
vn 0.7489 0.0916 -0.6564
vn 0.7489 0.0917 -0.6563
vn -0.0000 -0.9904 -0.1381
vn -0.0000 -0.9904 -0.1384
vn -0.0000 0.9782 -0.2078
vn -0.0000 0.9781 -0.2080
vn -0.7488 0.0916 -0.6565
vn 0.7488 0.0915 -0.6564
vn -0.0000 -0.1392 0.9903
vn -0.0000 -0.0000 1.0000
vn -0.0000 0.1392 -0.9903
vn -0.0000 -0.0000 -1.0000
vn -0.0000 1.0000 -0.0000
vn -0.0000 0.9889 0.1484
vn -0.0000 0.9875 0.1575
vn -0.0000 0.9903 0.1391
vn -0.0000 -0.9903 -0.1392
vn -0.7000 0.6964 0.1578
vn -0.7011 0.7031 0.1188
vn -0.7010 0.7016 0.1280
vn -0.0000 0.9882 0.1531
vn -0.0000 0.9860 0.1667
vn -0.0000 0.9681 -0.2505
vn -0.0000 0.9682 -0.2503
vn -0.0000 0.7345 0.6786
vn -0.0000 0.7342 0.6790
vn -0.0000 0.7344 0.6788
vn -0.0000 0.7344 0.6787
vn -0.0000 0.7340 0.6791
vn -0.0000 0.7340 0.6792
vn -0.0000 -0.0001 1.0000
vn -0.0000 0.0095 1.0000
vn -0.0000 0.2848 -0.9586
vn -0.9189 0.3907 0.0549
vn 0.9189 0.3907 0.0549
vn -0.0000 0.9681 -0.2504
vn -0.0000 0.9681 -0.2506
vn -0.0000 0.9682 -0.2501
vn -0.7012 0.7060 0.0992
vn 0.5971 0.7944 0.1116
vn 0.5972 0.7943 0.1116
vn -0.0000 0.9061 -0.4230
vn -0.0000 0.9062 -0.4229
vn -0.0000 0.7339 0.6793
vn -0.0000 0.7339 0.6792
vn 0.5242 0.8433 0.1185
vn -0.5243 0.8433 0.1185
vn -0.5242 0.8433 0.1185
vn -0.0000 0.0002 -1.0000
vn -0.0000 -0.0002 1.0000
vn -0.0000 -0.0003 1.0000
vn -0.0000 1.0000 -0.0041
vn -0.9848 -0.0007 0.1736
vn -0.8661 -0.0020 0.4998
vn -0.8662 -0.0020 0.4998
vn -0.6430 -0.0031 0.7659
vn -0.3422 -0.0038 0.9396
vn -0.0000 -0.0040 1.0000
vn 0.3422 -0.0038 0.9396
vn 0.6430 -0.0031 0.7659
vn 0.8661 -0.0020 0.4998
vn 0.8662 -0.0020 0.4998
vn 0.9848 -0.0007 0.1736
vn 0.9848 0.0007 -0.1736
vn 0.8661 0.0020 -0.4998
vn 0.6430 0.0031 -0.7659
vn 0.3422 0.0038 -0.9396
vn -0.0000 0.0040 -1.0000
vn -0.3422 0.0038 -0.9396
vn -0.6430 0.0031 -0.7659
vn -0.8661 0.0020 -0.4998
vn -0.9848 0.0007 -0.1736
vn -0.0000 1.0000 -0.0050
vn 0.9848 -0.0008 0.1735
vn 0.8662 -0.0024 0.4997
vn 0.6430 -0.0037 0.7658
vn 0.3422 -0.0045 0.9396
vn -0.0000 -0.0048 1.0000
vn -0.3422 -0.0045 0.9396
vn -0.6430 -0.0037 0.7658
vn -0.8662 -0.0024 0.4997
vn -0.9848 -0.0008 0.1735
vn -0.9848 0.0008 -0.1735
vn -0.8662 0.0024 -0.4997
vn -0.6430 0.0037 -0.7658
vn -0.3422 0.0045 -0.9396
vn -0.0000 0.0048 -1.0000
vn 0.3422 0.0045 -0.9396
vn 0.6430 0.0037 -0.7658
vn 0.8662 0.0024 -0.4997
vn 0.9848 0.0008 -0.1735
vn 0.6266 0.6895 -0.3633
vn 0.6213 0.6966 -0.3588
vn 0.6265 0.6895 -0.3633
vn -0.7841 0.6053 0.1370
vn -0.7893 0.5981 0.1391
vn -0.0000 0.6979 -0.7162
vn -0.6945 0.5983 0.3996
vn -0.6981 0.5918 0.4031
vn 0.2448 0.6970 -0.6740
vn 0.2443 0.6998 -0.6713
vn -0.5189 0.5917 0.6170
vn -0.5205 0.5867 0.6203
vn -0.5189 0.5916 0.6170
vn -0.2774 0.5869 0.7607
vn -0.2776 0.5842 0.7627
vn -0.0000 0.5851 0.8110
vn 0.7194 0.6826 -0.1285
vn 0.7121 0.6908 -0.1256
vn 0.2774 0.5868 0.7607
vn 0.2763 0.5895 0.7591
vn 0.5190 0.5915 0.6171
vn 0.5159 0.5965 0.6148
vn 0.6946 0.5981 0.3997
vn 0.6898 0.6047 0.3982
vn 0.7843 0.6051 0.1370
vn 0.7786 0.6123 0.1373
vn 0.7793 0.6111 -0.1386
vn 0.7741 0.6182 -0.1365
vn 0.6821 0.6155 -0.3949
vn 0.6785 0.6215 -0.3917
vn 0.5048 0.6180 -0.6027
vn 0.5031 0.6223 -0.5997
vn 0.2683 0.6191 -0.7381
vn 0.2680 0.6214 -0.7362
vn -0.0000 0.6193 -0.7851
vn -0.0000 0.6195 -0.7850
vn -0.0000 0.6194 -0.7850
vn -0.2682 0.6192 -0.7380
vn -0.2692 0.6169 -0.7396
vn -0.2682 0.6191 -0.7381
vn -0.5048 0.6181 -0.6026
vn -0.5075 0.6137 -0.6048
vn -0.5048 0.6180 -0.6027
vn -0.6819 0.6157 -0.3949
vn -0.6864 0.6097 -0.3963
vn -0.6819 0.6156 -0.3949
vn -0.7791 0.6114 -0.1386
vn -0.7846 0.6044 -0.1384
vn -0.7791 0.6113 -0.1386
vn 0.7277 0.6741 0.1266
vn 0.7199 0.6823 0.1269
vn 0.6476 0.6649 0.3721
vn 0.6411 0.6723 0.3701
vn 0.4857 0.6567 0.5770
vn 0.4816 0.6623 0.5739
vn 0.4856 0.6568 0.5769
vn 0.2602 0.6509 0.7131
vn 0.2587 0.6540 0.7109
vn 0.2602 0.6510 0.7131
vn -0.0000 0.6489 0.7609
vn -0.2602 0.6511 0.7130
vn -0.2605 0.6480 0.7157
vn -0.4856 0.6569 0.5768
vn -0.4878 0.6513 0.5813
vn -0.6474 0.6652 0.3720
vn -0.6523 0.6577 0.3766
vn -0.7275 0.6744 0.1265
vn -0.7346 0.6660 0.1295
vn -0.7275 0.6743 0.1265
vn -0.7191 0.6829 -0.1285
vn -0.7269 0.6747 -0.1282
vn -0.6263 0.6898 -0.3632
vn -0.6328 0.6827 -0.3654
vn -0.4617 0.6945 -0.5518
vn -0.4657 0.6893 -0.5550
vn -0.2447 0.6971 -0.6739
vn -0.2461 0.6944 -0.6762
vn 0.4618 0.6943 -0.5519
vn 0.4593 0.6995 -0.5475
vn 0.4619 0.6943 -0.5520
vn -0.0000 0.2561 0.9667
vn -0.0000 0.2561 0.9666
vn -0.0000 0.2552 0.9669
vn -0.0000 0.8787 0.4775
vn -0.0000 0.8786 0.4775
vn -0.0000 0.2555 0.9668
vn -0.0000 0.2549 0.9670
vn -0.0000 0.8788 0.4773
vn -0.0000 0.2538 0.9673
vn -0.0000 0.8790 0.4769
vn 0.4185 0.8993 0.1266
vn 0.3963 0.9091 0.1282
vn 0.9032 0.4250 0.0602
vn 0.9247 0.3771 0.0530
vn 0.9238 0.3791 0.0533
vn 0.9238 0.3790 0.0533
vn 0.3827 0.9149 0.1286
vn 0.3828 0.9148 0.1286
vn 0.3873 0.9130 0.1283
vn 0.3825 0.9150 0.1286
vn 0.3826 0.9149 0.1286
vn 0.9238 0.3793 0.0533
vn -0.0000 0.5078 -0.8615
vn -0.0000 0.5079 -0.8614
vn -0.0000 0.9682 -0.2502
vn -0.0000 0.5077 -0.8615
vn -0.0000 0.5076 -0.8616
vn -0.9239 0.3789 0.0532
vn -0.9240 0.3787 0.0532
vn -0.3826 0.9149 0.1286
vn -0.3825 0.9150 0.1286
vn -0.3883 0.9125 0.1283
vn -0.3827 0.9149 0.1286
vn -0.9243 0.3780 0.0531
vn -0.9247 0.3771 0.0530
vn -0.3966 0.9091 0.1278
vn -0.3896 0.9120 0.1282
vn -0.9050 0.4213 0.0597
vn -0.8832 0.4645 0.0653
vn -0.4156 0.9007 0.1268
vn -0.4345 0.8919 0.1257
vn -0.0000 0.8793 0.4762
vn -0.0000 0.8790 0.4768
vn 0.9243 0.3780 0.0531
vn 0.3968 0.9090 0.1278
vn 0.3896 0.9120 0.1282
vn -0.9242 0.3783 0.0531
vn 0.5971 0.7944 0.1117
vn 0.6317 0.6824 -0.3679
vn -0.7789 0.6125 0.1348
vn -0.6908 0.6048 0.3962
vn 0.2452 0.6943 -0.6766
vn -0.5172 0.5966 0.6136
vn -0.2772 0.5896 0.7587
vn 0.7266 0.6743 -0.1314
vn 0.2786 0.5841 0.7624
vn 0.5220 0.5865 0.6193
vn 0.6994 0.5915 0.4012
vn 0.7899 0.5978 0.1367
vn 0.7844 0.6041 -0.1407
vn 0.6856 0.6095 -0.3981
vn 0.5065 0.6136 -0.6058
vn 0.2685 0.6168 -0.7399
vn -0.2673 0.6215 -0.7364
vn -0.5020 0.6225 -0.6005
vn -0.6774 0.6216 -0.3934
vn -0.7735 0.6184 -0.1389
vn 0.7355 0.6656 0.1263
vn 0.6541 0.6574 0.3742
vn 0.4897 0.6511 0.5799
vn 0.2617 0.6479 0.7154
vn -0.2599 0.6541 0.7103
vn -0.4833 0.6625 0.5723
vn -0.6424 0.6725 0.3673
vn -0.7203 0.6825 0.1235
vn -0.7113 0.6910 -0.1288
vn -0.6198 0.6968 -0.3610
vn -0.4578 0.6997 -0.5486
vn -0.2433 0.6999 -0.6715
vn 0.4644 0.6891 -0.5564
vn 0.0031 0.1413 -0.9900
vn 0.4405 0.8890 0.1250
vn 0.8791 0.4719 0.0673
vn -0.0000 0.9682 -0.2500
vn -0.9247 0.3769 0.0539
vn -0.4155 0.9007 0.1268
vn 0.4405 0.8891 -0.1241
vn 0.5048 0.8539 0.1267
vn 0.7828 0.6221 0.0168
vn 0.2582 0.9152 -0.3095
vn 0.6430 0.6752 -0.3615
vn 0.0066 0.9250 -0.3798
vn 0.3309 0.7115 -0.6198
vn -0.2467 0.9161 -0.3161
vn -0.0699 0.7213 -0.6891
vn -0.4339 0.8907 -0.1355
vn -0.4519 0.7018 -0.5506
vn -0.5048 0.8557 0.1136
vn -0.7128 0.6584 -0.2416
vn -0.4405 0.8204 0.3644
vn -0.7828 0.6026 0.1553
vn -0.2582 0.7944 0.5498
vn -0.6430 0.5495 0.5335
vn -0.0066 0.7845 0.6201
vn -0.3309 0.5131 0.7920
vn 0.2467 0.7934 0.5564
vn 0.0699 0.5034 0.8612
vn 0.4339 0.8188 0.3758
vn 0.4519 0.5229 0.7228
vn 0.7128 0.5663 0.4137
vn 0.1937 0.9801 0.0428
vn 0.2147 0.9649 0.1511
vn 0.1207 0.9919 -0.0406
vn 0.0154 0.9969 -0.0767
vn -0.0941 0.9940 -0.0559
vn -0.1783 0.9838 0.0164
vn -0.2147 0.9692 0.1207
vn -0.1937 0.9539 0.2291
vn -0.1207 0.9422 0.3125
vn -0.0154 0.9372 0.3486
vn 0.0941 0.9401 0.3277
vn 0.1783 0.9503 0.2554
vn 0.4664 0.8279 0.3117
vn 0.3072 0.7990 0.5169
vn 0.5393 0.5328 0.6521
vn 0.5006 0.8639 0.0551
vn 0.7529 0.5810 0.3093
vn 0.4007 0.8975 -0.1841
vn 0.7647 0.6376 -0.0934
vn 0.1934 0.9197 -0.3417
vn 0.5716 0.6874 -0.4480
vn -0.0657 0.9244 -0.3756
vn 0.2254 0.7171 -0.6595
vn -0.3072 0.9105 -0.2766
vn -0.1812 0.7188 -0.6712
vn -0.4664 0.8817 -0.0714
vn -0.5393 0.6919 -0.4800
vn -0.5006 0.8456 0.1852
vn -0.7529 0.6437 -0.1372
vn -0.4007 0.8120 0.4243
vn -0.7647 0.5871 0.2655
vn -0.1934 0.7899 0.5820
vn -0.5716 0.5373 0.6201
vn 0.0657 0.7851 0.6159
vn -0.2254 0.5076 0.8316
vn 0.1812 0.5059 0.8433
vn 0.1937 0.9540 0.2289
vn 0.1208 0.9422 0.3124
vn 0.2147 0.9692 0.1205
vn 0.1782 0.9839 0.0163
vn 0.0939 0.9940 -0.0559
vn -0.0155 0.9969 -0.0767
vn -0.1208 0.9919 -0.0405
vn -0.1937 0.9801 0.0429
vn -0.2147 0.9649 0.1513
vn -0.1782 0.9502 0.2556
vn -0.0939 0.9401 0.3278
vn 0.0155 0.9372 0.3485
vn 0.3187 0.9093 -0.2676
vn 0.4718 0.8798 -0.0579
vn 0.7020 0.6615 -0.2638
vn 0.0802 0.9241 -0.3735
vn 0.4313 0.7038 -0.5645
vn -0.1798 0.9204 -0.3471
vn 0.0450 0.7215 -0.6909
vn -0.3916 0.8991 -0.1954
vn -0.3533 0.7100 -0.6091
vn -0.4985 0.8660 0.0407
vn -0.6570 0.6724 -0.3410
vn -0.4718 0.8298 0.2982
vn -0.7846 0.6186 0.0415
vn -0.3187 0.8003 0.5079
vn -0.7020 0.5632 0.4359
vn -0.0802 0.7854 0.6137
vn -0.4314 0.5209 0.7366
vn 0.1798 0.7891 0.5873
vn -0.0450 0.5031 0.8630
vn 0.3917 0.8104 0.4357
vn 0.3533 0.5147 0.7812
vn 0.4985 0.8436 0.1995
vn 0.6570 0.5523 0.5131
vn 0.7846 0.6061 0.1306
vn 0.1454 0.9891 -0.0213
vn 0.2053 0.9761 0.0717
vn 0.0465 0.9963 -0.0722
vn -0.0648 0.9956 -0.0674
vn -0.1588 0.9873 -0.0081
vn -0.2102 0.9735 0.0898
vn -0.2053 0.9580 0.2001
vn -0.1454 0.9449 0.2931
vn -0.0465 0.9378 0.3441
vn 0.0648 0.9385 0.3392
vn 0.1588 0.9468 0.2799
vn 0.2102 0.9606 0.1820
vn -0.3366 0.9072 -0.2525
vn -0.1034 0.9236 -0.3692
vn -0.2386 0.7166 -0.6554
vn -0.4797 0.8767 -0.0359
vn -0.5810 0.6860 -0.4379
vn -0.4942 0.8404 0.2225
vn -0.7678 0.6357 -0.0800
vn -0.3763 0.8079 0.4535
vn -0.7488 0.5791 0.3224
vn -0.1575 0.7880 0.5952
vn -0.5292 0.5315 0.6614
vn 0.1034 0.7860 0.6095
vn -0.1677 0.5055 0.8464
vn 0.3366 0.8024 0.4927
vn 0.2386 0.5081 0.8276
vn 0.4797 0.8329 0.2761
vn 0.5810 0.5387 0.6101
vn 0.4942 0.8692 0.0177
vn 0.7678 0.5890 0.2522
vn 0.3763 0.9016 -0.2132
vn 0.7488 0.6456 -0.1502
vn 0.1575 0.9215 -0.3549
vn 0.5292 0.6932 -0.4893
vn 0.1677 0.7192 -0.6743
vn -0.1340 0.9905 -0.0310
vn -0.0318 0.9967 -0.0750
vn -0.2003 0.9780 0.0577
vn -0.2129 0.9626 0.1674
vn -0.1685 0.9484 0.2686
vn -0.0790 0.9392 0.3342
vn 0.0318 0.9374 0.3468
vn 0.1340 0.9436 0.3028
vn 0.2003 0.9561 0.2141
vn 0.2129 0.9715 0.1045
vn 0.1685 0.9857 0.0032
vn 0.0790 0.9949 -0.0624
vn -0.0168 0.7846 0.6198
vn -0.2668 0.7951 0.5446
vn -0.3451 0.5141 0.7853
vn 0.2378 0.7928 0.5612
vn 0.0542 0.5032 0.8625
vn 0.4286 0.8176 0.3844
vn 0.4389 0.5216 0.7316
vn 0.5046 0.8525 0.1367
vn 0.7061 0.5643 0.4278
vn 0.4454 0.8879 -0.1153
vn 0.7840 0.6199 0.0324
vn 0.2668 0.9144 -0.3043
vn 0.6519 0.6734 -0.3486
vn 0.0168 0.9250 -0.3796
vn 0.3451 0.7106 -0.6131
vn -0.2378 0.9168 -0.3209
vn -0.0542 0.7215 -0.6903
vn -0.4286 0.8919 -0.1441
vn -0.4389 0.7031 -0.5595
vn -0.5046 0.8571 0.1035
vn -0.7061 0.6604 -0.2557
vn -0.4454 0.8217 0.3556
vn -0.7840 0.6048 0.1397
vn -0.6519 0.5513 0.5207
vn -0.0197 0.9372 0.3482
vn -0.1242 0.9426 0.3100
vn 0.0902 0.9398 0.3295
vn 0.1758 0.9498 0.2589
vn 0.2144 0.9643 0.1554
vn 0.1955 0.9796 0.0466
vn 0.1242 0.9915 -0.0382
vn 0.0197 0.9969 -0.0764
vn -0.0902 0.9943 -0.0577
vn -0.1758 0.9843 0.0129
vn -0.2144 0.9698 0.1164
vn -0.1955 0.9545 0.2252
vn 0.4946 0.8689 0.0195
vn 0.4791 0.8326 0.2779
vn 0.7672 0.5886 0.2549
vn 0.3775 0.9014 -0.2119
vn 0.7497 0.6452 -0.1475
vn 0.1593 0.9215 -0.3543
vn 0.5313 0.6929 -0.4874
vn -0.1016 0.9236 -0.3697
vn 0.1705 0.7191 -0.6736
vn -0.3353 0.9073 -0.2537
vn -0.2359 0.7167 -0.6563
vn -0.4791 0.8770 -0.0376
vn -0.5791 0.6863 -0.4400
vn -0.4945 0.8407 0.2208
vn -0.7672 0.6361 -0.0828
vn -0.3776 0.8081 0.4521
vn -0.7497 0.5795 0.3197
vn -0.1593 0.7881 0.5946
vn -0.5313 0.5317 0.6595
vn 0.1016 0.7860 0.6099
vn -0.1705 0.5056 0.8458
vn 0.3353 0.8023 0.4939
vn 0.2359 0.5080 0.8284
vn 0.5791 0.5384 0.6122
vn 0.2130 0.9714 0.1052
vn 0.2000 0.9560 0.2148
vn 0.1690 0.9856 0.0039
vn 0.0797 0.9949 -0.0621
vn -0.0310 0.9967 -0.0751
vn -0.1334 0.9906 -0.0315
vn -0.2000 0.9781 0.0570
vn -0.2130 0.9627 0.1666
vn -0.1690 0.9485 0.2680
vn -0.0797 0.9392 0.3340
vn 0.0310 0.9374 0.3469
vn 0.1334 0.9435 0.3033
vn 0.0574 0.9246 -0.3767
vn 0.3005 0.9112 -0.2816
vn 0.4009 0.7064 -0.5833
vn -0.2011 0.9192 -0.3385
vn 0.0092 0.7217 -0.6921
vn -0.4058 0.8966 -0.1774
vn -0.3850 0.7077 -0.5924
vn -0.5016 0.8628 0.0633
vn -0.6760 0.6681 -0.3109
vn -0.4631 0.8268 0.3193
vn -0.7858 0.6136 0.0770
vn -0.3005 0.7983 0.5219
vn -0.6851 0.5588 0.4673
vn -0.0574 0.7849 0.6169
vn -0.4009 0.5183 0.7554
vn 0.2011 0.7903 0.5787
vn -0.0092 0.5030 0.8643
vn 0.4057 0.8130 0.4177
vn 0.3850 0.5170 0.7645
vn 0.5017 0.8468 0.1769
vn 0.6760 0.5566 0.4830
vn 0.4631 0.8828 -0.0790
vn 0.7858 0.6111 0.0951
vn 0.6851 0.6659 -0.2952
vn 0.0369 0.9966 -0.0741
vn 0.1380 0.9900 -0.0277
vn -0.0741 0.9952 -0.0643
vn -0.1653 0.9862 -0.0007
vn -0.2121 0.9722 0.0994
vn -0.2021 0.9567 0.2093
vn -0.1380 0.9440 0.2996
vn -0.0369 0.9375 0.3460
vn 0.0741 0.9389 0.3361
vn 0.1653 0.9478 0.2726
vn 0.2121 0.9619 0.1724
vn 0.2021 0.9774 0.0625
vn -0.0000 0.8831 0.4691
vn -0.0000 0.8831 0.4692
vn -0.0000 0.9562 -0.2927
vn -0.0000 0.9562 -0.2926
vn -0.0000 0.4691 -0.8831
vn 0.5775 0.7210 0.3831
vn 0.7072 0.6761 -0.2069
vn 0.7072 0.6760 -0.2070
vn 0.5775 0.3830 -0.7210
vn 0.7072 0.2070 0.6761
vn 0.7072 0.2069 0.6760
vn 0.7072 -0.2070 -0.6761
vn 0.5774 -0.3831 0.7210
vn 0.7072 -0.6760 0.2069
vn 0.7072 -0.6761 0.2069
vn 0.5774 -0.7210 -0.3830
vn -0.0000 -0.4692 0.8831
vn -0.0000 -0.9562 0.2927
vn -0.0000 -0.8831 -0.4692
vn -0.0000 -0.8831 -0.4691
vn -0.5773 -0.3831 0.7210
vn -0.7071 -0.6761 0.2070
vn -0.7071 -0.6762 0.2069
vn -0.5773 -0.7211 -0.3831
vn -0.7071 0.2070 0.6761
vn -0.7071 -0.2070 -0.6762
vn -0.5774 0.7210 0.3831
vn -0.7071 0.6761 -0.2069
vn -0.7071 0.6762 -0.2070
vn -0.5774 0.3830 -0.7211
vn -0.0000 -0.2927 -0.9562
vn -0.0000 0.2927 0.9562
vn 0.0001 0.2930 0.9561
vn -0.0001 0.2930 0.9561
vn 0.0002 0.2928 0.9562
vn -0.0002 0.2928 0.9562
vn -0.0248 0.4462 0.8946
vn 0.6302 0.7016 -0.3325
vn -0.7757 0.5557 -0.2991
vn -0.7757 0.5554 -0.2997
vn -0.7757 0.5555 -0.2994
vn -0.6280 -0.7032 0.3333
vn -0.6280 -0.7032 0.3334
vn 0.7778 -0.5536 0.2976
vn -0.9957 -0.0905 0.0176
vn -0.9957 -0.0906 0.0175
vn -0.6305 -0.7014 0.3323
vn -0.6305 -0.7014 0.3325
vn 0.6302 0.7012 -0.3333
vn 0.6302 0.7014 -0.3330
vn -0.7758 0.5559 -0.2986
vn 0.7778 -0.5535 0.2976
vn 0.1931 0.8618 -0.4691
vn 0.2917 0.8559 -0.4271
vn 0.2596 0.8581 -0.4430
vn 0.8806 -0.0660 0.4692
vn 0.8197 -0.0797 0.5672
vn 0.8360 -0.0764 0.5434
vn 0.0322 0.9949 0.0961
vn -0.8827 0.0654 -0.4653
vn -0.8551 0.0721 -0.5134
vn -0.1821 0.8386 0.5134
vn -0.1123 0.8325 0.5426
vn -0.1361 0.8345 0.5339
vn 0.9495 -0.0436 0.3107
vn 0.9067 -0.0588 0.4176
vn -0.9495 0.0437 -0.3106
vn -0.9077 0.0584 -0.4156
vn 0.0887 0.8652 -0.4935
vn 0.1587 0.8632 -0.4793
vn 0.9896 -0.0201 0.1427
vn 0.9662 -0.0359 0.2553
vn -0.9896 0.0200 -0.1426
vn -0.9662 0.0359 -0.2553
vn -0.0379 0.8265 0.5617
vn -0.0631 0.8285 0.5564
vn 0.9995 0.0042 -0.0297
vn 0.9963 -0.0120 0.0853
vn -0.9995 -0.0042 0.0297
vn -0.9963 0.0120 -0.0853
vn -0.0184 0.8661 -0.4996
vn 0.0530 0.8658 -0.4976
vn 0.9792 0.0283 -0.2011
vn 0.9961 0.0123 -0.0873
vn -0.9792 -0.0283 0.2011
vn -0.9961 -0.0123 0.0873
vn 0.0402 0.8207 0.5699
vn 0.0138 0.8227 0.5684
vn 0.9290 0.0515 -0.3664
vn 0.9657 0.0362 -0.2573
vn -0.9290 -0.0515 0.3665
vn -0.9657 -0.0362 0.2572
vn -0.1250 0.8643 -0.4872
vn -0.0543 0.8658 -0.4975
vn 0.8507 0.0733 -0.5206
vn 0.9059 0.0589 -0.4194
vn -0.8506 -0.0732 0.5206
vn -0.9059 -0.0590 0.4194
vn 0.1208 0.8152 0.5664
vn 0.0938 0.8171 0.5689
vn 0.7464 0.0926 -0.6590
vn 0.8186 0.0801 -0.5688
vn -0.7464 -0.0926 0.6590
vn -0.8186 -0.0799 0.5688
vn -0.2278 0.8600 -0.4566
vn -0.1599 0.8632 -0.4789
vn 0.6195 0.1092 -0.7773
vn 0.7064 0.0985 -0.7009
vn -0.6195 -0.1092 0.7774
vn -0.7064 -0.0985 0.7009
vn 0.2027 0.8100 0.5503
vn 0.1753 0.8117 0.5571
vn 0.4738 0.1225 -0.8721
vn 0.5727 0.1140 -0.8118
vn -0.4738 -0.1226 0.8721
vn -0.5728 -0.1141 0.8117
vn -0.3236 0.8533 -0.4088
vn -0.2607 0.8580 -0.4425
vn 0.3137 0.1321 -0.9403
vn 0.4217 0.1262 -0.8979
vn -0.3137 -0.1321 0.9403
vn -0.4217 -0.1262 0.8979
vn 0.2840 0.8051 0.5207
vn 0.2570 0.8067 0.5321
vn 0.1441 0.1379 -0.9799
vn 0.2578 0.1344 -0.9568
vn -0.1440 -0.1377 0.9800
vn -0.2579 -0.1345 0.9568
vn -0.4096 0.8444 -0.3453
vn -0.3536 0.8506 -0.3893
vn -0.0300 0.1393 -0.9898
vn 0.0861 0.1388 -0.9866
vn 0.0300 -0.1391 0.9898
vn -0.0862 -0.1387 0.9866
vn 0.3701 0.7945 0.4814
vn 0.3358 0.8021 0.4938
vn -0.2031 0.1364 -0.9696
vn -0.0882 0.1388 -0.9864
vn 0.2031 -0.1363 0.9696
vn 0.0881 -0.1386 0.9864
vn -0.4727 0.8348 -0.2824
vn -0.4357 0.8409 -0.3209
vn -0.3700 0.1293 -0.9200
vn -0.2598 0.1346 -0.9563
vn 0.3701 -0.1293 0.9200
vn 0.2598 -0.1344 0.9563
vn 0.4132 0.7790 0.4716
vn 0.3993 0.7890 0.4669
vn -0.5257 0.1186 -0.8424
vn -0.4235 0.1260 -0.8971
vn 0.5258 -0.1184 0.8423
vn 0.4235 -0.1261 0.8971
vn -0.4951 0.8306 -0.2547
vn -0.4840 0.8328 -0.2687
vn -0.6655 0.1038 -0.7392
vn -0.5744 0.1141 -0.8106
vn 0.6638 -0.1041 0.7406
vn 0.5744 -0.1139 0.8106
vn -0.4952 0.8306 -0.2548
vn -0.7667 0.0893 -0.6358
vn -0.7078 0.0983 -0.6995
vn 0.0566 0.9964 0.0632
vn 0.7433 -0.0932 0.6625
vn 0.7047 -0.0988 0.7026
vn -0.3710 0.7121 0.5961
vn -0.3706 0.7145 0.5934
vn -0.3716 0.7128 0.5948
vn -0.8027 0.0830 -0.5906
vn -0.7850 0.0862 -0.6135
vn -0.3688 0.7106 0.5991
vn -0.3712 0.7108 0.5974
vn -0.8027 0.0829 -0.5906
vn 0.1137 0.9934 -0.0149
vn 0.2231 0.9601 -0.1683
vn -0.6024 -0.1111 0.7904
vn -0.6040 -0.1109 0.7892
vn -0.3679 0.7105 0.5999
vn -0.5983 -0.1115 0.7934
vn -0.6012 -0.1112 0.7913
vn 0.5964 0.1117 -0.7949
vn 0.5963 0.1118 -0.7950
vn 0.2232 0.9601 -0.1683
vn -0.5964 -0.1117 0.7949
vn -0.5980 -0.1115 0.7937
vn 0.5963 0.1117 -0.7949
vn -0.5963 -0.1116 0.7950
vn 0.4951 0.7283 0.4738
vn 0.4951 0.7282 0.4739
vn 0.8027 -0.0831 0.5906
vn 0.8026 -0.0830 0.5907
vn 0.5054 0.7305 0.4593
vn 0.5421 0.7398 0.3985
vn 0.5154 0.7326 0.4446
vn -0.4595 0.8728 -0.1644
vn -0.4574 0.8843 -0.0937
vn -0.4619 0.8773 -0.1304
vn 0.5845 0.7536 0.3009
vn 0.5581 0.7443 0.3667
vn -0.4711 0.8821 -0.0037
vn -0.4683 0.8829 -0.0328
vn 0.6091 0.7681 0.1975
vn 0.5947 0.7583 0.2669
vn -0.4706 0.8785 0.0818
vn -0.4723 0.8798 0.0536
vn 0.6153 0.7830 0.0914
vn 0.6133 0.7730 0.1622
vn -0.4576 0.8741 0.1632
vn -0.4632 0.8756 0.1366
vn 0.6027 0.7978 -0.0141
vn 0.6132 0.7880 0.0559
vn -0.4333 0.8689 0.2394
vn -0.4426 0.8707 0.2147
vn 0.5719 0.8121 -0.1159
vn 0.5944 0.8027 -0.0487
vn -0.3990 0.8632 0.3093
vn -0.4115 0.8651 0.2868
vn 0.5236 0.8255 -0.2108
vn 0.5576 0.8167 -0.1485
vn -0.3557 0.8572 0.3723
vn -0.3711 0.8592 0.3522
vn 0.4595 0.8374 -0.2960
vn 0.5039 0.8296 -0.2405
vn -0.3046 0.8510 0.4277
vn -0.3225 0.8531 0.4101
vn 0.3814 0.8477 -0.3688
vn 0.4348 0.8411 -0.3218
vn -0.2465 0.8448 0.4749
vn -0.2666 0.8469 0.4601
vn 0.3526 0.8507 -0.3900
vn -0.2042 0.8407 0.5016
vn -0.4783 0.8612 -0.1717
vn -0.0000 -1.0000 -0.0000
vn -1.0000 -0.0000 -0.0001
vn -0.0001 -0.0000 -1.0000
vn -1.0000 -0.0000 0.0001
vn -0.5108 0.5307 -0.6763
vn -0.5116 0.1196 -0.8508
vn -1.0000 -0.0010 0.0071
vn -0.0053 0.5432 -0.8396
vn -0.0057 0.0505 -0.9987
vn -0.0057 0.2267 -0.9740
vn -0.0065 0.5432 -0.8396
vn -0.0072 0.0506 -0.9987
vn -0.3005 0.1402 -0.9434
vn -0.9936 0.0636 -0.0929
vn -0.9937 0.0050 -0.1118
vn -0.9937 0.0260 -0.1088
vn -0.0065 0.5431 -0.8396
vn -0.0071 0.0506 -0.9987
vn -0.0038 0.1392 -0.9903
vn -0.6857 0.3971 -0.6100
vn -0.6862 0.0364 -0.7265
vn -0.6862 0.1653 -0.7084
vn -0.0071 0.0505 -0.9987
vn -0.0071 0.2267 -0.9739
vn 0.2117 0.6058 -0.7670
vn 0.2108 0.1419 -0.9672
vn 0.5766 0.1180 -0.8085
vn -0.4704 0.5556 -0.6856
vn -0.4713 0.1366 -0.8713
vn -0.7370 0.1537 -0.6582
vn -0.1430 0.5379 -0.8308
vn -0.1436 0.0499 -0.9884
vn -0.9946 0.0590 -0.0857
vn -0.9946 0.0046 -0.1033
vn -0.9946 0.0240 -0.1005
vn 0.2079 0.5307 -0.8217
vn 0.2072 0.0496 -0.9770
vn 0.2072 0.2216 -0.9529
vn 0.8281 0.3023 -0.4720
vn 0.8278 0.0289 -0.5603
vn 0.8278 0.1267 -0.5466
vn 0.9821 0.1133 -0.1507
vn 1.0000 0.0010 -0.0070
vn 0.9819 0.0264 -0.1875
vn -0.5085 0.7995 -0.3196
vn -0.0034 0.8902 -0.4556
vn -0.0047 0.6833 -0.7301
vn -0.0041 0.8902 -0.4556
vn -0.2995 0.5942 -0.7465
vn -0.9934 0.1049 -0.0472
vn -0.9936 0.0803 -0.0798
vn -0.0029 0.6157 -0.7880
vn -0.6840 0.6512 -0.3288
vn -0.6853 0.4997 -0.5298
vn -0.0040 0.8902 -0.4556
vn -0.0059 0.6833 -0.7301
vn 0.2143 0.9074 -0.3616
vn 0.5774 0.5045 -0.6420
vn -0.4681 0.8255 -0.3153
vn -0.7362 0.4647 -0.4921
vn -0.1406 0.8817 -0.4504
vn -0.9943 0.0973 -0.0433
vn -0.9945 0.0745 -0.0736
vn 0.2102 0.8697 -0.4465
vn 0.2085 0.6676 -0.7147
vn 0.8294 0.4950 -0.2588
vn 0.8285 0.3802 -0.4112
vn 0.9825 0.1701 -0.0752
vn -0.5056 0.8539 0.1234
vn -0.0006 0.9987 0.0506
vn -0.0023 0.9568 -0.2907
vn -0.2966 0.8889 -0.3491
vn -0.9930 0.1178 0.0130
vn -0.9932 0.1128 -0.0275
vn -0.0002 0.9272 -0.3746
vn -0.6815 0.7306 0.0418
vn -0.6832 0.7000 -0.2080
vn -0.0007 0.9987 0.0505
vn -0.0029 0.9568 -0.2906
vn 0.2178 0.9659 0.1402
vn 0.5795 0.7559 -0.3046
vn -0.4649 0.8742 0.1404
vn -0.7342 0.6509 -0.1928
vn -0.1372 0.9892 0.0510
vn -0.9939 0.1093 0.0126
vn -0.9942 0.1047 -0.0251
vn 0.2135 0.9758 0.0479
vn 0.2112 0.9348 -0.2854
vn 0.8314 0.5553 0.0222
vn 0.8301 0.5320 -0.1672
vn 0.9832 0.1816 0.0184
vn -0.5024 0.6794 0.5347
vn 0.0023 0.8396 0.5432
vn 0.0006 0.9740 0.2267
vn 0.0030 0.8396 0.5432
vn -0.2927 0.9455 0.1426
vn -0.9925 0.0989 0.0716
vn -0.9928 0.1149 0.0340
vn 0.0030 0.8396 0.5431
vn 0.0033 0.9903 0.1391
vn -0.6788 0.6141 0.4026
vn -0.6805 0.7125 0.1708
vn 0.0030 0.8397 0.5431
vn 0.2212 0.7657 0.6040
vn 0.5824 0.8049 0.1133
vn -0.4618 0.6884 0.5593
vn -0.7318 0.6626 0.1596
vn -0.1336 0.8317 0.5390
vn -0.9935 0.0917 0.0670
vn -0.9938 0.1065 0.0320
vn 0.2171 0.8204 0.5290
vn 0.2148 0.9516 0.2199
vn 0.8334 0.4670 0.2956
vn 0.8321 0.5415 0.1200
vn 0.9838 0.1447 0.1054
vn -0.5002 0.3228 0.8035
vn 0.0047 0.4556 0.8902
vn 0.0034 0.7301 0.6833
vn 0.0059 0.4556 0.8902
vn -0.2888 0.7487 0.5967
vn -0.9922 0.0532 0.1129
vn -0.9924 0.0859 0.0883
vn 0.0058 0.4555 0.8902
vn 0.0069 0.7880 0.6156
vn -0.6767 0.3329 0.6566
vn -0.6780 0.5340 0.5052
vn 0.0041 0.7301 0.6833
vn 0.2238 0.3603 0.9056
vn 0.5853 0.6385 0.4998
vn -0.4595 0.3181 0.8293
vn -0.7294 0.4966 0.4705
vn -0.1308 0.4512 0.8828
vn -0.9932 0.0493 0.1053
vn -0.9934 0.0796 0.0824
vn 0.2199 0.4452 0.8680
vn 0.2182 0.7134 0.6659
vn 0.8350 0.2538 0.4883
vn 0.8340 0.4062 0.3735
vn 0.9843 0.0693 0.1622
vn -0.4993 -0.1206 0.8580
vn 0.0058 -0.0505 0.9987
vn 0.0053 0.2906 0.9568
vn 0.0072 -0.0506 0.9987
vn -0.2859 0.3511 0.8916
vn -0.9920 -0.0070 0.1258
vn -0.9921 0.0336 0.1208
vn 0.0071 -0.0506 0.9987
vn 0.0095 0.3746 0.9271
vn -0.6758 -0.0377 0.7361
vn -0.6763 0.2122 0.7054
vn 0.0071 -0.0505 0.9987
vn 0.0065 0.2907 0.9568
vn 0.2247 -0.1415 0.9641
vn 0.5874 0.3010 0.7512
vn -0.4587 -0.1376 0.8779
vn -0.7278 0.1972 0.6568
vn -0.1295 -0.0502 0.9903
vn -0.9931 -0.0066 0.1173
vn -0.9932 0.0311 0.1126
vn 0.2211 -0.0491 0.9740
vn 0.2205 0.2842 0.9331
vn 0.8357 -0.0272 0.5486
vn 0.8353 0.1622 0.5253
vn 0.9845 -0.0244 0.1737
vn -0.5002 -0.5318 0.6834
vn 0.0054 -0.5431 0.8396
vn 0.0058 -0.2267 0.9739
vn 0.0065 -0.5431 0.8396
vn -0.2849 -0.1408 0.9482
vn -0.9921 -0.0656 0.1069
vn -0.9920 -0.0280 0.1228
vn 0.0104 -0.1392 0.9902
vn -0.6763 -0.3984 0.6196
vn -0.6758 -0.1667 0.7180
vn 0.0065 -0.5432 0.8396
vn 0.0071 -0.2267 0.9739
vn 0.2237 -0.6053 0.7639
vn 0.5882 -0.1169 0.8002
vn -0.4596 -0.5565 0.6922
vn -0.7274 -0.1551 0.6685
vn -0.1302 -0.5382 0.8327
vn -0.9931 -0.0610 0.0997
vn -0.9931 -0.0260 0.1145
vn 0.2205 -0.5303 0.8186
vn 0.2211 -0.2212 0.9498
vn 0.8353 -0.3007 0.4603
vn 0.8357 -0.1250 0.5348
vn 0.9843 -0.1113 0.1368
vn -0.5024 -0.8005 0.3268
vn 0.0034 -0.8902 0.4556
vn 0.0047 -0.6833 0.7301
vn 0.0041 -0.8902 0.4556
vn -0.2859 -0.5950 0.7512
vn -0.9924 -0.1069 0.0612
vn -0.9922 -0.0823 0.0938
vn 0.0095 -0.6156 0.7880
vn -0.6780 -0.6525 0.3384
vn -0.6767 -0.5010 0.5395
vn 0.0059 -0.6833 0.7301
vn 0.2212 -0.9069 0.3586
vn 0.5874 -0.5033 0.6337
vn -0.4619 -0.8265 0.3218
vn -0.7282 -0.4661 0.5024
vn -0.1325 -0.8820 0.4522
vn -0.9934 -0.0993 0.0573
vn -0.9932 -0.0764 0.0876
vn 0.2182 -0.8693 0.4435
vn 0.2199 -0.6672 0.7117
vn 0.8340 -0.4934 0.2471
vn 0.8350 -0.3785 0.3995
vn 0.9838 -0.1682 0.0614
vn -0.5055 -0.8549 -0.1165
vn 0.0006 -0.9987 -0.0505
vn 0.0023 -0.9568 0.2907
vn -0.2887 -0.8898 0.3535
vn -0.9928 -0.1198 0.0010
vn -0.9925 -0.1148 0.0416
vn 0.0006 -0.9987 -0.0506
vn 0.0069 -0.9272 0.3746
vn -0.6805 -0.7320 -0.0322
vn -0.6788 -0.7013 0.2176
vn 0.0007 -0.9987 -0.0505
vn 0.0030 -0.9568 0.2906
vn 0.2177 -0.9655 -0.1432
vn 0.5853 -0.7547 0.2963
vn -0.4651 -0.8751 -0.1338
vn -0.7301 -0.6524 0.2031
vn -0.1359 -0.9895 -0.0491
vn -0.9938 -0.1112 0.0014
vn -0.9935 -0.1066 0.0391
vn 0.2148 -0.9753 -0.0509
vn 0.2171 -0.9344 0.2824
vn 0.8321 -0.5536 -0.0339
vn 0.8334 -0.5304 0.1555
vn 0.9832 -0.1797 -0.0323
vn -0.5086 -0.6804 -0.5276
vn -0.0023 -0.8396 -0.5431
vn -0.0007 -0.9740 -0.2266
vn -0.0030 -0.8397 -0.5431
vn -0.2926 -0.9462 -0.1384
vn -0.9932 -0.1009 -0.0576
vn -0.9930 -0.1168 -0.0200
vn -0.0030 -0.8396 -0.5432
vn 0.0033 -0.9903 -0.1392
vn -0.6832 -0.6155 -0.3929
vn -0.6815 -0.7139 -0.1612
vn -0.0031 -0.8396 -0.5431
vn -0.0006 -0.9740 -0.2267
vn 0.2142 -0.7652 -0.6071
vn 0.5824 -0.8038 -0.1216
vn -0.4682 -0.6894 -0.5528
vn -0.7326 -0.6641 -0.1492
vn -0.1395 -0.8319 -0.5371
vn -0.9942 -0.0937 -0.0530
vn -0.9939 -0.1085 -0.0180
vn 0.2112 -0.8200 -0.5320
vn 0.2136 -0.9512 -0.2229
vn 0.8301 -0.4653 -0.3074
vn 0.8314 -0.5399 -0.1317
vn 0.9825 -0.1428 -0.1192
vn -0.5108 -0.3238 -0.7964
vn -0.0046 -0.4556 -0.8902
vn -0.0034 -0.7301 -0.6833
vn -0.0059 -0.4556 -0.8902
vn -0.2965 -0.7491 -0.5924
vn -0.9936 -0.0552 -0.0989
vn -0.9934 -0.0878 -0.0743
vn -0.0058 -0.4556 -0.8902
vn -0.0002 -0.7880 -0.6157
vn -0.6853 -0.3343 -0.6470
vn -0.6840 -0.5353 -0.4955
vn -0.0042 -0.7301 -0.6833
vn 0.2117 -0.3599 -0.9087
vn 0.5795 -0.6373 -0.5080
vn -0.4705 -0.3190 -0.8227
vn -0.7350 -0.4980 -0.4602
vn -0.1423 -0.4515 -0.8809
vn -0.9945 -0.0513 -0.0913
vn -0.9943 -0.0816 -0.0684
vn 0.2085 -0.4448 -0.8710
vn 0.2102 -0.7130 -0.6689
vn 0.8285 -0.2521 -0.5000
vn 0.8294 -0.4045 -0.3852
vn 0.9821 -0.0674 -0.1760
vn -0.0053 -0.2906 -0.9568
vn -0.2994 -0.3514 -0.8870
vn -0.9936 -0.0355 -0.1068
vn -0.0029 -0.3746 -0.9272
vn -0.6857 -0.2135 -0.6958
vn -0.0065 -0.2907 -0.9568
vn 0.5774 -0.2999 -0.7594
vn -0.7366 -0.1987 -0.6465
vn -0.9946 -0.0331 -0.0986
vn 0.2079 -0.2837 -0.9361
vn 0.8282 -0.1605 -0.5370
vn -0.5631 0.1877 -0.8048
vn -0.5617 0.5670 -0.6025
vn -0.5587 0.7946 -0.2376
vn -0.5549 0.8094 0.1925
vn -0.5512 0.6070 0.5725
vn -0.5487 0.2414 0.8004
vn -0.5480 -0.1893 0.8148
vn -0.5493 -0.5693 0.6117
vn -0.5524 -0.7965 0.2458
vn -0.5562 -0.8103 -0.1845
vn -0.5599 -0.6072 -0.5637
vn -0.5624 -0.2420 -0.7907
vn -0.9649 0.1451 -0.2189
vn -0.9651 0.0126 -0.2617
vn -0.9651 0.0600 -0.2551
vn -0.9643 0.2384 -0.1157
vn -0.9647 0.1828 -0.1895
vn -0.9633 0.2676 0.0204
vn -0.9640 0.2563 -0.0713
vn -0.9624 0.2248 0.1528
vn -0.9630 0.2609 0.0678
vn -0.9616 0.1215 0.2461
vn -0.9621 0.1953 0.1905
vn -0.9612 -0.0145 0.2753
vn -0.9614 0.0772 0.2640
vn -0.9614 -0.1470 0.2325
vn -0.9613 -0.0619 0.2686
vn -0.9621 -0.2403 0.1293
vn -0.9616 -0.1847 0.2031
vn -0.9630 -0.2695 -0.0068
vn -0.9624 -0.2582 0.0849
vn -0.9640 -0.2267 -0.1392
vn -0.9633 -0.2628 -0.0542
vn -0.9647 -0.1234 -0.2325
vn -0.9643 -0.1972 -0.1769
vn -0.9649 -0.0791 -0.2504
vn -0.3912 0.5008 -0.7721
vn -0.3918 0.0462 -0.9189
vn -0.3918 0.2088 -0.8960
vn 0.3651 0.5747 -0.7324
vn 0.3642 0.1328 -0.9218
vn 0.4567 0.2014 -0.8665
vn -0.3891 0.8211 -0.4177
vn -0.3907 0.6302 -0.6710
vn 0.3675 0.8626 -0.3475
vn 0.4579 0.6061 -0.6504
vn -0.3859 0.9212 0.0494
vn -0.3880 0.8826 -0.2655
vn 0.3709 0.9196 0.1298
vn 0.4604 0.8485 -0.2609
vn -0.3825 0.7744 0.5040
vn -0.3847 0.8984 0.2119
vn 0.3742 0.7302 0.5717
vn 0.4636 0.8637 0.1976
vn -0.3799 0.4200 0.8242
vn -0.3815 0.6734 0.6333
vn 0.3766 0.3453 0.8596
vn 0.4667 0.6476 0.6023
vn -0.3787 -0.0470 0.9243
vn -0.3793 0.2678 0.8857
vn 0.3775 -0.1321 0.9165
vn 0.4687 0.2581 0.8448
vn -0.3793 -0.5016 0.7775
vn -0.3787 -0.2096 0.9015
vn 0.3766 -0.5739 0.7272
vn 0.4693 -0.2004 0.8600
vn -0.3815 -0.8219 0.4231
vn -0.3799 -0.6309 0.6764
vn 0.3741 -0.8619 0.3423
vn 0.4682 -0.6051 0.6439
vn -0.3847 -0.9220 -0.0439
vn -0.3825 -0.8833 0.2709
vn 0.3708 -0.9188 -0.1351
vn 0.4657 -0.8476 0.2544
vn -0.3880 -0.7752 -0.4985
vn -0.3859 -0.8991 -0.2065
vn 0.3675 -0.7295 -0.5769
vn 0.4625 -0.8628 -0.2042
vn -0.3907 -0.4208 -0.8187
vn -0.3891 -0.6741 -0.6278
vn 0.3651 -0.3445 -0.8649
vn 0.4594 -0.6467 -0.6089
vn -0.3912 -0.2686 -0.8802
vn 0.4573 -0.2572 -0.8513
vn 0.1351 0.6109 -0.7801
vn 0.1341 0.1395 -0.9811
vn 0.1377 0.9186 -0.3704
vn 0.1412 0.9803 0.1384
vn 0.1447 0.7793 0.6097
vn 0.1473 0.3695 0.9175
vn 0.1482 -0.1392 0.9791
vn 0.1473 -0.6106 0.7781
vn 0.1447 -0.9183 0.3684
vn 0.1412 -0.9800 -0.1404
vn 0.1376 -0.7790 -0.6117
vn 0.1351 -0.3693 -0.9194
vn -0.1033 0.5405 -0.8350
vn -0.1039 0.0502 -0.9933
vn -0.1009 0.8859 -0.4527
vn -0.0975 0.9939 0.0510
vn -0.0938 0.8356 0.5413
vn -0.0910 0.4533 0.8867
vn -0.0898 -0.0504 0.9947
vn -0.0904 -0.5407 0.8364
vn -0.0928 -0.8861 0.4541
vn -0.0962 -0.9941 -0.0496
vn -0.0998 -0.8358 -0.5399
vn -0.1026 -0.4535 -0.8853
vn 0.0977 0.2255 -0.9693
vn 0.0990 0.6796 -0.7268
vn 0.3925 0.5569 -0.7320
vn 0.3916 0.1177 -0.9126
vn 0.1018 0.9517 -0.2898
vn 0.3948 0.8469 -0.3561
vn 0.1054 0.9687 0.2247
vn 0.3981 0.9102 0.1145
vn 0.1089 0.7262 0.6788
vn 0.4014 0.7296 0.5537
vn 0.1112 0.2892 0.9508
vn 0.4038 0.3537 0.8437
vn 0.1119 -0.2253 0.9678
vn 0.4047 -0.1169 0.9069
vn 0.1106 -0.6794 0.7254
vn 0.4039 -0.5561 0.7264
vn 0.1078 -0.9514 0.2883
vn 0.4015 -0.8461 0.3505
vn 0.1042 -0.9685 -0.2262
vn 0.3982 -0.9094 -0.1201
vn 0.1007 -0.7260 -0.6803
vn 0.3950 -0.7288 -0.5593
vn 0.0984 -0.2890 -0.9523
vn 0.3925 -0.3529 -0.8493
vn -0.6238 0.1776 -0.7611
vn -0.6229 0.5364 -0.5695
vn -0.6234 0.4263 -0.6555
vn -0.6206 0.7514 -0.2241
vn -0.6215 0.6990 -0.3537
vn -0.6178 0.7649 0.1825
vn -0.6188 0.7843 0.0441
vn -0.6151 0.5732 0.5414
vn -0.6159 0.6593 0.4312
vn -0.6132 0.2278 0.7564
vn -0.6137 0.3575 0.7040
vn -0.6127 -0.1788 0.7698
vn -0.6127 -0.0403 0.7893
vn -0.6137 -0.5377 0.5782
vn -0.6132 -0.4275 0.6643
vn -0.6159 -0.7526 0.2328
vn -0.6151 -0.7003 0.3624
vn -0.6188 -0.7661 -0.1738
vn -0.6178 -0.7856 -0.0354
vn -0.6215 -0.5745 -0.5327
vn -0.6206 -0.6605 -0.4226
vn -0.6234 -0.2290 -0.7476
vn -0.6229 -0.3587 -0.6953
vn -0.6238 0.0391 -0.7806
vn -0.6373 0.4202 -0.6460
vn -0.6378 0.0385 -0.7692
vn -0.6378 0.1750 -0.7501
vn -0.6355 0.6890 -0.3485
vn -0.6368 0.5287 -0.5612
vn -0.6328 0.7731 0.0436
vn -0.6346 0.7406 -0.2207
vn -0.6300 0.6499 0.4252
vn -0.6318 0.7539 0.1801
vn -0.6278 0.3523 0.6941
vn -0.6291 0.5650 0.5338
vn -0.6268 -0.0398 0.7782
vn -0.6273 0.2246 0.7457
vn -0.6273 -0.4214 0.6549
vn -0.6268 -0.1762 0.7590
vn -0.6291 -0.6903 0.3574
vn -0.6278 -0.5300 0.5701
vn -0.6318 -0.7743 -0.0347
vn -0.6300 -0.7419 0.2296
vn -0.6346 -0.6511 -0.4163
vn -0.6328 -0.7552 -0.1712
vn -0.6368 -0.3536 -0.6852
vn -0.6355 -0.5663 -0.5249
vn -0.6373 -0.2258 -0.7368
vn -0.6721 0.4039 -0.6206
vn -0.6725 0.0370 -0.7391
vn -0.6725 0.1682 -0.7207
vn -0.6703 0.6624 -0.3346
vn -0.6716 0.5083 -0.5391
vn -0.6677 0.7432 0.0424
vn -0.6695 0.7120 -0.2118
vn -0.6650 0.6247 0.4092
vn -0.6668 0.7248 0.1735
vn -0.6629 0.3387 0.6677
vn -0.6642 0.5432 0.5136
vn -0.6620 -0.0383 0.7485
vn -0.6624 0.2158 0.7173
vn -0.6624 -0.4052 0.6301
vn -0.6620 -0.1695 0.7301
vn -0.6642 -0.6637 0.3440
vn -0.6629 -0.5096 0.5485
vn -0.6668 -0.7445 -0.0329
vn -0.6650 -0.7133 0.2212
vn -0.6695 -0.6260 -0.3998
vn -0.6677 -0.7261 -0.1641
vn -0.6716 -0.3400 -0.6583
vn -0.6703 -0.5445 -0.5042
vn -0.6721 -0.2172 -0.7079
vn -0.9858 0.0936 -0.1392
vn -0.9859 0.0078 -0.1669
vn -0.9859 0.0385 -0.1626
vn 0.9835 0.0404 -0.1764
vn 0.9837 0.1199 -0.1340
vn 0.9836 0.0955 -0.1531
vn -0.9854 0.1540 -0.0723
vn -0.9857 0.1179 -0.1201
vn 0.9842 0.1675 -0.0575
vn 0.9840 0.1559 -0.0862
vn -0.9848 0.1728 0.0157
vn -0.9852 0.1655 -0.0436
vn 0.9848 0.1705 0.0325
vn 0.9846 0.1748 0.0019
vn -0.9842 0.1451 0.1015
vn -0.9846 0.1685 0.0464
vn 0.9854 0.1280 0.1120
vn 0.9852 0.1471 0.0876
vn -0.9837 0.0783 0.1619
vn -0.9840 0.1261 0.1259
vn 0.9858 0.0515 0.1596
vn 0.9857 0.0803 0.1480
vn -0.9835 -0.0098 0.1808
vn -0.9836 0.0496 0.1735
vn 0.9860 -0.0385 0.1625
vn 0.9859 -0.0078 0.1669
vn -0.9836 -0.0955 0.1531
vn -0.9835 -0.0404 0.1764
vn 0.9857 -0.1179 0.1201
vn 0.9858 -0.0936 0.1392
vn -0.9840 -0.1559 0.0862
vn -0.9837 -0.1199 0.1340
vn 0.9852 -0.1655 0.0436
vn 0.9854 -0.1539 0.0723
vn -0.9846 -0.1748 -0.0018
vn -0.9842 -0.1675 0.0575
vn 0.9846 -0.1685 -0.0464
vn 0.9848 -0.1728 -0.0158
vn -0.9852 -0.1471 -0.0876
vn -0.9848 -0.1705 -0.0325
vn 0.9840 -0.1261 -0.1259
vn 0.9842 -0.1451 -0.1015
vn -0.9857 -0.0803 -0.1480
vn -0.9854 -0.1280 -0.1120
vn 0.9836 -0.0496 -0.1735
vn 0.9837 -0.0783 -0.1619
vn -0.9858 -0.0516 -0.1596
vn 0.9835 0.0098 -0.1808
vn 0.5094 0.4661 -0.7233
vn 0.5089 0.0439 -0.8597
vn 0.5089 0.1948 -0.8385
vn 0.5115 0.7636 -0.3941
vn 0.5100 0.5862 -0.6295
vn 0.5144 0.8566 0.0397
vn 0.5124 0.8207 -0.2528
vn 0.5175 0.7203 0.4619
vn 0.5155 0.8354 0.1907
vn 0.5200 0.3910 0.7594
vn 0.5185 0.6264 0.5821
vn 0.5211 -0.0428 0.8524
vn 0.5205 0.2497 0.8165
vn 0.5205 -0.4651 0.7161
vn 0.5211 -0.1938 0.8312
vn 0.5185 -0.7626 0.3869
vn 0.5200 -0.5852 0.6222
vn 0.5155 -0.8556 -0.0470
vn 0.5175 -0.8197 0.2455
vn 0.5124 -0.7192 -0.4692
vn 0.5144 -0.8344 -0.1980
vn 0.5100 -0.3900 -0.7667
vn 0.5115 -0.6254 -0.5894
vn 0.5094 -0.2486 -0.8238
vn 0.7255 0.3720 -0.5790
vn 0.7251 0.0353 -0.6878
vn 0.7251 0.1557 -0.6709
vn 0.7271 0.6092 -0.3165
vn 0.7259 0.4678 -0.5042
vn 0.6683 -0.4057 0.6235
vn 0.6688 -0.0371 0.7425
vn 0.6688 -0.1689 0.7240
vn 0.7295 0.6834 0.0294
vn 0.7279 0.6547 -0.2038
vn 0.7320 0.5746 0.3661
vn 0.7303 0.6665 0.1498
vn 0.6630 0.7479 0.0331
vn 0.6604 0.6667 -0.3455
vn 0.6613 0.7165 -0.2221
vn 0.7339 0.3121 0.6033
vn 0.7327 0.4998 0.4619
vn 0.7348 -0.0338 0.6775
vn 0.7343 0.1994 0.6488
vn 0.7343 -0.3705 0.5687
vn 0.7348 -0.1542 0.6606
vn 0.6679 0.3415 0.6613
vn 0.6657 0.6289 0.4017
vn 0.6666 0.5469 0.5065
vn 0.7327 -0.6078 0.3062
vn 0.7339 -0.4663 0.4939
vn 0.7303 -0.6819 -0.0397
vn 0.7320 -0.6533 0.1935
vn 0.7279 -0.5732 -0.3764
vn 0.7295 -0.6650 -0.1601
vn 0.7259 -0.3107 -0.6136
vn 0.7271 -0.4984 -0.4722
vn 0.7255 -0.1980 -0.6591
vn 0.6587 0.4070 -0.6329
vn 0.6582 0.0385 -0.7519
vn 0.6582 0.1702 -0.7333
vn 0.6591 0.5119 -0.5509
vn 0.6640 0.7293 0.1649
vn 0.6683 0.2181 0.7112
vn 0.6666 -0.6653 0.3362
vn 0.6679 -0.5105 0.5416
vn 0.6640 -0.7465 -0.0425
vn 0.6657 -0.7152 0.2128
vn 0.6613 -0.6275 -0.4110
vn 0.6630 -0.7280 -0.1743
vn 0.6591 -0.3402 -0.6707
vn 0.6604 -0.5456 -0.5159
vn 0.6587 -0.2168 -0.7205
vn -0.0000 0.2922 0.9564
vn -0.0000 0.2910 0.9567
vn -0.0000 0.9491 -0.3149
vn -0.0000 0.9492 -0.3146
vn -0.0000 -0.9396 0.3423
vn -0.0000 -0.9395 0.3424
vn -0.0000 0.9491 -0.3148
vn -0.0000 -0.9396 0.3424
vn -0.0000 -0.9396 0.3422
vn -0.0000 -0.9395 0.3425
vn -0.0000 0.9492 -0.3147
vn -0.0000 -0.2912 -0.9567
vn -0.0000 -0.2910 -0.9567
vn -0.0000 -0.2906 -0.9569
vn -0.0000 0.2924 0.9563
vn -0.0000 -0.2911 -0.9567
vn -0.0000 0.2926 0.9562
vn -0.0000 0.2929 0.9561
vn -0.0000 -0.2906 -0.9568
vn -0.0000 -0.2919 -0.9564
vn -0.0000 0.2920 0.9564
vn -0.0000 0.2914 0.9566
vn 0.7487 0.6292 -0.2088
vn 0.7486 0.6293 -0.2088
vn 0.7488 0.6290 -0.2087
vn -0.0000 -0.2919 -0.9565
vn -0.0000 -0.2920 -0.9564
vn -0.0000 0.2919 0.9564
vn -0.0000 -0.2918 -0.9565
vn -0.0000 0.2916 0.9565
vn -0.7487 0.6292 -0.2087
vn -0.7487 0.6291 -0.2089
vn -0.7488 0.6291 -0.2085
vn -0.0000 0.2918 0.9565
vn -0.7487 0.6292 -0.2088
vn 0.9350 -0.0946 -0.3418
vn 0.9955 -0.0946 -0.0014
vn 0.9399 -0.3369 -0.0552
vn 0.9467 0.1540 -0.2829
vn 0.9864 0.1540 0.0580
vn 0.6264 0.7567 -0.1872
vn 0.6526 0.7567 0.0384
vn 0.6526 0.7567 -0.0384
vn 0.7617 -0.0946 -0.6409
vn 0.8644 -0.3369 -0.3734
vn 0.7929 0.1540 -0.5896
vn 0.5246 0.7567 -0.3901
vn 0.6002 0.7567 -0.2593
vn 0.4966 -0.0946 -0.8628
vn 0.6845 -0.3369 -0.6465
vn 0.5434 0.1540 -0.8252
vn 0.3595 0.7567 -0.5460
vn 0.4753 0.7567 -0.4489
vn 0.1715 -0.0947 -0.9806
vn 0.4221 -0.3369 -0.8416
vn 0.2284 0.1540 -0.9613
vn 0.1511 0.7567 -0.6361
vn 0.2931 0.7567 -0.5844
vn -0.1742 -0.0946 -0.9802
vn 0.1088 -0.3369 -0.9352
vn -0.1142 0.1540 -0.9814
vn -0.0756 0.7567 -0.6494
vn 0.0756 0.7567 -0.6494
vn -0.4989 -0.0946 -0.8615
vn -0.2176 -0.3369 -0.9161
vn -0.4430 0.1540 -0.8832
vn -0.2931 0.7567 -0.5844
vn -0.1511 0.7567 -0.6361
vn -0.7635 -0.0946 -0.6389
vn -0.5178 -0.3369 -0.7864
vn -0.7183 0.1540 -0.6784
vn -0.4753 0.7567 -0.4489
vn -0.3595 0.7567 -0.5460
vn -0.9359 -0.0946 -0.3392
vn -0.7555 -0.3369 -0.5619
vn -0.9071 0.1540 -0.3918
vn -0.6002 0.7567 -0.2593
vn -0.5246 0.7567 -0.3901
vn -0.9955 -0.0946 0.0014
vn -0.9021 -0.3369 -0.2696
vn -0.9864 0.1540 -0.0580
vn -0.6526 0.7567 -0.0384
vn -0.6264 0.7567 -0.1872
vn -0.9350 -0.0946 0.3418
vn -0.9399 -0.3369 0.0552
vn -0.9467 0.1540 0.2829
vn -0.6264 0.7567 0.1872
vn -0.6526 0.7567 0.0384
vn -0.7617 -0.0946 0.6409
vn -0.8644 -0.3369 0.3734
vn -0.7929 0.1540 0.5896
vn -0.5246 0.7567 0.3901
vn -0.6002 0.7567 0.2593
vn -0.4966 -0.0946 0.8628
vn -0.6845 -0.3369 0.6465
vn -0.5434 0.1540 0.8252
vn -0.3595 0.7567 0.5460
vn -0.4753 0.7567 0.4489
vn -0.1715 -0.0947 0.9806
vn -0.4221 -0.3369 0.8416
vn -0.2284 0.1540 0.9613
vn -0.1511 0.7567 0.6361
vn -0.2931 0.7567 0.5844
vn 0.1742 -0.0946 0.9802
vn -0.1088 -0.3369 0.9352
vn 0.1142 0.1540 0.9814
vn 0.0756 0.7567 0.6494
vn -0.0756 0.7567 0.6494
vn 0.4989 -0.0946 0.8615
vn 0.2176 -0.3369 0.9161
vn 0.4430 0.1540 0.8832
vn 0.2931 0.7567 0.5844
vn 0.1511 0.7567 0.6361
vn 0.7635 -0.0946 0.6389
vn 0.5178 -0.3369 0.7864
vn 0.7183 0.1540 0.6784
vn 0.4753 0.7567 0.4489
vn 0.3595 0.7567 0.5460
vn 0.9359 -0.0946 0.3392
vn 0.7555 -0.3369 0.5619
vn 0.9071 0.1540 0.3918
vn 0.6002 0.7567 0.2593
vn 0.5246 0.7567 0.3901
vn 0.9021 -0.3369 0.2696
vn 0.6264 0.7567 0.1872
vn -0.0000 -0.8333 -0.5528
vn 0.9350 0.1101 -0.3370
vn 0.9955 -0.0781 -0.0534
vn 0.9399 -0.2502 -0.2322
vn 0.9467 0.2847 -0.1506
vn 0.9864 0.0963 0.1334
vn 0.6264 0.7340 0.2623
vn 0.6526 0.6094 0.4502
vn 0.6526 0.6518 0.3863
vn -0.0000 0.8333 0.5528
vn 0.7617 0.2755 -0.5864
vn 0.8644 -0.0743 -0.4973
vn 0.7928 0.4543 -0.4062
vn 0.5246 0.8462 0.0932
vn 0.6002 0.7739 0.2022
vn 0.4966 0.3981 -0.7713
vn 0.6845 0.0766 -0.7249
vn 0.5434 0.5845 -0.6026
vn 0.3595 0.9324 -0.0367
vn 0.4753 0.8787 0.0442
vn 0.1715 0.4632 -0.8695
vn 0.4221 0.1845 -0.8876
vn 0.2284 0.6598 -0.7159
vn 0.1511 0.9822 -0.1118
vn 0.2931 0.9536 -0.0687
vn -0.1742 0.4629 -0.8691
vn 0.1088 0.2363 -0.9656
vn -0.1142 0.6709 -0.7327
vn -0.0756 0.9895 -0.1229
vn 0.0756 0.9895 -0.1229
vn -0.4989 0.3973 -0.7702
vn -0.2176 0.2257 -0.9496
vn -0.4430 0.6166 -0.6508
vn -0.2931 0.9536 -0.0687
vn -0.1511 0.9822 -0.1118
vn -0.7635 0.2743 -0.5847
vn -0.5178 0.1540 -0.8415
vn -0.7183 0.5034 -0.4802
vn -0.4753 0.8787 0.0442
vn -0.3595 0.9324 -0.0367
vn -0.9359 0.1087 -0.3350
vn -0.7555 0.0299 -0.6544
vn -0.9070 0.3450 -0.2414
vn -0.6002 0.7739 0.2022
vn -0.5246 0.8462 0.0932
vn -0.9955 -0.0796 -0.0512
vn -0.9021 -0.1317 -0.4109
vn -0.9864 0.1604 0.0368
vn -0.6526 0.6518 0.3863
vn -0.6264 0.7340 0.2623
vn -0.9350 -0.2678 0.2325
vn -0.9399 -0.3112 -0.1402
vn -0.9467 -0.0280 0.3209
vn -0.6264 0.5271 0.5743
vn -0.6526 0.6094 0.4502
vn -0.7617 -0.4331 0.4818
vn -0.8644 -0.4871 0.1249
vn -0.7929 -0.1976 0.5765
vn -0.5246 0.4149 0.7434
vn -0.6002 0.4873 0.6343
vn -0.4966 -0.5558 0.6667
vn -0.6845 -0.6381 0.3525
vn -0.5434 -0.3278 0.7728
vn -0.3595 0.3288 0.8733
vn -0.4753 0.3824 0.7924
vn -0.1715 -0.6210 0.7649
vn -0.4221 -0.7459 0.5151
vn -0.2284 -0.4030 0.8862
vn -0.1511 0.2790 0.9483
vn -0.2931 0.3076 0.9052
vn 0.1742 -0.6206 0.7645
vn -0.1088 -0.7977 0.5932
vn 0.1142 -0.4141 0.9030
vn 0.0756 0.2716 0.9594
vn -0.0756 0.2716 0.9594
vn 0.4989 -0.5550 0.6656
vn 0.2176 -0.7871 0.5772
vn 0.4430 -0.3598 0.8211
vn 0.2931 0.3076 0.9052
vn 0.1511 0.2790 0.9483
vn 0.7635 -0.4320 0.4801
vn 0.5178 -0.7154 0.4691
vn 0.7183 -0.2466 0.6505
vn 0.4753 0.3824 0.7924
vn 0.3595 0.3288 0.8733
vn 0.9359 -0.2664 0.2304
vn 0.7555 -0.5913 0.2820
vn 0.9070 -0.0882 0.4117
vn 0.6002 0.4873 0.6343
vn 0.5246 0.4149 0.7434
vn 0.9021 -0.4297 0.0384
vn 0.6264 0.5271 0.5743
vn 0.8809 -0.3411 -0.3281
vn 0.9400 -0.3411 -0.0071
vn 0.7679 -0.6389 -0.0451
vn 0.8423 0.4484 -0.2990
vn 0.8938 0.4484 0.0071
vn 0.9953 0.0964 0.0004
vn 0.5534 0.8108 -0.1907
vn 0.5852 0.8108 0.0100
vn 0.3875 0.9146 -0.1158
vn 0.4037 0.9146 0.0237
vn 0.5832 0.7875 -0.1991
vn 0.6162 0.7875 0.0124
vn 0.8001 0.5980 -0.0470
vn 0.3745 0.9205 -0.1119
vn 0.3902 0.9205 0.0229
vn 0.7156 -0.3411 -0.6096
vn 0.7062 -0.6389 -0.3051
vn 0.6893 0.4484 -0.5691
vn 0.9355 0.0965 -0.3399
vn 0.4548 0.8108 -0.3685
vn 0.3245 0.9146 -0.2413
vn 0.4800 0.7875 -0.3866
vn 0.7358 0.5980 -0.3178
vn 0.3136 0.9205 -0.2333
vn 0.4639 -0.3411 -0.8176
vn 0.5593 -0.6389 -0.5282
vn 0.4531 0.4484 -0.7705
vn 0.7628 0.0964 -0.6394
vn 0.3013 0.8108 -0.5018
vn 0.2224 0.9146 -0.3378
vn 0.3188 0.7875 -0.5274
vn 0.5827 0.5980 -0.5503
vn 0.2149 0.9205 -0.3265
vn 0.1563 -0.3411 -0.9269
vn 0.3449 -0.6389 -0.6876
vn 0.1622 0.4484 -0.8790
vn 0.4981 0.0964 -0.8617
vn 0.1115 0.8108 -0.5746
vn 0.0935 0.9146 -0.3935
vn 0.1192 0.7875 -0.6046
vn 0.3593 0.5980 -0.7164
vn 0.0903 0.9205 -0.3803
vn -0.1702 -0.3411 -0.9245
vn 0.0889 -0.6389 -0.7641
vn -0.1482 0.4484 -0.8815
vn 0.1733 0.0964 -0.9801
vn -0.0917 0.8108 -0.5781
vn -0.0467 0.9146 -0.4017
vn -0.0948 0.7875 -0.6089
vn 0.0926 0.5980 -0.7961
vn -0.0452 0.9205 -0.3882
vn -0.4761 -0.3411 -0.8105
vn -0.1778 -0.6389 -0.7484
vn -0.4407 0.4484 -0.7776
vn -0.1723 0.0966 -0.9803
vn -0.2839 0.8108 -0.5118
vn -0.1813 0.9146 -0.3615
vn -0.2974 0.7875 -0.5398
vn -0.1852 0.5980 -0.7798
vn -0.1753 0.9204 -0.3494
vn -0.7246 -0.3411 -0.5988
vn -0.4231 -0.6389 -0.6425
vn -0.6801 0.4484 -0.5800
vn -0.4972 0.0965 -0.8622
vn -0.4418 0.8108 -0.3839
vn -0.2940 0.9146 -0.2777
vn -0.4641 0.7875 -0.4055
vn -0.4408 0.5980 -0.6694
vn -0.2842 0.9204 -0.2684
vn -0.8857 -0.3411 -0.3149
vn -0.6173 -0.6389 -0.4590
vn -0.8375 0.4484 -0.3124
vn -0.7621 0.0964 -0.6402
vn -0.5465 0.8108 -0.2096
vn -0.3713 0.9146 -0.1604
vn -0.5748 0.7875 -0.2224
vn -0.6431 0.5980 -0.4783
vn -0.3588 0.9205 -0.1550
vn -0.9400 -0.3411 0.0071
vn -0.7371 -0.6389 -0.2202
vn -0.8938 0.4484 -0.0071
vn -0.9351 0.0966 -0.3409
vn -0.5852 0.8108 -0.0100
vn -0.4037 0.9146 -0.0237
vn -0.6162 0.7875 -0.0124
vn -0.7679 0.5980 -0.2295
vn -0.3902 0.9205 -0.0229
vn -0.8809 -0.3411 0.3281
vn -0.7679 -0.6389 0.0451
vn -0.8423 0.4484 0.2990
vn -0.9953 0.0964 -0.0005
vn -0.5534 0.8108 0.1907
vn -0.3875 0.9146 0.1158
vn -0.5832 0.7875 0.1991
vn -0.8001 0.5980 0.0470
vn -0.3745 0.9205 0.1119
vn -0.7156 -0.3411 0.6096
vn -0.7062 -0.6389 0.3051
vn -0.6893 0.4484 0.5691
vn -0.9355 0.0966 0.3399
vn -0.4548 0.8108 0.3685
vn -0.3245 0.9146 0.2413
vn -0.4800 0.7875 0.3866
vn -0.7358 0.5980 0.3178
vn -0.3136 0.9205 0.2333
vn -0.4639 -0.3411 0.8176
vn -0.5593 -0.6389 0.5282
vn -0.4531 0.4484 0.7705
vn -0.7628 0.0965 0.6394
vn -0.3013 0.8108 0.5018
vn -0.2224 0.9146 0.3378
vn -0.3188 0.7875 0.5274
vn -0.5827 0.5980 0.5503
vn -0.2149 0.9205 0.3265
vn -0.1563 -0.3411 0.9269
vn -0.3449 -0.6389 0.6876
vn -0.1622 0.4484 0.8790
vn -0.4981 0.0965 0.8617
vn -0.1115 0.8108 0.5746
vn -0.0935 0.9146 0.3935
vn -0.1192 0.7875 0.6046
vn -0.3593 0.5980 0.7164
vn -0.0903 0.9205 0.3803
vn 0.1702 -0.3411 0.9245
vn -0.0889 -0.6389 0.7641
vn 0.1482 0.4484 0.8815
vn -0.1734 0.0965 0.9801
vn 0.0917 0.8108 0.5781
vn 0.0467 0.9146 0.4017
vn 0.0948 0.7875 0.6089
vn -0.0926 0.5980 0.7961
vn 0.0452 0.9205 0.3882
vn 0.4761 -0.3411 0.8105
vn 0.1778 -0.6389 0.7484
vn 0.4407 0.4484 0.7776
vn 0.1723 0.0967 0.9803
vn 0.2839 0.8108 0.5118
vn 0.1813 0.9146 0.3615
vn 0.2974 0.7875 0.5398
vn 0.1852 0.5980 0.7798
vn 0.1753 0.9204 0.3494
vn 0.7246 -0.3411 0.5988
vn 0.4231 -0.6389 0.6425
vn 0.6801 0.4484 0.5800
vn 0.4973 0.0964 0.8622
vn 0.4418 0.8108 0.3839
vn 0.2940 0.9146 0.2777
vn 0.4641 0.7875 0.4055
vn 0.4408 0.5980 0.6694
vn 0.2842 0.9204 0.2684
vn 0.8857 -0.3411 0.3149
vn 0.6173 -0.6389 0.4590
vn 0.8375 0.4484 0.3124
vn 0.7621 0.0965 0.6402
vn 0.5465 0.8108 0.2096
vn 0.3713 0.9146 0.1604
vn 0.5748 0.7875 0.2224
vn 0.6431 0.5980 0.4783
vn 0.3588 0.9205 0.1550
vn 0.7371 -0.6389 0.2202
vn 0.9351 0.0966 0.3409
vn 0.7679 0.5980 0.2295
vn -0.2457 0.9635 0.1062
vn -0.2672 0.9635 0.0157
vn -0.1946 0.9635 0.1838
vn -0.1200 0.9635 0.2393
vn -0.0309 0.9635 0.2659
vn 0.0619 0.9635 0.2604
vn 0.1472 0.9635 0.2236
vn 0.2148 0.9635 0.1597
vn 0.2565 0.9635 0.0766
vn 0.2672 0.9635 -0.0157
vn 0.2457 0.9635 -0.1062
vn 0.1946 0.9635 -0.1838
vn 0.1200 0.9635 -0.2393
vn 0.0309 0.9635 -0.2659
vn -0.0619 0.9635 -0.2604
vn -0.1472 0.9635 -0.2236
vn -0.2148 0.9635 -0.1597
vn -0.2565 0.9635 -0.0766
vn -0.5756 0.7889 0.2154
vn -0.6146 0.7888 0.0055
vn -0.4672 0.7888 0.3993
vn -0.3025 0.7888 0.5350
vn -0.1013 0.7888 0.6062
vn 0.1122 0.7888 0.6043
vn 0.3121 0.7888 0.5295
vn 0.4743 0.7888 0.3908
vn 0.5794 0.7888 0.2050
vn 0.6146 0.7888 -0.0055
vn 0.5756 0.7889 -0.2154
vn 0.4672 0.7888 -0.3993
vn 0.3025 0.7888 -0.5350
vn 0.1013 0.7888 -0.6062
vn -0.1122 0.7888 -0.6043
vn -0.3121 0.7888 -0.5295
vn -0.4743 0.7888 -0.3908
vn -0.5794 0.7888 -0.2050
vn -0.6137 -0.7535 0.2358
vn -0.6573 -0.7535 0.0117
vn -0.4414 -0.8969 0.0259
vn -0.4960 -0.7535 0.4315
vn -0.4059 -0.8969 0.1753
vn -0.3186 -0.7535 0.5751
vn -0.3215 -0.8969 0.3036
vn -0.1026 -0.7535 0.6494
vn -0.1982 -0.8969 0.3952
vn 0.1256 -0.7535 0.6453
vn -0.0511 -0.8969 0.4392
vn 0.3388 -0.7535 0.5634
vn 0.1022 -0.8969 0.4302
vn 0.5111 -0.7535 0.4136
vn 0.2432 -0.8969 0.3693
vn 0.6217 -0.7535 0.2139
vn 0.3548 -0.8969 0.2639
vn 0.6573 -0.7535 -0.0117
vn 0.4237 -0.8969 0.1266
vn 0.6137 -0.7535 -0.2358
vn 0.4414 -0.8969 -0.0259
vn 0.4960 -0.7535 -0.4315
vn 0.4059 -0.8969 -0.1753
vn 0.3186 -0.7535 -0.5751
vn 0.3215 -0.8969 -0.3036
vn 0.1026 -0.7535 -0.6494
vn 0.1982 -0.8969 -0.3952
vn -0.1256 -0.7535 -0.6453
vn 0.0511 -0.8969 -0.4392
vn -0.3388 -0.7535 -0.5634
vn -0.1022 -0.8969 -0.4302
vn -0.5111 -0.7535 -0.4136
vn -0.2432 -0.8969 -0.3693
vn -0.6217 -0.7535 -0.2139
vn -0.3548 -0.8969 -0.2639
vn -0.4237 -0.8969 -0.1266
vn -0.9002 0.2931 0.3222
vn -0.9561 0.2931 -0.0051
vn -0.9564 -0.2921 0.0051
vn -0.7357 0.2931 0.6106
vn -0.8970 -0.2921 0.3319
vn -0.4825 0.2931 0.8254
vn -0.7294 -0.2921 0.6186
vn -0.1711 0.2931 0.9406
vn -0.4738 -0.2921 0.8308
vn 0.1610 0.2931 0.9424
vn -0.1611 -0.2921 0.9427
vn 0.4736 0.2931 0.8305
vn 0.1711 -0.2921 0.9410
vn 0.7291 0.2931 0.6185
vn 0.4826 -0.2921 0.8257
vn 0.8967 0.2931 0.3318
vn 0.7359 -0.2921 0.6109
vn 0.9561 0.2931 0.0051
vn 0.9004 -0.2921 0.3223
vn 0.9002 0.2931 -0.3222
vn 0.9564 -0.2921 -0.0051
vn 0.7357 0.2931 -0.6106
vn 0.8970 -0.2921 -0.3319
vn 0.4825 0.2931 -0.8254
vn 0.7294 -0.2921 -0.6186
vn 0.1711 0.2931 -0.9406
vn 0.4738 -0.2921 -0.8308
vn -0.1610 0.2931 -0.9424
vn 0.1611 -0.2921 -0.9427
vn -0.4736 0.2931 -0.8305
vn -0.1711 -0.2921 -0.9410
vn -0.7291 0.2931 -0.6185
vn -0.4826 -0.2921 -0.8257
vn -0.8967 0.2931 -0.3318
vn -0.7359 -0.2921 -0.6109
vn -0.9004 -0.2921 -0.3223
vn -0.7947 0.5586 0.2375
vn -0.8280 0.5586 -0.0487
vn -0.6655 0.5586 0.4949
vn -0.4561 0.5586 0.6928
vn -0.1917 0.5586 0.8070
vn 0.0959 0.5586 0.8239
vn 0.3719 0.5586 0.7414
vn 0.6030 0.5586 0.5695
vn 0.7614 0.5586 0.3289
vn 0.8280 0.5586 0.0487
vn 0.7947 0.5586 -0.2375
vn 0.6655 0.5586 -0.4950
vn 0.4561 0.5586 -0.6928
vn 0.1917 0.5586 -0.8070
vn -0.0959 0.5586 -0.8239
vn -0.3719 0.5586 -0.7414
vn -0.6030 0.5586 -0.5695
vn -0.7614 0.5586 -0.3289
vn 0.9978 -0.0320 -0.0586
vn 0.9175 -0.0320 -0.3964
vn 0.9576 -0.0320 -0.2862
vn 0.2629 -0.9608 -0.0883
vn 0.2772 -0.9608 0.0070
vn 0.3929 -0.9193 -0.0231
vn 0.7266 -0.0320 -0.6863
vn 0.8020 -0.0320 -0.5964
vn 0.2168 -0.9608 -0.1729
vn 0.3613 -0.9193 -0.1561
vn 0.4481 -0.0320 -0.8934
vn 0.5497 -0.0320 -0.8348
vn 0.1446 -0.9608 -0.2366
vn 0.2861 -0.9193 -0.2703
vn 0.1155 -0.0321 -0.9928
vn 0.2310 -0.0320 -0.9724
vn 0.0550 -0.9608 -0.2718
vn 0.1764 -0.9193 -0.3518
vn -0.2310 -0.0320 -0.9724
vn -0.1155 -0.0321 -0.9928
vn -0.0413 -0.9608 -0.2742
vn 0.0455 -0.9193 -0.3910
vn -0.5497 -0.0320 -0.8348
vn -0.4481 -0.0320 -0.8934
vn -0.1326 -0.9608 -0.2435
vn -0.0910 -0.9193 -0.3829
vn -0.8020 -0.0321 -0.5964
vn -0.7266 -0.0320 -0.6863
vn -0.2079 -0.9608 -0.1835
vn -0.2165 -0.9193 -0.3287
vn -0.9576 -0.0321 -0.2862
vn -0.9175 -0.0321 -0.3964
vn -0.2581 -0.9608 -0.1013
vn -0.3158 -0.9193 -0.2349
vn -0.9978 -0.0321 0.0586
vn -0.9978 -0.0321 -0.0586
vn -0.2772 -0.9608 -0.0070
vn -0.3771 -0.9193 -0.1127
vn -0.9175 -0.0321 0.3964
vn -0.9576 -0.0321 0.2862
vn -0.2629 -0.9608 0.0883
vn -0.3929 -0.9193 0.0231
vn -0.7266 -0.0320 0.6863
vn -0.8020 -0.0320 0.5964
vn -0.2168 -0.9608 0.1729
vn -0.3613 -0.9193 0.1561
vn -0.4481 -0.0321 0.8934
vn -0.5497 -0.0321 0.8348
vn -0.1446 -0.9608 0.2366
vn -0.2861 -0.9193 0.2703
vn -0.1155 -0.0320 0.9928
vn -0.2310 -0.0321 0.9724
vn -0.0550 -0.9608 0.2718
vn -0.1764 -0.9193 0.3518
vn 0.2310 -0.0320 0.9724
vn 0.1155 -0.0320 0.9928
vn 0.0413 -0.9608 0.2742
vn -0.0455 -0.9193 0.3910
vn 0.5497 -0.0321 0.8348
vn 0.4481 -0.0321 0.8934
vn 0.1326 -0.9608 0.2435
vn 0.0910 -0.9193 0.3829
vn 0.8020 -0.0321 0.5964
vn 0.7266 -0.0321 0.6863
vn 0.2079 -0.9608 0.1835
vn 0.2165 -0.9193 0.3287
vn 0.9576 -0.0320 0.2862
vn 0.9175 -0.0321 0.3964
vn 0.2581 -0.9608 0.1013
vn 0.3158 -0.9193 0.2349
vn 0.9978 -0.0320 0.0586
vn 0.3771 -0.9193 0.1127
vn 0.9581 -0.0002 -0.2863
vn 0.9983 -0.0002 0.0587
vn 0.9983 -0.0002 -0.0587
vn 0.8024 -0.0002 -0.5967
vn 0.9180 -0.0002 -0.3966
vn 0.5499 -0.0002 -0.8352
vn 0.7270 -0.0002 -0.6866
vn 0.2311 -0.0002 -0.9729
vn 0.4483 -0.0002 -0.8939
vn -0.1156 -0.0002 -0.9933
vn 0.1156 -0.0002 -0.9933
vn -0.4483 -0.0003 -0.8939
vn -0.2311 -0.0002 -0.9729
vn -0.7270 -0.0002 -0.6866
vn -0.5499 -0.0003 -0.8352
vn -0.9180 -0.0002 -0.3966
vn -0.8024 -0.0002 -0.5967
vn -0.9983 -0.0002 -0.0587
vn -0.9581 -0.0002 -0.2863
vn -0.9581 -0.0002 0.2863
vn -0.9983 -0.0002 0.0587
vn -0.8024 -0.0002 0.5967
vn -0.9180 -0.0002 0.3966
vn -0.5499 -0.0002 0.8352
vn -0.7270 -0.0002 0.6866
vn -0.2311 -0.0002 0.9729
vn -0.4483 -0.0002 0.8939
vn 0.1156 -0.0002 0.9933
vn -0.1156 -0.0002 0.9933
vn 0.4483 -0.0002 0.8939
vn 0.2311 -0.0002 0.9729
vn 0.7270 -0.0002 0.6866
vn 0.5499 -0.0002 0.8352
vn 0.9180 -0.0002 0.3966
vn 0.8024 -0.0002 0.5967
vn 0.9581 -0.0002 0.2863
vn -0.6757 0.7090 0.2019
vn -0.7040 0.7090 -0.0414
vn -0.9581 -0.0031 0.2863
vn -0.9983 -0.0031 -0.0587
vn -0.9983 -0.0031 0.0587
vn -0.5659 0.7090 0.4208
vn -0.8024 -0.0031 0.5967
vn -0.9180 -0.0031 0.3966
vn -0.3878 0.7090 0.5890
vn -0.5499 -0.0031 0.8352
vn -0.7270 -0.0031 0.6866
vn -0.1630 0.7090 0.6861
vn -0.2311 -0.0031 0.9729
vn -0.4483 -0.0031 0.8939
vn 0.0815 0.7090 0.7005
vn 0.1156 -0.0031 0.9933
vn -0.1156 -0.0031 0.9933
vn 0.3162 0.7090 0.6304
vn 0.4483 -0.0031 0.8939
vn 0.2311 -0.0031 0.9729
vn 0.5127 0.7090 0.4842
vn 0.7270 -0.0031 0.6866
vn 0.5499 -0.0031 0.8352
vn 0.6474 0.7090 0.2796
vn 0.9180 -0.0031 0.3966
vn 0.8024 -0.0031 0.5967
vn 0.7040 0.7090 0.0414
vn 0.9983 -0.0031 0.0587
vn 0.9581 -0.0031 0.2863
vn 0.6757 0.7090 -0.2019
vn 0.9581 -0.0031 -0.2863
vn 0.9983 -0.0031 -0.0587
vn 0.5659 0.7090 -0.4208
vn 0.8024 -0.0031 -0.5967
vn 0.9180 -0.0031 -0.3966
vn 0.3878 0.7090 -0.5890
vn 0.5499 -0.0031 -0.8352
vn 0.7270 -0.0031 -0.6866
vn 0.1630 0.7090 -0.6861
vn 0.2311 -0.0031 -0.9729
vn 0.4483 -0.0031 -0.8939
vn -0.0815 0.7090 -0.7005
vn -0.1156 -0.0031 -0.9933
vn 0.1156 -0.0031 -0.9933
vn -0.3162 0.7090 -0.6304
vn -0.4483 -0.0031 -0.8939
vn -0.2311 -0.0031 -0.9729
vn -0.5127 0.7090 -0.4842
vn -0.7270 -0.0031 -0.6866
vn -0.5499 -0.0031 -0.8352
vn -0.6474 0.7090 -0.2796
vn -0.9180 -0.0031 -0.3966
vn -0.8024 -0.0031 -0.5967
vn -0.9581 -0.0031 -0.2863
vn 0.1511 -0.9875 -0.0452
vn 0.1575 -0.9875 0.0092
vn 0.1581 0.9874 -0.0093
vn 0.1454 0.9874 -0.0628
vn 0.1517 0.9874 -0.0454
vn 0.1266 -0.9875 -0.0942
vn 0.1151 0.9874 -0.1087
vn 0.1271 0.9874 -0.0945
vn 0.0867 -0.9875 -0.1318
vn 0.0710 0.9874 -0.1415
vn 0.0871 0.9874 -0.1323
vn 0.0364 -0.9875 -0.1535
vn 0.0183 0.9874 -0.1573
vn 0.0366 0.9874 -0.1541
vn -0.0183 -0.9875 -0.1567
vn -0.0366 0.9874 -0.1541
vn -0.0183 0.9874 -0.1573
vn -0.0707 -0.9875 -0.1410
vn -0.0871 0.9874 -0.1323
vn -0.0710 0.9874 -0.1415
vn -0.1147 -0.9875 -0.1083
vn -0.1271 0.9874 -0.0945
vn -0.1151 0.9874 -0.1087
vn -0.1448 -0.9875 -0.0625
vn -0.1517 0.9874 -0.0454
vn -0.1454 0.9874 -0.0628
vn -0.1575 -0.9875 -0.0092
vn -0.1581 0.9874 0.0093
vn -0.1581 0.9874 -0.0093
vn -0.1511 -0.9875 0.0452
vn -0.1454 0.9874 0.0628
vn -0.1517 0.9874 0.0454
vn -0.1266 -0.9875 0.0942
vn -0.1151 0.9874 0.1087
vn -0.1271 0.9874 0.0945
vn -0.0867 -0.9875 0.1318
vn -0.0710 0.9874 0.1415
vn -0.0871 0.9874 0.1323
vn -0.0364 -0.9875 0.1535
vn -0.0183 0.9874 0.1573
vn -0.0366 0.9874 0.1541
vn 0.0183 -0.9875 0.1567
vn 0.0366 0.9874 0.1541
vn 0.0183 0.9874 0.1573
vn 0.0707 -0.9875 0.1410
vn 0.0871 0.9874 0.1323
vn 0.0710 0.9874 0.1415
vn 0.1147 -0.9875 0.1083
vn 0.1271 0.9874 0.0945
vn 0.1151 0.9874 0.1087
vn 0.1448 -0.9875 0.0625
vn 0.1517 0.9874 0.0454
vn 0.1454 0.9874 0.0628
vn 0.1581 0.9874 0.0093
vn 1.0000 -0.0000 0.0039
vn 1.0000 -0.0047 0.0026
vn -1.0000 -0.0000 0.0039
vn -1.0000 -0.0047 0.0026
vn 1.0000 0.0047 0.0026
vn 1.0000 0.0094 0.0013
vn -1.0000 0.0047 0.0026
vn -1.0000 0.0092 0.0013
vn -1.0000 -0.0000 -0.0039
vn -1.0000 -0.0047 -0.0026
vn 1.0000 -0.0000 -0.0039
vn 1.0000 -0.0047 -0.0026
vn -1.0000 0.0047 -0.0026
vn -1.0000 0.0094 -0.0013
vn 1.0000 0.0047 -0.0026
vn 1.0000 0.0092 -0.0013
vn 1.0000 -0.0092 0.0013
vn 1.0000 -0.0094 -0.0013
vn -1.0000 -0.0094 0.0013
vn -1.0000 -0.0092 -0.0013
vn -0.0000 -0.7521 -0.6591
vn 0.9810 -0.1940 -0.0000
vn -0.0000 -0.7521 0.6591
vn -0.9810 -0.1940 -0.0000
vn -0.9751 -0.1159 0.1891
vn -0.9750 -0.1161 0.1893
vn -0.9751 -0.1160 0.1892
vn 0.1253 -0.8180 0.5614
vn 0.1031 -0.1983 0.9747
vn 0.0062 -0.3237 0.9461
vn -0.0177 -0.8177 0.5754
vn -0.0133 -0.1913 0.9814
vn 0.2020 -0.8156 0.5422
vn 0.2076 -0.1758 0.9623
vn 0.4119 -0.7732 0.4822
vn 0.4182 -0.1516 0.8956
vn -0.0316 -0.8162 0.5769
vn -0.0274 -0.1916 0.9811
vn 0.2242 -0.8119 0.5390
vn 0.2293 -0.1719 0.9581
vn 0.6614 -0.5810 0.4743
vn 0.6458 0.0212 0.7632
vn -0.9750 -0.1160 0.1895
vn 0.0742 -0.9822 -0.1723
vn 0.1007 -0.8623 0.4963
vn -0.1378 -0.9801 -0.1432
vn 0.0783 -0.9776 -0.1955
vn 0.2904 -0.9268 -0.2381
vn -0.1512 -0.9786 -0.1392
vn 0.1006 -0.9750 -0.1983
vn 0.5681 -0.8098 -0.1464
vn -0.9751 -0.1160 0.1891
vn -0.0914 -0.5472 -0.8320
vn 0.0446 -0.9427 -0.3307
vn -0.3033 -0.5833 -0.7535
vn -0.0914 -0.5670 -0.8186
vn 0.1250 -0.5226 -0.8434
vn -0.3162 -0.5837 -0.7478
vn -0.0691 -0.5653 -0.8220
vn 0.4207 -0.5311 -0.7355
vn -0.2076 0.1758 -0.9623
vn -0.1262 -0.4116 -0.9026
vn -0.4173 0.1401 -0.8979
vn -0.2075 0.1758 -0.9623
vn 0.0124 0.2028 -0.9791
vn -0.4299 0.1372 -0.8924
vn -0.1853 0.1770 -0.9666
vn 0.3055 0.0919 -0.9477
vn -0.9751 -0.1159 0.1890
vn -0.2021 0.8156 -0.5422
vn -0.2163 0.3079 -0.9265
vn -0.4130 0.7665 -0.4919
vn 0.0187 0.8243 -0.5658
vn -0.4258 0.7618 -0.4882
vn -0.1801 0.8172 -0.5475
vn 0.2900 0.6941 -0.6589
vn -0.9751 -0.1158 0.1893
vn -0.0814 0.9814 0.1736
vn -0.1809 0.8643 -0.4693
vn -0.2929 0.9289 0.2268
vn 0.1402 0.9780 0.1545
vn -0.3062 0.9243 0.2280
vn -0.0565 0.9802 0.1898
vn 0.3832 0.9229 -0.0380
vn -0.9751 -0.1161 0.1892
vn 0.0466 0.5421 0.8390
vn -0.0704 0.9396 0.3348
vn -0.1273 0.5321 0.8370
vn 0.0915 0.5670 0.8186
vn 0.3056 0.5737 0.7599
vn -0.1412 0.5294 0.8366
vn 0.1132 0.5706 0.8134
vn 0.5306 0.6442 0.5509
vn -0.0302 0.3714 0.9280
vn 0.1212 -0.1842 0.9754
vn 0.0600 -0.7847 0.6170
vn -0.1226 -0.6781 0.7246
vn -0.0588 -0.9811 -0.1842
vn -0.3582 -0.9320 0.0548
vn -0.1766 -0.5384 -0.8240
vn -0.4304 -0.6154 -0.6603
vn -0.2923 0.1637 -0.9422
vn -0.4409 -0.0127 -0.8975
vn -0.3349 0.7749 -0.5360
vn -0.5057 0.6420 -0.5763
vn -0.2387 0.9511 0.1959
vn -0.5402 0.8342 0.1104
vn 0.0100 0.5232 0.8522
vn -0.3165 0.5002 0.8060
vn -0.0676 -0.0729 0.9950
vn 0.1090 -0.2045 0.9728
vn 0.1473 -0.7902 0.5949
vn 0.0767 -0.9639 -0.2550
vn -0.0574 -0.4521 -0.8901
vn -0.1387 0.2016 -0.9696
vn -0.1271 0.7575 -0.6403
vn -0.1440 0.8839 -0.4449
vn 0.0602 0.8237 0.5638
vn 0.0436 0.5067 0.8610
vn -0.0283 -0.1678 0.9854
vn -0.0157 -0.7724 0.6349
vn -0.1022 -0.9630 -0.2494
vn -0.1524 -0.4754 -0.8665
vn -0.1974 0.1443 -0.9696
vn -0.2433 0.7348 -0.6331
vn -0.2658 0.9428 0.2011
vn -0.1378 0.4344 0.8901
vn 0.0296 -0.2935 0.9555
vn -0.0342 -0.8807 0.4725
vn -0.1486 -0.9135 -0.3788
vn -0.1756 -0.5144 -0.8394
vn -0.2626 0.2946 -0.9189
vn -0.3103 0.8515 -0.4227
vn -0.2489 0.8747 0.4158
vn -0.0748 0.4351 0.8973
vn 0.9929 -0.1166 0.0217
vn 0.9874 0.0976 0.1245
vn 0.9941 0.0146 0.1079
vn 0.9598 -0.1980 -0.1991
vn 0.9852 -0.1647 -0.0478
vn 0.9074 -0.0988 -0.4086
vn 0.9422 -0.1830 -0.2808
vn 0.8664 0.1227 -0.4841
vn 0.8902 -0.0296 -0.4546
vn 0.8609 0.3369 -0.3813
vn 0.8597 0.2057 -0.4675
vn 0.8940 0.4183 -0.1605
vn 0.8686 0.3851 -0.3118
vn 0.9464 0.3192 0.0490
vn 0.9116 0.4034 -0.0788
vn 0.9636 0.2499 0.0950
vn 0.2576 -0.7784 0.5725
vn 0.2624 -0.1598 0.9516
vn 0.2997 -0.2778 0.9127
vn 0.1072 -0.9714 -0.2121
vn 0.2546 -0.8656 0.4311
vn -0.0917 -0.5241 -0.8467
vn 0.0719 -0.9335 -0.3512
vn -0.2045 0.1668 -0.9645
vn -0.1197 -0.4323 -0.8937
vn -0.1983 0.7863 -0.5851
vn -0.2202 0.2885 -0.9318
vn -0.0497 0.9784 0.2006
vn -0.1817 0.8761 -0.4466
vn 0.1473 0.5302 0.8350
vn -0.0023 0.9415 0.3371
vn 0.1962 0.4404 0.8761
vn 0.2135 -0.7787 0.5900
vn 0.2050 -0.1761 0.9628
vn 0.1024 -0.9745 -0.1998
vn -0.0688 -0.5120 -0.8562
vn -0.1721 0.1799 -0.9685
vn -0.1776 0.7828 -0.5964
vn -0.0631 0.9792 0.1927
vn 0.1048 0.5164 0.8499
vn 0.1664 -0.7870 0.5941
vn 0.1439 -0.1868 0.9718
vn 0.0966 -0.9764 -0.1930
vn -0.0349 -0.5119 -0.8583
vn -0.1254 0.1888 -0.9740
vn -0.1432 0.7894 -0.5970
vn -0.0697 0.9794 0.1896
vn 0.0566 0.5144 0.8557
vn 0.1272 -0.8013 0.5846
vn 0.0964 -0.1916 0.9767
vn 0.0881 -0.9775 -0.1916
vn -0.0072 -0.5241 -0.8516
vn -0.0884 0.1923 -0.9773
vn -0.1173 0.8023 -0.5853
vn -0.0741 0.9789 0.1905
vn 0.0191 0.5254 0.8506
vn 0.0959 -0.8066 0.5833
vn 0.0524 -0.1918 0.9800
vn 0.0877 -0.9767 -0.1958
vn 0.0258 -0.5254 -0.8505
vn -0.0435 0.1926 -0.9803
vn -0.0863 0.8073 -0.5838
vn -0.0775 0.9777 0.1953
vn -0.0162 0.5263 0.8501
vn 0.0500 -0.8103 0.5839
vn -0.0120 -0.1970 0.9803
vn 0.0902 -0.9766 -0.1952
vn 0.0756 -0.5213 -0.8500
vn 0.0229 0.1976 -0.9800
vn -0.0380 0.8111 -0.5837
vn -0.0636 0.5225 0.8503
vn 0.0079 -0.8142 0.5805
vn -0.0688 -0.2026 0.9768
vn 0.0905 -0.9771 -0.1925
vn 0.1200 -0.5195 -0.8460
vn 0.0845 0.2036 -0.9754
vn 0.0090 0.8151 -0.5793
vn -0.0724 0.9784 0.1935
vn -0.1033 0.5210 0.8473
vn -0.0160 -0.7695 0.6384
vn -0.0941 -0.1285 0.9872
vn 0.0837 -0.9910 -0.1042
vn 0.1422 -0.5930 -0.7926
vn 0.1225 0.1301 -0.9839
vn 0.0456 0.7714 -0.6347
vn -0.0533 0.9927 0.1081
vn -0.1120 0.5945 0.7963
vn 0.9899 0.0529 0.1319
vn 0.7628 0.0965 -0.6394
vn -0.7621 0.0965 -0.6402
vn -0.9351 0.0965 -0.3409
vn -0.9953 0.0965 -0.0005
vn -0.9355 0.0965 0.3399
vn -0.4981 0.0964 0.8618
vn -0.1734 0.0964 0.9801
vn 0.1723 0.0965 0.9803
vn 0.4972 0.0965 0.8622
vn 0.9351 0.0965 0.3409
vn 0.4743 0.7889 0.3908
vn 0.4561 0.5586 -0.6927
vn 0.9978 -0.0321 -0.0586
vn 0.7266 -0.0321 -0.6863
vn 0.4481 -0.0321 -0.8934
vn 0.5497 -0.0321 -0.8348
vn 0.1155 -0.0320 -0.9928
vn 0.2310 -0.0321 -0.9724
vn -0.1155 -0.0320 -0.9928
vn -0.5497 -0.0321 -0.8348
vn -0.4481 -0.0321 -0.8934
vn -0.7266 -0.0321 -0.6863
vn -0.9576 -0.0320 -0.2862
vn -0.9175 -0.0320 -0.3964
vn -0.9175 -0.0320 0.3964
vn -0.9576 -0.0320 0.2862
vn -0.7266 -0.0321 0.6863
vn -0.8020 -0.0321 0.5964
vn -0.1155 -0.0321 0.9928
vn 0.2310 -0.0321 0.9724
vn 0.8020 -0.0320 0.5964
vn 0.9175 -0.0320 0.3964
vn 0.9978 -0.0321 0.0586
vn 0.9983 -0.0003 0.0587
vn 0.9983 -0.0003 -0.0587
vn -0.4483 -0.0002 -0.8939
vn -0.5499 -0.0002 -0.8352
vn -0.9983 -0.0003 -0.0587
vn -0.9983 -0.0003 0.0587
vn -0.5499 -0.0003 0.8352
vn 0.4483 -0.0003 0.8939
vn 0.5499 -0.0003 0.8352
vn 0.4405 0.4885 0.7532
vn 0.5048 0.2463 0.8273
vn 0.7828 0.2478 0.5708
vn 0.2582 0.6675 0.6984
vn 0.6430 0.6131 0.4590
vn 0.0066 0.7354 0.6776
vn 0.3309 0.8626 0.3827
vn -0.2467 0.6739 0.6964
vn -0.0699 0.9295 0.3622
vn -0.4339 0.4995 0.7498
vn -0.4519 0.7958 0.4031
vn -0.5048 0.2590 0.8235
vn -0.7128 0.4973 0.4945
vn -0.4405 0.0168 0.8976
vn -0.7828 0.1141 0.6117
vn -0.2582 -0.1622 0.9524
vn -0.6429 -0.2512 0.7235
vn -0.0066 -0.2301 0.9731
vn -0.3309 -0.5007 0.7999
vn 0.2467 -0.1686 0.9543
vn 0.0699 -0.5675 0.8204
vn 0.4339 0.0058 0.9009
vn 0.4519 -0.4338 0.7795
vn 0.7128 -0.1354 0.6881
vn 0.1937 0.3758 0.9062
vn 0.2147 0.2711 0.9383
vn 0.1207 0.4563 0.8816
vn 0.0154 0.4911 0.8709
vn -0.0941 0.4710 0.8771
vn -0.1783 0.4012 0.8985
vn -0.2147 0.3005 0.9293
vn -0.1937 0.1959 0.9613
vn -0.1207 0.1153 0.9860
vn -0.0154 0.0805 0.9966
vn 0.0941 0.1006 0.9905
vn 0.1783 0.1704 0.9691
vn 0.4664 0.0677 0.8820
vn 0.3072 -0.1305 0.9427
vn 0.5393 -0.3656 0.7586
vn 0.5006 0.3154 0.8062
vn 0.7529 -0.0346 0.6573
vn 0.4007 0.5464 0.7355
vn 0.7647 0.3543 0.5382
vn 0.1934 0.6986 0.6889
vn 0.5716 0.6967 0.4335
vn -0.0657 0.7313 0.6789
vn 0.2254 0.9009 0.3710
vn -0.3072 0.6358 0.7081
vn -0.1812 0.9122 0.3675
vn -0.4664 0.4376 0.7688
vn -0.5393 0.7276 0.4240
vn -0.5006 0.1898 0.8446
vn -0.7529 0.3965 0.5253
vn -0.4007 -0.0411 0.9153
vn -0.7647 0.0077 0.6443
vn -0.1934 -0.1933 0.9619
vn -0.5716 -0.3347 0.7491
vn 0.0657 -0.2260 0.9719
vn -0.2254 -0.5389 0.8116
vn 0.1812 -0.5503 0.8151
vn 0.1937 0.1960 0.9613
vn 0.1208 0.1154 0.9859
vn 0.2147 0.3007 0.9292
vn 0.1782 0.4013 0.8984
vn 0.0939 0.4711 0.8771
vn -0.0155 0.4911 0.8710
vn -0.1208 0.4562 0.8816
vn -0.1937 0.3756 0.9063
vn -0.2147 0.2710 0.9383
vn -0.1782 0.1703 0.9692
vn -0.0939 0.1006 0.9905
vn 0.0155 0.0805 0.9966
vn 0.3187 0.6271 0.7108
vn 0.4718 0.4245 0.7728
vn 0.7020 0.5188 0.4879
vn 0.0802 0.7293 0.6794
vn 0.4313 0.8092 0.3990
vn -0.1798 0.7038 0.6873
vn 0.0450 0.9312 0.3617
vn -0.3916 0.5574 0.7321
vn -0.3533 0.8522 0.3858
vn -0.4986 0.3293 0.8019
vn -0.6570 0.5934 0.4651
vn -0.4718 0.0807 0.8780
vn -0.7846 0.2240 0.5781
vn -0.3187 -0.1218 0.9400
vn -0.7020 -0.1569 0.6947
vn -0.0802 -0.2240 0.9713
vn -0.4313 -0.4472 0.7836
vn 0.1798 -0.1985 0.9635
vn -0.0450 -0.5693 0.8209
vn 0.3916 -0.0521 0.9187
vn 0.3533 -0.4903 0.7967
vn 0.4985 0.1759 0.8489
vn 0.6570 -0.2314 0.7175
vn 0.7846 0.1379 0.6045
vn 0.1454 0.4376 0.8873
vn 0.2053 0.3478 0.9148
vn 0.0465 0.4868 0.8723
vn -0.0648 0.4821 0.8737
vn -0.1588 0.4248 0.8912
vn -0.2102 0.3303 0.9202
vn -0.2053 0.2238 0.9528
vn -0.1454 0.1340 0.9803
vn -0.0465 0.0848 0.9953
vn 0.0648 0.0895 0.9939
vn 0.1588 0.1468 0.9763
vn 0.2102 0.2413 0.9474
vn -0.3366 0.6124 0.7153
vn -0.1034 0.7252 0.6807
vn -0.2386 0.8970 0.3721
vn -0.4797 0.4033 0.7793
vn -0.5810 0.6870 0.4364
vn -0.4942 0.1537 0.8557
vn -0.7678 0.3414 0.5422
vn -0.3763 -0.0693 0.9239
vn -0.7488 -0.0472 0.6611
vn -0.1575 -0.2060 0.9658
vn -0.5292 -0.3746 0.7613
vn 0.1034 -0.2199 0.9700
vn -0.1677 -0.5532 0.8160
vn 0.3366 -0.1072 0.9355
vn 0.2386 -0.5350 0.8104
vn 0.4797 0.1020 0.8715
vn 0.5810 -0.3250 0.7462
vn 0.4942 0.3515 0.7951
vn 0.7678 0.0206 0.6404
vn 0.3763 0.5745 0.7269
vn 0.7488 0.4091 0.5214
vn 0.1575 0.7113 0.6850
vn 0.5292 0.7366 0.4212
vn 0.1677 0.9151 0.3666
vn -0.1340 0.4470 0.8845
vn -0.0318 0.4894 0.8715
vn -0.2003 0.3613 0.9107
vn -0.2129 0.2554 0.9431
vn -0.1685 0.1577 0.9730
vn -0.0790 0.0943 0.9924
vn 0.0318 0.0822 0.9961
vn 0.1340 0.1247 0.9831
vn 0.2003 0.2103 0.9569
vn 0.2129 0.3162 0.9245
vn 0.1685 0.4139 0.8946
vn 0.0790 0.4773 0.8752
vn -0.0168 -0.2299 0.9731
vn -0.2668 -0.1572 0.9508
vn -0.3451 -0.4942 0.7979
vn 0.2378 -0.1732 0.9557
vn 0.0542 -0.5687 0.8207
vn 0.4286 -0.0025 0.9035
vn 0.4389 -0.4424 0.7821
vn 0.5046 0.2366 0.8303
vn 0.7061 -0.1490 0.6923
vn 0.4454 0.4800 0.7558
vn 0.7840 0.2328 0.5754
vn 0.2668 0.6625 0.7000
vn 0.6519 0.6007 0.4628
vn 0.0168 0.7351 0.6777
vn 0.3451 0.8561 0.3847
vn -0.2378 0.6785 0.6950
vn -0.0542 0.9307 0.3618
vn -0.4286 0.5078 0.7473
vn -0.4389 0.8043 0.4005
vn -0.5046 0.2687 0.8205
vn -0.7061 0.5110 0.4903
vn -0.4454 0.0253 0.8950
vn -0.7840 0.1292 0.6071
vn -0.6519 -0.2387 0.7197
vn -0.0197 0.0808 0.9965
vn -0.1242 0.1177 0.9853
vn 0.0902 0.0989 0.9910
vn 0.1758 0.1670 0.9702
vn 0.2144 0.2670 0.9395
vn 0.1955 0.3720 0.9074
vn 0.1242 0.4539 0.8823
vn 0.0197 0.4908 0.8710
vn -0.0902 0.4727 0.8766
vn -0.1758 0.4046 0.8974
vn -0.2144 0.3046 0.9280
vn -0.1955 0.1996 0.9602
vn 0.4945 0.3498 0.7957
vn 0.4791 0.1003 0.8720
vn 0.7672 0.0179 0.6412
vn 0.3775 0.5732 0.7273
vn 0.7497 0.4065 0.5222
vn 0.1593 0.7107 0.6852
vn 0.5313 0.7347 0.4218
vn -0.1016 0.7255 0.6807
vn 0.1705 0.9145 0.3668
vn -0.3353 0.6136 0.7149
vn -0.2359 0.8978 0.3719
vn -0.4791 0.4049 0.7788
vn -0.5791 0.6890 0.4358
vn -0.4945 0.1555 0.8551
vn -0.7672 0.3440 0.5414
vn -0.3775 -0.0680 0.9235
vn -0.7497 -0.0446 0.6603
vn -0.1593 -0.2055 0.9656
vn -0.5313 -0.3728 0.7608
vn 0.1016 -0.2203 0.9701
vn -0.1705 -0.5526 0.8158
vn 0.3353 -0.1083 0.9359
vn 0.2359 -0.5359 0.8107
vn 0.5791 -0.3270 0.7468
vn 0.2130 0.3154 0.9247
vn 0.2000 0.2096 0.9571
vn 0.1690 0.4133 0.8948
vn 0.0797 0.4770 0.8753
vn -0.0310 0.4895 0.8714
vn -0.1334 0.4474 0.8843
vn -0.2000 0.3620 0.9105
vn -0.2130 0.2562 0.9429
vn -0.1690 0.1583 0.9728
vn -0.0797 0.0946 0.9923
vn 0.0310 0.0821 0.9961
vn 0.1334 0.1242 0.9832
vn 0.0574 0.7323 0.6786
vn 0.3005 0.6406 0.7067
vn 0.4009 0.8273 0.3935
vn -0.2011 0.6954 0.6899
vn 0.0092 0.9324 0.3613
vn -0.4057 0.5400 0.7375
vn -0.3850 0.8361 0.3908
vn -0.5016 0.3075 0.8086
vn -0.6760 0.5643 0.4740
vn -0.4631 0.0603 0.8843
vn -0.7858 0.1897 0.5886
vn -0.3005 -0.1353 0.9441
vn -0.6851 -0.1871 0.7040
vn -0.0574 -0.2270 0.9722
vn -0.4009 -0.4654 0.7891
vn 0.2011 -0.1902 0.9609
vn -0.0092 -0.5705 0.8213
vn 0.4057 -0.0347 0.9133
vn 0.3850 -0.4742 0.7918
vn 0.5016 0.1978 0.8422
vn 0.6760 -0.2023 0.7086
vn 0.4631 0.4449 0.7665
vn 0.7858 0.1722 0.5940
vn 0.6851 0.5491 0.4786
vn 0.0369 0.4886 0.8717
vn 0.1380 0.4438 0.8854
vn -0.0741 0.4791 0.8746
vn -0.1653 0.4178 0.8934
vn -0.2121 0.3211 0.9230
vn -0.2021 0.2149 0.9555
vn -0.1380 0.1278 0.9822
vn -0.0369 0.0830 0.9959
vn 0.0741 0.0925 0.9930
vn 0.1653 0.1539 0.9742
vn 0.2121 0.2505 0.9446
vn 0.2021 0.3567 0.9121
vt 1.000000 1.000000
vt 0.000000 1.000000
vt 0.000000 0.000000
vt 1.000000 0.000000
vt 0.988010 0.915030
vt 0.988309 0.914871
vt 0.988378 0.915360
vt 0.056153 0.162171
vt 0.056153 0.162719
vt 0.045134 0.162719
vt 0.056317 0.162171
vt 0.056317 0.162719
vt 0.084125 0.162171
vt 0.084125 0.162719
vt 0.083933 0.162719
vt 0.176662 0.162171
vt 0.176662 0.162719
vt 0.149082 0.162719
vt 0.187882 0.162171
vt 0.187882 0.162719
vt 0.176863 0.162719
vt 0.988723 0.899658
vt 0.988354 0.899988
vt 0.988423 0.899499
vt 0.987882 0.915343
vt 0.760955 0.062024
vt 0.760955 0.061443
vt 0.771974 0.061443
vt 0.760791 0.062024
vt 0.760791 0.061443
vt 0.732983 0.062024
vt 0.732983 0.061443
vt 0.733175 0.061443
vt 0.640446 0.062024
vt 0.640446 0.061443
vt 0.668026 0.061443
vt 0.629226 0.062024
vt 0.629226 0.061443
vt 0.640245 0.061443
vt 0.988850 0.899971
vt 0.987987 0.915664
vt 0.760955 0.062620
vt 0.771974 0.062024
vt 0.760791 0.062620
vt 0.732983 0.062620
vt 0.733175 0.062024
vt 0.640446 0.062620
vt 0.668026 0.062024
vt 0.629226 0.062620
vt 0.640245 0.062024
vt 0.988745 0.900292
vt 0.988275 0.915843
vt 0.215501 0.055840
vt 0.215501 0.056372
vt 0.204482 0.056372
vt 0.215665 0.055840
vt 0.215665 0.056372
vt 0.243474 0.055840
vt 0.243474 0.056372
vt 0.243282 0.056372
vt 0.336010 0.055840
vt 0.336010 0.056372
vt 0.308431 0.056372
vt 0.347230 0.055840
vt 0.347230 0.056372
vt 0.336211 0.056372
vt 0.988458 0.900471
vt 0.988611 0.915796
vt 0.215501 0.055220
vt 0.204482 0.055840
vt 0.215665 0.055220
vt 0.243474 0.055220
vt 0.243282 0.055840
vt 0.336010 0.055220
vt 0.308431 0.055840
vt 0.347230 0.055220
vt 0.336211 0.055840
vt 0.988121 0.900424
vt 0.988839 0.915545
vt 0.029767 0.071543
vt 0.029767 0.072008
vt 0.018748 0.072008
vt 0.029931 0.071543
vt 0.029931 0.072008
vt 0.057739 0.071543
vt 0.057739 0.072008
vt 0.057547 0.072008
vt 0.150276 0.071543
vt 0.150276 0.072008
vt 0.122696 0.072008
vt 0.161496 0.071543
vt 0.161496 0.072008
vt 0.150477 0.072008
vt 0.987894 0.900173
vt 0.988850 0.915208
vt 0.029767 0.070916
vt 0.018748 0.071543
vt 0.029931 0.070916
vt 0.057739 0.070916
vt 0.057547 0.071543
vt 0.150276 0.070916
vt 0.122696 0.071543
vt 0.161496 0.070916
vt 0.150477 0.071543
vt 0.987882 0.899835
vt 0.988641 0.914942
vt 0.029767 0.070422
vt 0.018748 0.070916
vt 0.029931 0.070422
vt 0.057739 0.070422
vt 0.057547 0.070916
vt 0.150276 0.070422
vt 0.122696 0.070916
vt 0.161496 0.070422
vt 0.150477 0.070916
vt 0.988091 0.899569
vt 0.640245 0.046429
vt 0.640245 0.047042
vt 0.629226 0.047042
vt 0.640409 0.046429
vt 0.640409 0.047042
vt 0.668218 0.046429
vt 0.668218 0.047042
vt 0.668026 0.047042
vt 0.760754 0.046429
vt 0.760754 0.047042
vt 0.733175 0.047042
vt 0.771974 0.046429
vt 0.771974 0.047042
vt 0.760955 0.047042
vt 0.986229 0.084256
vt 0.985783 0.084492
vt 0.985648 0.084371
vt 0.985594 0.084958
vt 0.985412 0.084952
vt 0.985750 0.085437
vt 0.985606 0.085548
vt 0.986178 0.085703
vt 0.986141 0.085880
vt 0.986679 0.085633
vt 0.986764 0.085793
vt 0.987017 0.085260
vt 0.987186 0.085327
vt 0.987035 0.084757
vt 0.987208 0.084701
vt 0.986724 0.084361
vt 0.986820 0.084207
vt 0.986204 0.084077
vt 0.986824 0.461900
vt 0.986378 0.461664
vt 0.986403 0.461484
vt 0.987014 0.462366
vt 0.986960 0.461779
vt 0.986858 0.462844
vt 0.987196 0.462360
vt 0.986429 0.463111
vt 0.987001 0.462956
vt 0.985928 0.463041
vt 0.986467 0.463288
vt 0.985590 0.462667
vt 0.985843 0.463201
vt 0.985572 0.462165
vt 0.985421 0.462735
vt 0.985884 0.461768
vt 0.985399 0.462109
vt 0.985787 0.461615
vt 0.105762 0.332232
vt 0.105762 0.332469
vt 0.105431 0.332469
vt 0.105762 0.332935
vt 0.105431 0.332935
vt 0.105762 0.333413
vt 0.105431 0.333413
vt 0.105762 0.333680
vt 0.105431 0.333680
vt 0.105431 0.317832
vt 0.105431 0.317762
vt 0.105762 0.317762
vt 0.105431 0.317388
vt 0.105762 0.317388
vt 0.105431 0.316886
vt 0.105762 0.316886
vt 0.105431 0.316489
vt 0.105762 0.316489
vt 0.105431 0.316385
vt 0.105762 0.316385
vt 0.105431 0.364164
vt 0.105431 0.363928
vt 0.105762 0.363928
vt 0.105431 0.364630
vt 0.105762 0.364164
vt 0.105431 0.365108
vt 0.105762 0.364630
vt 0.105431 0.365375
vt 0.105762 0.365108
vt 0.105762 0.349457
vt 0.105762 0.349527
vt 0.105431 0.349527
vt 0.105762 0.349084
vt 0.105431 0.349457
vt 0.105762 0.348581
vt 0.105431 0.349084
vt 0.105762 0.348185
vt 0.105431 0.348581
vt 0.105762 0.348080
vt 0.105431 0.348185
vt 0.986961 0.544610
vt 0.986569 0.544817
vt 0.986502 0.544756
vt 0.986403 0.545226
vt 0.986312 0.545222
vt 0.986540 0.545645
vt 0.986468 0.545701
vt 0.986916 0.545879
vt 0.986897 0.545967
vt 0.987355 0.545817
vt 0.987398 0.545897
vt 0.987652 0.545490
vt 0.987736 0.545523
vt 0.987667 0.545049
vt 0.987754 0.545021
vt 0.987394 0.544701
vt 0.987442 0.544625
vt 0.986948 0.544520
vt 0.987497 0.528969
vt 0.987105 0.528762
vt 0.987118 0.528672
vt 0.987663 0.529378
vt 0.987564 0.528908
vt 0.987526 0.529797
vt 0.987754 0.529375
vt 0.987150 0.530031
vt 0.987597 0.529853
vt 0.986711 0.529970
vt 0.987169 0.530120
vt 0.986414 0.529642
vt 0.986668 0.530050
vt 0.986399 0.529201
vt 0.986330 0.529676
vt 0.986672 0.528854
vt 0.986312 0.529173
vt 0.986624 0.528777
vt 0.992724 0.266452
vt 0.992724 0.266610
vt 0.992354 0.266509
vt 0.992724 0.266924
vt 0.992354 0.266918
vt 0.992724 0.267245
vt 0.992354 0.267338
vt 0.992724 0.267424
vt 0.992354 0.267571
vt 0.990079 0.960218
vt 0.990079 0.960171
vt 0.990450 0.960305
vt 0.990079 0.959920
vt 0.990450 0.959977
vt 0.990079 0.959583
vt 0.990450 0.959536
vt 0.990079 0.959317
vt 0.990450 0.959189
vt 0.990079 0.959246
vt 0.990450 0.959097
vt 0.992764 0.379763
vt 0.992764 0.380062
vt 0.992393 0.380041
vt 0.992764 0.379637
vt 0.992393 0.379651
vt 0.992764 0.364831
vt 0.992764 0.364935
vt 0.992393 0.365086
vt 0.992764 0.364544
vt 0.992393 0.364949
vt 0.992764 0.364210
vt 0.992393 0.364576
vt 0.992724 0.251518
vt 0.992724 0.251769
vt 0.992354 0.251902
vt 0.992724 0.251180
vt 0.992354 0.251574
vt 0.992724 0.250914
vt 0.992354 0.251134
vt 0.992764 0.380392
vt 0.992393 0.380472
vt 0.083933 0.162171
vt 0.733175 0.062620
vt 0.243282 0.055220
vt 0.057547 0.070422
vt 0.668026 0.046429
vt 0.148833 0.162171
vt 0.148833 0.162719
vt 0.149082 0.162171
vt 0.668275 0.062024
vt 0.668275 0.061443
vt 0.668275 0.062620
vt 0.668026 0.062620
vt 0.308182 0.055840
vt 0.308182 0.056372
vt 0.308182 0.055220
vt 0.308431 0.055220
vt 0.122447 0.071543
vt 0.122447 0.072008
vt 0.122447 0.070916
vt 0.122447 0.070422
vt 0.122696 0.070422
vt 0.732926 0.046429
vt 0.732926 0.047042
vt 0.733175 0.046429
vt 0.176863 0.162171
vt 0.640245 0.062620
vt 0.336211 0.055220
vt 0.150477 0.070422
vt 0.760955 0.046429
vt 0.444844 0.016027
vt 0.445395 0.015951
vt 0.445401 0.015989
vt 0.321886 0.038494
vt 0.332885 0.038494
vt 0.332885 0.038734
vt 0.125359 0.007200
vt 0.136378 0.007200
vt 0.136378 0.007238
vt 0.321722 0.038494
vt 0.321886 0.038734
vt 0.136542 0.007200
vt 0.136542 0.007238
vt 0.293962 0.038494
vt 0.294154 0.038494
vt 0.294154 0.038734
vt 0.164159 0.007200
vt 0.164351 0.007200
vt 0.164351 0.007238
vt 0.201590 0.038494
vt 0.229120 0.038494
vt 0.229120 0.038734
vt 0.229308 0.007200
vt 0.256887 0.007200
vt 0.256887 0.007238
vt 0.190389 0.038494
vt 0.201389 0.038494
vt 0.201389 0.038734
vt 0.459880 0.015951
vt 0.460431 0.016027
vt 0.460430 0.016283
vt 0.257088 0.007200
vt 0.268107 0.007200
vt 0.268107 0.007238
vt 0.321722 0.038734
vt 0.164159 0.007238
vt 0.229369 0.038494
vt 0.293962 0.038734
vt 0.229059 0.007200
vt 0.229059 0.007238
vt 0.229369 0.038734
vt 0.229308 0.007238
vt 0.201590 0.038734
vt 0.257088 0.007238
vt 0.643909 0.136913
vt 0.632890 0.136913
vt 0.632890 0.132998
vt 0.045134 0.158223
vt 0.056153 0.158223
vt 0.440910 0.016824
vt 0.440877 0.016585
vt 0.644073 0.136913
vt 0.643909 0.132998
vt 0.056317 0.158223
vt 0.671881 0.136913
vt 0.671689 0.136913
vt 0.671689 0.132998
vt 0.083933 0.158223
vt 0.084125 0.158223
vt 0.764418 0.136913
vt 0.736838 0.136913
vt 0.736838 0.132998
vt 0.149082 0.158223
vt 0.176662 0.158223
vt 0.775638 0.136913
vt 0.764619 0.136913
vt 0.764619 0.132998
vt 0.464399 0.016585
vt 0.464365 0.016824
vt 0.176863 0.158223
vt 0.187882 0.158223
vt 0.644073 0.132998
vt 0.736589 0.136913
vt 0.671881 0.132998
vt 0.148833 0.158223
vt 0.736589 0.132998
vt 0.764418 0.132998
vt 0.644015 0.137053
vt 0.633016 0.137053
vt 0.045260 0.158083
vt 0.056259 0.158083
vt 0.440769 0.016844
vt 0.440735 0.016604
vt 0.644179 0.137053
vt 0.056423 0.158083
vt 0.671939 0.137053
vt 0.671747 0.137053
vt 0.083991 0.158083
vt 0.084183 0.158083
vt 0.764311 0.137053
vt 0.736781 0.137053
vt 0.149025 0.158083
vt 0.176555 0.158083
vt 0.775512 0.137053
vt 0.764512 0.137053
vt 0.464540 0.016604
vt 0.464506 0.016844
vt 0.176756 0.158083
vt 0.187756 0.158083
vt 0.736532 0.137053
vt 0.148776 0.158083
vt 0.045134 0.162171
vt 0.771974 0.062620
vt 0.204482 0.055220
vt 0.018748 0.070422
vt 0.629226 0.046429
vt 0.105431 0.332232
vt 0.105762 0.317832
vt 0.105762 0.365375
vt 0.105431 0.348080
vt 0.992354 0.266302
vt 0.990450 0.960366
vt 0.992393 0.379486
vt 0.992393 0.364139
vt 0.992354 0.250786
vt 0.444845 0.016283
vt 0.125359 0.007238
vt 0.190389 0.038734
vt 0.459874 0.015989
vt 0.775638 0.132998
vt 0.818539 0.332441
vt 0.836152 0.326915
vt 0.837771 0.327142
vt 0.249703 0.182580
vt 0.202355 0.182580
vt 0.202355 0.177119
vt 0.334346 0.182580
vt 0.249703 0.177119
vt 0.381694 0.182580
vt 0.334346 0.177119
vt 0.819646 0.324607
vt 0.849887 0.361566
vt 0.765245 0.361566
vt 0.765245 0.355135
vt 0.617648 0.175568
vt 0.600293 0.175568
vt 0.600293 0.170107
vt 0.725985 0.175568
vt 0.617648 0.170107
vt 0.725215 0.170107
vt 0.761291 0.170107
vt 0.775638 0.175568
vt 0.762058 0.175568
vt 0.761903 0.174456
vt 0.312852 0.383857
vt 0.298375 0.383857
vt 0.298375 0.378396
vt 0.345724 0.383857
vt 0.312852 0.378396
vt 0.430366 0.383857
vt 0.345724 0.378396
vt 0.463237 0.383857
vt 0.430366 0.378396
vt 0.477715 0.383857
vt 0.463237 0.378396
vt 0.409902 0.181468
vt 0.409748 0.182580
vt 0.396167 0.182580
vt 0.445820 0.182580
vt 0.410514 0.177119
vt 0.554157 0.182580
vt 0.446590 0.177119
vt 0.571512 0.182580
vt 0.554157 0.177119
vt 0.424017 0.205730
vt 0.339374 0.205730
vt 0.339374 0.199299
vt 0.529171 0.152376
vt 0.545677 0.150067
vt 0.546784 0.157902
vt 0.408138 0.485820
vt 0.375267 0.485820
vt 0.361001 0.478432
vt 0.492781 0.485820
vt 0.408138 0.478432
vt 0.525652 0.485820
vt 0.492781 0.478432
vt 0.204143 0.088690
vt 0.196784 0.088690
vt 0.196784 0.087199
vt 0.237014 0.088690
vt 0.204143 0.087199
vt 0.321656 0.088690
vt 0.237014 0.087199
vt 0.354527 0.088690
vt 0.321656 0.087199
vt 0.361886 0.088690
vt 0.354527 0.087199
vt 0.375267 0.603290
vt 0.361001 0.603290
vt 0.361001 0.495466
vt 0.408138 0.603290
vt 0.375267 0.495467
vt 0.492781 0.603290
vt 0.408138 0.495467
vt 0.525652 0.603290
vt 0.492781 0.495467
vt 0.539918 0.603290
vt 0.525652 0.495467
vt 0.375267 0.639181
vt 0.361001 0.639181
vt 0.320637 0.414391
vt 0.316538 0.412921
vt 0.330733 0.407969
vt 0.323979 0.417154
vt 0.312175 0.412921
vt 0.326160 0.420876
vt 0.298375 0.407969
vt 0.308076 0.414391
vt 0.304734 0.417154
vt 0.326917 0.425109
vt 0.302553 0.420876
vt 0.301796 0.425109
vt 0.323979 0.433064
vt 0.326160 0.429342
vt 0.330733 0.442247
vt 0.320637 0.435827
vt 0.316538 0.437297
vt 0.298375 0.442247
vt 0.302553 0.429342
vt 0.304734 0.433064
vt 0.308076 0.435827
vt 0.312175 0.437297
vt 0.804066 0.310207
vt 0.719424 0.310207
vt 0.719424 0.293783
vt 0.759180 0.237845
vt 0.755081 0.236375
vt 0.768881 0.231423
vt 0.736523 0.231423
vt 0.762522 0.240608
vt 0.764703 0.244330
vt 0.750718 0.236375
vt 0.746619 0.237845
vt 0.743277 0.240608
vt 0.765460 0.248563
vt 0.741096 0.244330
vt 0.740339 0.248563
vt 0.762522 0.256518
vt 0.764703 0.252796
vt 0.768881 0.265701
vt 0.759180 0.259281
vt 0.765067 0.264333
vt 0.755081 0.260751
vt 0.736523 0.265701
vt 0.741096 0.252796
vt 0.743277 0.256518
vt 0.746619 0.259281
vt 0.750718 0.260751
vt 0.539918 0.639181
vt 0.525652 0.639181
vt 0.361001 0.652454
vt 0.375267 0.642224
vt 0.381271 0.642224
vt 0.493131 0.642224
vt 0.407775 0.642224
vt 0.407775 0.638770
vt 0.521023 0.639181
vt 0.521418 0.642224
vt 0.521023 0.642224
vt 0.525652 0.642224
vt 0.375327 0.681277
vt 0.360850 0.681277
vt 0.360850 0.667003
vt 0.408198 0.681277
vt 0.375327 0.667003
vt 0.492841 0.681277
vt 0.408198 0.667003
vt 0.525712 0.681277
vt 0.492841 0.667003
vt 0.540189 0.681277
vt 0.525712 0.667003
vt 0.375327 0.717172
vt 0.360850 0.717172
vt 0.520151 0.652454
vt 0.520732 0.642224
vt 0.381656 0.642224
vt 0.382237 0.652454
vt 0.381271 0.652454
vt 0.408138 0.652454
vt 0.540189 0.717172
vt 0.525712 0.717172
vt 0.375327 0.824199
vt 0.360850 0.824199
vt 0.521023 0.652454
vt 0.525652 0.652454
vt 0.525652 0.652602
vt 0.520732 0.638770
vt 0.525139 0.638728
vt 0.540189 0.824199
vt 0.525712 0.824199
vt 0.375327 0.834556
vt 0.360850 0.841467
vt 0.381271 0.639181
vt 0.375780 0.638728
vt 0.381656 0.638770
vt 0.540189 0.841467
vt 0.525712 0.834556
vt 0.103239 0.189486
vt 0.187882 0.189486
vt 0.187882 0.205730
vt 0.408198 0.841467
vt 0.492841 0.841467
vt 0.408198 0.834556
vt 0.498196 0.834556
vt 0.492841 0.834556
vt 0.446346 0.056372
vt 0.361703 0.056372
vt 0.361703 0.054761
vt 0.492781 0.638728
vt 0.367089 0.487881
vt 0.375267 0.487881
vt 0.367089 0.485820
vt 0.854096 0.329425
vt 0.852990 0.337259
vt 0.408138 0.487881
vt 0.450930 0.292039
vt 0.535573 0.292039
vt 0.535573 0.299873
vt 0.492781 0.487881
vt 0.527552 0.152602
vt 0.512333 0.162719
vt 0.525652 0.487881
vt 0.539919 0.478432
vt 0.533830 0.485820
vt 0.533830 0.487881
vt 0.385357 0.088975
vt 0.377998 0.088975
vt 0.377178 0.087075
vt 0.795633 0.083833
vt 0.788275 0.083833
vt 0.788275 0.081933
vt 0.367909 0.486105
vt 0.367909 0.487596
vt 0.418228 0.088975
vt 0.385357 0.087075
vt 0.755404 0.083833
vt 0.755404 0.081933
vt 0.502870 0.088975
vt 0.418228 0.087075
vt 0.670761 0.083833
vt 0.670761 0.081933
vt 0.535741 0.088975
vt 0.502870 0.087075
vt 0.637891 0.083833
vt 0.637891 0.081933
vt 0.543100 0.088975
vt 0.535741 0.087075
vt 0.361886 0.087199
vt 0.362705 0.086914
vt 0.630532 0.083833
vt 0.629712 0.081933
vt 0.375267 0.652602
vt 0.493131 0.638770
vt 0.408138 0.652602
vt 0.492781 0.652454
vt 0.408138 0.603773
vt 0.375780 0.603773
vt 0.408138 0.638728
vt 0.492781 0.603773
vt 0.525139 0.603773
vt 0.535573 0.237249
vt 0.567931 0.237249
vt 0.567931 0.242766
vt 0.418572 0.309255
vt 0.450930 0.309255
vt 0.450930 0.310207
vt 0.827055 0.146528
vt 0.828380 0.155910
vt 0.793382 0.156862
vt 0.450930 0.237249
vt 0.535573 0.242766
vt 0.535573 0.309255
vt 0.535573 0.310207
vt 0.418572 0.237249
vt 0.450930 0.242766
vt 0.493646 0.373672
vt 0.528097 0.378490
vt 0.527319 0.384006
vt 0.567931 0.309255
vt 0.567931 0.310207
vt 0.450930 0.229415
vt 0.535573 0.229415
vt 0.538626 0.456136
vt 0.527165 0.452026
vt 0.539362 0.452026
vt 0.015901 0.164807
vt 0.011770 0.164212
vt 0.013229 0.153574
vt 0.536509 0.459750
vt 0.008138 0.163689
vt 0.009597 0.153051
vt 0.533264 0.462433
vt 0.614753 0.072675
vt 0.611508 0.072287
vt 0.611508 0.061649
vt 0.529283 0.463860
vt 0.607528 0.072080
vt 0.607528 0.061443
vt 0.525048 0.463860
vt 0.603292 0.072080
vt 0.603292 0.061443
vt 0.521067 0.462433
vt 0.599312 0.072287
vt 0.599312 0.061649
vt 0.517822 0.459750
vt 0.596067 0.072675
vt 0.596067 0.062037
vt 0.515704 0.456136
vt 0.024805 0.135956
vt 0.021172 0.136480
vt 0.019714 0.125842
vt 0.514969 0.452026
vt 0.017042 0.137074
vt 0.015583 0.126437
vt 0.515704 0.447916
vt 0.012911 0.137669
vt 0.011452 0.127032
vt 0.517822 0.444301
vt 0.009278 0.138193
vt 0.007819 0.127555
vt 0.521067 0.441618
vt 0.932075 0.827700
vt 0.928830 0.828088
vt 0.928830 0.817451
vt 0.525048 0.440191
vt 0.924850 0.828295
vt 0.924850 0.817657
vt 0.529283 0.440191
vt 0.920614 0.828295
vt 0.920614 0.817657
vt 0.533264 0.441618
vt 0.916634 0.828088
vt 0.916634 0.817451
vt 0.536509 0.444301
vt 0.913389 0.827700
vt 0.913389 0.817062
vt 0.538626 0.447916
vt 0.023664 0.165925
vt 0.020032 0.165401
vt 0.021491 0.154764
vt 0.017360 0.154169
vt 0.554662 0.678816
vt 0.566784 0.678816
vt 0.555393 0.682901
vt 0.928744 0.854314
vt 0.924639 0.854909
vt 0.923189 0.844271
vt 0.557498 0.686493
vt 0.932354 0.853791
vt 0.927294 0.843676
vt 0.560723 0.689159
vt 0.932814 0.721852
vt 0.929589 0.722241
vt 0.929589 0.711603
vt 0.564679 0.690578
vt 0.936769 0.721646
vt 0.932814 0.711215
vt 0.568888 0.690578
vt 0.940979 0.721646
vt 0.936769 0.711008
vt 0.572844 0.689159
vt 0.944935 0.721852
vt 0.940979 0.711008
vt 0.576069 0.686493
vt 0.948160 0.722241
vt 0.944935 0.711215
vt 0.578174 0.682901
vt 0.901845 0.720070
vt 0.898235 0.719546
vt 0.899685 0.708909
vt 0.578905 0.678816
vt 0.905950 0.720665
vt 0.903295 0.709432
vt 0.578174 0.674732
vt 0.910056 0.721259
vt 0.907400 0.710027
vt 0.576069 0.671139
vt 0.913666 0.721783
vt 0.911506 0.710622
vt 0.572844 0.668473
vt 0.916671 0.801997
vt 0.913447 0.801609
vt 0.913447 0.790971
vt 0.568888 0.667055
vt 0.920627 0.802204
vt 0.916671 0.791360
vt 0.564679 0.667055
vt 0.924837 0.802204
vt 0.920627 0.791566
vt 0.560723 0.668473
vt 0.928793 0.801997
vt 0.924837 0.791566
vt 0.557498 0.671139
vt 0.932017 0.801609
vt 0.928793 0.791360
vt 0.555393 0.674732
vt 0.920533 0.855504
vt 0.916923 0.856027
vt 0.915473 0.845389
vt 0.919083 0.844866
vt 0.743614 0.240795
vt 0.015815 0.165265
vt 0.011560 0.164670
vt 0.924913 0.802662
vt 0.920551 0.802662
vt 0.007819 0.164147
vt 0.929012 0.802455
vt 0.320455 0.435430
vt 0.316475 0.436858
vt 0.607591 0.072538
vt 0.603229 0.072538
vt 0.924730 0.855367
vt 0.920475 0.855962
vt 0.308258 0.435430
vt 0.305014 0.432747
vt 0.025123 0.136415
vt 0.021382 0.136938
vt 0.017128 0.137533
vt 0.012874 0.138127
vt 0.009133 0.138651
vt 0.932354 0.828158
vt 0.929012 0.828546
vt 0.924913 0.828753
vt 0.920551 0.828753
vt 0.916452 0.828546
vt 0.913110 0.828158
vt 0.023810 0.166383
vt 0.020069 0.165860
vt 0.928984 0.854772
vt 0.741509 0.252557
vt 0.743614 0.256149
vt 0.746839 0.258815
vt 0.750795 0.260234
vt 0.755004 0.260234
vt 0.758960 0.258815
vt 0.762185 0.256149
vt 0.905859 0.721123
vt 0.901605 0.720528
vt 0.910114 0.721718
vt 0.913855 0.722241
vt 0.916452 0.802455
vt 0.913110 0.802067
vt 0.932354 0.802067
vt 0.539918 0.495467
vt 0.334346 0.182727
vt 0.249703 0.182727
vt 0.408138 0.478261
vt 0.381615 0.182727
vt 0.492781 0.478261
vt 0.540050 0.478261
vt 0.540069 0.495466
vt 0.617647 0.175714
vt 0.762079 0.175717
vt 0.726006 0.175717
vt 0.540067 0.603281
vt 0.540067 0.639172
vt 0.539918 0.652454
vt 0.775576 0.175717
vt 0.540067 0.652602
vt 0.312852 0.384006
vt 0.492781 0.652602
vt 0.345724 0.384006
vt 0.430366 0.384006
vt 0.463237 0.384006
vt 0.375267 0.652454
vt 0.360852 0.652602
vt 0.477653 0.384006
vt 0.409727 0.182729
vt 0.360852 0.639172
vt 0.445799 0.182729
vt 0.360852 0.603281
vt 0.554158 0.182726
vt 0.360850 0.495466
vt 0.571451 0.182727
vt 0.360868 0.478261
vt 0.202433 0.182727
vt 0.775638 0.170107
vt 0.396167 0.177119
vt 0.828514 0.156862
vt 0.492188 0.384006
vt 0.492322 0.383055
vt 0.418572 0.299873
vt 0.450930 0.299873
vt 0.567931 0.299873
vt 0.381694 0.177119
vt 0.849887 0.355135
vt 0.477715 0.378396
vt 0.571512 0.177119
vt 0.424017 0.199299
vt 0.804066 0.293783
vt 0.540189 0.667003
vt 0.103239 0.205730
vt 0.446346 0.054761
vt 0.511227 0.154885
vt 0.796453 0.081933
vt 0.543919 0.087075
vt 0.362705 0.088975
vt 0.418572 0.310207
vt 0.792605 0.151345
vt 0.418572 0.242766
vt 0.614753 0.062037
vt 0.023346 0.125319
vt 0.932075 0.817062
vt 0.025123 0.155287
vt 0.930904 0.843153
vt 0.948160 0.711603
vt 0.915116 0.711145
vt 0.932017 0.790971
vt 0.741509 0.244388
vt 0.323700 0.432747
vt 0.312239 0.436858
vt 0.764290 0.252557
vt 0.554159 0.182791
vt 0.600355 0.175714
vt 0.298437 0.384006
vt 0.396229 0.182729
vt 0.597462 0.689095
vt 0.596228 0.689095
vt 0.596228 0.687677
vt 0.598365 0.689095
vt 0.597653 0.687677
vt 0.810622 0.022685
vt 0.809388 0.022685
vt 0.809197 0.021267
vt 0.811856 0.022685
vt 0.810622 0.021267
vt 0.812760 0.022685
vt 0.812047 0.021267
vt 0.916591 0.053518
vt 0.915357 0.053518
vt 0.915166 0.052100
vt 0.917825 0.053518
vt 0.916591 0.052100
vt 0.918728 0.053518
vt 0.918016 0.052100
vt 0.919059 0.053518
vt 0.919059 0.052100
vt 0.594090 0.689095
vt 0.593760 0.689095
vt 0.593378 0.687677
vt 0.594994 0.689095
vt 0.593760 0.687677
vt 0.594803 0.687677
vt 0.596940 0.690133
vt 0.596228 0.690133
vt 0.957713 0.613093
vt 0.958235 0.612574
vt 0.959138 0.613093
vt 0.957000 0.613283
vt 0.958235 0.613992
vt 0.956288 0.613093
vt 0.957000 0.614321
vt 0.955766 0.612574
vt 0.955766 0.613992
vt 0.955576 0.611865
vt 0.954863 0.613093
vt 0.917304 0.054556
vt 0.916591 0.054556
vt 0.956288 0.610637
vt 0.955766 0.611156
vt 0.954863 0.610637
vt 0.957000 0.610447
vt 0.955766 0.609738
vt 0.957713 0.610637
vt 0.957000 0.609409
vt 0.958235 0.611156
vt 0.958235 0.609738
vt 0.958425 0.611865
vt 0.959138 0.610637
vt 0.957000 0.611865
vt 0.787771 0.026810
vt 0.786747 0.026810
vt 0.786447 0.025393
vt 0.789039 0.026810
vt 0.787629 0.025393
vt 0.790213 0.026810
vt 0.789094 0.025393
vt 0.975235 0.178990
vt 0.974212 0.178990
vt 0.973912 0.177572
vt 0.976504 0.178990
vt 0.975094 0.177572
vt 0.977678 0.178990
vt 0.976559 0.177572
vt 0.975289 0.582026
vt 0.974265 0.582026
vt 0.973965 0.580609
vt 0.976557 0.582026
vt 0.975147 0.580609
vt 0.977731 0.582026
vt 0.976612 0.580609
vt 0.975235 0.195846
vt 0.974212 0.195846
vt 0.973912 0.194428
vt 0.976504 0.195846
vt 0.975094 0.194428
vt 0.977678 0.195846
vt 0.976559 0.194428
vt 0.958324 0.323581
vt 0.957883 0.322994
vt 0.958528 0.322178
vt 0.788890 0.027848
vt 0.788157 0.027848
vt 0.958120 0.324985
vt 0.958411 0.324310
vt 0.959444 0.324459
vt 0.957529 0.325424
vt 0.958940 0.325627
vt 0.976355 0.180028
vt 0.975622 0.180028
vt 0.956119 0.325221
vt 0.956797 0.325511
vt 0.956648 0.326538
vt 0.955678 0.324633
vt 0.955474 0.326036
vt 0.976408 0.583064
vt 0.975676 0.583064
vt 0.955882 0.323230
vt 0.955591 0.323904
vt 0.954558 0.323756
vt 0.956472 0.322791
vt 0.955062 0.322588
vt 0.976355 0.196884
vt 0.975622 0.196884
vt 0.957205 0.322704
vt 0.957354 0.321677
vt 0.957001 0.324107
vt 0.977621 0.313480
vt 0.976595 0.313480
vt 0.976736 0.312062
vt 0.975326 0.347192
vt 0.974154 0.347192
vt 0.973917 0.345774
vt 0.976595 0.347192
vt 0.975271 0.345774
vt 0.977621 0.347192
vt 0.976736 0.345774
vt 0.975374 0.598882
vt 0.974201 0.598882
vt 0.973964 0.597465
vt 0.976643 0.598882
vt 0.975318 0.597465
vt 0.977668 0.598882
vt 0.976784 0.597465
vt 0.975326 0.380904
vt 0.974154 0.380904
vt 0.973917 0.379486
vt 0.976595 0.380904
vt 0.975271 0.379486
vt 0.977621 0.380904
vt 0.976736 0.379486
vt 0.975326 0.313480
vt 0.974154 0.313480
vt 0.973917 0.312062
vt 0.975271 0.312062
vt 0.957887 0.286699
vt 0.958327 0.286110
vt 0.959296 0.286492
vt 0.957210 0.286991
vt 0.958534 0.287513
vt 0.976211 0.348230
vt 0.975478 0.348230
vt 0.955885 0.286468
vt 0.956477 0.286906
vt 0.956093 0.287871
vt 0.955592 0.285795
vt 0.955067 0.287113
vt 0.976259 0.599920
vt 0.975526 0.599920
vt 0.956117 0.284477
vt 0.955677 0.285066
vt 0.954707 0.284683
vt 0.956794 0.284185
vt 0.955469 0.283663
vt 0.976211 0.381942
vt 0.975478 0.381942
vt 0.958119 0.284708
vt 0.957527 0.284270
vt 0.957911 0.283305
vt 0.958412 0.285381
vt 0.958937 0.284063
vt 0.976211 0.314518
vt 0.975478 0.314518
vt 0.957002 0.285588
vt 0.972087 0.760291
vt 0.970954 0.760291
vt 0.971037 0.758873
vt 0.969678 0.827715
vt 0.968599 0.827715
vt 0.968318 0.826297
vt 0.970954 0.827715
vt 0.969563 0.826297
vt 0.972087 0.827715
vt 0.971037 0.826297
vt 0.969678 0.794003
vt 0.968599 0.794003
vt 0.968318 0.792585
vt 0.970954 0.794003
vt 0.969563 0.792585
vt 0.972087 0.794003
vt 0.971037 0.792585
vt 0.969678 0.863510
vt 0.968599 0.863510
vt 0.968318 0.862092
vt 0.970954 0.863510
vt 0.969563 0.862092
vt 0.972087 0.863510
vt 0.971037 0.862092
vt 0.969678 0.760291
vt 0.968599 0.760291
vt 0.968318 0.758873
vt 0.969563 0.758873
vt 0.964077 0.740082
vt 0.964731 0.740422
vt 0.964504 0.741435
vt 0.963682 0.739462
vt 0.963372 0.740846
vt 0.970727 0.828753
vt 0.969990 0.828753
vt 0.963992 0.738079
vt 0.963651 0.738729
vt 0.962633 0.738503
vt 0.964615 0.737685
vt 0.963224 0.737376
vt 0.970727 0.795041
vt 0.969990 0.795041
vt 0.966006 0.737994
vt 0.965352 0.737654
vt 0.965579 0.736641
vt 0.966401 0.738613
vt 0.966711 0.737229
vt 0.970727 0.864548
vt 0.969990 0.864548
vt 0.966091 0.739997
vt 0.966432 0.739346
vt 0.967450 0.739572
vt 0.965468 0.740391
vt 0.966859 0.740699
vt 0.970727 0.761329
vt 0.969990 0.761329
vt 0.965042 0.739038
vt 0.284005 0.023056
vt 0.282778 0.023056
vt 0.282580 0.021638
vt 0.285245 0.023056
vt 0.283997 0.021638
vt 0.286167 0.023056
vt 0.285430 0.021638
vt 0.339163 0.023056
vt 0.337936 0.023056
vt 0.337739 0.021638
vt 0.340404 0.023056
vt 0.339156 0.021638
vt 0.341325 0.023056
vt 0.340588 0.021638
vt 0.924563 0.021647
vt 0.923336 0.021647
vt 0.923138 0.020229
vt 0.925803 0.021647
vt 0.924555 0.020229
vt 0.926725 0.021647
vt 0.925987 0.020229
vt 0.302391 0.023056
vt 0.301164 0.023056
vt 0.300966 0.021638
vt 0.303632 0.023056
vt 0.302383 0.021638
vt 0.304553 0.023056
vt 0.303816 0.021638
vt 0.956972 0.571825
vt 0.956264 0.572030
vt 0.955724 0.571141
vt 0.284742 0.024094
vt 0.284026 0.024094
vt 0.958221 0.572510
vt 0.957689 0.572001
vt 0.958192 0.571092
vt 0.958426 0.573215
vt 0.959113 0.571973
vt 0.339901 0.024094
vt 0.339184 0.024094
vt 0.957738 0.574456
vt 0.958249 0.573927
vt 0.959163 0.574428
vt 0.957030 0.574660
vt 0.958278 0.575345
vt 0.925300 0.022685
vt 0.924584 0.022685
vt 0.955782 0.573976
vt 0.956313 0.574485
vt 0.955810 0.575394
vt 0.955576 0.573271
vt 0.954889 0.574513
vt 0.303128 0.024094
vt 0.302412 0.024094
vt 0.955753 0.572559
vt 0.954839 0.572058
vt 0.957001 0.573243
vt 0.971603 0.442825
vt 0.970326 0.442825
vt 0.970211 0.441407
vt 0.972737 0.442825
vt 0.971684 0.441407
vt 0.975300 0.632595
vt 0.974224 0.632595
vt 0.973942 0.631177
vt 0.976576 0.632595
vt 0.975184 0.631177
vt 0.977710 0.632595
vt 0.976658 0.631177
vt 0.970741 0.916289
vt 0.969665 0.916289
vt 0.969383 0.914871
vt 0.972017 0.916289
vt 0.970626 0.914871
vt 0.973152 0.916289
vt 0.972099 0.914871
vt 0.970741 0.882577
vt 0.969665 0.882577
vt 0.969383 0.881159
vt 0.972017 0.882577
vt 0.970626 0.881159
vt 0.973152 0.882577
vt 0.972099 0.881159
vt 0.969251 0.442825
vt 0.968968 0.441407
vt 0.971379 0.443863
vt 0.970642 0.443863
vt 0.010700 0.213042
vt 0.011039 0.212391
vt 0.012058 0.212613
vt 0.010079 0.213438
vt 0.011471 0.213742
vt 0.976352 0.633632
vt 0.975616 0.633632
vt 0.008687 0.213135
vt 0.009342 0.213472
vt 0.009119 0.214486
vt 0.008289 0.212517
vt 0.007984 0.213901
vt 0.971794 0.917327
vt 0.971057 0.917327
vt 0.008594 0.211132
vt 0.008255 0.211783
vt 0.007236 0.211561
vt 0.009216 0.210736
vt 0.007824 0.210432
vt 0.971794 0.883615
vt 0.971057 0.883615
vt 0.010608 0.211039
vt 0.009952 0.210702
vt 0.010176 0.209688
vt 0.011005 0.211658
vt 0.011310 0.210273
vt 0.009647 0.212087
vt 0.381596 0.024497
vt 0.380402 0.024497
vt 0.380178 0.023080
vt 0.382857 0.024497
vt 0.381558 0.023080
vt 0.383847 0.024497
vt 0.383014 0.023080
vt 0.418499 0.024497
vt 0.417304 0.024497
vt 0.417081 0.023080
vt 0.419760 0.024497
vt 0.418460 0.023080
vt 0.420749 0.024497
vt 0.419916 0.023080
vt 0.191807 0.023056
vt 0.190612 0.023056
vt 0.190389 0.021638
vt 0.193068 0.023056
vt 0.191769 0.021638
vt 0.194058 0.023056
vt 0.193225 0.021638
vt 0.247161 0.023056
vt 0.245966 0.023056
vt 0.245743 0.021638
vt 0.248422 0.023056
vt 0.247122 0.021638
vt 0.249411 0.023056
vt 0.248578 0.021638
vt 0.957131 0.383340
vt 0.957821 0.383080
vt 0.958431 0.383922
vt 0.382429 0.025535
vt 0.381701 0.025535
vt 0.955832 0.382758
vt 0.956403 0.383222
vt 0.955975 0.384169
vt 0.955570 0.382072
vt 0.954985 0.383365
vt 0.419332 0.025535
vt 0.418603 0.025535
vt 0.956155 0.380779
vt 0.955689 0.381348
vt 0.954737 0.380922
vt 0.956845 0.380519
vt 0.955545 0.379937
vt 0.192640 0.024094
vt 0.191912 0.024094
vt 0.958144 0.381101
vt 0.957573 0.380636
vt 0.958001 0.379690
vt 0.958406 0.381787
vt 0.958991 0.380494
vt 0.247994 0.024094
vt 0.247265 0.024094
vt 0.958287 0.382511
vt 0.959239 0.382937
vt 0.956988 0.381929
vt 0.598696 0.687677
vt 0.813090 0.021267
vt 0.919441 0.052100
vt 0.954532 0.611865
vt 0.959469 0.611865
vt 0.790450 0.025393
vt 0.977914 0.177572
vt 0.977968 0.580609
vt 0.977914 0.194428
vt 0.959293 0.323197
vt 0.957916 0.326388
vt 0.954709 0.325018
vt 0.956086 0.321827
vt 0.977920 0.312062
vt 0.977920 0.345774
vt 0.977968 0.597465
vt 0.977920 0.379486
vt 0.957362 0.288017
vt 0.954560 0.285946
vt 0.956642 0.283158
vt 0.959444 0.285230
vt 0.972345 0.758873
vt 0.972345 0.826297
vt 0.972345 0.792585
vt 0.972345 0.862092
vt 0.962687 0.739773
vt 0.964302 0.736695
vt 0.967396 0.738302
vt 0.965781 0.741381
vt 0.286493 0.021638
vt 0.341652 0.021638
vt 0.927051 0.020229
vt 0.304880 0.021638
vt 0.956951 0.570788
vt 0.959469 0.573194
vt 0.957051 0.575698
vt 0.954533 0.573292
vt 0.972995 0.441407
vt 0.977968 0.631177
vt 0.973409 0.914871
vt 0.973409 0.881159
vt 0.010395 0.214427
vt 0.007295 0.212831
vt 0.008900 0.209747
vt 0.011999 0.211343
vt 0.384157 0.023080
vt 0.421059 0.023080
vt 0.194367 0.021638
vt 0.249721 0.021638
vt 0.957236 0.384373
vt 0.954532 0.382176
vt 0.956740 0.379486
vt 0.959444 0.381682
vt 0.346377 0.992800
vt 0.007236 0.992800
vt 0.007236 0.731924
vt 0.346377 0.731924
vt 0.461653 0.363996
vt 0.298660 0.363996
vt 0.298660 0.363676
vt 0.182026 0.088655
vt 0.019033 0.088655
vt 0.019033 0.086409
vt 0.182026 0.088975
vt 0.019033 0.088975
vt 0.461938 0.363715
vt 0.461653 0.363676
vt 0.843896 0.716471
vt 0.843614 0.716431
vt 0.843932 0.714185
vt 0.182311 0.088694
vt 0.883480 0.719713
vt 0.844214 0.714224
vt 0.844253 0.713944
vt 0.883162 0.721960
vt 0.883123 0.722241
vt 0.843857 0.716752
vt 0.633175 0.098553
vt 0.632890 0.098514
vt 0.633175 0.098233
vt 0.883445 0.721999
vt 0.283617 0.363996
vt 0.283617 0.363676
vt 0.283902 0.363715
vt 0.796168 0.098553
vt 0.796168 0.100800
vt 0.633175 0.100800
vt 0.120624 0.363676
vt 0.796453 0.098514
vt 0.796168 0.098233
vt 0.844214 0.744657
vt 0.843932 0.744697
vt 0.843614 0.742450
vt 0.120339 0.363715
vt 0.120624 0.363996
vt 0.883162 0.736922
vt 0.843896 0.742411
vt 0.843857 0.742130
vt 0.883480 0.739168
vt 0.883519 0.739449
vt 0.844253 0.744938
vt 0.298375 0.363715
vt 0.883762 0.739129
vt 0.018748 0.088694
vt 0.120624 0.324607
vt 0.404099 0.279593
vt 0.404099 0.310207
vt 0.257358 0.310207
vt 0.304934 0.327415
vt 0.304934 0.361457
vt 0.455380 0.327415
vt 0.298660 0.324607
vt 0.455380 0.361457
vt 0.461653 0.324607
vt 0.898235 0.770631
vt 0.932449 0.765847
vt 0.932695 0.767588
vt 0.377178 0.070934
vt 0.527624 0.070934
vt 0.527624 0.072675
vt 0.831857 0.068956
vt 0.866071 0.073740
vt 0.865825 0.075482
vt 0.196784 0.070772
vt 0.347230 0.070772
vt 0.347230 0.072513
vt 0.478264 0.326210
vt 0.478264 0.356824
vt 0.476411 0.358649
vt 0.625005 0.326210
vt 0.476411 0.324607
vt 0.625005 0.356824
vt 0.626857 0.324607
vt 0.626857 0.358649
vt 0.589160 0.094776
vt 0.558392 0.090473
vt 0.558872 0.087075
vt 0.779631 0.118598
vt 0.632890 0.118598
vt 0.632890 0.115200
vt 0.866071 0.093279
vt 0.835303 0.097582
vt 0.834823 0.094184
vt 0.182311 0.106773
vt 0.035570 0.106773
vt 0.035570 0.103376
vt 0.182026 0.086409
vt 0.883519 0.719433
vt 0.883762 0.719753
vt 0.883123 0.736641
vt 0.883445 0.736882
vt 0.283617 0.324607
vt 0.257358 0.279593
vt 0.898481 0.772372
vt 0.377178 0.072675
vt 0.831611 0.070697
vt 0.196784 0.072513
vt 0.589640 0.091378
vt 0.779631 0.115200
vt 0.865591 0.089882
vt 0.182311 0.103376
vt 0.088766 0.205730
vt 0.034131 0.205730
vt 0.026558 0.198449
vt 0.090958 0.365375
vt 0.083385 0.365375
vt 0.083204 0.302845
vt 0.663139 0.190543
vt 0.600293 0.190543
vt 0.600293 0.190117
vt 0.423912 0.040361
vt 0.361703 0.040361
vt 0.361704 0.039936
vt 0.515442 0.016844
vt 0.507920 0.016844
vt 0.507920 0.016419
vt 0.753862 0.032029
vt 0.699227 0.032029
vt 0.699227 0.031604
vt 0.493447 0.016844
vt 0.485873 0.016844
vt 0.485873 0.016419
vt 0.369277 0.040361
vt 0.684754 0.032029
vt 0.629226 0.032029
vt 0.629226 0.031604
vt 0.088766 0.198245
vt 0.090777 0.310126
vt 0.663138 0.190117
vt 0.423912 0.039936
vt 0.515442 0.016419
vt 0.753862 0.031604
vt 0.493447 0.016419
vt 0.369277 0.039936
vt 0.684754 0.031604
vt 0.749545 0.215428
vt 0.752762 0.216286
vt 0.752684 0.216727
vt 0.543595 0.031849
vt 0.540199 0.031849
vt 0.540199 0.031569
vt 0.770327 0.200252
vt 0.770591 0.196779
vt 0.775189 0.197544
vt 0.536410 0.016419
vt 0.538645 0.016419
vt 0.538645 0.016664
vt 0.753568 0.211927
vt 0.751132 0.211277
vt 0.751345 0.210508
vt 0.546888 0.031849
vt 0.543595 0.031569
vt 0.769675 0.202674
vt 0.774897 0.200865
vt 0.534079 0.016419
vt 0.536410 0.016664
vt 0.746527 0.214028
vt 0.749391 0.215849
vt 0.549977 0.031849
vt 0.546888 0.031569
vt 0.768609 0.204948
vt 0.774035 0.204066
vt 0.531892 0.016419
vt 0.534079 0.016664
vt 0.748847 0.210217
vt 0.749158 0.209493
vt 0.552770 0.031849
vt 0.549977 0.031569
vt 0.767163 0.207004
vt 0.772628 0.207069
vt 0.529915 0.016419
vt 0.531892 0.016664
vt 0.743799 0.212127
vt 0.746302 0.214416
vt 0.555181 0.031849
vt 0.552770 0.031569
vt 0.765380 0.208778
vt 0.770717 0.209784
vt 0.731197 0.016923
vt 0.732904 0.016923
vt 0.732904 0.017169
vt 0.746781 0.208778
vt 0.747181 0.208116
vt 0.883904 0.022685
vt 0.881112 0.022685
vt 0.881112 0.022405
vt 0.763314 0.210217
vt 0.768362 0.212127
vt 0.729220 0.016923
vt 0.731197 0.017169
vt 0.741444 0.209784
vt 0.743509 0.212470
vt 0.886994 0.022685
vt 0.883904 0.022405
vt 0.761028 0.211277
vt 0.765634 0.214028
vt 0.727033 0.016923
vt 0.729220 0.017169
vt 0.744998 0.207004
vt 0.745475 0.206418
vt 0.890287 0.022685
vt 0.886994 0.022405
vt 0.758593 0.211927
vt 0.762615 0.215428
vt 0.724702 0.016923
vt 0.727033 0.017169
vt 0.739533 0.207069
vt 0.741098 0.210072
vt 0.893683 0.022685
vt 0.890287 0.022405
vt 0.756080 0.212145
vt 0.759398 0.216286
vt 0.722298 0.016923
vt 0.724702 0.017169
vt 0.743552 0.204948
vt 0.744090 0.204451
vt 0.897079 0.022685
vt 0.893683 0.022405
vt 0.756080 0.216575
vt 0.719894 0.016923
vt 0.722298 0.017169
vt 0.738126 0.204066
vt 0.739143 0.207293
vt 0.900372 0.022685
vt 0.897079 0.022405
vt 0.717562 0.016923
vt 0.719894 0.017169
vt 0.742486 0.202674
vt 0.743070 0.202275
vt 0.903462 0.022685
vt 0.900372 0.022405
vt 0.715375 0.016923
vt 0.717562 0.017169
vt 0.737264 0.200865
vt 0.737702 0.204219
vt 0.906255 0.022685
vt 0.903462 0.022405
vt 0.713398 0.016923
vt 0.715375 0.017169
vt 0.741834 0.200252
vt 0.742446 0.199956
vt 0.908665 0.022685
vt 0.906255 0.022405
vt 0.711692 0.016923
vt 0.713398 0.017169
vt 0.736972 0.197544
vt 0.736820 0.200943
vt 0.680064 0.017203
vt 0.677272 0.017203
vt 0.677272 0.016923
vt 0.922226 0.870427
vt 0.924203 0.870427
vt 0.924203 0.870673
vt 0.741570 0.196779
vt 0.742235 0.197732
vt 0.683154 0.017203
vt 0.680064 0.016923
vt 0.920039 0.870427
vt 0.922226 0.870673
vt 0.736972 0.194184
vt 0.736523 0.197563
vt 0.686447 0.017203
vt 0.683154 0.016923
vt 0.917708 0.870427
vt 0.920039 0.870673
vt 0.736972 0.190671
vt 0.736523 0.194184
vt 0.689843 0.017203
vt 0.686447 0.016923
vt 0.915473 0.870427
vt 0.917708 0.870673
vt 0.742235 0.190618
vt 0.736523 0.190225
vt 0.693239 0.017203
vt 0.689843 0.016923
vt 0.756080 0.190564
vt 0.742235 0.190171
vt 0.697219 0.017203
vt 0.693239 0.016923
vt 0.756080 0.196779
vt 0.756080 0.197732
vt 0.683324 0.190543
vt 0.677611 0.190543
vt 0.677611 0.190263
vt 0.769926 0.190564
vt 0.756080 0.190117
vt 0.697169 0.190543
vt 0.683324 0.190263
vt 0.600908 0.031604
vt 0.614753 0.031604
vt 0.614753 0.031849
vt 0.769926 0.197732
vt 0.711014 0.190543
vt 0.697169 0.190263
vt 0.587063 0.031604
vt 0.600908 0.031849
vt 0.775189 0.190564
vt 0.769926 0.190117
vt 0.716727 0.190543
vt 0.711014 0.190263
vt 0.775189 0.194184
vt 0.775638 0.190117
vt 0.536802 0.031849
vt 0.532715 0.031849
vt 0.532715 0.031569
vt 0.775638 0.194184
vt 0.536802 0.031569
vt 0.775638 0.197563
vt 0.769715 0.199956
vt 0.775341 0.200943
vt 0.769090 0.202275
vt 0.774458 0.204219
vt 0.768070 0.204451
vt 0.773018 0.207293
vt 0.766686 0.206418
vt 0.771062 0.210072
vt 0.764980 0.208116
vt 0.768652 0.212470
vt 0.763003 0.209493
vt 0.765859 0.214416
vt 0.760816 0.210508
vt 0.762769 0.215849
vt 0.758485 0.211130
vt 0.759476 0.216727
vt 0.756080 0.211339
vt 0.756080 0.217023
vt 0.753676 0.211130
vt 0.529915 0.016664
vt 0.555181 0.031569
vt 0.908665 0.022405
vt 0.711692 0.017169
vt 0.915473 0.870673
vt 0.697219 0.016923
vt 0.587063 0.031849
vt 0.716727 0.190263
vt 0.618417 0.118598
vt 0.495870 0.118598
vt 0.495870 0.114344
vt 0.336430 0.125029
vt 0.196784 0.125029
vt 0.196784 0.121174
vt 0.481397 0.118598
vt 0.358851 0.118598
vt 0.358851 0.114344
vt 0.182311 0.125029
vt 0.042665 0.125029
vt 0.042665 0.121174
vt 0.913231 0.423083
vt 0.913231 0.442403
vt 0.910282 0.643186
vt 0.345206 0.404938
vt 0.345206 0.400684
vt 0.345976 0.400684
vt 0.018748 0.055256
vt 0.141294 0.055256
vt 0.141294 0.056022
vt 0.345976 0.437993
vt 0.345976 0.442247
vt 0.345206 0.442247
vt 0.324901 0.197127
vt 0.324901 0.205730
vt 0.202355 0.205730
vt 0.921869 0.118755
vt 0.913223 0.118755
vt 0.911992 0.094445
vt 0.986774 0.144415
vt 0.986774 0.140560
vt 0.987543 0.140560
vt 0.940059 0.245428
vt 0.940059 0.384373
vt 0.939290 0.384373
vt 0.987588 0.862092
vt 0.987588 0.865947
vt 0.986818 0.865947
vt 0.845922 0.051669
vt 0.866071 0.051669
vt 0.866071 0.054556
vt 0.804066 0.324607
vt 0.804066 0.333210
vt 0.681520 0.333210
vt 0.821076 0.051669
vt 0.831449 0.051669
vt 0.831449 0.054556
vt 0.704951 0.257166
vt 0.704951 0.276486
vt 0.582404 0.276486
vt 0.418572 0.277638
vt 0.418572 0.258318
vt 0.541119 0.258318
vt 0.582404 0.310207
vt 0.582404 0.290887
vt 0.704951 0.290887
vt 0.292204 0.103886
vt 0.312353 0.103886
vt 0.312353 0.106773
vt 0.242885 0.245873
vt 0.242885 0.254475
vt 0.120339 0.254475
vt 0.604113 0.091888
vt 0.614487 0.091888
vt 0.614487 0.094776
vt 0.652573 0.680066
vt 0.675657 0.680066
vt 0.675657 0.924480
vt 0.794252 0.375966
vt 0.808787 0.375966
vt 0.808787 0.620380
vt 0.615015 0.680066
vt 0.638100 0.680066
vt 0.638100 0.924480
vt 0.765245 0.375966
vt 0.779779 0.375966
vt 0.779779 0.620380
vt 0.765245 0.703101
vt 0.788329 0.703101
vt 0.788329 0.947515
vt 0.881275 0.397037
vt 0.895809 0.397037
vt 0.895809 0.641451
vt 0.881275 0.090974
vt 0.895809 0.090974
vt 0.895809 0.335388
vt 0.727687 0.354926
vt 0.750772 0.354926
vt 0.750772 0.599339
vt 0.939290 0.193565
vt 0.959439 0.193565
vt 0.959439 0.196452
vt 0.944537 0.897152
vt 0.954910 0.897152
vt 0.954910 0.900039
vt 0.939290 0.176277
vt 0.959439 0.176277
vt 0.959439 0.179165
vt 0.946827 0.843153
vt 0.957201 0.843153
vt 0.957201 0.846040
vt 0.880544 0.051669
vt 0.900693 0.051669
vt 0.900693 0.054556
vt 0.944537 0.879865
vt 0.954910 0.879865
vt 0.954910 0.882752
vt 0.155767 0.053135
vt 0.175916 0.053135
vt 0.175916 0.056022
vt 0.944537 0.931727
vt 0.954910 0.931727
vt 0.954910 0.934615
vt 0.939290 0.228140
vt 0.959439 0.228140
vt 0.959439 0.231027
vt 0.944537 0.914440
vt 0.954910 0.914440
vt 0.954910 0.917327
vt 0.939290 0.210853
vt 0.959439 0.210853
vt 0.959439 0.213740
vt 0.326826 0.103886
vt 0.337200 0.103886
vt 0.337200 0.106773
vt 0.788329 0.992800
vt 0.765245 0.992800
vt 0.765245 0.947515
vt 0.895809 0.686737
vt 0.881275 0.688700
vt 0.881275 0.641451
vt 0.242885 0.310207
vt 0.120339 0.310207
vt 0.120339 0.268946
vt 0.921877 0.423083
vt 0.910282 0.398773
vt 0.750772 0.644625
vt 0.727687 0.644625
vt 0.727687 0.599339
vt 0.895809 0.382637
vt 0.881275 0.380673
vt 0.881275 0.335388
vt 0.921877 0.442403
vt 0.923107 0.398773
vt 0.500496 0.444784
vt 0.360850 0.463860
vt 0.360850 0.401389
vt 0.146883 0.442247
vt 0.007236 0.423170
vt 0.007236 0.379775
vt 0.379905 0.245873
vt 0.379905 0.265193
vt 0.257358 0.265193
vt 0.675657 0.992800
vt 0.652573 0.992800
vt 0.652573 0.924480
vt 0.808787 0.686706
vt 0.794252 0.688700
vt 0.794252 0.620380
vt 0.567931 0.205680
vt 0.567931 0.214283
vt 0.445384 0.214283
vt 0.283902 0.442247
vt 0.161356 0.442247
vt 0.161356 0.378396
vt 0.779779 0.688700
vt 0.765245 0.686706
vt 0.765245 0.620380
vt 0.638100 0.992800
vt 0.615015 0.992800
vt 0.615015 0.924480
vt 0.911992 0.343112
vt 0.910282 0.338859
vt 0.911992 0.338858
vt 0.749062 0.945550
vt 0.750772 0.945551
vt 0.749062 0.949405
vt 0.866071 0.156862
vt 0.842987 0.156862
vt 0.844697 0.155160
vt 0.910282 0.094445
vt 0.750772 0.701137
vt 0.842987 0.142400
vt 0.844697 0.142400
vt 0.910282 0.384144
vt 0.921869 0.138076
vt 0.924817 0.094445
vt 0.805738 0.047042
vt 0.805738 0.042788
vt 0.806507 0.042788
vt 0.750772 0.992800
vt 0.749062 0.992800
vt 0.923107 0.643186
vt 0.924817 0.643187
vt 0.923107 0.647440
vt 0.691840 0.603194
vt 0.690130 0.599339
vt 0.691840 0.599338
vt 0.667047 0.324607
vt 0.667047 0.339069
vt 0.665337 0.337367
vt 0.690130 0.354926
vt 0.691840 0.354926
vt 0.924817 0.398773
vt 0.643962 0.339069
vt 0.643962 0.337367
vt 0.614753 0.047042
vt 0.492207 0.047042
vt 0.492207 0.046277
vt 0.924817 0.688472
vt 0.923107 0.688700
vt 0.690130 0.646589
vt 0.345976 0.419339
vt 0.345976 0.423593
vt 0.345206 0.423593
vt 0.673947 0.599338
vt 0.675657 0.599339
vt 0.673947 0.603194
vt 0.824970 0.624633
vt 0.823260 0.620380
vt 0.824970 0.620379
vt 0.843614 0.788200
vt 0.866699 0.788200
vt 0.864989 0.789902
vt 0.823260 0.375966
vt 0.824970 0.375966
vt 0.675657 0.354926
vt 0.866699 0.802662
vt 0.864989 0.802662
vt 0.675657 0.665665
vt 0.673947 0.665665
vt 0.823260 0.688700
vt 0.985412 0.069676
vt 0.985412 0.065821
vt 0.986181 0.065821
vt 0.865092 0.620379
vt 0.866802 0.620380
vt 0.865092 0.624633
vt 0.691840 0.930328
vt 0.690130 0.926474
vt 0.691840 0.926473
vt 0.866802 0.375966
vt 0.843614 0.759338
vt 0.866699 0.759338
vt 0.866699 0.761040
vt 0.843614 0.773800
vt 0.845324 0.761040
vt 0.690130 0.682060
vt 0.691840 0.682060
vt 0.939290 0.692387
vt 0.939290 0.553442
vt 0.940059 0.553442
vt 0.866802 0.688700
vt 0.865092 0.688484
vt 0.690130 0.992800
vt 0.987543 0.158815
vt 0.987543 0.162670
vt 0.986774 0.162670
vt 0.697540 0.725470
vt 0.707514 0.725470
vt 0.713214 0.926473
vt 0.697540 0.714127
vt 0.707514 0.714127
vt 0.713214 0.682060
vt 0.658272 0.398335
vt 0.668247 0.398335
vt 0.658272 0.386993
vt 0.652573 0.599338
vt 0.668247 0.386993
vt 0.652573 0.354926
vt 0.673947 0.354926
vt 0.733387 0.744547
vt 0.743362 0.744547
vt 0.733387 0.733204
vt 0.727687 0.945550
vt 0.743362 0.733204
vt 0.727687 0.701137
vt 0.749062 0.701137
vt 0.697540 0.398335
vt 0.707514 0.398335
vt 0.713214 0.599338
vt 0.697540 0.386993
vt 0.707514 0.386993
vt 0.713214 0.354926
vt 0.827250 0.853855
vt 0.837224 0.853855
vt 0.837224 0.992800
vt 0.722050 0.205680
vt 0.722050 0.217023
vt 0.582404 0.217023
vt 0.828514 0.310207
vt 0.818539 0.310207
vt 0.818539 0.171262
vt 0.257358 0.231472
vt 0.257358 0.220130
vt 0.397004 0.220130
vt 0.802802 0.853855
vt 0.812777 0.853855
vt 0.812777 0.992800
vt 0.722050 0.231423
vt 0.722050 0.242766
vt 0.582404 0.242766
vt 0.068731 0.365375
vt 0.058756 0.365375
vt 0.058756 0.226430
vt 0.103239 0.231472
vt 0.103239 0.220130
vt 0.242885 0.220130
vt 0.855216 0.419597
vt 0.863862 0.419597
vt 0.855216 0.400276
vt 0.852267 0.620379
vt 0.863862 0.400276
vt 0.852267 0.375966
vt 0.865092 0.375966
vt 0.826200 0.419597
vt 0.834846 0.419597
vt 0.837794 0.620379
vt 0.826200 0.400276
vt 0.834846 0.400276
vt 0.837794 0.375966
vt 0.913223 0.138076
vt 0.924817 0.338858
vt 0.618417 0.114344
vt 0.336430 0.121174
vt 0.481397 0.114344
vt 0.182311 0.121174
vt 0.345976 0.404938
vt 0.018748 0.056022
vt 0.345206 0.437993
vt 0.202355 0.197127
vt 0.987543 0.144415
vt 0.939290 0.245428
vt 0.986818 0.862092
vt 0.845922 0.054556
vt 0.681520 0.324607
vt 0.821076 0.054556
vt 0.582404 0.257166
vt 0.541119 0.277638
vt 0.704951 0.310207
vt 0.292204 0.106773
vt 0.120339 0.245873
vt 0.604113 0.094776
vt 0.939290 0.196452
vt 0.944537 0.900039
vt 0.939290 0.179165
vt 0.946827 0.846040
vt 0.880544 0.054556
vt 0.944537 0.882752
vt 0.155767 0.056022
vt 0.944537 0.934615
vt 0.939290 0.231027
vt 0.944537 0.917327
vt 0.939290 0.213740
vt 0.326826 0.106773
vt 0.242885 0.268946
vt 0.500496 0.401389
vt 0.146883 0.379775
vt 0.257358 0.245873
vt 0.445384 0.205680
vt 0.283902 0.378396
vt 0.866071 0.155160
vt 0.911992 0.384373
vt 0.806507 0.047042
vt 0.665337 0.324607
vt 0.614753 0.046277
vt 0.691840 0.646589
vt 0.345206 0.419339
vt 0.843614 0.789902
vt 0.824970 0.688484
vt 0.986181 0.069676
vt 0.845324 0.773800
vt 0.940059 0.692387
vt 0.691840 0.992800
vt 0.986774 0.158815
vt 0.827250 0.992800
vt 0.582404 0.205680
vt 0.828514 0.171262
vt 0.397004 0.231472
vt 0.802802 0.992800
vt 0.582404 0.231423
vt 0.068731 0.226430
vt 0.242885 0.231472
vt 0.600542 0.992800
vt 0.360850 0.992800
vt 0.360850 0.855867
vt 0.600542 0.855867
vt 0.881723 0.771937
vt 0.881723 0.771343
vt 0.883762 0.771343
vt 0.987218 0.743684
vt 0.987378 0.743684
vt 0.987379 0.744301
vt 0.984260 0.479356
vt 0.984260 0.478522
vt 0.986995 0.478522
vt 0.811319 0.099341
vt 0.810926 0.097882
vt 0.812182 0.097882
vt 0.880813 0.072816
vt 0.880813 0.071628
vt 0.911869 0.071628
vt 0.880544 0.072941
vt 0.880544 0.071628
vt 0.986818 0.810341
vt 0.986818 0.808786
vt 0.987274 0.808786
vt 0.954892 0.651101
vt 0.954892 0.650601
vt 0.956485 0.650601
vt 0.975337 0.689265
vt 0.975146 0.688554
vt 0.975534 0.688554
vt 0.988397 0.884556
vt 0.988397 0.883814
vt 0.988850 0.883814
vt 0.966756 0.512392
vt 0.966521 0.511520
vt 0.966783 0.511520
vt 0.987468 0.443091
vt 0.987468 0.442279
vt 0.988013 0.442279
vt 0.969161 0.478311
vt 0.969317 0.477732
vt 0.969787 0.477732
vt 0.796297 0.130639
vt 0.795290 0.130060
vt 0.796453 0.130060
vt 0.881723 0.772372
vt 0.986781 0.743684
vt 0.987219 0.744301
vt 0.977354 0.648033
vt 0.977968 0.648033
vt 0.977968 0.650755
vt 0.812392 0.100409
vt 0.812407 0.098716
vt 0.880813 0.073687
vt 0.911869 0.072816
vt 0.880544 0.073903
vt 0.986818 0.811480
vt 0.987274 0.810341
vt 0.086288 0.230185
vt 0.086655 0.230185
vt 0.087470 0.231769
vt 0.975860 0.689785
vt 0.975673 0.689072
vt 0.988397 0.885099
vt 0.988850 0.884524
vt 0.967398 0.513030
vt 0.966983 0.512262
vt 0.987468 0.443686
vt 0.988013 0.443151
vt 0.968736 0.478734
vt 0.969568 0.478544
vt 0.795872 0.131063
vt 0.986446 0.103662
vt 0.987043 0.103662
vt 0.986446 0.105691
vt 0.986184 0.743684
vt 0.986782 0.744301
vt 0.976516 0.648033
vt 0.977354 0.650755
vt 0.813859 0.100800
vt 0.813020 0.099326
vt 0.918262 0.953769
vt 0.919457 0.953769
vt 0.919457 0.984669
vt 0.918262 0.953502
vt 0.919582 0.953502
vt 0.986818 0.811897
vt 0.987274 0.811480
vt 0.085785 0.230185
vt 0.086758 0.231769
vt 0.976574 0.689975
vt 0.976054 0.689450
vt 0.989116 0.411613
vt 0.989862 0.411613
vt 0.989830 0.412064
vt 0.968274 0.513264
vt 0.967528 0.512805
vt 0.988985 0.426464
vt 0.989802 0.426464
vt 0.989862 0.427007
vt 0.968154 0.478889
vt 0.968970 0.479139
vt 0.795290 0.131217
vt 0.985849 0.103662
vt 0.985586 0.743684
vt 0.986184 0.744301
vt 0.975678 0.648033
vt 0.976516 0.650755
vt 0.815325 0.100409
vt 0.813859 0.099550
vt 0.917068 0.953769
vt 0.918262 0.984669
vt 0.916942 0.953502
vt 0.987274 0.832103
vt 0.987274 0.832519
vt 0.986818 0.832519
vt 0.085283 0.230185
vt 0.085785 0.231769
vt 0.977288 0.689785
vt 0.976574 0.689589
vt 0.988371 0.411613
vt 0.989116 0.412064
vt 0.969150 0.513030
vt 0.968274 0.513003
vt 0.988169 0.426464
vt 0.988985 0.427007
vt 0.967572 0.478734
vt 0.968154 0.479356
vt 0.794708 0.131063
vt 0.985412 0.103662
vt 0.985149 0.743684
vt 0.985587 0.744301
vt 0.975064 0.648033
vt 0.975678 0.650755
vt 0.816398 0.099341
vt 0.814697 0.099326
vt 0.916193 0.953769
vt 0.917068 0.984669
vt 0.915976 0.953502
vt 0.987274 0.830964
vt 0.986818 0.832103
vt 0.084915 0.230185
vt 0.084812 0.231769
vt 0.977811 0.689265
vt 0.977094 0.689450
vt 0.987825 0.411613
vt 0.988402 0.412064
vt 0.969792 0.512392
vt 0.969019 0.512805
vt 0.987571 0.426464
vt 0.988109 0.427007
vt 0.967147 0.478311
vt 0.967338 0.479139
vt 0.794283 0.130639
vt 0.978002 0.705405
vt 0.978002 0.705999
vt 0.975963 0.705405
vt 0.362324 0.071919
vt 0.362324 0.072513
vt 0.361703 0.072513
vt 0.572590 0.031015
vt 0.572590 0.031849
vt 0.569854 0.031849
vt 0.816791 0.097882
vt 0.815310 0.098716
vt 0.581325 0.070004
vt 0.581325 0.071192
vt 0.550269 0.071192
vt 0.581594 0.070004
vt 0.581594 0.071317
vt 0.987274 0.829408
vt 0.986818 0.830964
vt 0.953485 0.770663
vt 0.953485 0.771162
vt 0.951893 0.771631
vt 0.978002 0.688554
vt 0.977474 0.689072
vt 0.990532 0.992058
vt 0.990532 0.992800
vt 0.990079 0.992769
vt 0.970027 0.511520
vt 0.969565 0.512262
vt 0.988427 0.933311
vt 0.988427 0.934123
vt 0.987882 0.934183
vt 0.966991 0.477732
vt 0.966740 0.478544
vt 0.794127 0.130060
vt 0.978002 0.704811
vt 0.362324 0.071325
vt 0.361703 0.071919
vt 0.572590 0.030181
vt 0.569854 0.031015
vt 0.816398 0.096423
vt 0.815535 0.097882
vt 0.581325 0.068815
vt 0.550269 0.070004
vt 0.581594 0.068690
vt 0.987274 0.827853
vt 0.986818 0.829408
vt 0.953485 0.770163
vt 0.951893 0.770663
vt 0.977811 0.687844
vt 0.977614 0.688554
vt 0.990532 0.991316
vt 0.990079 0.992058
vt 0.969792 0.510648
vt 0.969765 0.511520
vt 0.988427 0.932499
vt 0.987882 0.933311
vt 0.967147 0.477153
vt 0.966521 0.477732
vt 0.794283 0.129481
vt 0.978002 0.704376
vt 0.362324 0.070890
vt 0.361703 0.071325
vt 0.572590 0.029571
vt 0.569854 0.030181
vt 0.815325 0.095355
vt 0.815310 0.097048
vt 0.581325 0.067945
vt 0.550269 0.068815
vt 0.581594 0.067729
vt 0.987274 0.826714
vt 0.986818 0.827853
vt 0.956527 0.672375
vt 0.956160 0.672375
vt 0.955345 0.670790
vt 0.977288 0.687324
vt 0.977474 0.688037
vt 0.990532 0.990773
vt 0.990079 0.991348
vt 0.969150 0.510010
vt 0.969565 0.510778
vt 0.988427 0.931904
vt 0.987882 0.932439
vt 0.967572 0.476730
vt 0.966740 0.476920
vt 0.794708 0.129058
vt 0.985097 0.513264
vt 0.984500 0.513264
vt 0.985097 0.511235
vt 0.553716 0.017036
vt 0.553118 0.017036
vt 0.553119 0.016419
vt 0.720598 0.265701
vt 0.719760 0.265701
vt 0.719760 0.262979
vt 0.813859 0.094964
vt 0.814697 0.096437
vt 0.801365 0.232055
vt 0.800170 0.232055
vt 0.800170 0.201155
vt 0.801365 0.232323
vt 0.800045 0.232323
vt 0.987274 0.826297
vt 0.986818 0.826714
vt 0.957030 0.672375
vt 0.956057 0.670790
vt 0.976574 0.687133
vt 0.977094 0.687658
vt 0.988570 0.397213
vt 0.987825 0.397213
vt 0.987856 0.396762
vt 0.968274 0.509776
vt 0.969019 0.510235
vt 0.588440 0.017203
vt 0.587624 0.017203
vt 0.587564 0.016661
vt 0.968154 0.476575
vt 0.967338 0.476325
vt 0.795290 0.128903
vt 0.985694 0.513264
vt 0.554313 0.017036
vt 0.553716 0.016419
vt 0.721436 0.265701
vt 0.720598 0.262979
vt 0.812392 0.095355
vt 0.813859 0.096214
vt 0.802559 0.232055
vt 0.801365 0.201155
vt 0.802685 0.232323
vt 0.991643 0.975220
vt 0.990079 0.975220
vt 0.990079 0.974766
vt 0.957532 0.672375
vt 0.957030 0.670790
vt 0.975860 0.687324
vt 0.976574 0.687520
vt 0.989316 0.397213
vt 0.988570 0.396762
vt 0.967398 0.510010
vt 0.968274 0.510036
vt 0.589257 0.017203
vt 0.588440 0.016661
vt 0.968736 0.476730
vt 0.968154 0.476108
vt 0.795872 0.129058
vt 0.986131 0.513264
vt 0.554750 0.017036
vt 0.554314 0.016419
vt 0.722050 0.265701
vt 0.721436 0.262979
vt 0.811319 0.096423
vt 0.813020 0.096437
vt 0.803434 0.232055
vt 0.802559 0.201155
vt 0.803651 0.232323
vt 0.986818 0.807230
vt 0.986818 0.806091
vt 0.987274 0.806091
vt 0.957900 0.672375
vt 0.958002 0.670790
vt 0.975337 0.687844
vt 0.976054 0.687658
vt 0.989862 0.397213
vt 0.989285 0.396762
vt 0.966756 0.510648
vt 0.967528 0.510235
vt 0.589854 0.017203
vt 0.589317 0.016661
vt 0.969161 0.477153
vt 0.968970 0.476325
vt 0.796297 0.129481
vt 0.881723 0.770749
vt 0.554910 0.017036
vt 0.554751 0.016419
vt 0.984260 0.477688
vt 0.986995 0.477688
vt 0.812407 0.097048
vt 0.880813 0.070439
vt 0.911869 0.070439
vt 0.880544 0.070314
vt 0.987274 0.807230
vt 0.954892 0.650101
vt 0.956485 0.649633
vt 0.975673 0.688037
vt 0.988397 0.883072
vt 0.988850 0.883103
vt 0.966983 0.510778
vt 0.987468 0.441467
vt 0.988013 0.441407
vt 0.969568 0.476920
vt 0.986995 0.479356
vt 0.987196 0.478522
vt 0.977850 0.650954
vt 0.977286 0.650954
vt 0.976515 0.650954
vt 0.975064 0.650755
vt 0.975744 0.650954
vt 0.569654 0.031782
vt 0.569654 0.031015
vt 0.569854 0.029571
vt 0.569654 0.030248
vt 0.719826 0.262780
vt 0.720597 0.262780
vt 0.722050 0.262979
vt 0.721368 0.262780
vt 0.987196 0.477755
vt 0.768542 0.031262
vt 0.768335 0.030495
vt 0.768682 0.030495
vt 0.769106 0.031823
vt 0.768842 0.031089
vt 0.769877 0.032029
vt 0.769280 0.031524
vt 0.770648 0.031823
vt 0.769877 0.031683
vt 0.771212 0.031262
vt 0.770474 0.031524
vt 0.771419 0.030495
vt 0.770912 0.031089
vt 0.771212 0.029728
vt 0.771072 0.030495
vt 0.770648 0.029166
vt 0.770912 0.029900
vt 0.769877 0.028961
vt 0.770474 0.029465
vt 0.769106 0.029166
vt 0.769877 0.029306
vt 0.768542 0.029728
vt 0.769280 0.029465
vt 0.768842 0.029900
vt 0.919640 0.073170
vt 0.919640 0.071628
vt 0.920041 0.071628
vt 0.919030 0.073011
vt 0.919030 0.071628
vt 0.919640 0.074299
vt 0.920041 0.073087
vt 0.919653 0.991795
vt 0.920671 0.991795
vt 0.920947 0.992401
vt 0.918262 0.992401
vt 0.919813 0.992401
vt 0.919729 0.992800
vt 0.918262 0.991795
vt 0.916712 0.992401
vt 0.918262 0.992800
vt 0.916872 0.991795
vt 0.542498 0.071546
vt 0.542498 0.072675
vt 0.542097 0.072530
vt 0.915854 0.991795
vt 0.542498 0.070004
vt 0.542097 0.071462
vt 0.543108 0.070004
vt 0.543108 0.071387
vt 0.542498 0.068461
vt 0.542097 0.070004
vt 0.543108 0.068620
vt 0.799815 0.193423
vt 0.798680 0.193423
vt 0.798825 0.193025
vt 0.543108 0.067607
vt 0.801365 0.193423
vt 0.799899 0.193025
vt 0.801365 0.194030
vt 0.799974 0.194030
vt 0.802915 0.193423
vt 0.801365 0.193025
vt 0.802755 0.194030
vt 0.804050 0.193423
vt 0.802831 0.193025
vt 0.919030 0.070244
vt 0.919030 0.069232
vt 0.919640 0.068956
vt 0.919640 0.070085
vt 0.920041 0.070169
vt 0.917788 0.072836
vt 0.917788 0.071628
vt 0.919477 0.990558
vt 0.920365 0.990558
vt 0.918262 0.990558
vt 0.917048 0.990558
vt 0.916159 0.990558
vt 0.544350 0.070004
vt 0.544350 0.071212
vt 0.544350 0.068795
vt 0.544350 0.067911
vt 0.801365 0.195266
vt 0.800151 0.195266
vt 0.802579 0.195266
vt 0.803468 0.195266
vt 0.917788 0.070420
vt 0.911869 0.073687
vt 0.916193 0.984669
vt 0.550269 0.067945
vt 0.803434 0.201155
vt 0.954532 0.651118
vt 0.954532 0.650601
vt 0.954532 0.651497
vt 0.085785 0.229827
vt 0.086305 0.229827
vt 0.085265 0.229827
vt 0.084885 0.229827
vt 0.953845 0.770663
vt 0.953845 0.771180
vt 0.953845 0.770145
vt 0.953845 0.769767
vt 0.957030 0.672733
vt 0.956510 0.672733
vt 0.957550 0.672733
vt 0.957930 0.672733
vt 0.954532 0.650084
vt 0.958496 0.650601
vt 0.958496 0.652084
vt 0.957578 0.652036
vt 0.956485 0.651569
vt 0.957578 0.650601
vt 0.088367 0.233770
vt 0.087276 0.233770
vt 0.087227 0.232857
vt 0.088282 0.232857
vt 0.085785 0.233770
vt 0.085785 0.232857
vt 0.084295 0.233770
vt 0.084343 0.232857
vt 0.083204 0.233770
vt 0.083288 0.232857
vt 0.084100 0.231769
vt 0.949882 0.772146
vt 0.949882 0.770663
vt 0.950800 0.770663
vt 0.950800 0.772097
vt 0.949882 0.769180
vt 0.950800 0.769228
vt 0.951893 0.769695
vt 0.949882 0.768094
vt 0.950800 0.768178
vt 0.954532 0.669703
vt 0.955539 0.668789
vt 0.957030 0.668789
vt 0.957030 0.669703
vt 0.955588 0.669703
vt 0.958520 0.668789
vt 0.958471 0.669703
vt 0.958496 0.648033
vt 0.958496 0.649118
vt 0.957578 0.649167
vt 0.958715 0.670790
vt 0.959245 0.650601
vt 0.959245 0.651790
vt 0.087854 0.234516
vt 0.086980 0.234516
vt 0.085785 0.234516
vt 0.084591 0.234516
vt 0.949133 0.772721
vt 0.949133 0.771851
vt 0.949133 0.770663
vt 0.949133 0.769474
vt 0.949133 0.768604
vt 0.955835 0.668044
vt 0.957030 0.668044
vt 0.958224 0.668044
vt 0.959245 0.648542
vt 0.959245 0.649413
vt 0.959683 0.651921
vt 0.959683 0.650601
vt 0.960005 0.650601
vt 0.959683 0.652887
vt 0.960005 0.651790
vt 0.085785 0.234951
vt 0.087112 0.234951
vt 0.086980 0.235272
vt 0.084459 0.234951
vt 0.085785 0.235272
vt 0.083487 0.234951
vt 0.084591 0.235272
vt 0.948695 0.770663
vt 0.948695 0.771983
vt 0.948373 0.771851
vt 0.948695 0.769343
vt 0.948373 0.770663
vt 0.948695 0.768376
vt 0.948373 0.769474
vt 0.957030 0.667608
vt 0.955703 0.667608
vt 0.955835 0.667288
vt 0.958356 0.667608
vt 0.957030 0.667288
vt 0.959328 0.667608
vt 0.958224 0.667288
vt 0.959683 0.649281
vt 0.960005 0.649413
vt 0.987100 0.761329
vt 0.987100 0.760015
vt 0.987379 0.760015
vt 0.986308 0.847200
vt 0.987274 0.847200
vt 0.987057 0.847478
vt 0.984988 0.847200
vt 0.986182 0.847478
vt 0.983667 0.847200
vt 0.984988 0.847478
vt 0.982701 0.847200
vt 0.983793 0.847478
vt 0.987097 0.778004
vt 0.987097 0.779317
vt 0.986818 0.779193
vt 0.987097 0.776691
vt 0.986818 0.778004
vt 0.987097 0.775729
vt 0.986818 0.776815
vt 0.985467 0.560645
vt 0.984147 0.560645
vt 0.984273 0.560368
vt 0.986787 0.560645
vt 0.985467 0.560368
vt 0.987754 0.560645
vt 0.986662 0.560368
vt 0.987100 0.758702
vt 0.987379 0.758827
vt 0.593797 0.671721
vt 0.593378 0.670166
vt 0.594115 0.670166
vt 0.400631 0.262082
vt 0.400212 0.263637
vt 0.399574 0.263270
vt 0.594941 0.672860
vt 0.594435 0.671354
vt 0.399068 0.264776
vt 0.398699 0.264141
vt 0.596505 0.673277
vt 0.595310 0.672225
vt 0.397504 0.265193
vt 0.397504 0.264459
vt 0.598068 0.672860
vt 0.596505 0.672543
vt 0.395941 0.264776
vt 0.396310 0.264141
vt 0.599212 0.671721
vt 0.597699 0.672225
vt 0.394797 0.263637
vt 0.395435 0.263270
vt 0.599631 0.670166
vt 0.598574 0.671354
vt 0.394378 0.262082
vt 0.395115 0.262082
vt 0.599212 0.668610
vt 0.598894 0.670166
vt 0.394797 0.260526
vt 0.395435 0.260893
vt 0.598068 0.667472
vt 0.598574 0.668977
vt 0.395941 0.259388
vt 0.396310 0.260023
vt 0.596505 0.667055
vt 0.597699 0.668107
vt 0.397504 0.258971
vt 0.397504 0.259705
vt 0.594941 0.667472
vt 0.596505 0.667789
vt 0.399068 0.259388
vt 0.398699 0.260023
vt 0.593797 0.668610
vt 0.595310 0.668107
vt 0.400212 0.260526
vt 0.399574 0.260893
vt 0.594435 0.668977
vt 0.399894 0.262082
vt 0.088083 0.234951
vt 0.083716 0.234516
vt 0.959099 0.668044
vt 0.959242 0.690949
vt 0.959562 0.689760
vt 0.959813 0.689760
vt 0.958367 0.691819
vt 0.959459 0.691074
vt 0.987379 0.776815
vt 0.987379 0.778004
vt 0.957173 0.692137
vt 0.958493 0.692035
vt 0.955978 0.691819
vt 0.957173 0.692387
vt 0.984988 0.846920
vt 0.986182 0.846920
vt 0.955104 0.690949
vt 0.955853 0.692035
vt 0.954783 0.689760
vt 0.954886 0.691074
vt 0.955104 0.688572
vt 0.954532 0.689760
vt 0.982919 0.846920
vt 0.983793 0.846920
vt 0.955978 0.687701
vt 0.954886 0.688447
vt 0.957173 0.687383
vt 0.955853 0.687485
vt 0.958367 0.687701
vt 0.957173 0.687133
vt 0.959242 0.688572
vt 0.958493 0.687485
vt 0.959459 0.688447
vt 0.986818 0.761204
vt 0.986818 0.760015
vt 0.987057 0.846920
vt 0.987379 0.779193
vt 0.987379 0.775945
vt 0.985467 0.560926
vt 0.984273 0.560926
vt 0.986662 0.560926
vt 0.987536 0.560926
vt 0.986818 0.758827
vt 0.988850 0.885045
vt 0.988013 0.443789
vt 0.987274 0.811897
vt 0.985150 0.744301
vt 0.987879 0.412064
vt 0.987468 0.427007
vt 0.361703 0.070890
vt 0.990079 0.990827
vt 0.987882 0.931801
vt 0.986818 0.826297
vt 0.991643 0.974766
vt 0.989807 0.396762
vt 0.589958 0.016661
vt 0.554911 0.016419
vt 0.987196 0.479290
vt 0.975180 0.650954
vt 0.569654 0.029686
vt 0.721933 0.262780
vt 0.920041 0.074155
vt 0.916796 0.992800
vt 0.915577 0.992401
vt 0.542097 0.068545
vt 0.542498 0.067332
vt 0.803904 0.193025
vt 0.803773 0.194030
vt 0.917788 0.073720
vt 0.954892 0.651467
vt 0.953485 0.769797
vt 0.957578 0.648116
vt 0.959527 0.669703
vt 0.949882 0.773231
vt 0.960005 0.652660
vt 0.083716 0.235272
vt 0.948373 0.768604
vt 0.959099 0.667288
vt 0.987379 0.761204
vt 0.982919 0.847478
vt 0.986818 0.775945
vt 0.987536 0.560368
vt 0.241155 0.162171
vt 0.241155 0.162719
vt 0.213538 0.162719
vt 0.213374 0.162171
vt 0.213374 0.162719
vt 0.202355 0.162719
vt 0.213538 0.162171
vt 0.241347 0.162171
vt 0.241347 0.162719
vt 0.333883 0.162171
vt 0.333883 0.162719
vt 0.306303 0.162719
vt 0.345103 0.162171
vt 0.345103 0.162719
vt 0.334084 0.162719
vt 0.306055 0.162171
vt 0.306055 0.162719
vt 0.306303 0.162171
vt 0.334084 0.162171
vt 0.751485 0.016207
vt 0.752036 0.016131
vt 0.752072 0.016314
vt 0.164917 0.038349
vt 0.175916 0.038349
vt 0.175916 0.038734
vt 0.821076 0.037085
vt 0.832094 0.037085
vt 0.832094 0.037268
vt 0.164753 0.038349
vt 0.164917 0.038734
vt 0.832259 0.037085
vt 0.832259 0.037268
vt 0.136993 0.038349
vt 0.137185 0.038349
vt 0.137185 0.038734
vt 0.859875 0.037085
vt 0.860067 0.037085
vt 0.860067 0.037268
vt 0.044621 0.038349
vt 0.072151 0.038349
vt 0.072151 0.038734
vt 0.925024 0.037085
vt 0.952603 0.037085
vt 0.952603 0.037268
vt 0.033420 0.038349
vt 0.044420 0.038349
vt 0.044420 0.038734
vt 0.982536 0.493757
vt 0.983087 0.493833
vt 0.983056 0.494234
vt 0.952805 0.037085
vt 0.963824 0.037085
vt 0.963824 0.037268
vt 0.164753 0.038734
vt 0.859875 0.037268
vt 0.072400 0.038349
vt 0.136993 0.038734
vt 0.924775 0.037085
vt 0.924775 0.037268
vt 0.072400 0.038734
vt 0.925024 0.037268
vt 0.044621 0.038734
vt 0.952805 0.037268
vt 0.207803 0.143344
vt 0.196784 0.143344
vt 0.196784 0.139429
vt 0.202355 0.158223
vt 0.213374 0.158223
vt 0.747581 0.017149
vt 0.747518 0.016764
vt 0.207968 0.143344
vt 0.207803 0.139429
vt 0.213538 0.158223
vt 0.235776 0.143344
vt 0.235584 0.143344
vt 0.235584 0.139429
vt 0.241155 0.158223
vt 0.241347 0.158223
vt 0.328312 0.143344
vt 0.300733 0.143344
vt 0.300733 0.139429
vt 0.306303 0.158223
vt 0.333883 0.158223
vt 0.339532 0.143344
vt 0.328514 0.143344
vt 0.328514 0.139429
vt 0.987054 0.494391
vt 0.986991 0.494776
vt 0.334084 0.158223
vt 0.345103 0.158223
vt 0.207968 0.139429
vt 0.300484 0.143344
vt 0.235776 0.139429
vt 0.306055 0.158223
vt 0.300484 0.139429
vt 0.328312 0.139429
vt 0.207910 0.143484
vt 0.196910 0.143484
vt 0.202481 0.158083
vt 0.213480 0.158083
vt 0.747440 0.017169
vt 0.747377 0.016784
vt 0.208074 0.143484
vt 0.213645 0.158083
vt 0.235833 0.143484
vt 0.235641 0.143484
vt 0.241212 0.158083
vt 0.241404 0.158083
vt 0.328206 0.143484
vt 0.300675 0.143484
vt 0.306246 0.158083
vt 0.333776 0.158083
vt 0.339406 0.143484
vt 0.328407 0.143484
vt 0.987196 0.494410
vt 0.987132 0.494795
vt 0.333977 0.158083
vt 0.344977 0.158083
vt 0.300427 0.143484
vt 0.305997 0.158083
vt 0.202355 0.162171
vt 0.751516 0.016608
vt 0.821076 0.037268
vt 0.033420 0.038734
vt 0.982500 0.493940
vt 0.339532 0.139429
vt 0.861226 0.177276
vt 0.861793 0.180476
vt 0.852390 0.180476
vt 0.017515 0.108103
vt 0.014147 0.108103
vt 0.014147 0.106876
vt 0.017363 0.110919
vt 0.014147 0.110919
vt 0.860722 0.216321
vt 0.861257 0.213303
vt 0.861793 0.213303
vt 0.868897 0.955352
vt 0.860564 0.952334
vt 0.869431 0.952334
vt 0.859593 0.174462
vt 0.020476 0.108103
vt 0.017363 0.106876
vt 0.020191 0.110919
vt 0.859182 0.218974
vt 0.861226 0.216503
vt 0.867357 0.958005
vt 0.857091 0.172373
vt 0.845606 0.303615
vt 0.842987 0.303615
vt 0.843325 0.302388
vt 0.845827 0.306431
vt 0.843325 0.306431
vt 0.856823 0.220944
vt 0.859593 0.219317
vt 0.864998 0.959975
vt 0.854023 0.171262
vt 0.848819 0.303615
vt 0.845827 0.302388
vt 0.848896 0.306431
vt 0.853930 0.221992
vt 0.857091 0.221406
vt 0.862104 0.961023
vt 0.850757 0.171262
vt 0.852238 0.303615
vt 0.848896 0.302388
vt 0.852161 0.306431
vt 0.850850 0.221992
vt 0.854023 0.222517
vt 0.859025 0.961023
vt 0.847688 0.172373
vt 0.855451 0.303615
vt 0.852161 0.302388
vt 0.855230 0.306431
vt 0.847956 0.220944
vt 0.850757 0.222517
vt 0.856131 0.959975
vt 0.845187 0.174462
vt 0.858070 0.303615
vt 0.855230 0.302388
vt 0.857732 0.306431
vt 0.845597 0.218974
vt 0.847688 0.221406
vt 0.853772 0.958005
vt 0.843554 0.177276
vt 0.942251 0.159061
vt 0.939290 0.159061
vt 0.939574 0.157834
vt 0.942402 0.161877
vt 0.939574 0.161877
vt 0.844058 0.216321
vt 0.845187 0.219317
vt 0.852232 0.955352
vt 0.842987 0.180476
vt 0.945618 0.159061
vt 0.942402 0.157834
vt 0.945618 0.161877
vt 0.843523 0.213303
vt 0.843554 0.216503
vt 0.851697 0.952334
vt 0.843554 0.183676
vt 0.948985 0.159061
vt 0.945618 0.157834
vt 0.948834 0.161877
vt 0.844058 0.210286
vt 0.842987 0.213303
vt 0.852232 0.949317
vt 0.845187 0.186489
vt 0.951946 0.159061
vt 0.948834 0.157834
vt 0.951662 0.161877
vt 0.845597 0.207632
vt 0.843554 0.210103
vt 0.853772 0.946663
vt 0.847688 0.188578
vt 0.692749 0.662216
vt 0.690130 0.662216
vt 0.690468 0.660989
vt 0.692970 0.665031
vt 0.690468 0.665031
vt 0.847956 0.205663
vt 0.845187 0.207290
vt 0.856131 0.944694
vt 0.850757 0.189689
vt 0.695962 0.662216
vt 0.692970 0.660989
vt 0.696039 0.665031
vt 0.850850 0.204615
vt 0.847688 0.205201
vt 0.859025 0.943646
vt 0.854023 0.189689
vt 0.699381 0.662216
vt 0.696039 0.660989
vt 0.699304 0.665031
vt 0.853930 0.204615
vt 0.850757 0.204090
vt 0.862104 0.943646
vt 0.857091 0.188578
vt 0.702594 0.662216
vt 0.699304 0.660989
vt 0.702373 0.665031
vt 0.856823 0.205663
vt 0.854023 0.204090
vt 0.864998 0.944694
vt 0.859593 0.186489
vt 0.705213 0.662216
vt 0.702373 0.660989
vt 0.704875 0.665031
vt 0.859182 0.207632
vt 0.857091 0.205201
vt 0.867357 0.946663
vt 0.861226 0.183676
vt 0.010780 0.108103
vt 0.007819 0.108103
vt 0.008103 0.106876
vt 0.010931 0.110919
vt 0.008103 0.110919
vt 0.860722 0.210286
vt 0.859593 0.207290
vt 0.868897 0.949317
vt 0.010931 0.106876
vt 0.861226 0.210103
vt 0.020191 0.106876
vt 0.857732 0.302388
vt 0.951662 0.157834
vt 0.704875 0.660989
vt 0.579496 0.150306
vt 0.580063 0.153506
vt 0.570660 0.153506
vt 0.801089 0.175809
vt 0.797722 0.175809
vt 0.797722 0.174582
vt 0.800938 0.178624
vt 0.797722 0.178624
vt 0.860722 0.249148
vt 0.861257 0.246131
vt 0.861793 0.246131
vt 0.868897 0.987129
vt 0.860564 0.984111
vt 0.869431 0.984111
vt 0.577863 0.147492
vt 0.804050 0.175809
vt 0.800938 0.174582
vt 0.803766 0.178624
vt 0.859182 0.251802
vt 0.861226 0.249331
vt 0.867357 0.989782
vt 0.575361 0.145403
vt 0.789066 0.062670
vt 0.786447 0.062670
vt 0.786786 0.061443
vt 0.789287 0.065485
vt 0.786786 0.065485
vt 0.856823 0.253771
vt 0.859593 0.252145
vt 0.864998 0.991752
vt 0.572293 0.144292
vt 0.792279 0.062670
vt 0.789287 0.061443
vt 0.792356 0.065485
vt 0.853930 0.254819
vt 0.857091 0.254233
vt 0.862104 0.992800
vt 0.569027 0.144292
vt 0.795698 0.062670
vt 0.792356 0.061443
vt 0.795622 0.065485
vt 0.850850 0.254819
vt 0.854023 0.255345
vt 0.859025 0.992800
vt 0.565958 0.145403
vt 0.798911 0.062670
vt 0.795622 0.061443
vt 0.798690 0.065485
vt 0.847956 0.253771
vt 0.850757 0.255345
vt 0.856131 0.991752
vt 0.563457 0.147492
vt 0.801530 0.062670
vt 0.798690 0.061443
vt 0.801192 0.065485
vt 0.845597 0.251802
vt 0.847688 0.254233
vt 0.853772 0.989782
vt 0.561824 0.150306
vt 0.942251 0.140618
vt 0.939290 0.140618
vt 0.939574 0.139391
vt 0.942402 0.143434
vt 0.939574 0.143434
vt 0.844058 0.249148
vt 0.845187 0.252145
vt 0.852232 0.987129
vt 0.561257 0.153506
vt 0.945618 0.140618
vt 0.942402 0.139391
vt 0.945618 0.143434
vt 0.843523 0.246131
vt 0.843554 0.249331
vt 0.851697 0.984111
vt 0.561824 0.156705
vt 0.948985 0.140618
vt 0.945618 0.139391
vt 0.948834 0.143434
vt 0.844058 0.243113
vt 0.842987 0.246131
vt 0.852232 0.981094
vt 0.563457 0.159519
vt 0.951946 0.140618
vt 0.948834 0.139391
vt 0.951662 0.143434
vt 0.845597 0.240460
vt 0.843554 0.242931
vt 0.853772 0.978440
vt 0.565958 0.161608
vt 0.085823 0.250899
vt 0.083204 0.250899
vt 0.083542 0.249672
vt 0.086044 0.253715
vt 0.083542 0.253715
vt 0.847956 0.238490
vt 0.845187 0.240117
vt 0.856131 0.976471
vt 0.569027 0.162719
vt 0.089036 0.250899
vt 0.086044 0.249672
vt 0.089113 0.253715
vt 0.850850 0.237442
vt 0.847688 0.238029
vt 0.859025 0.975423
vt 0.572293 0.162719
vt 0.092455 0.250899
vt 0.089113 0.249672
vt 0.092378 0.253715
vt 0.853930 0.237442
vt 0.850757 0.236917
vt 0.862104 0.975423
vt 0.575361 0.161608
vt 0.095668 0.250899
vt 0.092378 0.249672
vt 0.095447 0.253715
vt 0.856823 0.238490
vt 0.854023 0.236917
vt 0.864998 0.976471
vt 0.577863 0.159519
vt 0.098287 0.250899
vt 0.095447 0.249672
vt 0.097949 0.253715
vt 0.859182 0.240460
vt 0.857091 0.238029
vt 0.867357 0.978440
vt 0.579496 0.156705
vt 0.794355 0.175809
vt 0.791394 0.175809
vt 0.791678 0.174582
vt 0.794506 0.178624
vt 0.791678 0.178624
vt 0.860722 0.243113
vt 0.859593 0.240117
vt 0.868897 0.981094
vt 0.794506 0.174582
vt 0.861226 0.242931
vt 0.803766 0.174582
vt 0.801192 0.061443
vt 0.951662 0.139391
vt 0.097949 0.249672
vt 0.535091 0.412096
vt 0.535716 0.415626
vt 0.525343 0.415626
vt 0.895131 0.979221
vt 0.891232 0.979221
vt 0.891232 0.977994
vt 0.894998 0.990950
vt 0.891232 0.990950
vt 0.891232 0.988980
vt 0.894423 0.992800
vt 0.891232 0.992800
vt 0.800098 0.258528
vt 0.800509 0.256212
vt 0.803033 0.256212
vt 0.515672 0.031849
vt 0.513081 0.031849
vt 0.513081 0.031244
vt 0.928744 0.894883
vt 0.929146 0.892617
vt 0.930064 0.892617
vt 0.861671 0.829352
vt 0.852923 0.826184
vt 0.862232 0.826184
vt 0.533289 0.408991
vt 0.898559 0.979221
vt 0.894780 0.977994
vt 0.898310 0.990950
vt 0.895131 0.988980
vt 0.800850 0.262180
vt 0.802471 0.259387
vt 0.804050 0.259959
vt 0.798916 0.260565
vt 0.517950 0.031849
vt 0.515827 0.031244
vt 0.927588 0.896875
vt 0.929607 0.895195
vt 0.860054 0.832137
vt 0.530529 0.406687
vt 0.901104 0.979221
vt 0.897900 0.977994
vt 0.885744 0.865661
vt 0.882815 0.865661
vt 0.882518 0.863691
vt 0.798368 0.264253
vt 0.802138 0.263255
vt 0.797105 0.262077
vt 0.856701 0.022685
vt 0.854685 0.022685
vt 0.854338 0.022080
vt 0.925817 0.898353
vt 0.928291 0.897462
vt 0.857578 0.834205
vt 0.527144 0.405461
vt 0.889271 0.853932
vt 0.885551 0.853932
vt 0.886064 0.852705
vt 0.889338 0.865661
vt 0.885551 0.863691
vt 0.889630 0.867511
vt 0.886585 0.867511
vt 0.794884 0.262882
vt 0.859173 0.022685
vt 0.856474 0.022080
vt 0.923645 0.899140
vt 0.926276 0.899144
vt 0.854540 0.835305
vt 0.523541 0.405461
vt 0.893230 0.853932
vt 0.889449 0.852705
vt 0.893163 0.865661
vt 0.889271 0.863691
vt 0.892871 0.867511
vt 0.792520 0.262882
vt 0.795322 0.265355
vt 0.861804 0.022685
vt 0.859094 0.022080
vt 0.921333 0.899140
vt 0.923804 0.900039
vt 0.851307 0.835305
vt 0.520156 0.406687
vt 0.896950 0.853932
vt 0.893052 0.852705
vt 0.896757 0.865661
vt 0.893230 0.863691
vt 0.895916 0.867511
vt 0.790299 0.262077
vt 0.792082 0.265355
vt 0.864276 0.022685
vt 0.861882 0.022080
vt 0.919160 0.898353
vt 0.921173 0.900039
vt 0.848269 0.834205
vt 0.517396 0.408991
vt 0.899983 0.853932
vt 0.896437 0.852705
vt 0.899686 0.865661
vt 0.896950 0.863691
vt 0.786554 0.262180
vt 0.789036 0.264253
vt 0.788196 0.265701
vt 0.788488 0.260565
vt 0.866291 0.022685
vt 0.864503 0.022080
vt 0.917389 0.896875
vt 0.918701 0.899144
vt 0.845792 0.832137
vt 0.515594 0.412096
vt 0.887333 0.950015
vt 0.883904 0.950015
vt 0.884564 0.948788
vt 0.887465 0.961744
vt 0.884153 0.961744
vt 0.883904 0.959774
vt 0.784933 0.259387
vt 0.785266 0.263255
vt 0.787306 0.258528
vt 0.631796 0.017203
vt 0.629518 0.017203
vt 0.629226 0.016599
vt 0.916233 0.894883
vt 0.916686 0.897462
vt 0.844176 0.829352
vt 0.514969 0.415626
vt 0.891232 0.950015
vt 0.887684 0.948788
vt 0.891232 0.961744
vt 0.887333 0.959774
vt 0.891232 0.963594
vt 0.888040 0.963594
vt 0.786895 0.256212
vt 0.634387 0.017203
vt 0.631641 0.016599
vt 0.915832 0.892617
vt 0.915371 0.895195
vt 0.843614 0.826184
vt 0.515594 0.419156
vt 0.895131 0.950015
vt 0.891232 0.948788
vt 0.894998 0.961744
vt 0.891232 0.959774
vt 0.894423 0.963594
vt 0.787306 0.253896
vt 0.784371 0.256212
vt 0.636978 0.017203
vt 0.634387 0.016599
vt 0.916233 0.890352
vt 0.914914 0.892617
vt 0.844176 0.823016
vt 0.517396 0.422261
vt 0.898559 0.950015
vt 0.894780 0.948788
vt 0.898310 0.961744
vt 0.895131 0.959774
vt 0.786554 0.250244
vt 0.784933 0.253036
vt 0.783354 0.252465
vt 0.788488 0.251859
vt 0.639256 0.017203
vt 0.637133 0.016599
vt 0.917389 0.888360
vt 0.915371 0.890039
vt 0.845792 0.820230
vt 0.520156 0.424565
vt 0.901104 0.950015
vt 0.897900 0.948788
vt 0.884398 0.830018
vt 0.881468 0.830018
vt 0.881172 0.828048
vt 0.789036 0.248171
vt 0.785266 0.249169
vt 0.790299 0.250347
vt 0.139204 0.022243
vt 0.137189 0.022243
vt 0.136841 0.021638
vt 0.919160 0.886881
vt 0.916686 0.887773
vt 0.848269 0.818162
vt 0.523541 0.425791
vt 0.887925 0.818289
vt 0.884204 0.818289
vt 0.884717 0.817062
vt 0.887992 0.830018
vt 0.884204 0.828048
vt 0.888284 0.831868
vt 0.885239 0.831868
vt 0.792520 0.249542
vt 0.141676 0.022243
vt 0.138977 0.021638
vt 0.921333 0.886094
vt 0.918701 0.886090
vt 0.851307 0.817062
vt 0.527144 0.425791
vt 0.891884 0.818289
vt 0.888103 0.817062
vt 0.891816 0.830018
vt 0.887925 0.828048
vt 0.891525 0.831868
vt 0.794884 0.249542
vt 0.792082 0.247069
vt 0.144307 0.022243
vt 0.141597 0.021638
vt 0.923645 0.886094
vt 0.921173 0.885195
vt 0.854540 0.817062
vt 0.530529 0.424565
vt 0.895604 0.818289
vt 0.891706 0.817062
vt 0.895410 0.830018
vt 0.891884 0.828048
vt 0.894570 0.831868
vt 0.797105 0.250347
vt 0.795322 0.247069
vt 0.146779 0.022243
vt 0.144386 0.021638
vt 0.925817 0.886881
vt 0.923804 0.885195
vt 0.857578 0.818162
vt 0.533289 0.422261
vt 0.898637 0.818289
vt 0.895091 0.817062
vt 0.898340 0.830018
vt 0.895604 0.828048
vt 0.800850 0.250244
vt 0.798368 0.248171
vt 0.799208 0.246723
vt 0.798916 0.251859
vt 0.148794 0.022243
vt 0.147006 0.021638
vt 0.927588 0.888360
vt 0.926276 0.886090
vt 0.860054 0.820230
vt 0.535091 0.419156
vt 0.887333 0.979221
vt 0.883904 0.979221
vt 0.884564 0.977994
vt 0.887465 0.990950
vt 0.884153 0.990950
vt 0.883904 0.988980
vt 0.802471 0.253036
vt 0.802138 0.249169
vt 0.800098 0.253896
vt 0.510490 0.031849
vt 0.508212 0.031849
vt 0.507920 0.031244
vt 0.928744 0.890352
vt 0.928291 0.887773
vt 0.861671 0.823016
vt 0.887684 0.977994
vt 0.887333 0.988980
vt 0.888040 0.992800
vt 0.510335 0.031244
vt 0.929607 0.890039
vt 0.947042 0.745170
vt 0.947397 0.743164
vt 0.948160 0.743164
vt 0.946018 0.746934
vt 0.947758 0.745429
vt 0.944450 0.748243
vt 0.946602 0.747422
vt 0.942526 0.748940
vt 0.944831 0.748900
vt 0.940479 0.748940
vt 0.942658 0.749687
vt 0.938555 0.748243
vt 0.940346 0.749687
vt 0.936987 0.746934
vt 0.938174 0.748900
vt 0.935963 0.745170
vt 0.936403 0.747422
vt 0.935608 0.743164
vt 0.935247 0.745429
vt 0.935963 0.741158
vt 0.934845 0.743164
vt 0.936987 0.739394
vt 0.935247 0.740899
vt 0.938555 0.738085
vt 0.936403 0.738906
vt 0.940479 0.737388
vt 0.938174 0.737428
vt 0.942526 0.737388
vt 0.940346 0.736641
vt 0.944450 0.738085
vt 0.942658 0.736641
vt 0.946018 0.739394
vt 0.944831 0.737428
vt 0.947042 0.741158
vt 0.946602 0.738906
vt 0.947758 0.740899
vt 0.946272 0.744891
vt 0.946578 0.743164
vt 0.945391 0.746410
vt 0.944040 0.747538
vt 0.942384 0.748137
vt 0.940621 0.748137
vt 0.938965 0.747538
vt 0.937614 0.746410
vt 0.936733 0.744891
vt 0.936427 0.743164
vt 0.936733 0.741437
vt 0.937614 0.739918
vt 0.938965 0.738791
vt 0.940621 0.738191
vt 0.942384 0.738191
vt 0.944040 0.738791
vt 0.945391 0.739918
vt 0.946272 0.741437
vt 0.867996 0.918153
vt 0.868502 0.921012
vt 0.864681 0.921012
vt 0.866537 0.915638
vt 0.864404 0.919453
vt 0.864301 0.913772
vt 0.863609 0.918082
vt 0.861559 0.912779
vt 0.862390 0.917065
vt 0.858641 0.912779
vt 0.860895 0.916523
vt 0.855899 0.913772
vt 0.859304 0.916523
vt 0.853663 0.915638
vt 0.857809 0.917065
vt 0.852204 0.918153
vt 0.856591 0.918082
vt 0.851697 0.921012
vt 0.855795 0.919453
vt 0.852204 0.923871
vt 0.855519 0.921012
vt 0.853663 0.926386
vt 0.855795 0.922571
vt 0.855899 0.928252
vt 0.856591 0.923942
vt 0.858641 0.929245
vt 0.857809 0.924959
vt 0.861559 0.929245
vt 0.859304 0.925501
vt 0.864301 0.928252
vt 0.860895 0.925501
vt 0.866537 0.926386
vt 0.862390 0.924959
vt 0.867996 0.923871
vt 0.863609 0.923942
vt 0.864404 0.922571
vt 0.942275 0.477015
vt 0.945669 0.477015
vt 0.945669 0.485231
vt 0.939290 0.477015
vt 0.942275 0.485231
vt 0.951854 0.425459
vt 0.954495 0.425459
vt 0.954495 0.433675
vt 0.948616 0.425459
vt 0.951854 0.433675
vt 0.945169 0.425459
vt 0.948616 0.433675
vt 0.941930 0.425459
vt 0.945169 0.433675
vt 0.939290 0.425459
vt 0.941930 0.433675
vt 0.949063 0.528571
vt 0.952048 0.528571
vt 0.952048 0.536788
vt 0.945669 0.528571
vt 0.949063 0.536788
vt 0.942275 0.528571
vt 0.945669 0.536788
vt 0.939290 0.528571
vt 0.942275 0.536788
vt 0.947985 0.956551
vt 0.950625 0.956551
vt 0.950625 0.964768
vt 0.944746 0.956551
vt 0.947985 0.964768
vt 0.941299 0.956551
vt 0.944746 0.964768
vt 0.938061 0.956551
vt 0.941299 0.964768
vt 0.935420 0.956551
vt 0.938061 0.964768
vt 0.949063 0.477015
vt 0.952048 0.477015
vt 0.952048 0.485231
vt 0.949063 0.485231
vt 0.942485 0.476108
vt 0.945669 0.476108
vt 0.939685 0.476108
vt 0.951547 0.424551
vt 0.954023 0.424551
vt 0.948509 0.424551
vt 0.945276 0.424551
vt 0.942238 0.424551
vt 0.939761 0.424551
vt 0.948853 0.527664
vt 0.951653 0.527664
vt 0.945669 0.527664
vt 0.942485 0.527664
vt 0.939685 0.527664
vt 0.947677 0.955644
vt 0.950154 0.955644
vt 0.944639 0.955644
vt 0.941406 0.955644
vt 0.938368 0.955644
vt 0.935892 0.955644
vt 0.948853 0.476108
vt 0.951653 0.476108
vt 0.898559 0.988980
vt 0.882518 0.853932
vt 0.899983 0.863691
vt 0.898559 0.959774
vt 0.881172 0.818289
vt 0.898637 0.828048
vt 0.982686 0.022026
vt 0.985014 0.022026
vt 0.985021 0.022685
vt 0.826644 0.120477
vt 0.827128 0.123209
vt 0.825927 0.123209
vt 0.987061 0.022026
vt 0.987074 0.022685
vt 0.825250 0.118074
vt 0.825516 0.120885
vt 0.062055 0.021638
vt 0.063866 0.021638
vt 0.063855 0.022297
vt 0.823114 0.116291
vt 0.824330 0.118842
vt 0.066087 0.021638
vt 0.066084 0.022297
vt 0.820494 0.115342
vt 0.822514 0.117325
vt 0.068451 0.021638
vt 0.068455 0.022297
vt 0.817705 0.115342
vt 0.820285 0.116518
vt 0.070673 0.021638
vt 0.070683 0.022297
vt 0.815085 0.116291
vt 0.817914 0.116518
vt 0.072484 0.021638
vt 0.072500 0.022297
vt 0.812949 0.118074
vt 0.815686 0.117325
vt 0.013072 0.020069
vt 0.015119 0.020069
vt 0.015112 0.020727
vt 0.811555 0.120477
vt 0.813869 0.118842
vt 0.017447 0.020069
vt 0.017447 0.020727
vt 0.811071 0.123209
vt 0.812683 0.120885
vt 0.019775 0.020069
vt 0.019783 0.020727
vt 0.811555 0.125941
vt 0.812272 0.123209
vt 0.021823 0.020069
vt 0.021836 0.020727
vt 0.812949 0.128344
vt 0.812683 0.125532
vt 0.111923 0.021638
vt 0.113734 0.021638
vt 0.113723 0.022297
vt 0.815085 0.130127
vt 0.813869 0.127576
vt 0.115955 0.021638
vt 0.115952 0.022297
vt 0.817705 0.131076
vt 0.815686 0.129092
vt 0.118319 0.021638
vt 0.118323 0.022297
vt 0.820494 0.131076
vt 0.817914 0.129899
vt 0.120541 0.021638
vt 0.120551 0.022297
vt 0.823114 0.130127
vt 0.820285 0.129899
vt 0.122352 0.021638
vt 0.122368 0.022297
vt 0.825250 0.128344
vt 0.822514 0.129092
vt 0.978310 0.022026
vt 0.980357 0.022026
vt 0.980350 0.022685
vt 0.826644 0.125941
vt 0.824330 0.127576
vt 0.982686 0.022685
vt 0.825516 0.125532
vt 0.973148 0.992800
vt 0.970352 0.992800
vt 0.970352 0.990983
vt 0.975606 0.992800
vt 0.973148 0.990983
vt 0.964807 0.722241
vt 0.962633 0.722241
vt 0.962633 0.720424
vt 0.967475 0.722241
vt 0.964807 0.720424
vt 0.970313 0.722241
vt 0.967475 0.720424
vt 0.972981 0.722241
vt 0.970313 0.720424
vt 0.975156 0.722241
vt 0.972981 0.720424
vt 0.967557 0.960366
vt 0.965098 0.960366
vt 0.965099 0.958549
vt 0.970352 0.960366
vt 0.967557 0.958549
vt 0.973148 0.960366
vt 0.970352 0.958549
vt 0.975606 0.960366
vt 0.973148 0.958549
vt 0.956735 0.249560
vt 0.954560 0.249560
vt 0.954561 0.247744
vt 0.959402 0.249560
vt 0.956735 0.247744
vt 0.962241 0.249560
vt 0.959402 0.247744
vt 0.964909 0.249560
vt 0.962241 0.247744
vt 0.967083 0.249560
vt 0.964908 0.247744
vt 0.967557 0.992800
vt 0.965098 0.992800
vt 0.965099 0.990983
vt 0.967557 0.990983
vt 0.945796 0.744719
vt 0.946072 0.743164
vt 0.439763 0.036754
vt 0.441329 0.036754
vt 0.441329 0.040361
vt 0.945003 0.746086
vt 0.438385 0.036754
vt 0.439766 0.040361
vt 0.943787 0.747101
vt 0.952627 0.806139
vt 0.953845 0.806139
vt 0.953837 0.809746
vt 0.942296 0.747641
vt 0.951132 0.806139
vt 0.952621 0.809746
vt 0.949543 0.809746
vt 0.951130 0.809746
vt 0.951218 0.810246
vt 0.949541 0.806139
vt 0.939218 0.747101
vt 0.940709 0.747641
vt 0.948046 0.806139
vt 0.938002 0.746086
vt 0.946827 0.806139
vt 0.948052 0.809746
vt 0.937209 0.744719
vt 0.969561 0.102084
vt 0.970939 0.102084
vt 0.970931 0.105691
vt 0.936933 0.743164
vt 0.967994 0.102084
vt 0.969557 0.105691
vt 0.937209 0.741609
vt 0.966428 0.102084
vt 0.967994 0.105691
vt 0.938002 0.740242
vt 0.965050 0.102084
vt 0.966431 0.105691
vt 0.939218 0.739227
vt 0.952627 0.824646
vt 0.953845 0.824646
vt 0.953837 0.828253
vt 0.940709 0.738687
vt 0.951132 0.824646
vt 0.952621 0.828253
vt 0.949543 0.828253
vt 0.951130 0.828253
vt 0.951218 0.828753
vt 0.949541 0.824646
vt 0.943787 0.739227
vt 0.942296 0.738687
vt 0.948046 0.824646
vt 0.945003 0.740242
vt 0.946827 0.824646
vt 0.948052 0.828253
vt 0.945796 0.741609
vt 0.442896 0.036754
vt 0.444274 0.036754
vt 0.444266 0.040361
vt 0.442892 0.040361
vt 0.945669 0.487485
vt 0.939290 0.485231
vt 0.942795 0.487485
vt 0.953329 0.435929
vt 0.951094 0.435929
vt 0.948351 0.435929
vt 0.945433 0.435929
vt 0.939290 0.433675
vt 0.942691 0.435929
vt 0.951070 0.539042
vt 0.948543 0.539042
vt 0.945669 0.539042
vt 0.939290 0.536788
vt 0.942795 0.539042
vt 0.949460 0.967022
vt 0.947224 0.967022
vt 0.944482 0.967022
vt 0.941564 0.967022
vt 0.935420 0.964768
vt 0.938821 0.967022
vt 0.951070 0.487485
vt 0.948543 0.487485
vt 0.826780 0.120427
vt 0.827273 0.123209
vt 0.618417 0.141007
vt 0.617924 0.143789
vt 0.617788 0.143739
vt 0.825361 0.117981
vt 0.616504 0.146235
vt 0.616394 0.146142
vt 0.823186 0.116166
vt 0.614330 0.148050
vt 0.614258 0.147926
vt 0.820519 0.115200
vt 0.611662 0.149016
vt 0.611637 0.148875
vt 0.817680 0.115200
vt 0.608824 0.149016
vt 0.608849 0.148875
vt 0.815013 0.116166
vt 0.606156 0.148050
vt 0.606228 0.147926
vt 0.812838 0.117981
vt 0.603981 0.146235
vt 0.604092 0.146142
vt 0.811419 0.120427
vt 0.602562 0.143789
vt 0.602698 0.143739
vt 0.810926 0.123209
vt 0.602069 0.141007
vt 0.602214 0.141007
vt 0.811419 0.125990
vt 0.602562 0.138226
vt 0.602698 0.138275
vt 0.812838 0.128436
vt 0.603981 0.135780
vt 0.604092 0.135872
vt 0.815013 0.130252
vt 0.606156 0.133964
vt 0.606228 0.134089
vt 0.817680 0.131217
vt 0.608824 0.132998
vt 0.608849 0.133140
vt 0.820519 0.131217
vt 0.611662 0.132998
vt 0.611637 0.133140
vt 0.823186 0.130252
vt 0.614330 0.133964
vt 0.614258 0.134089
vt 0.825361 0.128436
vt 0.616504 0.135780
vt 0.616394 0.135872
vt 0.826780 0.125990
vt 0.617924 0.138226
vt 0.617788 0.138275
vt 0.618272 0.141007
vt 0.518242 0.031244
vt 0.900216 0.977994
vt 0.799208 0.265701
vt 0.899197 0.852705
vt 0.866639 0.022080
vt 0.783354 0.259959
vt 0.639548 0.016599
vt 0.900216 0.948788
vt 0.788196 0.246723
vt 0.897851 0.817062
vt 0.149142 0.021638
vt 0.804050 0.252465
vt 0.062039 0.022297
vt 0.013058 0.020727
vt 0.111907 0.022297
vt 0.978297 0.022685
vt 0.975606 0.990983
vt 0.975155 0.720424
vt 0.975606 0.958549
vt 0.967083 0.247744
vt 0.438392 0.040361
vt 0.949455 0.810246
vt 0.946836 0.809746
vt 0.965057 0.105691
vt 0.949455 0.828753
vt 0.946836 0.828253
vt 0.940268 0.487485
vt 0.940456 0.435929
vt 0.940268 0.539042
vt 0.936586 0.967022
vt 0.472106 0.054245
vt 0.460819 0.054245
vt 0.460819 0.052119
vt 0.047287 0.141556
vt 0.045134 0.141556
vt 0.045134 0.139429
vt 0.970939 0.068146
vt 0.965057 0.068146
vt 0.965057 0.066615
vt 0.088766 0.182314
vt 0.007819 0.182314
vt 0.007819 0.180783
vt 0.496754 0.141939
vt 0.494601 0.141939
vt 0.494601 0.140408
vt 0.566879 0.275512
vt 0.555592 0.275512
vt 0.555592 0.273385
vt 0.472106 0.056372
vt 0.460819 0.056372
vt 0.047287 0.143087
vt 0.045134 0.143682
vt 0.970939 0.069676
vt 0.965057 0.069676
vt 0.088766 0.183845
vt 0.007819 0.183845
vt 0.496754 0.144065
vt 0.494601 0.143470
vt 0.566879 0.277638
vt 0.555592 0.277638
vt 0.775638 0.153580
vt 0.638460 0.153580
vt 0.638460 0.151453
vt 0.775638 0.155707
vt 0.638460 0.155707
vt 0.950577 0.104211
vt 0.939290 0.104211
vt 0.939290 0.102084
vt 0.361729 0.141939
vt 0.359576 0.141939
vt 0.359576 0.139812
vt 0.277731 0.105242
vt 0.196784 0.105242
vt 0.196784 0.103711
vt 0.972301 0.158815
vt 0.972301 0.160346
vt 0.966419 0.160346
vt 0.182311 0.141556
vt 0.180158 0.141556
vt 0.180158 0.140025
vt 0.950577 0.122864
vt 0.939290 0.122864
vt 0.939290 0.120738
vt 0.950577 0.106337
vt 0.939290 0.106337
vt 0.361729 0.143470
vt 0.359576 0.144065
vt 0.277731 0.106773
vt 0.196784 0.106773
vt 0.972301 0.161877
vt 0.966419 0.161877
vt 0.182311 0.143682
vt 0.180158 0.143087
vt 0.950577 0.124991
vt 0.939290 0.124991
vt 0.496754 0.160592
vt 0.359576 0.160592
vt 0.359576 0.158466
vt 0.496754 0.162719
vt 0.359576 0.162719
vt 0.044283 0.365375
vt 0.032996 0.365375
vt 0.032996 0.228886
vt 0.829141 0.835305
vt 0.823260 0.835305
vt 0.823260 0.703101
vt 0.635489 0.505997
vt 0.554542 0.505997
vt 0.554542 0.373793
vt 0.565949 0.841467
vt 0.554662 0.841467
vt 0.554662 0.704978
vt 0.013707 0.358013
vt 0.012053 0.358013
vt 0.012053 0.236248
vt 0.047287 0.140025
vt 0.182311 0.139429
vt 0.808683 0.839455
vt 0.802802 0.839455
vt 0.802802 0.707250
vt 0.635489 0.652602
vt 0.554542 0.652602
vt 0.554542 0.520398
vt 0.496754 0.139812
vt 0.361729 0.140408
vt 0.586893 0.834105
vt 0.585239 0.834105
vt 0.585239 0.712340
vt 0.014248 0.233140
vt 0.011511 0.233140
vt 0.007236 0.228886
vt 0.014248 0.361121
vt 0.018523 0.228886
vt 0.011511 0.361121
vt 0.018523 0.365375
vt 0.007236 0.365375
vt 0.587434 0.709231
vt 0.584697 0.709231
vt 0.580422 0.704978
vt 0.587434 0.837213
vt 0.591709 0.704978
vt 0.584697 0.837213
vt 0.591709 0.841467
vt 0.580422 0.841467
vt 0.013707 0.236248
vt 0.586893 0.712340
vt 0.472106 0.052119
vt 0.970939 0.066615
vt 0.088766 0.180783
vt 0.566879 0.273385
vt 0.775638 0.151453
vt 0.950577 0.102084
vt 0.277731 0.103711
vt 0.966419 0.158815
vt 0.950577 0.120738
vt 0.496754 0.158466
vt 0.044283 0.228886
vt 0.829141 0.703101
vt 0.635489 0.373793
vt 0.565949 0.704978
vt 0.808683 0.707250
vt 0.635489 0.520398
vt 0.346377 0.717523
vt 0.007236 0.717523
vt 0.007236 0.456647
vt 0.346377 0.456647
vt 0.146447 0.853553
vt 0.000000 0.500000
vt 0.500000 0.500000
vt 0.125000 0.142857
vt 0.000000 0.142857
vt 0.125000 0.285714
vt 0.000000 0.285714
vt 0.125000 0.428571
vt 0.000000 0.428571
vt 0.125000 0.571429
vt 0.000000 0.571429
vt 0.125000 0.714286
vt 0.000000 0.714286
vt 0.125000 0.857143
vt 0.000000 0.857143
vt 0.125000 1.000000
vt 0.500000 1.000000
vt 0.250000 0.142857
vt 0.125000 0.000000
vt 0.250000 0.285714
vt 0.250000 0.428571
vt 0.250000 0.571429
vt 0.250000 0.714286
vt 0.250000 0.857143
vt 0.250000 1.000000
vt 0.853553 0.853553
vt 0.375000 0.142857
vt 0.250000 0.000000
vt 0.375000 0.285714
vt 0.375000 0.428571
vt 0.375000 0.571429
vt 0.375000 0.714286
vt 0.375000 0.857143
vt 0.375000 1.000000
vt 1.000000 0.500000
vt 0.500000 0.142857
vt 0.375000 0.000000
vt 0.500000 0.285714
vt 0.500000 0.428571
vt 0.500000 0.571429
vt 0.500000 0.714286
vt 0.500000 0.857143
vt 0.853553 0.146447
vt 0.625000 0.142857
vt 0.500000 0.000000
vt 0.625000 0.285714
vt 0.625000 0.428571
vt 0.625000 0.571429
vt 0.625000 0.714286
vt 0.625000 0.857143
vt 0.625000 1.000000
vt 0.750000 0.142857
vt 0.625000 0.000000
vt 0.750000 0.285714
vt 0.750000 0.428571
vt 0.750000 0.571429
vt 0.750000 0.714286
vt 0.750000 0.857143
vt 0.750000 1.000000
vt 0.146447 0.146447
vt 0.875000 0.142857
vt 0.750000 0.000000
vt 0.875000 0.285714
vt 0.875000 0.428571
vt 0.875000 0.571429
vt 0.875000 0.714286
vt 0.875000 0.857143
vt 0.875000 1.000000
vt 1.000000 0.142857
vt 0.875000 0.000000
vt 1.000000 0.285714
vt 1.000000 0.428571
vt 1.000000 0.571429
vt 1.000000 0.714286
vt 1.000000 0.857143
vt 0.846647 0.829973
vt 0.978442 0.511790
vt 0.511790 0.978442
vt 0.829973 0.846647
vt 0.170027 0.846647
vt 0.488210 0.978442
vt 0.021558 0.511790
vt 0.153353 0.829973
vt 0.153353 0.170027
vt 0.021558 0.488210
vt 0.488210 0.021558
vt 0.170027 0.153353
vt 0.829973 0.153353
vt 0.511790 0.021558
vt 0.978442 0.488210
vt 0.846647 0.170027
vt 0.103326 0.274750
vt 0.103951 0.278280
vt 0.093578 0.278280
vt 0.894467 0.886461
vt 0.890568 0.886461
vt 0.890568 0.885234
vt 0.894335 0.898189
vt 0.890568 0.898189
vt 0.890568 0.896220
vt 0.893760 0.900039
vt 0.890568 0.900039
vt 0.744431 0.679564
vt 0.744842 0.677248
vt 0.747367 0.677248
vt 0.490877 0.031849
vt 0.488286 0.031849
vt 0.488286 0.031244
vt 0.928744 0.924128
vt 0.929146 0.921862
vt 0.930064 0.921862
vt 0.861043 0.282034
vt 0.852296 0.278866
vt 0.861605 0.278866
vt 0.101524 0.271645
vt 0.897896 0.886461
vt 0.894116 0.885234
vt 0.897647 0.898189
vt 0.894467 0.896220
vt 0.745183 0.683216
vt 0.746804 0.680423
vt 0.748383 0.680995
vt 0.743250 0.681601
vt 0.493155 0.031849
vt 0.491032 0.031244
vt 0.927588 0.926120
vt 0.929607 0.924440
vt 0.859427 0.284820
vt 0.098764 0.269341
vt 0.900441 0.886461
vt 0.897237 0.885234
vt 0.886202 0.927395
vt 0.883272 0.927395
vt 0.882976 0.925426
vt 0.742701 0.685288
vt 0.746471 0.684291
vt 0.741439 0.683113
vt 0.829926 0.022685
vt 0.827911 0.022685
vt 0.827563 0.022080
vt 0.925817 0.927598
vt 0.928291 0.926707
vt 0.856950 0.286888
vt 0.095379 0.268115
vt 0.889729 0.915667
vt 0.886008 0.915667
vt 0.886521 0.914440
vt 0.889796 0.927395
vt 0.886008 0.925426
vt 0.890088 0.929245
vt 0.887042 0.929245
vt 0.739217 0.683917
vt 0.832399 0.022685
vt 0.829699 0.022080
vt 0.923645 0.928385
vt 0.926276 0.928389
vt 0.853912 0.287988
vt 0.091776 0.268115
vt 0.893688 0.915667
vt 0.889907 0.914440
vt 0.893620 0.927395
vt 0.889729 0.925426
vt 0.893329 0.929245
vt 0.736853 0.683917
vt 0.739656 0.686391
vt 0.835029 0.022685
vt 0.832320 0.022080
vt 0.921333 0.928385
vt 0.923804 0.929284
vt 0.850679 0.287988
vt 0.088391 0.269341
vt 0.897408 0.915667
vt 0.893510 0.914440
vt 0.897214 0.927395
vt 0.893688 0.925426
vt 0.896374 0.929245
vt 0.734632 0.683113
vt 0.736415 0.686391
vt 0.837501 0.022685
vt 0.835108 0.022080
vt 0.919160 0.927598
vt 0.921173 0.929284
vt 0.847641 0.286888
vt 0.085631 0.271645
vt 0.900441 0.915667
vt 0.896895 0.914440
vt 0.900144 0.927395
vt 0.897408 0.925426
vt 0.730887 0.683216
vt 0.733369 0.685288
vt 0.732529 0.686737
vt 0.732821 0.681601
vt 0.839517 0.022685
vt 0.837728 0.022080
vt 0.917389 0.926120
vt 0.918701 0.928389
vt 0.845165 0.284820
vt 0.083829 0.274750
vt 0.901664 0.737868
vt 0.898235 0.737868
vt 0.898894 0.736641
vt 0.901796 0.749596
vt 0.898484 0.749596
vt 0.898235 0.747627
vt 0.729267 0.680423
vt 0.729599 0.684291
vt 0.731639 0.679564
vt 0.607001 0.017203
vt 0.604723 0.017203
vt 0.604431 0.016599
vt 0.916233 0.924128
vt 0.916686 0.926707
vt 0.843548 0.282034
vt 0.083204 0.278280
vt 0.905562 0.737868
vt 0.902014 0.736641
vt 0.905562 0.749596
vt 0.901664 0.747627
vt 0.905562 0.751447
vt 0.902371 0.751447
vt 0.731228 0.677248
vt 0.609592 0.017203
vt 0.606846 0.016599
vt 0.915832 0.921862
vt 0.915371 0.924440
vt 0.842987 0.278866
vt 0.083829 0.281810
vt 0.909461 0.737868
vt 0.905562 0.736641
vt 0.909329 0.749596
vt 0.905562 0.747627
vt 0.908754 0.751447
vt 0.731639 0.674931
vt 0.728704 0.677248
vt 0.612183 0.017203
vt 0.609592 0.016599
vt 0.916233 0.919597
vt 0.914914 0.921862
vt 0.843548 0.275698
vt 0.085631 0.284915
vt 0.912890 0.737868
vt 0.909110 0.736641
vt 0.912641 0.749596
vt 0.909461 0.747627
vt 0.730887 0.671280
vt 0.729267 0.674072
vt 0.727687 0.673500
vt 0.732821 0.672894
vt 0.614461 0.017203
vt 0.612338 0.016599
vt 0.917389 0.917604
vt 0.915371 0.919284
vt 0.845165 0.272913
vt 0.088391 0.287219
vt 0.915435 0.737868
vt 0.912231 0.736641
vt 0.884398 0.800812
vt 0.881468 0.800812
vt 0.881172 0.798842
vt 0.733369 0.669207
vt 0.729599 0.670205
vt 0.734632 0.671382
vt 0.165978 0.022243
vt 0.163963 0.022243
vt 0.163615 0.021638
vt 0.919160 0.916126
vt 0.916686 0.917018
vt 0.847641 0.270845
vt 0.091776 0.288445
vt 0.887925 0.789083
vt 0.884204 0.789083
vt 0.884717 0.787856
vt 0.887992 0.800812
vt 0.884204 0.798842
vt 0.888284 0.802662
vt 0.885239 0.802662
vt 0.736853 0.670578
vt 0.168450 0.022243
vt 0.165751 0.021638
vt 0.921333 0.915339
vt 0.918701 0.915335
vt 0.850679 0.269745
vt 0.095379 0.288445
vt 0.891884 0.789083
vt 0.888103 0.787856
vt 0.891816 0.800812
vt 0.887925 0.798842
vt 0.891525 0.802662
vt 0.739217 0.670578
vt 0.736415 0.668104
vt 0.171081 0.022243
vt 0.168371 0.021638
vt 0.923645 0.915339
vt 0.921173 0.914440
vt 0.853912 0.269745
vt 0.098764 0.287219
vt 0.895604 0.789083
vt 0.891706 0.787856
vt 0.895410 0.800812
vt 0.891884 0.798842
vt 0.894570 0.802662
vt 0.741439 0.671382
vt 0.739656 0.668104
vt 0.173553 0.022243
vt 0.171160 0.021638
vt 0.925817 0.916126
vt 0.923804 0.914440
vt 0.856950 0.270845
vt 0.101524 0.284915
vt 0.898637 0.789083
vt 0.895091 0.787856
vt 0.898340 0.800812
vt 0.895604 0.798842
vt 0.745183 0.671280
vt 0.742701 0.669207
vt 0.743541 0.667759
vt 0.743250 0.672894
vt 0.175568 0.022243
vt 0.173780 0.021638
vt 0.927588 0.917604
vt 0.926276 0.915335
vt 0.859427 0.272913
vt 0.103326 0.281810
vt 0.886670 0.886461
vt 0.883241 0.886461
vt 0.883900 0.885234
vt 0.886802 0.898189
vt 0.883490 0.898189
vt 0.883241 0.896220
vt 0.746804 0.674072
vt 0.746471 0.670205
vt 0.744431 0.674931
vt 0.485695 0.031849
vt 0.483417 0.031849
vt 0.483125 0.031244
vt 0.928744 0.919597
vt 0.928291 0.917018
vt 0.861043 0.275698
vt 0.887020 0.885234
vt 0.886670 0.896220
vt 0.887377 0.900039
vt 0.485540 0.031244
vt 0.929607 0.919284
vt 0.946710 0.069782
vt 0.947066 0.067776
vt 0.947828 0.067776
vt 0.945686 0.071546
vt 0.947426 0.070042
vt 0.944118 0.072856
vt 0.946270 0.072034
vt 0.942194 0.073552
vt 0.944499 0.073513
vt 0.940147 0.073552
vt 0.942327 0.074299
vt 0.938223 0.072856
vt 0.940015 0.074299
vt 0.936655 0.071546
vt 0.937842 0.073513
vt 0.935632 0.069782
vt 0.936071 0.072034
vt 0.935276 0.067776
vt 0.934915 0.070042
vt 0.935632 0.065770
vt 0.934514 0.067776
vt 0.936655 0.064006
vt 0.934915 0.065511
vt 0.938223 0.062697
vt 0.936071 0.063519
vt 0.940147 0.062000
vt 0.937842 0.062040
vt 0.942194 0.062000
vt 0.940015 0.061253
vt 0.944118 0.062697
vt 0.942327 0.061253
vt 0.945686 0.064006
vt 0.944499 0.062040
vt 0.946710 0.065770
vt 0.946270 0.063519
vt 0.947426 0.065511
vt 0.945940 0.069504
vt 0.946246 0.067776
vt 0.945059 0.071023
vt 0.943709 0.072150
vt 0.942052 0.072750
vt 0.940289 0.072750
vt 0.938633 0.072150
vt 0.937283 0.071023
vt 0.936401 0.069504
vt 0.936095 0.067776
vt 0.936401 0.066049
vt 0.937283 0.064530
vt 0.938633 0.063403
vt 0.940289 0.062803
vt 0.942052 0.062803
vt 0.943709 0.063403
vt 0.945059 0.064530
vt 0.945940 0.066049
vt 0.867996 0.887285
vt 0.868502 0.890145
vt 0.864681 0.890145
vt 0.866537 0.884771
vt 0.864404 0.888586
vt 0.864301 0.882904
vt 0.863609 0.887215
vt 0.861559 0.881911
vt 0.862390 0.886198
vt 0.858641 0.881911
vt 0.860895 0.885656
vt 0.855899 0.882904
vt 0.859304 0.885656
vt 0.853663 0.884771
vt 0.857809 0.886198
vt 0.852204 0.887285
vt 0.856591 0.887215
vt 0.851697 0.890145
vt 0.855795 0.888586
vt 0.852204 0.893004
vt 0.855519 0.890145
vt 0.853663 0.895519
vt 0.855795 0.891704
vt 0.855899 0.897385
vt 0.856591 0.893075
vt 0.858641 0.898378
vt 0.857809 0.894092
vt 0.861559 0.898378
vt 0.859304 0.894633
vt 0.864301 0.897385
vt 0.860895 0.894633
vt 0.866537 0.895519
vt 0.862390 0.894092
vt 0.867996 0.893004
vt 0.863609 0.893075
vt 0.864404 0.891704
vt 0.942275 0.502793
vt 0.945669 0.502793
vt 0.945669 0.511010
vt 0.939290 0.502793
vt 0.942275 0.511010
vt 0.951854 0.399680
vt 0.954495 0.399680
vt 0.954495 0.407897
vt 0.948616 0.399680
vt 0.951854 0.407897
vt 0.945169 0.399680
vt 0.948616 0.407897
vt 0.941930 0.399680
vt 0.945169 0.407897
vt 0.939290 0.399680
vt 0.941930 0.407897
vt 0.949063 0.451237
vt 0.952048 0.451237
vt 0.952048 0.459453
vt 0.945669 0.451237
vt 0.949063 0.459453
vt 0.942275 0.451237
vt 0.945669 0.459453
vt 0.939290 0.451237
vt 0.942275 0.459453
vt 0.947985 0.982329
vt 0.950625 0.982329
vt 0.950625 0.990546
vt 0.944746 0.982329
vt 0.947985 0.990546
vt 0.941299 0.982329
vt 0.944746 0.990546
vt 0.938061 0.982329
vt 0.941299 0.990546
vt 0.935420 0.982329
vt 0.938061 0.990546
vt 0.949063 0.502793
vt 0.952048 0.502793
vt 0.952048 0.511010
vt 0.949063 0.511010
vt 0.942485 0.501886
vt 0.945669 0.501886
vt 0.939685 0.501886
vt 0.951547 0.398773
vt 0.954023 0.398773
vt 0.948509 0.398773
vt 0.945276 0.398773
vt 0.942238 0.398773
vt 0.939761 0.398773
vt 0.948853 0.450329
vt 0.951653 0.450329
vt 0.945669 0.450329
vt 0.942485 0.450329
vt 0.939685 0.450329
vt 0.947677 0.981422
vt 0.950154 0.981422
vt 0.944639 0.981422
vt 0.941406 0.981422
vt 0.938368 0.981422
vt 0.935892 0.981422
vt 0.948853 0.501886
vt 0.951653 0.501886
vt 0.897896 0.896220
vt 0.882976 0.915667
vt 0.900441 0.925426
vt 0.912890 0.747627
vt 0.881172 0.789083
vt 0.898637 0.798842
vt 0.658410 0.016545
vt 0.660738 0.016545
vt 0.660745 0.017203
vt 0.865442 0.117259
vt 0.865926 0.119991
vt 0.864726 0.119991
vt 0.662785 0.016545
vt 0.662799 0.017203
vt 0.864048 0.114856
vt 0.864314 0.117668
vt 0.037121 0.021638
vt 0.038932 0.021638
vt 0.038922 0.022297
vt 0.861912 0.113073
vt 0.863128 0.115624
vt 0.041153 0.021638
vt 0.041150 0.022297
vt 0.859292 0.112124
vt 0.861312 0.114108
vt 0.043517 0.021638
vt 0.043521 0.022297
vt 0.856504 0.112124
vt 0.859083 0.113301
vt 0.045739 0.021638
vt 0.045749 0.022297
vt 0.853883 0.113073
vt 0.856712 0.113301
vt 0.047550 0.021638
vt 0.047566 0.022297
vt 0.851747 0.114856
vt 0.854484 0.114108
vt 0.459888 0.031244
vt 0.461935 0.031244
vt 0.461928 0.031903
vt 0.850353 0.117259
vt 0.852667 0.115624
vt 0.464263 0.031244
vt 0.464263 0.031903
vt 0.849869 0.119991
vt 0.851482 0.117668
vt 0.466591 0.031244
vt 0.466598 0.031903
vt 0.850353 0.122723
vt 0.851070 0.119991
vt 0.468638 0.031244
vt 0.468652 0.031903
vt 0.851747 0.125126
vt 0.851482 0.122315
vt 0.086989 0.021638
vt 0.088800 0.021638
vt 0.088789 0.022297
vt 0.853883 0.126909
vt 0.852667 0.124358
vt 0.091021 0.021638
vt 0.091018 0.022297
vt 0.856504 0.127858
vt 0.854484 0.125875
vt 0.093385 0.021638
vt 0.093389 0.022297
vt 0.859292 0.127858
vt 0.856712 0.126681
vt 0.095607 0.021638
vt 0.095617 0.022297
vt 0.861912 0.126909
vt 0.859083 0.126681
vt 0.097418 0.021638
vt 0.097434 0.022297
vt 0.864048 0.125126
vt 0.861312 0.125875
vt 0.654035 0.016545
vt 0.656082 0.016545
vt 0.656075 0.017203
vt 0.865442 0.122723
vt 0.863128 0.124358
vt 0.658410 0.017203
vt 0.864314 0.122315
vt 0.563641 0.258984
vt 0.560846 0.258984
vt 0.560846 0.257168
vt 0.566100 0.258984
vt 0.563641 0.257168
vt 0.967224 0.124991
vt 0.965050 0.124991
vt 0.965050 0.123175
vt 0.969892 0.124991
vt 0.967225 0.123175
vt 0.972731 0.124991
vt 0.969892 0.123175
vt 0.975398 0.124991
vt 0.972731 0.123175
vt 0.977573 0.124991
vt 0.975398 0.123175
vt 0.967557 0.976583
vt 0.965098 0.976583
vt 0.965099 0.974766
vt 0.970352 0.976583
vt 0.967557 0.974766
vt 0.973148 0.976583
vt 0.970352 0.974766
vt 0.975606 0.976583
vt 0.973148 0.974766
vt 0.956708 0.556387
vt 0.954533 0.556387
vt 0.954534 0.554571
vt 0.959376 0.556387
vt 0.956708 0.554571
vt 0.962214 0.556387
vt 0.959376 0.554571
vt 0.964882 0.556387
vt 0.962214 0.554571
vt 0.967056 0.556387
vt 0.964882 0.554571
vt 0.558050 0.258984
vt 0.555592 0.258984
vt 0.555592 0.257168
vt 0.558050 0.257168
vt 0.945465 0.069331
vt 0.945740 0.067776
vt 0.014436 0.035127
vt 0.016003 0.035127
vt 0.016003 0.038734
vt 0.944671 0.070699
vt 0.013058 0.035127
vt 0.014440 0.038734
vt 0.943456 0.071714
vt 0.952627 0.787631
vt 0.953845 0.787631
vt 0.953837 0.791238
vt 0.941964 0.072254
vt 0.951132 0.787631
vt 0.952621 0.791238
vt 0.949543 0.791238
vt 0.951130 0.791238
vt 0.951218 0.791738
vt 0.949541 0.787631
vt 0.938886 0.071714
vt 0.940377 0.072254
vt 0.948046 0.787631
vt 0.937670 0.070699
vt 0.946827 0.787631
vt 0.948052 0.791238
vt 0.936877 0.069331
vt 0.969561 0.084077
vt 0.970939 0.084077
vt 0.970931 0.087684
vt 0.936601 0.067776
vt 0.967994 0.084077
vt 0.969557 0.087684
vt 0.936877 0.066221
vt 0.966428 0.084077
vt 0.967994 0.087684
vt 0.937670 0.064854
vt 0.965050 0.084077
vt 0.966431 0.087684
vt 0.938886 0.063839
vt 0.952627 0.860441
vt 0.953845 0.860441
vt 0.953837 0.864048
vt 0.940377 0.063299
vt 0.951132 0.860441
vt 0.952621 0.864048
vt 0.949543 0.864048
vt 0.951130 0.864048
vt 0.951218 0.864548
vt 0.949541 0.860441
vt 0.943456 0.063839
vt 0.941964 0.063299
vt 0.948046 0.860441
vt 0.944671 0.064854
vt 0.946827 0.860441
vt 0.948052 0.864048
vt 0.945465 0.066221
vt 0.017570 0.035127
vt 0.018947 0.035127
vt 0.018940 0.038734
vt 0.017566 0.038734
vt 0.945669 0.513264
vt 0.939290 0.511010
vt 0.942795 0.513264
vt 0.953329 0.410151
vt 0.951094 0.410151
vt 0.948351 0.410151
vt 0.945433 0.410151
vt 0.939290 0.407897
vt 0.942691 0.410151
vt 0.951070 0.461707
vt 0.948543 0.461707
vt 0.945669 0.461707
vt 0.939290 0.459453
vt 0.942795 0.461707
vt 0.949460 0.992800
vt 0.947224 0.992800
vt 0.944482 0.992800
vt 0.941564 0.992800
vt 0.935420 0.990546
vt 0.938821 0.992800
vt 0.951070 0.513264
vt 0.948543 0.513264
vt 0.865578 0.117210
vt 0.866071 0.119991
vt 0.868045 0.859502
vt 0.867552 0.862283
vt 0.867416 0.862234
vt 0.864159 0.114764
vt 0.866133 0.864730
vt 0.866022 0.864637
vt 0.861984 0.112948
vt 0.863958 0.866545
vt 0.863886 0.866420
vt 0.859317 0.111982
vt 0.861290 0.867511
vt 0.861265 0.867369
vt 0.856479 0.111982
vt 0.858452 0.867511
vt 0.858477 0.867369
vt 0.853811 0.112948
vt 0.855784 0.866545
vt 0.855856 0.866420
vt 0.851637 0.114764
vt 0.853610 0.864730
vt 0.853720 0.864637
vt 0.850217 0.117210
vt 0.852190 0.862283
vt 0.852326 0.862234
vt 0.849724 0.119991
vt 0.851697 0.859502
vt 0.851842 0.859502
vt 0.850217 0.122772
vt 0.852190 0.856720
vt 0.852326 0.856770
vt 0.851637 0.125218
vt 0.853610 0.854274
vt 0.853720 0.854367
vt 0.853811 0.127034
vt 0.855784 0.852459
vt 0.855856 0.852583
vt 0.856479 0.128000
vt 0.858452 0.851493
vt 0.858477 0.851634
vt 0.859317 0.128000
vt 0.861290 0.851493
vt 0.861265 0.851634
vt 0.861984 0.127034
vt 0.863958 0.852459
vt 0.863886 0.852583
vt 0.864159 0.125218
vt 0.866133 0.854274
vt 0.866022 0.854367
vt 0.865578 0.122772
vt 0.867552 0.856720
vt 0.867416 0.856770
vt 0.867900 0.859502
vt 0.493447 0.031244
vt 0.899552 0.885234
vt 0.743541 0.686737
vt 0.899655 0.914440
vt 0.839865 0.022080
vt 0.727687 0.680995
vt 0.614753 0.016599
vt 0.914546 0.736641
vt 0.732529 0.667759
vt 0.897851 0.787856
vt 0.175916 0.021638
vt 0.748383 0.673500
vt 0.037105 0.022297
vt 0.459874 0.031903
vt 0.086973 0.022297
vt 0.654021 0.017203
vt 0.566099 0.257168
vt 0.977572 0.123175
vt 0.975606 0.974766
vt 0.967056 0.554571
vt 0.013066 0.038734
vt 0.949455 0.791738
vt 0.946836 0.791238
vt 0.965057 0.087684
vt 0.949455 0.864548
vt 0.946836 0.864048
vt 0.940268 0.513264
vt 0.940456 0.410151
vt 0.940268 0.461707
vt 0.936586 0.992800
vt 0.970605 0.529082
vt 0.969371 0.529082
vt 0.969371 0.527664
vt 0.971509 0.529082
vt 0.970796 0.527664
vt 0.177394 0.072008
vt 0.176160 0.072008
vt 0.175969 0.070590
vt 0.178628 0.072008
vt 0.177394 0.070590
vt 0.179531 0.072008
vt 0.178819 0.070590
vt 0.967946 0.460669
vt 0.966712 0.460669
vt 0.966521 0.459252
vt 0.969180 0.460669
vt 0.967946 0.459252
vt 0.970084 0.460669
vt 0.969371 0.459252
vt 0.970414 0.460669
vt 0.970414 0.459252
vt 0.967234 0.529082
vt 0.966903 0.529082
vt 0.966521 0.527664
vt 0.968137 0.529082
vt 0.966903 0.527664
vt 0.967946 0.527664
vt 0.970084 0.530120
vt 0.969371 0.530120
vt 0.957713 0.632405
vt 0.958235 0.631886
vt 0.959138 0.632405
vt 0.957000 0.632595
vt 0.958235 0.633303
vt 0.956288 0.632405
vt 0.957000 0.633632
vt 0.955766 0.631886
vt 0.955766 0.633303
vt 0.955576 0.631177
vt 0.954863 0.632405
vt 0.968659 0.461707
vt 0.967946 0.461707
vt 0.956288 0.629949
vt 0.955766 0.630468
vt 0.954863 0.629949
vt 0.957000 0.629759
vt 0.955766 0.629050
vt 0.957713 0.629949
vt 0.957000 0.628721
vt 0.958235 0.630468
vt 0.958235 0.629050
vt 0.958425 0.631177
vt 0.959138 0.629949
vt 0.957000 0.631177
vt 0.363026 0.024497
vt 0.362003 0.024497
vt 0.361703 0.023080
vt 0.364295 0.024497
vt 0.362885 0.023080
vt 0.365469 0.024497
vt 0.364350 0.023080
vt 0.975235 0.229558
vt 0.974212 0.229558
vt 0.973912 0.228140
vt 0.976504 0.229558
vt 0.975094 0.228140
vt 0.977678 0.229558
vt 0.976559 0.228140
vt 0.975323 0.671695
vt 0.974300 0.671695
vt 0.974000 0.670277
vt 0.976592 0.671695
vt 0.975182 0.670277
vt 0.977766 0.671695
vt 0.976647 0.670277
vt 0.975235 0.212702
vt 0.974212 0.212702
vt 0.973912 0.211284
vt 0.976504 0.212702
vt 0.975094 0.211284
vt 0.977678 0.212702
vt 0.976559 0.211284
vt 0.958324 0.342843
vt 0.957883 0.342255
vt 0.958528 0.341439
vt 0.364146 0.025535
vt 0.363413 0.025535
vt 0.958120 0.344246
vt 0.958411 0.343571
vt 0.959444 0.343720
vt 0.957529 0.344685
vt 0.958940 0.344888
vt 0.976355 0.230596
vt 0.975622 0.230596
vt 0.956119 0.344482
vt 0.956797 0.344772
vt 0.956648 0.345799
vt 0.955678 0.343894
vt 0.955474 0.345298
vt 0.976443 0.672733
vt 0.975710 0.672733
vt 0.955882 0.342491
vt 0.955591 0.343166
vt 0.954558 0.343017
vt 0.956472 0.342052
vt 0.955062 0.341849
vt 0.976355 0.213740
vt 0.975622 0.213740
vt 0.957205 0.341965
vt 0.957354 0.340938
vt 0.957001 0.343369
vt 0.977621 0.296624
vt 0.976595 0.296624
vt 0.976736 0.295206
vt 0.975326 0.330336
vt 0.974154 0.330336
vt 0.973917 0.328918
vt 0.976595 0.330336
vt 0.975271 0.328918
vt 0.977621 0.330336
vt 0.976736 0.328918
vt 0.975374 0.615739
vt 0.974201 0.615739
vt 0.973964 0.614321
vt 0.976643 0.615739
vt 0.975318 0.614321
vt 0.977668 0.615739
vt 0.976784 0.614321
vt 0.975326 0.364048
vt 0.974154 0.364048
vt 0.973917 0.362630
vt 0.976595 0.364048
vt 0.975271 0.362630
vt 0.977621 0.364048
vt 0.976736 0.362630
vt 0.975326 0.296624
vt 0.974154 0.296624
vt 0.973917 0.295206
vt 0.975271 0.295206
vt 0.957887 0.305959
vt 0.958327 0.305369
vt 0.959296 0.305752
vt 0.957210 0.306250
vt 0.958534 0.306772
vt 0.976211 0.331374
vt 0.975478 0.331374
vt 0.955885 0.305727
vt 0.956477 0.306165
vt 0.956093 0.307130
vt 0.955592 0.305054
vt 0.955067 0.306372
vt 0.976259 0.616776
vt 0.975526 0.616776
vt 0.956117 0.303736
vt 0.955677 0.304325
vt 0.954707 0.303943
vt 0.956794 0.303445
vt 0.955469 0.302922
vt 0.976211 0.365086
vt 0.975478 0.365086
vt 0.958119 0.303967
vt 0.957527 0.303529
vt 0.957911 0.302564
vt 0.958412 0.304640
vt 0.958937 0.303322
vt 0.976211 0.297662
vt 0.975478 0.297662
vt 0.957002 0.304847
vt 0.972736 0.425969
vt 0.971604 0.425969
vt 0.971687 0.424551
vt 0.969678 0.810859
vt 0.968599 0.810859
vt 0.968318 0.809441
vt 0.970954 0.810859
vt 0.969563 0.809441
vt 0.972087 0.810859
vt 0.971037 0.809441
vt 0.969678 0.777147
vt 0.968599 0.777147
vt 0.968318 0.775729
vt 0.970954 0.777147
vt 0.969563 0.775729
vt 0.972087 0.777147
vt 0.971037 0.775729
vt 0.969634 0.143377
vt 0.968555 0.143377
vt 0.968274 0.141959
vt 0.970910 0.143377
vt 0.969519 0.141959
vt 0.972043 0.143377
vt 0.970993 0.141959
vt 0.970327 0.425969
vt 0.969249 0.425969
vt 0.968968 0.424551
vt 0.970213 0.424551
vt 0.787892 0.045690
vt 0.788546 0.046029
vt 0.788319 0.047042
vt 0.787497 0.045070
vt 0.787186 0.046454
vt 0.970727 0.811897
vt 0.969990 0.811897
vt 0.787807 0.043686
vt 0.787465 0.044337
vt 0.786447 0.044111
vt 0.788429 0.043293
vt 0.787039 0.042984
vt 0.970727 0.778185
vt 0.969990 0.778185
vt 0.789820 0.043601
vt 0.789166 0.043262
vt 0.789393 0.042249
vt 0.790216 0.044221
vt 0.790526 0.042837
vt 0.970683 0.144415
vt 0.969946 0.144415
vt 0.789905 0.045605
vt 0.790247 0.044954
vt 0.791265 0.045180
vt 0.789283 0.045998
vt 0.790674 0.046307
vt 0.971377 0.427007
vt 0.970640 0.427007
vt 0.788856 0.044646
vt 0.265619 0.023056
vt 0.264392 0.023056
vt 0.264194 0.021638
vt 0.266859 0.023056
vt 0.265611 0.021638
vt 0.267780 0.023056
vt 0.267043 0.021638
vt 0.961335 0.021647
vt 0.960108 0.021647
vt 0.959911 0.020229
vt 0.962576 0.021647
vt 0.961327 0.020229
vt 0.963497 0.021647
vt 0.962760 0.020229
vt 0.942949 0.021647
vt 0.941722 0.021647
vt 0.941524 0.020229
vt 0.944189 0.021647
vt 0.942941 0.020229
vt 0.945111 0.021647
vt 0.944374 0.020229
vt 0.320777 0.023056
vt 0.319550 0.023056
vt 0.319353 0.021638
vt 0.322018 0.023056
vt 0.320770 0.021638
vt 0.322939 0.023056
vt 0.322202 0.021638
vt 0.956972 0.591136
vt 0.956264 0.591340
vt 0.955724 0.590452
vt 0.266356 0.024094
vt 0.265640 0.024094
vt 0.958221 0.591820
vt 0.957689 0.591312
vt 0.958192 0.590403
vt 0.958426 0.592525
vt 0.959113 0.591283
vt 0.962072 0.022685
vt 0.961356 0.022685
vt 0.957738 0.593767
vt 0.958249 0.593238
vt 0.959163 0.593739
vt 0.957030 0.593971
vt 0.958278 0.594655
vt 0.943686 0.022685
vt 0.942970 0.022685
vt 0.955782 0.593287
vt 0.956313 0.593796
vt 0.955810 0.594705
vt 0.955576 0.592582
vt 0.954889 0.593824
vt 0.321514 0.024094
vt 0.320798 0.024094
vt 0.955753 0.591870
vt 0.954839 0.591369
vt 0.957001 0.592554
vt 0.971603 0.409113
vt 0.970326 0.409113
vt 0.970211 0.407695
vt 0.972737 0.409113
vt 0.971684 0.407695
vt 0.975213 0.267720
vt 0.974137 0.267720
vt 0.973855 0.266302
vt 0.976489 0.267720
vt 0.975097 0.266302
vt 0.977624 0.267720
vt 0.976571 0.266302
vt 0.970741 0.933145
vt 0.969665 0.933145
vt 0.969383 0.931727
vt 0.972017 0.933145
vt 0.970626 0.931727
vt 0.973152 0.933145
vt 0.972099 0.931727
vt 0.970741 0.899433
vt 0.969665 0.899433
vt 0.969383 0.898015
vt 0.972017 0.899433
vt 0.970626 0.898015
vt 0.973152 0.899433
vt 0.972099 0.898015
vt 0.969251 0.409113
vt 0.968968 0.407695
vt 0.971379 0.410151
vt 0.970642 0.410151
vt 0.958024 0.267315
vt 0.958363 0.266663
vt 0.959382 0.266885
vt 0.957403 0.267711
vt 0.958795 0.268014
vt 0.976266 0.268758
vt 0.975529 0.268758
vt 0.956011 0.267407
vt 0.956666 0.267744
vt 0.956443 0.268758
vt 0.955613 0.266789
vt 0.955308 0.268174
vt 0.971794 0.934183
vt 0.971057 0.934183
vt 0.955918 0.265404
vt 0.955579 0.266056
vt 0.954560 0.265833
vt 0.956539 0.265008
vt 0.955147 0.264705
vt 0.971794 0.900471
vt 0.971057 0.900471
vt 0.957931 0.265312
vt 0.957276 0.264974
vt 0.957500 0.263961
vt 0.958329 0.265930
vt 0.958634 0.264545
vt 0.956971 0.266359
vt 0.400047 0.024497
vt 0.398853 0.024497
vt 0.398630 0.023080
vt 0.401308 0.024497
vt 0.400009 0.023080
vt 0.402298 0.024497
vt 0.401465 0.023080
vt 0.979714 0.038503
vt 0.978520 0.038503
vt 0.978297 0.037085
vt 0.980975 0.038503
vt 0.979676 0.037085
vt 0.981965 0.038503
vt 0.981132 0.037085
vt 0.210258 0.023056
vt 0.209064 0.023056
vt 0.208840 0.021638
vt 0.211519 0.023056
vt 0.210220 0.021638
vt 0.212509 0.023056
vt 0.211676 0.021638
vt 0.228709 0.023056
vt 0.227515 0.023056
vt 0.227292 0.021638
vt 0.229970 0.023056
vt 0.228671 0.021638
vt 0.230960 0.023056
vt 0.230127 0.021638
vt 0.957131 0.364053
vt 0.957821 0.363793
vt 0.958431 0.364635
vt 0.400880 0.025535
vt 0.400152 0.025535
vt 0.955832 0.363471
vt 0.956403 0.363935
vt 0.955975 0.364882
vt 0.955570 0.362785
vt 0.954985 0.364078
vt 0.980547 0.039541
vt 0.979819 0.039541
vt 0.956155 0.361492
vt 0.955689 0.362061
vt 0.954737 0.361635
vt 0.956845 0.361232
vt 0.955545 0.360650
vt 0.211091 0.024094
vt 0.210363 0.024094
vt 0.958144 0.361814
vt 0.957573 0.361350
vt 0.958001 0.360403
vt 0.958406 0.362500
vt 0.958991 0.361207
vt 0.229542 0.024094
vt 0.228814 0.024094
vt 0.958287 0.363224
vt 0.959239 0.363650
vt 0.956988 0.362643
vt 0.971839 0.527664
vt 0.179862 0.070590
vt 0.970796 0.459252
vt 0.954532 0.631177
vt 0.959469 0.631177
vt 0.365705 0.023080
vt 0.977914 0.228140
vt 0.978002 0.670277
vt 0.977914 0.211284
vt 0.959293 0.342458
vt 0.957916 0.345649
vt 0.954709 0.344279
vt 0.956086 0.341088
vt 0.977920 0.295206
vt 0.977920 0.328918
vt 0.977968 0.614321
vt 0.977920 0.362630
vt 0.957362 0.307277
vt 0.954560 0.305205
vt 0.956642 0.302418
vt 0.959444 0.304489
vt 0.972995 0.424551
vt 0.972345 0.809441
vt 0.972345 0.775729
vt 0.972301 0.141959
vt 0.786501 0.045381
vt 0.788117 0.042302
vt 0.791211 0.043910
vt 0.789595 0.046988
vt 0.268107 0.021638
vt 0.963824 0.020229
vt 0.945437 0.020229
vt 0.323266 0.021638
vt 0.956951 0.590099
vt 0.959469 0.592505
vt 0.957051 0.595009
vt 0.954533 0.592603
vt 0.972995 0.407695
vt 0.977881 0.266302
vt 0.973409 0.931727
vt 0.973409 0.898015
vt 0.957719 0.268700
vt 0.954619 0.267103
vt 0.956223 0.264019
vt 0.959323 0.265615
vt 0.402608 0.023080
vt 0.982275 0.037085
vt 0.212819 0.021638
vt 0.231270 0.021638
vt 0.957236 0.365086
vt 0.954532 0.362889
vt 0.956740 0.360199
vt 0.959444 0.362396
s 1
g off
g Library4_feder.001
usemtl feder.001
f 4/1/1 3/2/1 1/3/1
f 2/4/1 4/1/1 1/3/1
f 2416/4042/2225 2415/4043/2226 2309/4044/2227
f 2323/4045/2228 2313/4046/2229 2312/3/2230
f 2324/4047/2231 2314/4048/2232 2313/4046/2229
f 2325/4049/2233 2315/4050/2234 2314/4048/2232
f 2326/4051/2235 2316/4052/2236 2315/4050/2234
f 2327/4053/2237 2317/4054/2238 2316/4052/2236
f 2328/4055/2239 2318/4056/2240 2317/4054/2238
f 2329/4057/2241 2319/2/2242 2318/4056/2240
f 2417/4058/2243 2416/4042/2225 2309/4044/2227
f 2333/4059/2244 2323/4045/2228 2322/4060/2245
f 2334/4061/2246 2324/4047/2231 2323/4045/2228
f 2335/4062/2247 2325/4049/2233 2324/4047/2231
f 2336/4063/2248 2326/4051/2235 2325/4049/2233
f 2337/4064/2249 2327/4053/2237 2326/4051/2235
f 2338/4065/2250 2328/4055/2239 2327/4053/2237
f 2339/4066/2251 2329/4057/2241 2328/4055/2239
f 2418/4067/2252 2417/4058/2243 2309/4044/2227
f 2343/4068/2253 2333/4059/2244 2332/4069/2254
f 2344/4070/2255 2334/4061/2246 2333/4059/2244
f 2345/4071/2256 2335/4062/2247 2334/4061/2246
f 2346/4072/2257 2336/4063/2248 2335/4062/2247
f 2347/4073/2258 2337/4064/2249 2336/4063/2248
f 2348/4074/2259 2338/4065/2250 2337/4064/2249
f 2349/4075/2260 2339/4066/2251 2338/4065/2250
f 2419/4076/2225 2418/4067/2252 2309/4044/2227
f 2353/4077/2261 2343/4068/2253 2342/4078/2262
f 2354/4079/2263 2344/4070/2255 2343/4068/2253
f 2355/4080/2264 2345/4071/2256 2344/4070/2255
f 2356/4081/2265 2346/4072/2257 2345/4071/2256
f 2357/4082/2266 2347/4073/2258 2346/4072/2257
f 2358/4083/2267 2348/4074/2259 2347/4073/2258
f 2359/4058/2268 2349/4075/2260 2348/4074/2259
f 2420/4084/2269 2419/4076/2225 2309/4044/2227
f 2363/4085/2270 2353/4077/2261 2352/4086/2271
f 2364/4087/2272 2354/4079/2263 2353/4077/2261
f 2365/4088/2270 2355/4080/2264 2354/4079/2263
f 2366/4089/2273 2356/4081/2265 2355/4080/2264
f 2367/4090/2274 2357/4082/2266 2356/4081/2265
f 2368/4091/2275 2358/4083/2267 2357/4082/2266
f 2369/4092/2276 2359/4058/2268 2358/4083/2267
f 2421/4086/2277 2420/4084/2269 2309/4044/2227
f 2373/4093/2278 2363/4085/2270 2362/4094/2279
f 2374/4095/2280 2364/4087/2272 2363/4085/2270
f 2375/4096/1 2365/4088/2270 2364/4087/2272
f 2376/4097/2281 2366/4089/2273 2365/4088/2270
f 2377/4098/2282 2367/4090/2274 2366/4089/2273
f 2378/4099/2283 2368/4091/2275 2367/4090/2274
f 2379/4100/2284 2369/4092/2276 2368/4091/2275
f 2422/4101/2285 2421/4086/2277 2309/4044/2227
f 2383/4102/2286 2373/4093/2278 2372/4103/2287
f 2384/4104/2288 2374/4095/2280 2373/4093/2278
f 2385/4105/2289 2375/4096/1 2374/4095/2280
f 2386/4106/2290 2376/4097/2281 2375/4096/1
f 2387/4107/2291 2377/4098/2282 2376/4097/2281
f 2388/4108/2292 2378/4099/2283 2377/4098/2282
f 2389/4109/2293 2379/4100/2284 2378/4099/2283
f 2415/4043/2226 2422/4101/2285 2309/4044/2227
f 2313/4110/2229 2383/4102/2286 2382/4111/2294
f 2314/4112/2232 2384/4104/2288 2383/4102/2286
f 2315/4113/2234 2385/4105/2289 2384/4104/2288
f 2316/4114/2236 2386/4106/2290 2385/4105/2289
f 2317/4115/2238 2387/4107/2291 2386/4106/2290
f 2318/4116/2240 2388/4108/2292 2387/4107/2291
f 2319/1/2242 2389/4109/2293 2388/4108/2292
f 2391/4043/2295 2392/4042/2296 2321/4042/2297
f 2392/4042/2296 2393/4058/2298 2331/4058/2299
f 2393/4058/2298 2394/4067/2300 2341/4067/2301
f 2394/4067/2300 2395/4076/2302 2351/4076/2303
f 2395/4076/2302 2396/4084/2304 2361/4084/2305
f 2396/4084/2304 2397/4086/2306 2371/4086/2307
f 2397/4086/2306 2398/4101/2308 2381/4101/2309
f 2398/4101/2308 2391/4043/2295 2311/4043/2310
f 2399/4043/2311 2400/4042/2312 2392/4042/2296
f 2400/4042/2312 2401/4058/2313 2393/4058/2298
f 2401/4058/2313 2402/4067/2314 2394/4067/2300
f 2402/4067/2314 2403/4076/2315 2395/4076/2302
f 2403/4076/2315 2404/4084/2316 2396/4084/2304
f 2404/4084/2316 2405/4086/2317 2397/4086/2306
f 2405/4086/2318 2406/4101/2319 2398/4101/2308
f 2406/4101/2319 2399/4043/2311 2391/4043/2295
f 2407/4043/2320 2408/4042/2321 2400/4042/2312
f 2408/4042/2321 2409/4058/2322 2401/4058/2313
f 2409/4058/2322 2410/4067/2323 2402/4067/2314
f 2410/4067/2323 2411/4076/2324 2403/4076/2315
f 2411/4076/2324 2412/4084/2325 2404/4084/2316
f 2412/4084/2325 2413/4086/2326 2405/4086/2317
f 2413/4086/2326 2414/4101/2327 2406/4101/2319
f 2414/4101/2327 2407/4043/2320 2399/4043/2311
f 2415/4043/2328 2416/4042/2329 2408/4042/2321
f 2416/4042/2329 2417/4058/2330 2409/4058/2322
f 2417/4058/2330 2418/4067/2331 2410/4067/2323
f 2418/4067/2331 2419/4076/2332 2411/4076/2324
f 2419/4076/2332 2420/4084/2333 2412/4084/2325
f 2420/4084/2333 2421/4086/2334 2413/4086/2326
f 2421/4086/2334 2422/4101/2335 2414/4101/2327
f 2422/4101/2335 2415/4043/2328 2407/4043/2320
f 2424/4117/2336 2423/4118/2337 2320/4076/2338
f 2425/4119/2339 2424/4120/2336 2330/4067/2340
f 2426/4121/2341 2425/4122/2339 2340/4058/2342
f 2427/4123/2343 2426/4124/2341 2350/4042/2344
f 2428/4125/2345 2427/4126/2343 2360/4043/2346
f 2429/4127/2347 2428/4128/2345 2370/4101/2348
f 2430/4129/2349 2429/4130/2347 2380/4086/2350
f 2423/4131/2337 2430/4132/2349 2390/4084/2351
f 2432/4117/2352 2431/4118/2353 2423/4118/2354
f 2433/4119/2355 2432/4120/2352 2424/4120/2356
f 2434/4121/2357 2433/4122/2355 2425/4122/2358
f 2435/4123/2359 2434/4124/2357 2426/4124/2360
f 2436/4125/2361 2435/4126/2359 2427/4126/2362
f 2437/4127/2363 2436/4128/2361 2428/4128/2364
f 2438/4129/2365 2437/4130/2363 2429/4130/2366
f 2431/4131/2353 2438/4132/2365 2430/4132/2367
f 2440/4117/2368 2439/4118/2369 2431/4118/2353
f 2441/4119/2370 2440/4120/2368 2432/4120/2352
f 2442/4121/2371 2441/4122/2370 2433/4122/2355
f 2443/4123/2372 2442/4124/2371 2434/4124/2357
f 2444/4125/2373 2443/4126/2372 2435/4126/2359
f 2445/4127/2374 2444/4128/2373 2436/4128/2361
f 2446/4129/2375 2445/4130/2374 2437/4130/2363
f 2439/4131/2369 2446/4132/2375 2438/4132/2365
f 2448/4117/2376 2447/4118/2377 2439/4118/2369
f 2449/4119/2378 2448/4120/2376 2440/4120/2368
f 2450/4121/2379 2449/4122/2378 2441/4122/2370
f 2451/4123/2380 2450/4124/2379 2442/4124/2371
f 2452/4125/2381 2451/4126/2380 2443/4126/2372
f 2453/4127/2382 2452/4128/2381 2444/4128/2373
f 2454/4129/2383 2453/4130/2382 2445/4130/2374
f 2447/4131/2377 2454/4132/2383 2446/4132/2375
f 2456/4117/2384 2455/4118/2385 2447/4118/2377
f 2457/4119/2386 2456/4120/2384 2448/4120/2376
f 2458/4121/2387 2457/4122/2386 2449/4122/2378
f 2459/4123/2388 2458/4124/2387 2450/4124/2379
f 2460/4125/2389 2459/4126/2388 2451/4126/2380
f 2461/4127/2390 2460/4128/2389 2452/4128/2381
f 2462/4129/2391 2461/4130/2390 2453/4130/2382
f 2455/4131/2385 2462/4132/2391 2454/4132/2383
f 2464/4117/2392 2463/4118/2393 2455/4118/2385
f 2465/4119/2394 2464/4120/2392 2456/4120/2384
f 2466/4121/2395 2465/4122/2394 2457/4122/2386
f 2467/4123/2396 2466/4124/2395 2458/4124/2387
f 2468/4125/2397 2467/4126/2396 2459/4126/2388
f 2469/4127/2398 2468/4128/2397 2460/4128/2389
f 2470/4129/2399 2469/4130/2398 2461/4130/2390
f 2463/4131/2393 2470/4132/2399 2462/4132/2391
f 2472/4117/2400 2471/4118/2401 2463/4118/2393
f 2473/4119/2402 2472/4120/2400 2464/4120/2392
f 2474/4121/2403 2473/4122/2402 2465/4122/2394
f 2475/4123/2404 2474/4124/2403 2466/4124/2395
f 2476/4125/2405 2475/4126/2404 2467/4126/2396
f 2477/4127/2398 2476/4128/2405 2468/4128/2397
f 2478/4129/2406 2477/4130/2398 2469/4130/2398
f 2471/4131/2401 2478/4132/2406 2470/4132/2399
f 2480/4117/2407 2479/4118/2408 2471/4118/2401
f 2481/4119/2409 2480/4120/2407 2472/4120/2400
f 2482/4121/2410 2481/4122/2409 2473/4122/2402
f 2483/4123/2411 2482/4124/2410 2474/4124/2403
f 2484/4125/2412 2483/4126/2411 2475/4126/2404
f 2485/4127/2413 2484/4128/2412 2476/4128/2405
f 2486/4129/2414 2485/4130/2413 2477/4130/2398
f 2479/4131/2408 2486/4132/2414 2478/4132/2406
f 2488/4117/2415 2487/4118/2416 2479/4118/2408
f 2489/4119/2417 2488/4120/2415 2480/4120/2407
f 2490/4121/2418 2489/4122/2417 2481/4122/2409
f 2491/4123/2419 2490/4124/2418 2482/4124/2410
f 2492/4125/2420 2491/4126/2419 2483/4126/2411
f 2493/4127/2421 2492/4128/2420 2484/4128/2412
f 2494/4129/2422 2493/4130/2421 2485/4130/2413
f 2487/4131/2416 2494/4132/2422 2486/4132/2414
f 2322/4060/2245 2323/4045/2228 2312/3/2230
f 2323/4045/2228 2324/4047/2231 2313/4046/2229
f 2324/4047/2231 2325/4049/2233 2314/4048/2232
f 2325/4049/2233 2326/4051/2235 2315/4050/2234
f 2326/4051/2235 2327/4053/2237 2316/4052/2236
f 2327/4053/2237 2328/4055/2239 2317/4054/2238
f 2328/4055/2239 2329/4057/2241 2318/4056/2240
f 2332/4069/2254 2333/4059/2244 2322/4060/2245
f 2333/4059/2244 2334/4061/2246 2323/4045/2228
f 2334/4061/2246 2335/4062/2247 2324/4047/2231
f 2335/4062/2247 2336/4063/2248 2325/4049/2233
f 2336/4063/2248 2337/4064/2249 2326/4051/2235
f 2337/4064/2249 2338/4065/2250 2327/4053/2237
f 2338/4065/2250 2339/4066/2251 2328/4055/2239
f 2342/4078/2262 2343/4068/2253 2332/4069/2254
f 2343/4068/2253 2344/4070/2255 2333/4059/2244
f 2344/4070/2255 2345/4071/2256 2334/4061/2246
f 2345/4071/2256 2346/4072/2257 2335/4062/2247
f 2346/4072/2257 2347/4073/2258 2336/4063/2248
f 2347/4073/2258 2348/4074/2259 2337/4064/2249
f 2348/4074/2259 2349/4075/2260 2338/4065/2250
f 2352/4086/2271 2353/4077/2261 2342/4078/2262
f 2353/4077/2261 2354/4079/2263 2343/4068/2253
f 2354/4079/2263 2355/4080/2264 2344/4070/2255
f 2355/4080/2264 2356/4081/2265 2345/4071/2256
f 2356/4081/2265 2357/4082/2266 2346/4072/2257
f 2357/4082/2266 2358/4083/2267 2347/4073/2258
f 2358/4083/2267 2359/4058/2268 2348/4074/2259
f 2362/4094/2279 2363/4085/2270 2352/4086/2271
f 2363/4085/2270 2364/4087/2272 2353/4077/2261
f 2364/4087/2272 2365/4088/2270 2354/4079/2263
f 2365/4088/2270 2366/4089/2273 2355/4080/2264
f 2366/4089/2273 2367/4090/2274 2356/4081/2265
f 2367/4090/2274 2368/4091/2275 2357/4082/2266
f 2368/4091/2275 2369/4092/2276 2358/4083/2267
f 2372/4103/2287 2373/4093/2278 2362/4094/2279
f 2373/4093/2278 2374/4095/2280 2363/4085/2270
f 2374/4095/2280 2375/4096/1 2364/4087/2272
f 2375/4096/1 2376/4097/2281 2365/4088/2270
f 2376/4097/2281 2377/4098/2282 2366/4089/2273
f 2377/4098/2282 2378/4099/2283 2367/4090/2274
f 2378/4099/2283 2379/4100/2284 2368/4091/2275
f 2382/4111/2294 2383/4102/2286 2372/4103/2287
f 2383/4102/2286 2384/4104/2288 2373/4093/2278
f 2384/4104/2288 2385/4105/2289 2374/4095/2280
f 2385/4105/2289 2386/4106/2290 2375/4096/1
f 2386/4106/2290 2387/4107/2291 2376/4097/2281
f 2387/4107/2291 2388/4108/2292 2377/4098/2282
f 2388/4108/2292 2389/4109/2293 2378/4099/2283
f 2312/4/2230 2313/4110/2229 2382/4111/2294
f 2313/4110/2229 2314/4112/2232 2383/4102/2286
f 2314/4112/2232 2315/4113/2234 2384/4104/2288
f 2315/4113/2234 2316/4114/2236 2385/4105/2289
f 2316/4114/2236 2317/4115/2238 2386/4106/2290
f 2317/4115/2238 2318/4116/2240 2387/4107/2291
f 2318/4116/2240 2319/1/2242 2388/4108/2292
f 2311/4043/2310 2391/4043/2295 2321/4042/2297
f 2321/4042/2297 2392/4042/2296 2331/4058/2299
f 2331/4058/2299 2393/4058/2298 2341/4067/2301
f 2341/4067/2301 2394/4067/2300 2351/4076/2303
f 2351/4076/2303 2395/4076/2302 2361/4084/2305
f 2361/4084/2305 2396/4084/2304 2371/4086/2307
f 2371/4086/2307 2397/4086/2306 2381/4101/2309
f 2381/4101/2309 2398/4101/2308 2311/4043/2310
f 2391/4043/2295 2399/4043/2311 2392/4042/2296
f 2392/4042/2296 2400/4042/2312 2393/4058/2298
f 2393/4058/2298 2401/4058/2313 2394/4067/2300
f 2394/4067/2300 2402/4067/2314 2395/4076/2302
f 2395/4076/2302 2403/4076/2315 2396/4084/2304
f 2396/4084/2304 2404/4084/2316 2397/4086/2306
f 2397/4086/2306 2405/4086/2318 2398/4101/2308
f 2398/4101/2308 2406/4101/2319 2391/4043/2295
f 2399/4043/2311 2407/4043/2320 2400/4042/2312
f 2400/4042/2312 2408/4042/2321 2401/4058/2313
f 2401/4058/2313 2409/4058/2322 2402/4067/2314
f 2402/4067/2314 2410/4067/2323 2403/4076/2315
f 2403/4076/2315 2411/4076/2324 2404/4084/2316
f 2404/4084/2316 2412/4084/2325 2405/4086/2317
f 2405/4086/2318 2413/4086/2326 2406/4101/2319
f 2406/4101/2319 2414/4101/2327 2399/4043/2311
f 2407/4043/2320 2415/4043/2328 2408/4042/2321
f 2408/4042/2321 2416/4042/2329 2409/4058/2322
f 2409/4058/2322 2417/4058/2330 2410/4067/2323
f 2410/4067/2323 2418/4067/2331 2411/4076/2324
f 2411/4076/2324 2419/4076/2332 2412/4084/2325
f 2412/4084/2325 2420/4084/2333 2413/4086/2326
f 2413/4086/2326 2421/4086/2334 2414/4101/2327
f 2414/4101/2327 2422/4101/2335 2407/4043/2320
f 2330/4067/2340 2424/4117/2336 2320/4076/2338
f 2340/4058/2342 2425/4119/2339 2330/4067/2340
f 2350/4042/2344 2426/4121/2341 2340/4058/2342
f 2360/4043/2346 2427/4123/2343 2350/4042/2344
f 2370/4101/2348 2428/4125/2345 2360/4043/2346
f 2380/4086/2350 2429/4127/2347 2370/4101/2348
f 2390/4084/2351 2430/4129/2349 2380/4086/2350
f 2320/4076/2338 2423/4131/2337 2390/4084/2351
f 2424/4117/2356 2432/4117/2352 2423/4118/2354
f 2425/4119/2358 2433/4119/2355 2424/4120/2356
f 2426/4121/2360 2434/4121/2357 2425/4122/2358
f 2427/4123/2362 2435/4123/2359 2426/4124/2360
f 2428/4125/2364 2436/4125/2361 2427/4126/2362
f 2429/4127/2366 2437/4127/2363 2428/4128/2364
f 2430/4129/2367 2438/4129/2365 2429/4130/2366
f 2423/4131/2354 2431/4131/2353 2430/4132/2367
f 2432/4117/2352 2440/4117/2368 2431/4118/2353
f 2433/4119/2355 2441/4119/2370 2432/4120/2352
f 2434/4121/2357 2442/4121/2371 2433/4122/2355
f 2435/4123/2359 2443/4123/2372 2434/4124/2357
f 2436/4125/2361 2444/4125/2373 2435/4126/2359
f 2437/4127/2363 2445/4127/2374 2436/4128/2361
f 2438/4129/2365 2446/4129/2375 2437/4130/2363
f 2431/4131/2353 2439/4131/2369 2438/4132/2365
f 2440/4117/2368 2448/4117/2376 2439/4118/2369
f 2441/4119/2370 2449/4119/2378 2440/4120/2368
f 2442/4121/2371 2450/4121/2379 2441/4122/2370
f 2443/4123/2372 2451/4123/2380 2442/4124/2371
f 2444/4125/2373 2452/4125/2381 2443/4126/2372
f 2445/4127/2374 2453/4127/2382 2444/4128/2373
f 2446/4129/2375 2454/4129/2383 2445/4130/2374
f 2439/4131/2369 2447/4131/2377 2446/4132/2375
f 2448/4117/2376 2456/4117/2384 2447/4118/2377
f 2449/4119/2378 2457/4119/2386 2448/4120/2376
f 2450/4121/2379 2458/4121/2387 2449/4122/2378
f 2451/4123/2380 2459/4123/2388 2450/4124/2379
f 2452/4125/2381 2460/4125/2389 2451/4126/2380
f 2453/4127/2382 2461/4127/2390 2452/4128/2381
f 2454/4129/2383 2462/4129/2391 2453/4130/2382
f 2447/4131/2377 2455/4131/2385 2454/4132/2383
f 2456/4117/2384 2464/4117/2392 2455/4118/2385
f 2457/4119/2386 2465/4119/2394 2456/4120/2384
f 2458/4121/2387 2466/4121/2395 2457/4122/2386
f 2459/4123/2388 2467/4123/2396 2458/4124/2387
f 2460/4125/2389 2468/4125/2397 2459/4126/2388
f 2461/4127/2390 2469/4127/2398 2460/4128/2389
f 2462/4129/2391 2470/4129/2399 2461/4130/2390
f 2455/4131/2385 2463/4131/2393 2462/4132/2391
f 2464/4117/2392 2472/4117/2400 2463/4118/2393
f 2465/4119/2394 2473/4119/2402 2464/4120/2392
f 2466/4121/2395 2474/4121/2403 2465/4122/2394
f 2467/4123/2396 2475/4123/2404 2466/4124/2395
f 2468/4125/2397 2476/4125/2405 2467/4126/2396
f 2469/4127/2398 2477/4127/2398 2468/4128/2397
f 2470/4129/2399 2478/4129/2406 2469/4130/2398
f 2463/4131/2393 2471/4131/2401 2470/4132/2399
f 2472/4117/2400 2480/4117/2407 2471/4118/2401
f 2473/4119/2402 2481/4119/2409 2472/4120/2400
f 2474/4121/2403 2482/4121/2410 2473/4122/2402
f 2475/4123/2404 2483/4123/2411 2474/4124/2403
f 2476/4125/2405 2484/4125/2412 2475/4126/2404
f 2477/4127/2398 2485/4127/2413 2476/4128/2405
f 2478/4129/2406 2486/4129/2414 2477/4130/2398
f 2471/4131/2401 2479/4131/2408 2478/4132/2406
f 2480/4117/2407 2488/4117/2415 2479/4118/2408
f 2481/4119/2409 2489/4119/2417 2480/4120/2407
f 2482/4121/2410 2490/4121/2418 2481/4122/2409
f 2483/4123/2411 2491/4123/2419 2482/4124/2410
f 2484/4125/2412 2492/4125/2420 2483/4126/2411
f 2485/4127/2413 2493/4127/2421 2484/4128/2412
f 2486/4129/2414 2494/4129/2422 2485/4130/2413
f 2479/4131/2408 2487/4131/2416 2486/4132/2414
f 2488/4117/2415 2310/4117/2423 2487/4118/2416
f 2489/4119/2417 2310/4119/2423 2488/4120/2415
f 2490/4121/2418 2310/4121/2423 2489/4122/2417
f 2491/4123/2419 2310/4123/2423 2490/4124/2418
f 2492/4125/2420 2310/4125/2423 2491/4126/2419
f 2493/4127/2421 2310/4127/2423 2492/4128/2420
f 2494/4129/2422 2310/4129/2423 2493/4130/2421
f 2487/4131/2416 2310/4131/2423 2494/4132/2422
g Library4_Tisch.001
usemtl Tisch.001
f 134/5/2 133/6/2 5/7/2
f 194/8/3 188/9/4 187/10/4
f 200/11/3 199/12/5 188/9/4
f 203/13/3 201/14/4 189/15/4
f 206/16/3 205/17/6 190/18/6
f 198/19/7 192/20/6 191/21/4
f 143/22/8 6/23/8 142/24/8
f 135/25/2 134/5/2 5/7/2
f 25/26/9 17/27/9 16/28/9
f 153/29/9 152/30/9 17/27/9
f 164/31/9 162/32/9 18/33/9
f 180/34/9 179/35/9 19/36/9
f 29/37/9 21/38/9 20/39/9
f 144/40/8 6/23/8 143/22/8
f 136/41/2 135/25/2 5/7/2
f 33/42/10 25/26/11 24/43/11
f 154/44/10 153/29/11 25/26/11
f 166/45/10 164/31/11 26/46/11
f 181/47/10 180/34/11 27/48/11
f 37/49/12 29/37/11 28/50/11
f 145/51/8 6/23/8 144/40/8
f 137/52/2 136/41/2 5/7/2
f 41/53/13 33/54/10 32/55/14
f 155/56/15 154/57/10 33/54/10
f 168/58/15 166/59/10 34/60/10
f 182/61/13 181/62/10 35/63/10
f 45/64/13 37/65/12 36/66/10
f 146/67/8 6/23/8 145/51/8
f 138/68/2 137/52/2 5/7/2
f 49/69/16 41/53/17 40/70/17
f 156/71/16 155/56/15 41/53/17
f 170/72/16 168/58/15 42/73/15
f 183/74/16 182/61/17 43/75/17
f 53/76/18 45/64/19 44/77/17
f 147/78/8 6/23/8 146/67/8
f 139/79/2 138/68/2 5/7/2
f 57/80/20 49/81/16 48/82/21
f 157/83/20 156/84/16 49/81/16
f 172/85/20 170/86/16 50/87/16
f 184/88/20 183/89/16 51/90/16
f 61/91/20 53/92/18 52/93/16
f 148/94/8 6/23/8 147/78/8
f 140/95/2 139/79/2 5/7/2
f 65/96/22 57/80/23 56/97/23
f 158/98/22 157/83/23 57/80/23
f 174/99/22 172/85/23 58/100/23
f 185/101/22 184/88/23 59/102/23
f 69/103/24 61/91/23 60/104/23
f 149/105/8 6/23/8 148/94/8
f 141/106/2 140/95/2 5/7/2
f 73/107/25 65/96/22 64/108/26
f 159/109/25 158/98/22 65/96/22
f 176/110/27 174/99/22 66/111/22
f 186/112/27 185/101/22 67/113/22
f 77/114/27 69/103/24 68/115/22
f 150/116/8 6/23/8 149/105/8
f 133/6/2 141/106/2 5/7/2
f 9/117/28 73/118/25 72/119/29
f 151/120/29 159/121/25 73/118/25
f 160/122/30 176/123/29 74/124/25
f 178/125/29 186/126/28 75/127/29
f 13/128/28 77/129/28 76/130/28
f 142/24/8 6/23/8 150/116/8
f 79/131/2 80/132/2 15/133/2
f 80/132/2 81/134/2 23/135/2
f 81/134/2 82/136/2 31/137/2
f 82/136/2 83/138/2 39/139/2
f 83/138/2 84/140/2 47/141/2
f 84/140/2 85/142/2 55/143/2
f 85/142/2 86/144/2 63/145/2
f 86/144/2 87/146/2 71/147/2
f 87/146/2 79/131/2 7/148/2
f 89/149/8 88/150/8 14/151/8
f 90/152/8 89/149/8 22/153/8
f 91/154/8 90/152/8 30/155/8
f 92/156/8 91/154/8 38/157/8
f 93/158/8 92/156/8 46/159/8
f 94/160/8 93/158/8 54/161/8
f 95/162/8 94/160/8 62/163/8
f 96/164/8 95/162/8 70/165/8
f 88/150/8 96/164/8 78/166/8
f 97/167/16 98/168/31 80/169/31
f 98/168/32 99/170/33 81/171/34
f 99/170/33 100/172/22 82/173/22
f 100/172/35 101/174/36 83/175/37
f 101/176/36 102/177/38 84/178/39
f 102/177/38 103/179/40 85/180/41
f 103/179/42 104/181/43 86/182/44
f 104/181/43 105/183/45 87/184/46
f 105/183/47 97/185/48 79/186/15
f 107/187/49 106/188/16 88/189/16
f 108/190/34 107/187/32 89/191/32
f 109/192/22 108/190/34 90/193/33
f 110/194/37 109/192/35 91/195/25
f 111/196/39 110/197/37 92/198/50
f 112/199/51 111/196/39 93/200/52
f 113/201/53 112/199/42 94/202/42
f 114/203/54 113/201/53 95/204/43
f 106/205/15 114/203/47 96/206/15
f 115/207/2 116/208/2 98/209/2
f 116/208/2 117/210/2 99/211/2
f 117/210/2 118/212/2 100/213/2
f 118/212/2 119/214/2 101/215/2
f 119/214/2 120/216/2 102/217/2
f 120/216/2 121/218/55 103/219/2
f 121/218/55 122/220/2 104/221/2
f 122/220/2 123/222/2 105/223/2
f 123/222/2 115/207/2 97/224/2
f 125/225/8 124/226/56 106/227/56
f 126/228/8 125/225/8 107/229/8
f 127/230/8 126/228/8 108/231/8
f 128/232/57 127/230/8 109/233/8
f 129/234/57 128/232/57 110/235/57
f 130/236/56 129/234/57 111/237/57
f 131/238/8 130/236/56 112/239/56
f 132/240/57 131/238/8 113/241/8
f 124/226/56 132/240/57 114/242/8
f 133/243/58 134/244/59 116/245/60
f 134/244/59 135/246/61 117/247/62
f 135/246/61 136/248/63 118/249/64
f 136/248/63 137/250/65 119/251/66
f 137/252/65 138/253/67 120/254/68
f 138/253/67 139/255/69 121/256/70
f 139/255/69 140/257/71 122/258/72
f 140/257/71 141/259/73 123/260/74
f 141/259/73 133/261/58 115/262/75
f 143/263/76 142/264/77 124/265/78
f 144/266/79 143/263/76 125/267/80
f 145/268/81 144/269/79 126/270/82
f 146/271/83 145/268/81 127/272/84
f 147/273/85 146/271/83 128/274/86
f 148/275/87 147/276/85 129/277/88
f 149/278/89 148/275/87 130/279/90
f 150/280/91 149/278/89 131/281/92
f 142/264/77 150/282/91 132/283/93
f 195/284/3 189/15/4 199/12/5
f 26/46/9 18/33/9 152/30/9
f 34/285/10 26/46/11 153/29/11
f 42/73/15 34/60/10 154/57/10
f 50/286/16 42/73/15 155/56/15
f 58/100/20 50/87/16 156/84/16
f 66/111/22 58/100/23 157/83/23
f 74/287/25 66/111/22 158/98/22
f 10/288/29 74/124/25 159/121/25
f 204/289/3 202/290/4 201/14/4
f 196/291/3 190/18/6 202/290/4
f 165/292/9 163/293/9 162/32/9
f 27/48/94 19/36/9 163/293/9
f 167/294/10 165/292/11 164/31/11
f 35/295/10 27/48/11 165/292/11
f 169/296/15 167/297/10 166/59/10
f 43/75/13 35/63/10 167/297/10
f 171/298/16 169/296/15 168/58/15
f 51/299/16 43/75/17 169/296/15
f 173/300/20 171/301/16 170/86/16
f 59/102/20 51/90/16 171/301/16
f 175/302/22 173/300/23 172/85/23
f 67/113/22 59/102/23 173/300/23
f 177/303/27 175/302/22 174/99/22
f 75/304/27 67/113/22 175/302/22
f 161/305/29 177/306/28 176/123/29
f 11/307/30 75/127/29 177/306/28
f 197/308/3 191/21/4 205/17/6
f 28/50/9 20/39/9 179/35/9
f 36/309/10 28/50/11 180/34/11
f 44/77/13 36/66/10 181/62/10
f 52/310/16 44/77/17 182/61/17
f 60/104/20 52/93/16 183/89/16
f 68/115/22 60/104/23 184/88/23
f 76/311/95 68/115/22 185/101/22
f 12/312/29 76/130/28 186/126/28
f 193/313/96 187/314/97 8/315/55
f 238/316/98 237/317/98 227/318/98
f 187/319/99 188/320/100 9/321/101
f 243/322/98 238/316/98 228/323/98
f 188/320/100 199/324/100 151/325/100
f 244/326/102 239/327/98 229/328/98
f 189/329/99 201/330/103 160/331/104
f 246/332/98 240/333/98 230/334/98
f 190/335/99 205/336/99 178/337/99
f 242/338/98 241/339/98 231/340/98
f 192/341/8 198/342/8 21/343/8
f 191/344/100 192/345/99 13/346/99
f 239/327/98 243/322/98 233/347/98
f 199/324/100 189/329/99 10/348/99
f 245/349/98 244/326/102 234/350/98
f 201/330/103 202/351/100 161/352/100
f 240/333/98 245/349/98 235/353/98
f 202/351/100 190/335/99 11/354/99
f 241/339/98 246/332/98 236/355/98
f 205/336/99 191/344/100 12/356/100
f 208/357/105 207/358/106 16/359/107
f 217/360/108 218/361/109 194/8/3
f 207/362/2 217/363/2 193/313/2
f 213/364/105 208/357/105 17/365/107
f 218/361/109 223/366/110 200/11/3
f 214/367/105 209/368/105 18/369/107
f 219/370/110 224/371/109 203/13/3
f 216/372/111 210/373/111 19/374/107
f 220/375/110 226/376/109 206/16/3
f 212/377/112 211/378/105 20/379/107
f 222/380/8 212/381/8 21/343/8
f 221/382/109 222/383/113 198/19/7
f 209/368/105 213/364/105 152/384/107
f 223/366/110 219/370/110 195/284/3
f 215/385/111 214/367/105 162/386/107
f 224/371/109 225/387/109 204/289/3
f 210/373/111 215/385/111 163/388/107
f 225/387/109 220/375/110 196/291/3
f 211/378/105 216/372/111 179/389/107
f 226/376/109 221/382/109 197/308/3
f 228/390/114 227/391/115 207/358/106
f 237/392/116 238/393/117 218/361/109
f 227/394/118 237/395/118 217/363/118
f 233/396/114 228/390/114 208/357/105
f 238/393/117 243/397/117 223/366/110
f 234/398/114 229/399/119 209/368/105
f 239/400/117 244/401/120 224/371/109
f 236/402/115 230/403/115 210/373/111
f 240/404/117 246/405/117 226/376/109
f 232/406/114 231/407/114 211/378/105
f 242/408/121 232/409/122 212/381/121
f 241/410/123 242/411/124 222/383/113
f 229/399/119 233/396/114 213/364/105
f 243/397/117 239/400/117 219/370/110
f 235/412/114 234/398/114 214/367/105
f 244/401/120 245/413/116 225/387/109
f 230/403/115 235/412/114 215/385/111
f 245/413/116 240/404/117 220/375/110
f 231/407/114 236/402/115 216/372/111
f 246/405/117 241/410/123 221/382/109
f 193/414/3 194/8/3 187/10/4
f 194/8/3 200/11/3 188/9/4
f 195/284/3 203/13/3 189/15/4
f 196/291/3 206/16/3 190/18/6
f 197/308/3 198/19/7 191/21/4
f 24/43/9 25/26/9 16/28/9
f 25/26/9 153/29/9 17/27/9
f 26/46/9 164/31/9 18/33/9
f 27/48/94 180/34/9 19/36/9
f 28/50/9 29/37/9 20/39/9
f 32/415/14 33/42/10 24/43/11
f 33/42/10 154/44/10 25/26/11
f 34/285/10 166/45/10 26/46/11
f 35/295/10 181/47/10 27/48/11
f 36/309/10 37/49/12 28/50/11
f 40/70/13 41/53/13 32/55/14
f 41/53/13 155/56/15 33/54/10
f 42/73/15 168/58/15 34/60/10
f 43/75/13 182/61/13 35/63/10
f 44/77/13 45/64/13 36/66/10
f 48/416/21 49/69/16 40/70/17
f 49/69/16 156/71/16 41/53/17
f 50/286/16 170/72/16 42/73/15
f 51/299/16 183/74/16 43/75/17
f 52/310/16 53/76/18 44/77/17
f 56/97/20 57/80/20 48/82/21
f 57/80/20 157/83/20 49/81/16
f 58/100/20 172/85/20 50/87/16
f 59/102/20 184/88/20 51/90/16
f 60/104/20 61/91/20 52/93/16
f 64/108/26 65/96/22 56/97/23
f 65/96/22 158/98/22 57/80/23
f 66/111/22 174/99/22 58/100/23
f 67/113/22 185/101/22 59/102/23
f 68/115/22 69/103/24 60/104/23
f 72/417/95 73/107/25 64/108/26
f 73/107/25 159/109/25 65/96/22
f 74/287/25 176/110/27 66/111/22
f 75/304/27 186/112/27 67/113/22
f 76/311/95 77/114/27 68/115/22
f 8/418/29 9/117/28 72/119/29
f 9/117/28 151/120/29 73/118/25
f 10/288/29 160/122/30 74/124/25
f 11/307/30 178/125/29 75/127/29
f 12/312/29 13/128/28 76/130/28
f 7/148/2 79/131/2 15/133/2
f 15/133/2 80/132/2 23/135/2
f 23/135/2 81/134/2 31/137/2
f 31/137/2 82/136/2 39/139/2
f 39/139/2 83/138/2 47/141/2
f 47/141/2 84/140/2 55/143/2
f 55/143/2 85/142/2 63/145/2
f 63/145/2 86/144/2 71/147/2
f 71/147/2 87/146/2 7/148/2
f 22/153/8 89/149/8 14/151/8
f 30/155/8 90/152/8 22/153/8
f 38/157/8 91/154/8 30/155/8
f 46/159/8 92/156/8 38/157/8
f 54/161/8 93/158/8 46/159/8
f 62/163/8 94/160/8 54/161/8
f 70/165/8 95/162/8 62/163/8
f 78/166/8 96/164/8 70/165/8
f 14/151/8 88/150/8 78/166/8
f 79/419/16 97/167/16 80/169/31
f 80/169/32 98/168/32 81/171/34
f 81/171/34 99/170/33 82/173/22
f 82/173/35 100/172/35 83/175/37
f 83/420/37 101/176/36 84/178/39
f 84/178/39 102/177/38 85/180/41
f 85/180/42 103/179/42 86/182/44
f 86/182/44 104/181/43 87/184/46
f 87/184/125 105/183/47 79/186/15
f 89/191/31 107/187/49 88/189/16
f 90/193/33 108/190/34 89/191/32
f 91/195/22 109/192/22 90/193/33
f 92/421/50 110/194/37 91/195/25
f 93/200/52 111/196/39 92/198/50
f 94/202/51 112/199/51 93/200/52
f 95/204/43 113/201/53 94/202/42
f 96/206/54 114/203/54 95/204/43
f 88/422/126 106/205/15 96/206/15
f 97/224/2 115/207/2 98/209/2
f 98/209/2 116/208/2 99/211/2
f 99/211/2 117/210/2 100/213/2
f 100/213/2 118/212/2 101/215/2
f 101/215/2 119/214/2 102/217/2
f 102/217/2 120/216/2 103/219/2
f 103/219/2 121/218/55 104/221/2
f 104/221/2 122/220/2 105/223/2
f 105/223/2 123/222/2 97/224/2
f 107/229/8 125/225/8 106/227/56
f 108/231/8 126/228/8 107/229/8
f 109/233/8 127/230/8 108/231/8
f 110/235/57 128/232/57 109/233/8
f 111/237/57 129/234/57 110/235/57
f 112/239/56 130/236/56 111/237/57
f 113/241/8 131/238/8 112/239/56
f 114/242/8 132/240/57 113/241/8
f 106/227/56 124/226/56 114/242/8
f 115/423/75 133/243/58 116/245/60
f 116/245/60 134/244/59 117/247/62
f 117/247/62 135/246/61 118/249/64
f 118/249/64 136/248/63 119/251/66
f 119/424/66 137/252/65 120/254/68
f 120/254/68 138/253/67 121/256/70
f 121/256/70 139/255/69 122/258/72
f 122/258/72 140/257/71 123/260/74
f 123/260/74 141/259/73 115/262/75
f 125/267/80 143/263/76 124/265/78
f 126/425/82 144/266/79 125/267/80
f 127/272/84 145/268/81 126/270/82
f 128/274/86 146/271/83 127/272/84
f 129/426/88 147/273/85 128/274/86
f 130/279/90 148/275/87 129/277/88
f 131/281/92 149/278/89 130/279/90
f 132/427/93 150/280/91 131/281/92
f 124/265/78 142/264/77 132/283/93
f 200/11/3 195/284/3 199/12/5
f 153/29/9 26/46/9 152/30/9
f 154/44/10 34/285/10 153/29/11
f 155/56/15 42/73/15 154/57/10
f 156/71/16 50/286/16 155/56/15
f 157/83/20 58/100/20 156/84/16
f 158/98/22 66/111/22 157/83/23
f 159/109/25 74/287/25 158/98/22
f 151/120/29 10/288/29 159/121/25
f 203/13/3 204/289/3 201/14/4
f 204/289/3 196/291/3 202/290/4
f 164/31/9 165/292/9 162/32/9
f 165/292/9 27/48/94 163/293/9
f 166/45/10 167/294/10 164/31/11
f 167/294/10 35/295/10 165/292/11
f 168/58/15 169/296/15 166/59/10
f 169/296/15 43/75/13 167/297/10
f 170/72/16 171/298/16 168/58/15
f 171/298/16 51/299/16 169/296/15
f 172/85/20 173/300/20 170/86/16
f 173/300/20 59/102/20 171/301/16
f 174/99/22 175/302/22 172/85/23
f 175/302/22 67/113/22 173/300/23
f 176/110/27 177/303/27 174/99/22
f 177/303/27 75/304/27 175/302/22
f 160/122/30 161/305/29 176/123/29
f 161/305/29 11/307/30 177/306/28
f 206/16/3 197/308/3 205/17/6
f 180/34/9 28/50/9 179/35/9
f 181/47/10 36/309/10 180/34/11
f 182/61/13 44/77/13 181/62/10
f 183/74/16 52/310/16 182/61/17
f 184/88/20 60/104/20 183/89/16
f 185/101/22 68/115/22 184/88/23
f 186/112/27 76/311/95 185/101/22
f 178/125/29 12/312/29 186/126/28
f 16/428/96 193/313/96 8/315/55
f 228/323/98 238/316/98 227/318/98
f 8/429/99 187/319/99 9/321/101
f 233/347/98 243/322/98 228/323/98
f 9/321/101 188/320/100 151/325/100
f 234/350/98 244/326/102 229/328/98
f 10/348/99 189/329/99 160/331/104
f 236/355/98 246/332/98 230/334/98
f 11/354/99 190/335/99 178/337/99
f 232/430/98 242/338/98 231/340/98
f 13/431/8 192/341/8 21/343/8
f 12/356/100 191/344/100 13/346/99
f 229/328/98 239/327/98 233/347/98
f 151/325/100 199/324/100 10/348/99
f 235/353/98 245/349/98 234/350/98
f 160/331/104 201/330/103 161/352/100
f 230/334/98 240/333/98 235/353/98
f 161/352/100 202/351/100 11/354/99
f 231/340/98 241/339/98 236/355/98
f 178/337/99 205/336/99 12/356/100
f 17/365/107 208/357/105 16/359/107
f 193/414/3 217/360/108 194/8/3
f 16/428/2 207/362/2 193/313/2
f 152/384/107 213/364/105 17/365/107
f 194/8/3 218/361/109 200/11/3
f 162/386/107 214/367/105 18/369/107
f 195/284/3 219/370/110 203/13/3
f 179/389/107 216/372/111 19/374/107
f 196/291/3 220/375/110 206/16/3
f 21/432/107 212/377/112 20/379/107
f 198/342/8 222/380/8 21/343/8
f 197/308/3 221/382/109 198/19/7
f 18/369/107 209/368/105 152/384/107
f 200/11/3 223/366/110 195/284/3
f 163/388/107 215/385/111 162/386/107
f 203/13/3 224/371/109 204/289/3
f 19/374/107 210/373/111 163/388/107
f 204/289/3 225/387/109 196/291/3
f 20/379/107 211/378/105 179/389/107
f 206/16/3 226/376/109 197/308/3
f 208/357/105 228/390/114 207/358/106
f 217/360/108 237/392/116 218/361/109
f 207/362/127 227/394/118 217/363/118
f 213/364/105 233/396/114 208/357/105
f 218/361/109 238/393/117 223/366/110
f 214/367/105 234/398/114 209/368/105
f 219/370/110 239/400/117 224/371/109
f 216/372/111 236/402/115 210/373/111
f 220/375/110 240/404/117 226/376/109
f 212/377/112 232/406/114 211/378/105
f 222/380/128 242/408/121 212/381/121
f 221/382/109 241/410/123 222/383/113
f 209/368/105 229/399/119 213/364/105
f 223/366/110 243/397/117 219/370/110
f 215/385/111 235/412/114 214/367/105
f 224/371/109 244/401/120 225/387/109
f 210/373/111 230/403/115 215/385/111
f 225/387/109 245/413/116 220/375/110
f 211/378/105 231/407/114 216/372/111
f 226/376/109 246/405/117 221/382/109
f 536/930/378 535/931/379 523/932/380
f 537/933/381 536/930/378 524/934/382
f 538/935/383 537/936/381 525/937/384
f 539/938/385 538/935/383 526/939/386
f 540/940/387 539/938/385 527/941/388
f 541/942/389 540/943/387 528/944/390
f 542/945/391 541/942/389 529/946/392
f 543/947/393 542/945/391 530/948/394
f 544/949/395 543/947/393 531/950/396
f 545/951/397 544/952/395 532/953/398
f 546/954/399 545/951/397 533/955/400
f 535/931/379 546/954/399 534/956/401
f 548/957/402 547/958/403 535/931/379
f 549/959/404 548/960/402 536/961/378
f 550/962/405 549/959/404 537/963/381
f 551/964/406 550/962/405 538/965/383
f 552/966/407 551/964/406 539/967/385
f 553/968/408 552/966/407 540/969/387
f 554/970/409 553/971/408 541/942/389
f 555/972/410 554/973/409 542/974/391
f 556/975/411 555/972/410 543/976/393
f 557/977/412 556/975/411 544/978/395
f 558/979/413 557/977/412 545/980/397
f 547/981/403 558/979/413 546/982/399
f 522/983/17 547/981/403 548/960/402
f 522/983/17 548/960/402 549/959/404
f 522/983/17 549/959/404 550/962/405
f 522/983/17 550/962/405 551/964/406
f 522/983/17 551/964/406 552/966/407
f 522/983/17 552/966/407 553/968/408
f 522/983/17 553/968/408 554/973/409
f 522/983/17 554/973/409 555/972/410
f 522/983/17 555/972/410 556/975/411
f 522/983/17 556/975/411 557/977/412
f 522/983/17 557/977/412 558/979/413
f 522/983/17 558/979/413 547/981/403
f 573/984/414 572/985/415 560/986/416
f 574/987/417 573/984/414 561/988/418
f 575/989/419 574/987/417 562/990/420
f 576/991/421 575/992/419 563/993/422
f 577/994/423 576/991/421 564/995/424
f 578/996/425 577/994/423 565/997/426
f 579/998/427 578/999/425 566/1000/428
f 580/1001/429 579/998/427 567/1002/430
f 581/1003/431 580/1001/429 568/1004/432
f 582/1005/433 581/1006/431 569/1007/434
f 583/1008/435 582/1005/433 570/1009/436
f 572/1010/415 583/1008/435 571/1011/437
f 585/1012/438 584/1013/439 572/1014/415
f 586/1015/440 585/1016/438 573/984/414
f 587/1017/441 586/1018/440 574/1019/417
f 588/1020/442 587/1017/441 575/1021/419
f 589/1022/443 588/1023/442 576/991/421
f 590/1024/444 589/1025/443 577/1026/423
f 591/1027/445 590/1024/444 578/1028/425
f 592/1029/446 591/1030/445 579/998/427
f 593/1031/447 592/1032/446 580/1033/429
f 594/1034/448 593/1031/447 581/1035/431
f 595/1036/449 594/1037/448 582/1005/433
f 584/1013/439 595/1038/449 583/1039/435
f 559/1040/17 584/1013/439 585/1012/438
f 559/1040/17 585/1012/438 586/1018/440
f 559/1040/17 586/1018/440 587/1017/441
f 559/1040/17 587/1017/441 588/1020/442
f 559/1040/17 588/1020/442 589/1025/443
f 559/1040/17 589/1025/443 590/1024/444
f 559/1040/17 590/1024/444 591/1027/445
f 559/1040/17 591/1027/445 592/1032/446
f 559/1040/17 592/1032/446 593/1031/447
f 559/1040/17 593/1031/447 594/1034/448
f 559/1040/17 594/1034/448 595/1038/449
f 559/1040/17 595/1038/449 584/1013/439
f 610/1041/450 609/1042/451 597/1043/452
f 611/1044/453 610/1045/450 598/1046/454
f 612/1047/455 611/1044/453 599/1048/456
f 613/1049/457 612/1047/455 600/1050/458
f 614/1051/459 613/1052/457 601/1053/460
f 615/1054/461 614/1051/459 602/1055/462
f 616/1056/463 615/1054/461 603/1057/464
f 617/1058/465 616/1059/463 604/1060/466
f 618/1061/467 617/1058/465 605/1062/468
f 619/1063/469 618/1061/467 606/1064/470
f 620/1065/471 619/1066/469 607/1067/472
f 609/1042/451 620/1065/471 608/1068/473
f 622/1069/474 621/1070/475 609/1071/451
f 623/1072/476 622/1069/474 610/1073/450
f 624/1074/477 623/1075/476 611/1044/453
f 625/1076/478 624/1077/477 612/1078/455
f 626/1079/479 625/1076/478 613/1080/457
f 627/1081/480 626/1082/479 614/1051/459
f 628/1083/481 627/1084/480 615/1085/461
f 629/1086/482 628/1083/481 616/1087/463
f 630/1088/483 629/1089/482 617/1058/465
f 631/1090/484 630/1091/483 618/1092/467
f 632/1093/485 631/1090/484 619/1094/469
f 621/1095/475 632/1096/485 620/1065/471
f 596/1097/17 621/1070/475 622/1069/474
f 596/1097/17 622/1069/474 623/1072/476
f 596/1097/17 623/1072/476 624/1077/477
f 596/1097/17 624/1077/477 625/1076/478
f 596/1097/17 625/1076/478 626/1079/479
f 596/1097/17 626/1079/479 627/1084/480
f 596/1097/17 627/1084/480 628/1083/481
f 596/1097/17 628/1083/481 629/1086/482
f 596/1097/17 629/1086/482 630/1091/483
f 596/1097/17 630/1091/483 631/1090/484
f 596/1097/17 631/1090/484 632/1093/485
f 596/1097/17 632/1093/485 621/1070/475
f 647/1098/486 646/1099/487 634/1100/488
f 648/1101/489 647/1102/486 635/1103/490
f 649/1104/491 648/1101/489 636/1105/492
f 650/1106/493 649/1104/491 637/1107/494
f 651/1108/495 650/1109/493 638/1110/496
f 652/1111/497 651/1108/495 639/1112/498
f 653/1113/499 652/1111/497 640/1114/500
f 654/1115/501 653/1116/499 641/1117/502
f 655/1118/503 654/1115/501 642/1119/504
f 656/1120/505 655/1118/503 643/1121/506
f 657/1122/507 656/1123/505 644/1124/508
f 646/1099/487 657/1122/507 645/1125/509
f 659/1126/510 658/1127/511 646/1128/487
f 660/1129/512 659/1126/510 647/1130/486
f 661/1131/513 660/1132/512 648/1101/489
f 662/1133/514 661/1134/513 649/1135/491
f 663/1136/515 662/1133/514 650/1137/493
f 664/1138/516 663/1139/515 651/1108/495
f 665/1140/517 664/1141/516 652/1142/497
f 666/1143/518 665/1140/517 653/1144/499
f 667/1145/519 666/1146/518 654/1115/501
f 668/1147/520 667/1148/519 655/1149/503
f 669/1150/521 668/1147/520 656/1151/505
f 658/1152/511 669/1153/521 657/1122/507
f 633/1154/17 658/1127/511 659/1126/510
f 633/1154/17 659/1126/510 660/1129/512
f 633/1154/17 660/1129/512 661/1134/513
f 633/1154/17 661/1134/513 662/1133/514
f 633/1154/17 662/1133/514 663/1136/515
f 633/1154/17 663/1136/515 664/1141/516
f 633/1154/17 664/1141/516 665/1140/517
f 633/1154/17 665/1140/517 666/1143/518
f 633/1154/17 666/1143/518 667/1148/519
f 633/1154/17 667/1148/519 668/1147/520
f 633/1154/17 668/1147/520 669/1150/521
f 633/1154/17 669/1150/521 658/1127/511
f 684/1155/522 683/1156/523 671/1157/524
f 685/1158/525 684/1155/522 672/1159/526
f 686/1160/527 685/1158/525 673/1161/528
f 687/1162/529 686/1163/527 674/1164/530
f 688/1165/531 687/1162/529 675/1166/532
f 689/1167/533 688/1165/531 676/1168/534
f 690/1169/535 689/1170/533 677/1171/536
f 691/1172/537 690/1169/535 678/1173/538
f 692/1174/539 691/1172/537 679/1175/540
f 693/1176/541 692/1177/539 680/1178/542
f 694/1179/543 693/1176/541 681/1180/544
f 683/1181/523 694/1179/543 682/1182/545
f 696/1183/546 695/1184/547 683/1185/523
f 697/1186/548 696/1187/546 684/1155/522
f 698/1188/549 697/1189/548 685/1190/525
f 699/1191/550 698/1188/549 686/1192/527
f 700/1193/551 699/1194/550 687/1162/529
f 701/1195/552 700/1196/551 688/1197/531
f 702/1198/553 701/1195/552 689/1199/533
f 703/1200/554 702/1201/553 690/1169/535
f 704/1202/555 703/1203/554 691/1204/537
f 705/1205/556 704/1202/555 692/1206/539
f 706/1207/557 705/1208/556 693/1176/541
f 695/1184/547 706/1209/557 694/1210/543
f 670/1211/136 695/1184/547 696/1183/546
f 670/1211/136 696/1183/546 697/1189/548
f 670/1211/136 697/1189/548 698/1188/549
f 670/1211/136 698/1188/549 699/1191/550
f 670/1211/136 699/1191/550 700/1196/551
f 670/1211/136 700/1196/551 701/1195/552
f 670/1211/136 701/1195/552 702/1198/553
f 670/1211/136 702/1198/553 703/1203/554
f 670/1211/136 703/1203/554 704/1202/555
f 670/1211/136 704/1202/555 705/1205/556
f 670/1211/136 705/1205/556 706/1209/557
f 670/1211/136 706/1209/557 695/1184/547
f 721/1212/558 720/1213/559 708/1214/560
f 722/1215/561 721/1212/558 709/1216/562
f 723/1217/563 722/1218/561 710/1219/564
f 724/1220/565 723/1217/563 711/1221/566
f 725/1222/567 724/1220/565 712/1223/568
f 726/1224/569 725/1225/567 713/1226/570
f 727/1227/571 726/1224/569 714/1228/572
f 728/1229/573 727/1227/571 715/1230/574
f 729/1231/575 728/1232/573 716/1233/576
f 730/1234/577 729/1231/575 717/1235/578
f 731/1236/579 730/1234/577 718/1237/580
f 720/1213/559 731/1238/579 719/1239/581
f 733/1240/582 732/1241/583 720/1213/559
f 734/1242/584 733/1243/582 721/1244/558
f 735/1245/585 734/1242/584 722/1246/561
f 736/1247/586 735/1248/585 723/1217/563
f 737/1249/587 736/1250/586 724/1251/565
f 738/1252/588 737/1249/587 725/1253/567
f 739/1254/589 738/1255/588 726/1224/569
f 740/1256/590 739/1257/589 727/1258/571
f 741/1259/591 740/1256/590 728/1260/573
f 742/1261/592 741/1262/591 729/1231/575
f 743/1263/593 742/1264/592 730/1265/577
f 732/1266/583 743/1263/593 731/1267/579
f 707/1268/17 732/1266/583 733/1243/582
f 707/1268/17 733/1243/582 734/1242/584
f 707/1268/17 734/1242/584 735/1245/585
f 707/1268/17 735/1245/585 736/1250/586
f 707/1268/17 736/1250/586 737/1249/587
f 707/1268/17 737/1249/587 738/1252/588
f 707/1268/17 738/1252/588 739/1257/589
f 707/1268/17 739/1257/589 740/1256/590
f 707/1268/17 740/1256/590 741/1259/591
f 707/1268/17 741/1259/591 742/1264/592
f 707/1268/17 742/1264/592 743/1263/593
f 707/1268/17 743/1263/593 732/1266/583
f 758/1269/594 757/1270/595 745/1271/596
f 759/1272/597 758/1269/594 746/1273/598
f 760/1274/599 759/1272/597 747/1275/600
f 761/1276/601 760/1277/599 748/1278/602
f 762/1279/603 761/1276/601 749/1280/604
f 763/1281/605 762/1279/603 750/1282/606
f 764/1283/607 763/1284/605 751/1285/608
f 765/1286/609 764/1283/607 752/1287/610
f 766/1288/611 765/1286/609 753/1289/612
f 767/1290/613 766/1291/611 754/1292/614
f 768/1293/615 767/1290/613 755/1294/616
f 757/1295/595 768/1293/615 756/1296/617
f 770/1297/618 769/1298/619 757/1299/595
f 771/1300/620 770/1301/618 758/1269/594
f 772/1302/621 771/1303/620 759/1304/597
f 773/1305/622 772/1302/621 760/1306/599
f 774/1307/623 773/1308/622 761/1276/601
f 775/1309/624 774/1310/623 762/1311/603
f 776/1312/625 775/1309/624 763/1313/605
f 777/1314/626 776/1315/625 764/1283/607
f 778/1316/627 777/1317/626 765/1318/609
f 779/1319/628 778/1316/627 766/1320/611
f 780/1321/629 779/1322/628 767/1290/613
f 769/1298/619 780/1323/629 768/1324/615
f 744/1325/17 769/1298/619 770/1297/618
f 744/1325/17 770/1297/618 771/1303/620
f 744/1325/17 771/1303/620 772/1302/621
f 744/1325/17 772/1302/621 773/1305/622
f 744/1325/17 773/1305/622 774/1310/623
f 744/1325/17 774/1310/623 775/1309/624
f 744/1325/17 775/1309/624 776/1312/625
f 744/1325/17 776/1312/625 777/1317/626
f 744/1325/17 777/1317/626 778/1316/627
f 744/1325/17 778/1316/627 779/1319/628
f 744/1325/17 779/1319/628 780/1323/629
f 744/1325/17 780/1323/629 769/1298/619
f 524/934/382 536/930/378 523/932/380
f 525/1326/384 537/933/381 524/934/382
f 526/939/386 538/935/383 525/937/384
f 527/941/388 539/938/385 526/939/386
f 528/1327/390 540/940/387 527/941/388
f 529/946/392 541/942/389 528/944/390
f 530/948/394 542/945/391 529/946/392
f 531/950/396 543/947/393 530/948/394
f 532/1328/398 544/949/395 531/950/396
f 533/955/400 545/951/397 532/953/398
f 534/956/401 546/954/399 533/955/400
f 523/932/380 535/931/379 534/956/401
f 536/930/378 548/957/402 535/931/379
f 537/963/381 549/959/404 536/961/378
f 538/965/383 550/962/405 537/963/381
f 539/967/385 551/964/406 538/965/383
f 540/969/387 552/966/407 539/967/385
f 541/1329/389 553/968/408 540/969/387
f 542/945/391 554/970/409 541/942/389
f 543/976/393 555/972/410 542/974/391
f 544/978/395 556/975/411 543/976/393
f 545/980/397 557/977/412 544/978/395
f 546/982/399 558/979/413 545/980/397
f 535/1330/379 547/981/403 546/982/399
f 561/988/418 573/984/414 560/986/416
f 562/990/420 574/987/417 561/988/418
f 563/1331/422 575/989/419 562/990/420
f 564/995/424 576/991/421 563/993/422
f 565/997/426 577/994/423 564/995/424
f 566/1332/428 578/996/425 565/997/426
f 567/1002/430 579/998/427 566/1000/428
f 568/1004/432 580/1001/429 567/1002/430
f 569/1333/434 581/1003/431 568/1004/432
f 570/1009/436 582/1005/433 569/1007/434
f 571/1011/437 583/1008/435 570/1009/436
f 560/1334/416 572/1010/415 571/1011/437
f 573/1335/414 585/1012/438 572/1014/415
f 574/987/417 586/1015/440 573/984/414
f 575/1021/419 587/1017/441 574/1019/417
f 576/1336/421 588/1020/442 575/1021/419
f 577/994/423 589/1022/443 576/991/421
f 578/1028/425 590/1024/444 577/1026/423
f 579/1337/427 591/1027/445 578/1028/425
f 580/1001/429 592/1029/446 579/998/427
f 581/1035/431 593/1031/447 580/1033/429
f 582/1338/433 594/1034/448 581/1035/431
f 583/1008/435 595/1036/449 582/1005/433
f 572/1014/415 584/1013/439 583/1039/435
f 598/1339/454 610/1041/450 597/1043/452
f 599/1048/456 611/1044/453 598/1046/454
f 600/1050/458 612/1047/455 599/1048/456
f 601/1340/460 613/1049/457 600/1050/458
f 602/1055/462 614/1051/459 601/1053/460
f 603/1057/464 615/1054/461 602/1055/462
f 604/1341/466 616/1056/463 603/1057/464
f 605/1062/468 617/1058/465 604/1060/466
f 606/1064/470 618/1061/467 605/1062/468
f 607/1342/472 619/1063/469 606/1064/470
f 608/1068/473 620/1065/471 607/1067/472
f 597/1043/452 609/1042/451 608/1068/473
f 610/1073/450 622/1069/474 609/1071/451
f 611/1343/453 623/1072/476 610/1073/450
f 612/1047/455 624/1074/477 611/1044/453
f 613/1080/457 625/1076/478 612/1078/455
f 614/1344/459 626/1079/479 613/1080/457
f 615/1054/461 627/1081/480 614/1051/459
f 616/1087/463 628/1083/481 615/1085/461
f 617/1345/465 629/1086/482 616/1087/463
f 618/1061/467 630/1088/483 617/1058/465
f 619/1094/469 631/1090/484 618/1092/467
f 620/1346/471 632/1093/485 619/1094/469
f 609/1042/451 621/1095/475 620/1065/471
f 635/1347/490 647/1098/486 634/1100/488
f 636/1105/492 648/1101/489 635/1103/490
f 637/1107/494 649/1104/491 636/1105/492
f 638/1348/496 650/1106/493 637/1107/494
f 639/1112/498 651/1108/495 638/1110/496
f 640/1114/500 652/1111/497 639/1112/498
f 641/1349/502 653/1113/499 640/1114/500
f 642/1119/504 654/1115/501 641/1117/502
f 643/1121/506 655/1118/503 642/1119/504
f 644/1350/508 656/1120/505 643/1121/506
f 645/1125/509 657/1122/507 644/1124/508
f 634/1100/488 646/1099/487 645/1125/509
f 647/1130/486 659/1126/510 646/1128/487
f 648/1351/489 660/1129/512 647/1130/486
f 649/1104/491 661/1131/513 648/1101/489
f 650/1137/493 662/1133/514 649/1135/491
f 651/1352/495 663/1136/515 650/1137/493
f 652/1111/497 664/1138/516 651/1108/495
f 653/1144/499 665/1140/517 652/1142/497
f 654/1353/501 666/1143/518 653/1144/499
f 655/1118/503 667/1145/519 654/1115/501
f 656/1151/505 668/1147/520 655/1149/503
f 657/1354/507 669/1150/521 656/1151/505
f 646/1099/487 658/1152/511 657/1122/507
f 672/1159/526 684/1155/522 671/1157/524
f 673/1161/528 685/1158/525 672/1159/526
f 674/1355/530 686/1160/527 673/1161/528
f 675/1166/532 687/1162/529 674/1164/530
f 676/1168/534 688/1165/531 675/1166/532
f 677/1356/536 689/1167/533 676/1168/534
f 678/1173/538 690/1169/535 677/1171/536
f 679/1175/540 691/1172/537 678/1173/538
f 680/1357/542 692/1174/539 679/1175/540
f 681/1180/544 693/1176/541 680/1178/542
f 682/1182/545 694/1179/543 681/1180/544
f 671/1358/524 683/1181/523 682/1182/545
f 684/1359/522 696/1183/546 683/1185/523
f 685/1158/525 697/1186/548 684/1155/522
f 686/1192/527 698/1188/549 685/1190/525
f 687/1360/529 699/1191/550 686/1192/527
f 688/1165/531 700/1193/551 687/1162/529
f 689/1199/533 701/1195/552 688/1197/531
f 690/1361/535 702/1198/553 689/1199/533
f 691/1172/537 703/1200/554 690/1169/535
f 692/1206/539 704/1202/555 691/1204/537
f 693/1362/541 705/1205/556 692/1206/539
f 694/1179/543 706/1207/557 693/1176/541
f 683/1185/523 695/1184/547 694/1210/543
f 709/1216/562 721/1212/558 708/1214/560
f 710/1363/564 722/1215/561 709/1216/562
f 711/1221/566 723/1217/563 710/1219/564
f 712/1223/568 724/1220/565 711/1221/566
f 713/1364/570 725/1222/567 712/1223/568
f 714/1228/572 726/1224/569 713/1226/570
f 715/1230/574 727/1227/571 714/1228/572
f 716/1365/576 728/1229/573 715/1230/574
f 717/1235/578 729/1231/575 716/1233/576
f 718/1237/580 730/1234/577 717/1235/578
f 719/1366/581 731/1236/579 718/1237/580
f 708/1214/560 720/1213/559 719/1239/581
f 721/1212/558 733/1240/582 720/1213/559
f 722/1246/561 734/1242/584 721/1244/558
f 723/1367/563 735/1245/585 722/1246/561
f 724/1220/565 736/1247/586 723/1217/563
f 725/1253/567 737/1249/587 724/1251/565
f 726/1368/569 738/1252/588 725/1253/567
f 727/1227/571 739/1254/589 726/1224/569
f 728/1260/573 740/1256/590 727/1258/571
f 729/1369/575 741/1259/591 728/1260/573
f 730/1234/577 742/1261/592 729/1231/575
f 731/1267/579 743/1263/593 730/1265/577
f 720/1370/559 732/1266/583 731/1267/579
f 746/1273/598 758/1269/594 745/1271/596
f 747/1275/600 759/1272/597 746/1273/598
f 748/1371/602 760/1274/599 747/1275/600
f 749/1280/604 761/1276/601 748/1278/602
f 750/1282/606 762/1279/603 749/1280/604
f 751/1372/608 763/1281/605 750/1282/606
f 752/1287/610 764/1283/607 751/1285/608
f 753/1289/612 765/1286/609 752/1287/610
f 754/1373/614 766/1288/611 753/1289/612
f 755/1294/616 767/1290/613 754/1292/614
f 756/1296/617 768/1293/615 755/1294/616
f 745/1374/596 757/1295/595 756/1296/617
f 758/1375/594 770/1297/618 757/1299/595
f 759/1272/597 771/1300/620 758/1269/594
f 760/1306/599 772/1302/621 759/1304/597
f 761/1376/601 773/1305/622 760/1306/599
f 762/1279/603 774/1307/623 761/1276/601
f 763/1313/605 775/1309/624 762/1311/603
f 764/1377/607 776/1312/625 763/1313/605
f 765/1286/609 777/1314/626 764/1283/607
f 766/1320/611 778/1316/627 765/1318/609
f 767/1378/613 779/1319/628 766/1320/611
f 768/1293/615 780/1321/629 767/1290/613
f 757/1299/595 769/1298/619 768/1324/615
f 1723/3074/1605 1717/3075/1605 1715/3076/1605
f 1725/3077/1606 1719/3078/1607 1718/3079/1608
f 1726/3080/1609 1720/3081/1610 1719/3078/1607
f 1727/3082/1611 1721/3083/1612 1720/3084/1613
f 1728/3085/1614 1716/3086/1614 1722/3087/1614
f 1729/3088/1605 1723/3074/1605 1715/3076/1605
f 1731/3089/1615 1725/3077/1606 1724/3090/1616
f 1732/3091/1617 1726/3080/1609 1725/3077/1606
f 1733/3092/1618 1727/3082/1611 1726/3093/1619
f 1734/3094/1614 1716/3086/1614 1728/3085/1614
f 1735/3095/1605 1729/3088/1605 1715/3076/1605
f 1737/3096/1620 1731/3097/1615 1730/3098/1621
f 1738/3099/1622 1732/3100/1617 1731/3097/1615
f 1739/3101/1623 1733/3092/1618 1732/3102/1624
f 1740/3103/1614 1716/3086/1614 1734/3094/1614
f 1741/3104/1605 1735/3095/1605 1715/3076/1605
f 1743/3105/1625 1737/3096/1620 1736/3106/1626
f 1744/3107/1627 1738/3099/1622 1737/3096/1620
f 1745/3108/1628 1739/3101/1623 1738/3109/1629
f 1746/3110/1614 1716/3086/1614 1740/3103/1614
f 1747/3111/1605 1741/3104/1605 1715/3076/1605
f 1749/3112/1630 1743/3105/1625 1742/3113/1631
f 1750/3114/1632 1744/3107/1627 1743/3105/1625
f 1751/3115/1633 1745/3108/1628 1744/3116/1634
f 1752/3117/1614 1716/3086/1614 1746/3110/1614
f 1753/3118/1605 1747/3111/1605 1715/3076/1605
f 1755/3119/1635 1749/3112/1630 1748/3120/1636
f 1756/3121/1637 1750/3114/1632 1749/3112/1630
f 1757/3122/1638 1751/3115/1633 1750/3123/1639
f 1758/3124/1614 1716/3086/1614 1752/3117/1614
f 1759/3125/1605 1753/3118/1605 1715/3076/1605
f 1761/3126/1640 1755/3119/1635 1754/3127/1641
f 1762/3128/1642 1756/3121/1637 1755/3119/1635
f 1763/3129/1643 1757/3122/1638 1756/3130/1644
f 1764/3131/1614 1716/3086/1614 1758/3124/1614
f 1765/3132/1605 1759/3125/1605 1715/3076/1605
f 1767/3133/1645 1761/3134/1640 1760/3135/1646
f 1768/3136/1647 1762/3137/1642 1761/3134/1640
f 1769/3138/1648 1763/3129/1643 1762/3139/1649
f 1770/3140/1614 1716/3086/1614 1764/3131/1614
f 1771/3141/1605 1765/3132/1605 1715/3076/1605
f 1773/3142/1650 1767/3133/1645 1766/3143/1651
f 1774/3144/1652 1768/3136/1647 1767/3133/1645
f 1775/3145/1653 1769/3138/1648 1768/3146/1654
f 1776/3147/1614 1716/3086/1614 1770/3140/1614
f 1777/3148/1605 1771/3141/1605 1715/3076/1605
f 1779/3149/1655 1773/3142/1650 1772/3150/1656
f 1780/3151/1657 1774/3144/1652 1773/3142/1650
f 1781/3152/1658 1775/3145/1653 1774/3153/1659
f 1782/3154/1614 1716/3086/1614 1776/3147/1614
f 1783/3155/1605 1777/3148/1605 1715/3076/1605
f 1785/3156/1660 1779/3149/1655 1778/3157/1661
f 1786/3158/1662 1780/3151/1657 1779/3149/1655
f 1787/3159/1663 1781/3152/1658 1780/3160/1664
f 1788/3161/1614 1716/3086/1614 1782/3154/1614
f 1789/3162/1605 1783/3155/1605 1715/3076/1605
f 1791/3163/1665 1785/3164/1660 1784/3165/1666
f 1792/3166/1667 1786/3167/1662 1785/3164/1660
f 1793/3168/1668 1787/3159/1663 1786/3169/1669
f 1794/3170/1614 1716/3086/1614 1788/3161/1614
f 1795/3171/1605 1789/3162/1605 1715/3076/1605
f 1797/3172/1670 1791/3163/1665 1790/3173/1671
f 1798/3174/1672 1792/3166/1667 1791/3163/1665
f 1799/3175/1673 1793/3168/1668 1792/3176/1674
f 1800/3177/1614 1716/3086/1614 1794/3170/1614
f 1801/3178/1605 1795/3171/1605 1715/3076/1605
f 1803/3179/1675 1797/3172/1670 1796/3180/1676
f 1804/3181/1677 1798/3174/1672 1797/3172/1670
f 1805/3182/1678 1799/3175/1673 1798/3183/1679
f 1806/3184/1614 1716/3086/1614 1800/3177/1614
f 1807/3185/1605 1801/3178/1605 1715/3076/1605
f 1809/3186/1680 1803/3179/1675 1802/3187/1681
f 1810/3188/1682 1804/3181/1677 1803/3179/1675
f 1811/3189/1683 1805/3182/1678 1804/3190/1684
f 1812/3191/1614 1716/3086/1614 1806/3184/1614
f 1813/3192/1605 1807/3185/1605 1715/3076/1605
f 1815/3193/1685 1809/3186/1680 1808/3194/1686
f 1816/3195/1687 1810/3188/1682 1809/3186/1680
f 1817/3196/1688 1811/3189/1683 1810/3197/1689
f 1818/3198/1614 1716/3086/1614 1812/3191/1614
f 1819/3199/1605 1813/3192/1605 1715/3076/1605
f 1821/3200/1690 1815/3201/1685 1814/3202/1691
f 1822/3203/1692 1816/3204/1687 1815/3201/1685
f 1823/3205/1693 1817/3196/1688 1816/3206/1694
f 1824/3207/1614 1716/3086/1614 1818/3198/1614
f 1717/3075/1605 1819/3199/1605 1715/3076/1605
f 1719/3078/1607 1821/3200/1690 1820/3208/1695
f 1720/3081/1610 1822/3203/1692 1821/3200/1690
f 1721/3083/1612 1823/3205/1693 1822/3209/1696
f 1722/3087/1614 1716/3086/1614 1824/3207/1614
f 1724/3090/1616 1725/3077/1606 1718/3079/1608
f 1725/3077/1606 1726/3080/1609 1719/3078/1607
f 1726/3093/1619 1727/3082/1611 1720/3084/1613
f 1730/3210/1621 1731/3089/1615 1724/3090/1616
f 1731/3089/1615 1732/3091/1617 1725/3077/1606
f 1732/3102/1624 1733/3092/1618 1726/3093/1619
f 1736/3106/1626 1737/3096/1620 1730/3098/1621
f 1737/3096/1620 1738/3099/1622 1731/3097/1615
f 1738/3109/1629 1739/3101/1623 1732/3102/1624
f 1742/3113/1631 1743/3105/1625 1736/3106/1626
f 1743/3105/1625 1744/3107/1627 1737/3096/1620
f 1744/3116/1634 1745/3108/1628 1738/3109/1629
f 1748/3120/1636 1749/3112/1630 1742/3113/1631
f 1749/3112/1630 1750/3114/1632 1743/3105/1625
f 1750/3123/1639 1751/3115/1633 1744/3116/1634
f 1754/3127/1641 1755/3119/1635 1748/3120/1636
f 1755/3119/1635 1756/3121/1637 1749/3112/1630
f 1756/3130/1644 1757/3122/1638 1750/3123/1639
f 1760/3211/1646 1761/3126/1640 1754/3127/1641
f 1761/3126/1640 1762/3128/1642 1755/3119/1635
f 1762/3139/1649 1763/3129/1643 1756/3130/1644
f 1766/3143/1651 1767/3133/1645 1760/3135/1646
f 1767/3133/1645 1768/3136/1647 1761/3134/1640
f 1768/3146/1654 1769/3138/1648 1762/3139/1649
f 1772/3150/1656 1773/3142/1650 1766/3143/1651
f 1773/3142/1650 1774/3144/1652 1767/3133/1645
f 1774/3153/1659 1775/3145/1653 1768/3146/1654
f 1778/3157/1661 1779/3149/1655 1772/3150/1656
f 1779/3149/1655 1780/3151/1657 1773/3142/1650
f 1780/3160/1664 1781/3152/1658 1774/3153/1659
f 1784/3212/1666 1785/3156/1660 1778/3157/1661
f 1785/3156/1660 1786/3158/1662 1779/3149/1655
f 1786/3169/1669 1787/3159/1663 1780/3160/1664
f 1790/3173/1671 1791/3163/1665 1784/3165/1666
f 1791/3163/1665 1792/3166/1667 1785/3164/1660
f 1792/3176/1674 1793/3168/1668 1786/3169/1669
f 1796/3180/1676 1797/3172/1670 1790/3173/1671
f 1797/3172/1670 1798/3174/1672 1791/3163/1665
f 1798/3183/1679 1799/3175/1673 1792/3176/1674
f 1802/3187/1681 1803/3179/1675 1796/3180/1676
f 1803/3179/1675 1804/3181/1677 1797/3172/1670
f 1804/3190/1684 1805/3182/1678 1798/3183/1679
f 1808/3194/1686 1809/3186/1680 1802/3187/1681
f 1809/3186/1680 1810/3188/1682 1803/3179/1675
f 1810/3197/1689 1811/3189/1683 1804/3190/1684
f 1814/3213/1691 1815/3193/1685 1808/3194/1686
f 1815/3193/1685 1816/3195/1687 1809/3186/1680
f 1816/3206/1694 1817/3196/1688 1810/3197/1689
f 1820/3208/1695 1821/3200/1690 1814/3202/1691
f 1821/3200/1690 1822/3203/1692 1815/3201/1685
f 1822/3209/1696 1823/3205/1693 1816/3206/1694
f 1718/3079/1608 1719/3078/1607 1820/3208/1695
f 1719/3078/1607 1720/3081/1610 1821/3200/1690
f 1720/3084/1613 1721/3083/1612 1822/3209/1696
g Library4_Material.006
usemtl Material.006
f 336/433/2 253/434/2 252/435/2
f 454/436/129 453/437/129 247/438/129
f 456/439/129 454/436/129 250/440/129
f 461/441/129 456/439/129 251/442/129
f 336/433/2 309/443/2 253/434/2
f 269/444/130 255/445/130 248/446/130
f 462/447/8 461/448/8 254/449/8
f 463/450/8 462/447/8 257/451/8
f 463/450/8 258/452/8 259/453/8
f 472/454/8 467/455/8 498/456/8
f 468/457/131 472/458/131 260/459/131
f 473/460/131 468/457/131 261/461/131
f 474/462/131 473/460/131 262/463/131
f 464/464/131 474/462/131 263/465/131
f 477/466/131 464/464/131 264/467/131
f 499/468/2 475/469/2 477/470/2
f 481/471/2 499/468/2 266/472/2
f 452/473/2 481/471/2 267/474/2
f 453/475/2 452/473/2 268/476/2
f 256/477/132 270/478/132 253/479/132
f 249/480/8 305/481/8 334/482/8
f 275/483/17 271/484/17 487/485/17
f 279/486/17 275/483/17 455/487/17
f 283/488/17 279/486/17 457/489/17
f 316/490/17 313/491/19 314/492/17
f 318/493/17 316/490/17 315/494/17
f 320/495/17 318/493/17 317/496/17
f 322/497/17 320/495/17 319/498/17
f 312/499/17 322/497/17 321/500/17
f 273/501/17 483/502/17 449/503/17
f 277/504/17 273/501/17 272/505/17
f 281/506/17 277/504/17 276/507/17
f 285/508/17 281/506/17 280/509/17
f 465/510/17 285/508/17 284/511/17
f 274/512/17 480/513/17 483/502/17
f 342/514/133 401/515/133 333/516/133
f 402/517/133 342/514/133 333/516/133
f 333/516/133 401/515/133 400/518/133
f 403/519/133 402/517/133 333/516/133
f 331/520/133 400/518/133 399/521/133
f 331/520/133 399/521/133 398/522/133
f 339/523/133 403/519/133 333/516/133
f 331/520/133 398/522/133 397/524/133
f 331/520/133 397/524/133 396/525/133
f 391/526/133 390/527/133 334/528/133
f 340/529/133 391/526/133 334/528/133
f 392/530/133 340/529/133 334/528/133
f 332/531/133 395/532/133 394/533/133
f 332/531/133 394/533/133 341/534/133
f 392/530/133 334/528/133 332/531/133
f 332/531/133 341/534/133 393/535/133
f 309/536/133 305/537/133 249/538/133
f 348/539/133 411/540/133 337/541/133
f 335/542/133 337/541/133 411/540/133
f 410/543/133 348/539/133 337/541/133
f 409/544/133 410/543/133 337/541/133
f 335/542/133 349/545/133 350/546/133
f 335/542/133 350/546/133 412/547/133
f 408/548/133 409/544/133 337/541/133
f 335/542/133 412/547/133 351/549/133
f 335/542/133 351/549/133 344/550/133
f 346/551/133 347/552/133 338/553/133
f 345/554/133 346/551/133 338/553/133
f 509/555/133 407/556/133 345/554/133
f 336/557/133 343/558/133 404/559/133
f 336/557/133 404/559/133 405/560/133
f 509/555/133 338/553/133 336/557/133
f 336/557/133 405/560/133 406/561/133
f 470/562/17 286/563/17 285/508/17
f 478/564/17 480/513/17 504/565/17
f 516/566/17 504/565/17 274/512/17
f 506/567/134 505/568/135 278/569/136
f 513/570/17 508/571/17 511/572/17
f 470/562/17 507/573/17 286/563/17
f 287/574/137 266/575/137 265/576/137
f 291/577/137 287/574/137 264/578/137
f 293/579/137 291/577/137 263/580/137
f 295/581/137 293/579/137 262/582/137
f 259/583/137 295/581/137 261/584/137
f 288/585/137 267/586/137 266/575/137
f 514/587/138 510/588/139 511/572/140
f 517/589/141 520/590/142 521/591/142
f 505/568/135 476/592/142 520/590/142
f 258/593/137 296/594/137 295/581/137
f 289/595/137 268/596/137 267/586/137
f 511/572/17 508/571/17 515/597/17
f 515/597/143 471/598/144 450/599/144
f 513/570/145 512/600/146 330/601/147
f 257/602/137 297/603/137 296/594/137
f 290/604/137 247/605/137 268/596/137
f 406/561/133 407/556/133 509/555/133
f 518/606/148 274/512/148 324/607/146
f 519/608/149 518/606/148 324/607/146
f 254/609/137 298/610/137 297/603/137
f 303/611/133 307/612/133 252/613/133
f 250/614/137 247/605/137 290/604/137
f 251/615/137 250/614/137 292/616/137
f 489/617/137 251/615/137 294/618/137
f 270/619/133 256/620/133 255/621/133
f 328/622/150 330/601/147 512/600/146
f 301/623/17 304/624/17 272/505/17
f 302/625/17 301/623/17 449/503/17
f 252/435/2 307/626/2 335/627/2
f 304/624/17 306/628/17 276/507/17
f 305/629/130 309/630/130 336/631/151
f 306/628/17 308/632/17 280/509/17
f 248/633/8 334/482/8 333/634/8
f 308/632/17 310/635/17 284/511/17
f 458/636/17 299/637/136 283/488/17
f 300/638/17 299/637/136 458/636/17
f 315/639/152 314/640/152 302/641/152
f 313/642/153 316/643/153 304/644/153
f 314/645/154 313/646/154 301/623/154
f 317/647/152 315/639/152 271/648/152
f 316/643/153 318/649/153 306/650/153
f 319/651/152 317/647/152 275/652/152
f 318/649/153 320/653/153 308/654/153
f 321/655/152 319/651/152 279/656/152
f 320/653/153 322/657/153 310/658/153
f 311/659/152 321/655/152 283/660/152
f 312/499/155 311/661/155 299/662/155
f 322/657/153 312/663/153 300/664/153
f 521/591/156 520/590/157 494/665/158
f 513/570/159 511/572/140 510/588/139
f 506/567/134 282/666/17 512/600/136
f 497/667/157 494/665/158 520/590/157
f 466/668/142 506/567/134 510/588/135
f 514/587/157 515/597/143 450/599/144
f 278/569/136 505/568/135 517/589/141
f 519/608/160 517/589/161 516/566/161
f 325/669/162 323/670/163 273/501/163
f 326/671/164 278/569/165 519/608/149
f 323/670/166 324/607/166 274/512/166
f 327/672/162 325/669/162 277/504/162
f 326/671/164 328/622/150 282/666/164
f 329/673/162 327/672/162 281/506/162
f 330/601/167 329/673/168 285/508/168
f 513/570/145 330/601/147 286/563/147
f 333/674/169 331/675/169 323/676/169
f 501/677/170 500/678/170 326/679/171
f 332/680/8 501/681/8 323/682/8
f 335/683/169 333/674/169 325/684/169
f 500/678/170 502/685/170 328/686/171
f 337/687/169 335/683/169 327/688/169
f 338/689/2 337/690/2 329/691/2
f 502/685/170 503/692/170 330/693/171
f 307/694/132 303/695/132 333/674/169
f 354/696/172 352/697/172 353/698/172
f 416/699/173 415/700/173 354/701/173
f 355/702/172 352/697/172 354/696/172
f 415/700/174 419/703/175 355/704/174
f 356/705/172 352/697/172 355/702/172
f 419/706/176 421/707/176 356/708/176
f 357/709/172 352/697/172 356/705/172
f 421/707/177 422/710/177 357/711/177
f 358/712/172 352/697/172 357/709/172
f 422/710/178 423/713/178 358/714/178
f 359/715/172 352/697/172 358/712/172
f 423/713/179 425/716/179 359/717/179
f 360/718/172 352/697/172 359/715/172
f 425/716/180 426/719/180 360/720/180
f 361/721/172 352/697/172 360/718/172
f 426/722/181 427/723/182 361/724/181
f 362/725/172 352/697/172 361/721/172
f 427/723/183 428/726/183 362/727/183
f 363/728/172 352/697/172 362/725/172
f 428/726/184 429/729/184 363/730/184
f 364/731/172 352/697/172 363/728/172
f 429/729/185 430/732/185 364/733/185
f 365/734/172 352/697/172 364/731/172
f 430/735/186 431/736/186 365/737/186
f 366/738/172 352/697/172 365/734/172
f 431/736/187 432/739/187 366/740/187
f 367/741/172 352/697/172 366/738/172
f 432/739/188 433/742/188 367/743/188
f 368/744/172 352/697/172 367/741/172
f 433/742/189 434/745/189 368/746/189
f 369/747/172 352/697/172 368/744/172
f 434/745/190 435/748/190 369/749/190
f 370/750/172 352/697/172 369/747/172
f 435/751/191 436/752/191 370/753/191
f 353/698/172 352/697/172 370/750/172
f 436/752/192 416/699/192 353/754/192
f 372/755/193 371/756/193 373/757/193
f 437/758/194 424/759/194 372/760/194
f 373/757/193 371/756/193 374/761/193
f 438/762/195 437/758/195 373/763/195
f 374/761/193 371/756/193 375/764/193
f 439/765/196 438/766/196 374/767/196
f 375/764/193 371/756/193 376/768/193
f 440/769/197 439/765/197 375/770/197
f 376/768/193 371/756/193 377/771/193
f 441/772/198 440/769/198 376/773/198
f 377/771/193 371/756/193 378/774/193
f 442/775/199 441/772/199 377/776/199
f 378/774/193 371/756/193 379/777/193
f 443/778/200 442/775/200 378/779/200
f 379/777/193 371/756/193 380/780/193
f 444/781/201 443/782/201 379/783/201
f 380/780/193 371/756/193 381/784/193
f 445/785/202 444/781/202 380/786/202
f 381/784/193 371/756/193 382/787/193
f 446/788/203 445/785/203 381/789/203
f 382/787/193 371/756/193 383/790/193
f 447/791/204 446/788/204 382/792/204
f 383/790/193 371/756/193 384/793/193
f 448/794/205 447/795/205 383/796/205
f 384/793/193 371/756/193 385/797/193
f 417/798/206 448/794/206 384/799/206
f 385/797/193 371/756/193 386/800/193
f 418/801/207 417/798/207 385/802/207
f 386/800/193 371/756/193 387/803/193
f 420/804/208 418/801/208 386/805/208
f 387/803/193 371/756/193 388/806/193
f 413/807/209 420/804/209 387/808/209
f 388/806/193 371/756/193 389/809/193
f 414/810/210 413/811/210 388/812/210
f 389/809/193 371/756/193 372/755/193
f 424/759/211 414/810/211 389/813/211
f 351/549/212 412/547/213 413/814/214
f 339/815/215 390/816/216 415/700/215
f 349/817/217 411/818/217 417/798/217
f 390/816/218 391/819/219 419/703/218
f 350/820/220 349/817/221 418/801/220
f 391/526/222 340/529/223 421/821/224
f 340/529/225 392/530/226 422/822/225
f 392/823/227 393/824/227 423/713/227
f 344/825/228 351/826/229 414/810/228
f 393/535/230 341/534/231 425/827/230
f 341/534/232 394/533/233 426/828/232
f 394/829/234 395/830/235 427/723/234
f 395/830/236 396/831/237 428/726/236
f 396/831/238 397/832/239 429/729/238
f 397/832/240 398/833/241 430/732/240
f 398/834/242 399/835/243 431/736/242
f 399/835/244 400/836/245 432/739/244
f 400/836/246 401/837/247 433/742/248
f 401/837/249 342/838/250 434/745/251
f 342/838/252 402/839/253 435/748/254
f 402/840/255 403/841/256 436/752/257
f 403/841/258 339/815/259 416/699/260
f 343/842/261 344/825/262 424/759/261
f 404/559/263 343/558/264 437/843/263
f 405/560/265 404/559/266 438/844/267
f 406/561/268 405/560/269 439/845/270
f 407/556/271 406/561/271 440/846/271
f 345/554/272 407/556/273 441/847/272
f 346/551/274 345/554/275 442/848/274
f 347/552/276 346/551/277 443/849/276
f 408/850/278 347/851/279 444/781/280
f 409/852/281 408/850/282 445/785/281
f 410/853/283 409/852/284 446/788/283
f 348/854/285 410/855/286 447/795/285
f 411/818/287 348/854/288 448/794/287
f 412/856/289 350/820/290 420/804/291
f 300/638/17 460/857/17 284/511/17
f 454/436/292 491/858/293 490/859/294
f 490/860/295 457/489/296 455/487/295
f 456/439/297 493/861/298 491/858/293
f 491/862/296 458/636/299 457/489/296
f 456/439/297 461/441/300 493/861/298
f 491/862/296 493/863/301 458/636/299
f 493/863/302 495/864/303 460/857/302
f 461/448/304 462/447/305 495/865/304
f 463/450/306 482/866/307 496/867/307
f 496/868/308 470/562/309 465/510/310
f 482/869/311 469/870/312 470/562/309
f 467/455/307 486/871/313 482/866/307
f 482/869/311 486/872/312 469/870/312
f 467/455/307 472/454/313 486/871/313
f 486/872/144 450/599/144 471/598/144
f 472/458/314 468/457/315 450/873/315
f 485/874/316 466/668/143 514/587/157
f 468/457/315 473/460/317 485/875/317
f 485/874/316 497/667/157 476/592/144
f 473/460/317 474/462/315 497/876/315
f 474/462/315 464/464/314 494/877/314
f 521/591/156 494/665/158 479/878/158
f 494/665/158 451/879/144 478/564/157
f 464/464/314 477/466/318 451/880/318
f 477/470/319 475/469/320 459/881/320
f 451/879/321 459/882/322 480/513/322
f 475/469/320 481/471/320 492/883/320
f 459/882/322 492/884/323 483/502/324
f 481/471/325 452/473/326 484/885/325
f 492/884/323 484/886/327 449/503/328
f 452/473/329 453/475/330 488/887/329
f 484/886/331 488/888/332 487/485/331
f 487/485/333 488/888/334 455/487/295
f 495/865/305 462/447/335 496/867/307
f 460/857/336 495/864/337 465/510/310
f 298/610/137 254/609/137 251/615/137
f 492/883/320 481/471/320 484/885/338
f 483/502/324 492/884/323 449/503/328
f 390/527/133 339/523/133 334/528/133
f 395/532/133 332/531/133 396/525/133
f 347/552/133 408/548/133 338/553/133
f 343/558/133 336/557/133 344/550/133
f 271/484/17 302/625/17 487/485/17
f 460/857/17 300/638/17 458/636/17
f 488/889/300 453/437/298 490/859/294
f 498/456/8 467/455/8 463/450/8
f 498/456/8 259/453/8 260/890/8
f 499/468/2 477/470/2 265/891/2
f 481/471/2 475/469/2 499/468/2
f 323/682/8 501/681/8 324/892/8
f 330/893/2 503/894/2 329/691/2
f 332/895/151 334/896/151 500/678/170
f 334/896/151 336/631/151 502/685/170
f 336/631/151 338/897/151 503/692/170
f 274/512/17 504/565/17 480/513/17
f 469/870/17 471/598/17 507/573/17
f 521/591/17 479/878/17 504/565/17
f 466/668/142 476/592/142 505/568/135
f 471/598/17 515/597/17 508/571/17
f 286/563/17 507/573/17 508/571/17
f 335/627/2 336/433/2 252/435/2
f 250/440/129 454/436/129 247/438/129
f 251/442/129 456/439/129 250/440/129
f 254/898/129 461/441/129 251/442/129
f 252/899/130 269/444/130 248/446/130
f 257/451/8 462/447/8 254/449/8
f 258/452/8 463/450/8 257/451/8
f 498/456/8 463/450/8 259/453/8
f 261/461/131 468/457/131 260/459/131
f 262/463/131 473/460/131 261/461/131
f 263/465/131 474/462/131 262/463/131
f 264/467/131 464/464/131 263/465/131
f 265/900/131 477/466/131 264/467/131
f 267/474/2 481/471/2 266/472/2
f 268/476/2 452/473/2 267/474/2
f 247/901/2 453/475/2 268/476/2
f 249/902/132 256/477/132 253/479/132
f 248/633/8 249/480/8 334/482/8
f 455/487/17 275/483/17 487/485/17
f 457/489/17 279/486/17 455/487/17
f 458/636/17 283/488/17 457/489/17
f 315/494/17 316/490/17 314/492/17
f 317/496/17 318/493/17 315/494/17
f 319/498/17 320/495/17 317/496/17
f 321/500/17 322/497/17 319/498/17
f 311/661/17 312/499/17 321/500/17
f 272/505/17 273/501/17 449/503/17
f 276/507/17 277/504/17 272/505/17
f 280/509/17 281/506/17 276/507/17
f 284/511/17 285/508/17 280/509/17
f 460/857/17 465/510/17 284/511/17
f 273/501/17 274/512/17 483/502/17
f 331/520/133 333/516/133 400/518/133
f 334/528/133 339/523/133 333/516/133
f 332/531/133 331/520/133 396/525/133
f 393/535/133 392/530/133 332/531/133
f 253/903/133 309/536/133 249/538/133
f 349/545/133 335/542/133 411/540/133
f 338/553/133 408/548/133 337/541/133
f 336/557/133 335/542/133 344/550/133
f 338/553/133 509/555/133 345/554/133
f 406/561/133 509/555/133 336/557/133
f 465/510/17 470/562/17 285/508/17
f 479/878/17 478/564/17 504/565/17
f 518/606/17 516/566/17 274/512/17
f 282/666/17 506/567/134 278/569/136
f 264/578/137 287/574/137 265/576/137
f 263/580/137 291/577/137 264/578/137
f 262/582/137 293/579/137 263/580/137
f 261/584/137 295/581/137 262/582/137
f 260/904/137 259/583/137 261/584/137
f 287/574/137 288/585/137 266/575/137
f 515/597/17 514/587/17 511/572/17
f 516/566/161 517/589/161 521/591/161
f 517/589/141 505/568/135 520/590/142
f 259/583/137 258/593/137 295/581/137
f 288/585/137 289/595/137 267/586/137
f 258/593/137 257/602/137 296/594/137
f 289/595/137 290/604/137 268/596/137
f 257/602/137 254/609/137 297/603/137
f 248/905/133 303/611/133 252/613/133
f 292/616/137 250/614/137 290/604/137
f 294/618/137 251/615/137 292/616/137
f 269/906/133 270/619/133 255/621/133
f 282/666/164 328/622/150 512/600/146
f 449/503/17 301/623/17 272/505/17
f 487/485/17 302/625/17 449/503/17
f 272/505/17 304/624/17 276/507/17
f 334/896/151 305/629/130 336/631/151
f 276/507/17 306/628/17 280/509/17
f 303/907/8 248/633/8 333/634/8
f 280/509/17 308/632/17 284/511/17
f 271/648/152 315/639/152 302/641/152
f 301/908/153 313/642/153 304/644/153
f 302/625/154 314/645/154 301/623/154
f 275/652/152 317/647/152 271/648/152
f 304/644/153 316/643/153 306/650/153
f 279/656/152 319/651/152 275/652/152
f 306/650/153 318/649/153 308/654/153
f 283/660/152 321/655/152 279/656/152
f 308/654/153 320/653/153 310/658/153
f 299/909/152 311/659/152 283/660/152
f 300/910/155 312/499/155 299/662/155
f 310/658/153 322/657/153 300/664/153
f 512/600/159 513/570/159 510/588/139
f 510/588/135 506/567/134 512/600/136
f 476/592/144 497/667/157 520/590/157
f 514/587/142 466/668/142 510/588/135
f 519/608/17 278/569/136 517/589/141
f 518/606/339 519/608/160 516/566/161
f 277/504/162 325/669/162 273/501/163
f 324/607/146 326/671/164 519/608/149
f 273/501/166 323/670/166 274/512/166
f 281/506/162 327/672/162 277/504/162
f 278/569/165 326/671/164 282/666/164
f 285/508/162 329/673/162 281/506/162
f 286/563/167 330/601/167 285/508/168
f 325/684/169 333/674/169 323/676/169
f 324/911/171 501/677/170 326/679/171
f 331/912/8 332/680/8 323/682/8
f 327/688/169 335/683/169 325/684/169
f 326/679/171 500/678/170 328/686/171
f 329/913/169 337/687/169 327/688/169
f 503/894/2 338/689/2 329/691/2
f 328/686/171 502/685/170 330/693/171
f 335/683/169 307/694/132 333/674/169
f 353/754/173 416/699/173 354/701/173
f 354/701/174 415/700/174 355/704/174
f 355/914/176 419/706/176 356/708/176
f 356/708/177 421/707/177 357/711/177
f 357/711/178 422/710/178 358/714/178
f 358/714/179 423/713/179 359/717/179
f 359/717/180 425/716/180 360/720/180
f 360/915/181 426/722/181 361/724/181
f 361/724/183 427/723/183 362/727/183
f 362/727/184 428/726/184 363/730/184
f 363/730/185 429/729/185 364/733/185
f 364/916/186 430/735/186 365/737/186
f 365/737/187 431/736/187 366/740/187
f 366/740/188 432/739/188 367/743/188
f 367/743/189 433/742/189 368/746/189
f 368/746/190 434/745/190 369/749/190
f 369/917/191 435/751/191 370/753/191
f 370/753/192 436/752/192 353/754/192
f 373/763/194 437/758/194 372/760/194
f 374/918/195 438/762/195 373/763/195
f 375/770/196 439/765/196 374/767/196
f 376/773/197 440/769/197 375/770/197
f 377/776/198 441/772/198 376/773/198
f 378/779/199 442/775/199 377/776/199
f 379/919/200 443/778/200 378/779/200
f 380/786/201 444/781/201 379/783/201
f 381/789/202 445/785/202 380/786/202
f 382/792/203 446/788/203 381/789/203
f 383/920/204 447/791/204 382/792/204
f 384/799/205 448/794/205 383/796/205
f 385/802/206 417/798/206 384/799/206
f 386/805/207 418/801/207 385/802/207
f 387/808/208 420/804/208 386/805/208
f 388/921/209 413/807/209 387/808/209
f 389/813/210 414/810/210 388/812/210
f 372/760/211 424/759/211 389/813/211
f 414/922/340 351/549/212 413/814/214
f 416/699/341 339/815/215 415/700/215
f 418/801/217 349/817/217 417/798/217
f 415/700/342 390/816/218 419/703/218
f 420/804/343 350/820/220 418/801/220
f 419/923/344 391/526/222 421/821/224
f 421/821/345 340/529/225 422/822/225
f 422/710/227 392/823/227 423/713/227
f 424/759/346 344/825/228 414/810/228
f 423/924/347 393/535/230 425/827/230
f 425/827/348 341/534/232 426/828/232
f 426/722/349 394/829/234 427/723/234
f 427/723/350 395/830/236 428/726/236
f 428/726/351 396/831/238 429/729/238
f 429/729/352 397/832/240 430/732/240
f 430/735/353 398/834/242 431/736/242
f 431/736/354 399/835/244 432/739/244
f 432/739/246 400/836/246 433/742/248
f 433/742/355 401/837/249 434/745/251
f 434/745/356 342/838/252 435/748/254
f 435/751/357 402/840/255 436/752/257
f 436/752/358 403/841/258 416/699/260
f 437/758/359 343/842/261 424/759/261
f 438/844/360 404/559/263 437/843/263
f 439/845/361 405/560/265 438/844/267
f 440/846/362 406/561/268 439/845/270
f 441/847/271 407/556/271 440/846/271
f 442/848/363 345/554/272 441/847/272
f 443/849/364 346/551/274 442/848/274
f 444/925/365 347/552/276 443/849/276
f 445/785/366 408/850/278 444/781/280
f 446/788/367 409/852/281 445/785/281
f 447/791/368 410/853/283 446/788/283
f 448/794/369 348/854/285 447/795/285
f 417/798/370 411/818/287 448/794/287
f 413/807/371 412/856/289 420/804/291
f 484/885/372 449/926/372 452/473/372
f 310/635/17 300/638/17 284/511/17
f 453/437/298 454/436/292 490/859/294
f 488/888/334 490/860/295 455/487/295
f 454/436/292 456/439/297 491/858/293
f 490/860/295 491/862/296 457/489/296
f 458/636/373 493/863/302 460/857/302
f 493/927/374 461/448/304 495/865/304
f 462/447/335 463/450/306 496/867/307
f 495/864/337 496/868/308 465/510/310
f 496/868/308 482/869/311 470/562/309
f 463/450/306 467/455/307 482/866/307
f 469/870/375 486/872/144 471/598/144
f 486/928/314 472/458/314 450/873/315
f 450/599/144 485/874/316 514/587/157
f 450/873/315 468/457/315 485/875/317
f 466/668/143 485/874/316 476/592/144
f 485/875/317 473/460/317 497/876/315
f 497/876/315 474/462/315 494/877/314
f 479/878/158 494/665/158 478/564/157
f 494/877/314 464/464/314 451/880/318
f 451/929/319 477/470/319 459/881/320
f 478/564/321 451/879/321 480/513/322
f 459/881/320 475/469/320 492/883/320
f 480/513/322 459/882/322 483/502/324
f 484/885/376 452/473/329 488/887/329
f 449/503/327 484/886/377 487/485/377
f 489/617/137 298/610/137 251/615/137
f 472/454/8 498/456/8 260/890/8
f 266/472/2 499/468/2 265/891/2
f 501/677/170 332/895/151 500/678/170
f 500/678/170 334/896/151 502/685/170
f 502/685/170 336/631/151 503/692/170
f 470/562/17 469/870/17 507/573/17
f 516/566/17 521/591/17 504/565/17
f 506/567/134 466/668/142 505/568/135
f 507/573/17 471/598/17 508/571/17
f 513/570/17 286/563/17 508/571/17
f 784/1379/17 783/1380/17 781/1381/17
f 782/1382/17 784/1379/17 781/1381/17
f 790/1383/630 789/1384/631 785/1385/631
f 798/1386/632 797/1387/633 789/1388/633
f 806/1389/634 805/1390/634 797/1387/634
f 791/1391/635 790/1383/635 786/1392/635
f 799/1393/636 798/1394/636 790/1395/637
f 799/1396/638 806/1389/638 798/1386/638
f 792/1397/639 791/1398/640 786/1399/640
f 800/1400/8 799/1393/8 791/1398/8
f 807/1401/641 806/1402/641 799/1393/641
f 793/1403/642 792/1404/642 787/1405/642
f 801/1406/643 800/1400/643 792/1397/644
f 801/1407/645 807/1408/645 800/1409/645
f 794/1410/646 793/1403/646 787/1405/646
f 802/1411/647 801/1412/647 793/1403/647
f 808/1413/648 807/1408/649 801/1407/649
f 795/1414/650 794/1410/650 788/1415/650
f 803/1416/651 802/1417/651 794/1418/652
f 803/1419/653 808/1413/653 802/1420/653
f 796/1421/654 795/1422/654 788/1423/654
f 804/1424/2 803/1416/2 795/1422/2
f 805/1425/655 808/1426/655 803/1416/655
f 789/1384/656 796/1427/656 785/1385/656
f 797/1428/657 804/1424/657 796/1421/658
f 797/1387/659 805/1390/659 804/1429/659
f 807/1408/660 808/1413/660 805/1430/660
f 823/1431/661 822/1432/661 821/1433/661
f 812/1434/662 809/1435/661 785/1385/661
f 811/1436/663 812/1434/662 788/1437/664
f 810/1438/661 811/1436/663 787/1439/665
f 809/1435/661 810/1438/661 786/1392/661
f 816/1440/2 813/1441/2 809/1442/2
f 815/1443/647 816/1444/647 812/1445/647
f 814/1446/8 815/1447/8 811/1448/8
f 813/1449/632 814/1450/632 810/1451/632
f 820/1452/661 817/1453/661 813/1454/661
f 819/1455/661 820/1452/661 816/1456/661
f 818/1457/661 819/1455/661 815/1458/661
f 817/1453/661 818/1457/661 814/1459/661
f 824/1460/8 821/1461/8 817/1462/8
f 823/1463/632 824/1464/632 820/1465/632
f 822/1466/2 823/1467/2 819/1468/2
f 821/1469/647 822/1470/647 818/1471/647
f 786/1392/630 790/1383/630 785/1385/631
f 790/1472/632 798/1386/632 789/1388/633
f 798/1386/634 806/1389/634 797/1387/634
f 791/1398/637 799/1393/636 790/1395/637
f 787/1473/639 792/1397/639 786/1399/640
f 792/1397/8 800/1400/8 791/1398/8
f 800/1400/641 807/1401/641 799/1393/641
f 793/1474/644 801/1406/643 792/1397/644
f 788/1415/646 794/1410/646 787/1405/646
f 794/1410/647 802/1411/647 793/1403/647
f 802/1420/648 808/1413/648 801/1407/649
f 795/1422/652 803/1416/651 794/1418/652
f 785/1475/654 796/1421/654 788/1423/654
f 796/1421/2 804/1424/2 795/1422/2
f 804/1424/655 805/1425/655 803/1416/655
f 789/1476/658 797/1428/657 796/1421/658
f 806/1477/660 807/1408/660 805/1430/660
f 824/1478/661 823/1431/661 821/1433/661
f 788/1437/664 812/1434/662 785/1385/661
f 787/1439/665 811/1436/663 788/1437/664
f 786/1392/661 810/1438/661 787/1439/665
f 785/1385/661 809/1435/661 786/1392/661
f 812/1479/2 816/1440/2 809/1442/2
f 811/1480/647 815/1443/647 812/1445/647
f 810/1481/8 814/1446/8 811/1448/8
f 809/1482/632 813/1449/632 810/1451/632
f 816/1456/661 820/1452/661 813/1454/661
f 815/1458/661 819/1455/661 816/1456/661
f 814/1459/661 818/1457/661 815/1458/661
f 813/1454/661 817/1453/661 814/1459/661
f 820/1483/8 824/1460/8 817/1462/8
f 819/1484/632 823/1463/632 820/1465/632
f 818/1485/2 822/1466/2 819/1468/2
f 817/1486/647 821/1469/647 818/1471/647
f 834/1487/666 833/1488/666 831/1489/666
f 836/1490/666 835/1491/666 831/1492/666
f 831/1493/667 835/1494/667 829/1495/667
f 832/1496/668 831/1497/669 825/1498/670
f 834/1499/671 832/1500/672 826/1501/672
f 833/1502/673 834/1503/673 828/1504/673
f 835/1505/673 836/1506/673 830/1507/673
f 833/1508/674 831/1497/675 825/1498/675
f 836/1509/676 833/1510/677 827/1511/677
f 832/1512/666 834/1487/666 831/1489/666
f 833/1513/666 836/1490/666 831/1492/666
f 825/1514/678 831/1493/679 829/1495/679
f 826/1515/680 832/1496/668 825/1498/670
f 828/1516/671 834/1499/671 826/1501/672
f 827/1517/681 833/1502/681 828/1504/681
f 829/1518/673 835/1505/673 830/1507/673
f 827/1519/674 833/1508/674 825/1498/675
f 830/1520/676 836/1509/676 827/1511/677
f 950/1521/682 948/1522/683 877/1523/684
f 841/1524/685 838/1525/686 837/1526/687
f 931/1527/17 972/1528/688 929/1529/17
f 839/1530/689 924/1531/690 923/1532/690
f 949/1533/691 951/1534/692 882/1535/693
f 845/1536/694 841/1524/685 840/1537/695
f 933/1538/17 931/1527/17 930/1539/17
f 843/1540/696 839/1530/689 842/1541/697
f 952/1542/698 950/1521/682 881/1543/699
f 849/1544/700 845/1536/694 844/1545/701
f 935/1546/17 933/1538/17 932/1547/17
f 847/1548/702 843/1540/696 846/1549/703
f 951/1534/692 953/1550/704 886/1551/705
f 853/1552/706 849/1544/700 848/1553/707
f 937/1554/17 935/1546/17 934/1555/17
f 851/1556/708 847/1548/702 850/1557/709
f 954/1558/710 952/1542/698 885/1559/711
f 857/1560/712 853/1552/706 852/1561/713
f 939/1562/17 937/1554/17 936/1563/17
f 855/1564/714 851/1565/708 854/1566/715
f 953/1550/704 955/1567/716 890/1568/717
f 861/1569/718 857/1570/712 856/1571/719
f 941/1572/17 939/1562/17 938/1573/17
f 859/1574/720 855/1564/714 858/1575/721
f 956/1576/722 954/1558/710 889/1577/723
f 865/1578/724 861/1569/718 860/1579/725
f 943/1580/17 941/1572/17 940/1581/17
f 863/1582/726 859/1574/720 862/1583/727
f 955/1567/716 957/1584/728 894/1585/729
f 869/1586/730 865/1578/724 864/1587/731
f 945/1588/17 943/1580/17 942/1589/17
f 867/1590/732 863/1582/726 866/1591/733
f 958/1592/734 956/1576/722 893/1593/735
f 873/1594/736 869/1586/730 868/1595/737
f 947/1596/17 945/1588/17 944/1597/17
f 871/1598/738 867/1590/732 870/1599/739
f 957/1584/728 959/1600/740 898/1601/741
f 877/1602/742 873/1594/736 872/1603/743
f 949/1533/17 947/1596/17 946/1604/17
f 875/1605/744 871/1598/738 874/1606/745
f 960/1607/746 958/1592/734 897/1608/747
f 881/1609/748 877/1602/742 876/1610/749
f 951/1534/17 949/1533/17 948/1522/17
f 879/1611/750 875/1605/744 878/1612/751
f 959/1600/740 961/1613/752 902/1614/753
f 885/1615/754 881/1609/748 880/1616/755
f 953/1550/17 951/1534/17 950/1521/17
f 883/1617/756 879/1611/750 882/1618/757
f 962/1619/758 960/1607/746 901/1620/759
f 889/1621/760 885/1615/754 884/1622/761
f 955/1567/17 953/1550/17 952/1542/17
f 887/1623/762 883/1617/756 886/1624/763
f 961/1613/752 963/1625/764 906/1626/765
f 893/1627/766 889/1621/760 888/1628/767
f 957/1584/17 955/1567/17 954/1558/17
f 891/1629/768 887/1623/762 890/1630/769
f 964/1631/770 962/1619/758 905/1632/771
f 897/1633/772 893/1634/766 892/1635/773
f 959/1600/17 957/1584/17 956/1576/17
f 895/1636/774 891/1637/768 894/1638/775
f 963/1625/764 965/1639/776 910/1640/777
f 901/1641/778 897/1633/772 896/1642/779
f 961/1613/17 959/1600/17 958/1592/17
f 899/1643/780 895/1636/774 898/1644/781
f 966/1645/782 964/1631/770 909/1646/783
f 905/1647/784 901/1641/778 900/1648/785
f 963/1625/17 961/1613/17 960/1607/17
f 903/1649/786 899/1643/780 902/1650/787
f 967/1651/788 966/1645/782 912/1652/782
f 909/1653/789 905/1647/784 904/1654/790
f 965/1639/791 963/1625/17 962/1619/17
f 907/1655/792 903/1649/786 906/1656/793
f 968/1657/794 967/1651/795 914/1658/796
f 912/1659/797 909/1653/789 908/1660/798
f 966/1645/17 965/1639/791 964/1631/17
f 969/1661/799 968/1657/794 915/1662/800
f 914/1663/801 912/1659/797 911/1664/797
f 967/1651/17 965/1639/791 966/1645/17
f 965/1639/791 970/1665/802 920/1666/803
f 915/1667/804 914/1668/805 913/1669/805
f 968/1657/17 965/1639/791 967/1651/17
f 971/1670/806 969/1661/799 919/1671/799
f 919/1672/807 915/1667/804 916/1673/808
f 970/1665/802 965/1639/791 968/1657/17
f 917/1674/809 907/1675/810 910/1676/810
f 970/1665/802 972/1528/688 923/1677/811
f 922/1678/812 919/1672/807 918/1679/813
f 972/1528/688 970/1665/802 969/1661/17
f 924/1680/814 917/1674/809 920/1681/809
f 973/1682/806 971/1670/806 922/1683/806
f 926/1684/815 922/1678/812 921/1685/812
f 973/1682/17 972/1528/688 971/1670/17
f 974/1686/816 973/1682/817 926/1687/817
f 928/1688/818 926/1689/819 925/1690/819
f 974/1686/17 972/1528/688 973/1682/17
f 929/1529/820 974/1686/816 928/1691/816
f 838/1525/686 928/1688/818 927/1692/818
f 929/1529/17 972/1528/688 974/1686/17
f 930/1539/821 929/1529/820 838/1693/822
f 972/1528/823 931/1527/824 842/1694/825
f 932/1547/826 930/1539/821 841/1695/827
f 931/1527/824 933/1538/828 846/1696/829
f 934/1555/830 932/1547/826 845/1697/831
f 933/1538/828 935/1546/832 850/1698/833
f 936/1563/834 934/1555/830 849/1699/835
f 935/1546/832 937/1554/836 854/1700/837
f 938/1573/838 936/1563/834 853/1701/839
f 937/1554/836 939/1562/840 858/1702/841
f 940/1581/842 938/1573/838 857/1703/843
f 939/1562/840 941/1572/844 862/1704/845
f 942/1589/846 940/1581/842 861/1705/847
f 941/1572/844 943/1580/848 866/1706/849
f 944/1597/850 942/1589/846 865/1707/851
f 943/1580/848 945/1588/852 870/1708/853
f 946/1604/854 944/1597/850 869/1709/855
f 945/1588/852 947/1596/856 874/1710/857
f 948/1522/683 946/1604/854 873/1711/858
f 947/1596/856 949/1533/691 878/1712/859
f 881/1543/699 950/1521/682 877/1523/684
f 840/1537/695 841/1524/685 837/1526/687
f 930/1539/17 931/1527/17 929/1529/17
f 842/1541/697 839/1530/689 923/1532/690
f 878/1712/859 949/1533/691 882/1535/693
f 844/1545/701 845/1536/694 840/1537/695
f 932/1547/17 933/1538/17 930/1539/17
f 846/1549/703 843/1540/696 842/1541/697
f 885/1559/711 952/1542/698 881/1543/699
f 848/1553/707 849/1544/700 844/1545/701
f 934/1555/17 935/1546/17 932/1547/17
f 850/1557/709 847/1548/702 846/1549/703
f 882/1535/693 951/1534/692 886/1551/705
f 852/1561/713 853/1552/706 848/1553/707
f 936/1563/17 937/1554/17 934/1555/17
f 854/1713/715 851/1556/708 850/1557/709
f 889/1577/723 954/1558/710 885/1559/711
f 856/1714/719 857/1560/712 852/1561/713
f 938/1573/17 939/1562/17 936/1563/17
f 858/1575/721 855/1564/714 854/1566/715
f 886/1551/705 953/1550/704 890/1568/717
f 860/1579/725 861/1569/718 856/1571/719
f 940/1581/17 941/1572/17 938/1573/17
f 862/1583/727 859/1574/720 858/1575/721
f 893/1593/735 956/1576/722 889/1577/723
f 864/1587/731 865/1578/724 860/1579/725
f 942/1589/17 943/1580/17 940/1581/17
f 866/1591/733 863/1582/726 862/1583/727
f 890/1568/717 955/1567/716 894/1585/729
f 868/1595/737 869/1586/730 864/1587/731
f 944/1597/17 945/1588/17 942/1589/17
f 870/1599/739 867/1590/732 866/1591/733
f 897/1608/747 958/1592/734 893/1593/735
f 872/1603/743 873/1594/736 868/1595/737
f 946/1604/17 947/1596/17 944/1597/17
f 874/1606/745 871/1598/738 870/1599/739
f 894/1585/729 957/1584/728 898/1601/741
f 876/1610/749 877/1602/742 872/1603/743
f 948/1522/17 949/1533/17 946/1604/17
f 878/1612/751 875/1605/744 874/1606/745
f 901/1620/759 960/1607/746 897/1608/747
f 880/1616/755 881/1609/748 876/1610/749
f 950/1521/17 951/1534/17 948/1522/17
f 882/1618/757 879/1611/750 878/1612/751
f 898/1601/741 959/1600/740 902/1614/753
f 884/1622/761 885/1615/754 880/1616/755
f 952/1542/17 953/1550/17 950/1521/17
f 886/1624/763 883/1617/756 882/1618/757
f 905/1632/771 962/1619/758 901/1620/759
f 888/1628/767 889/1621/760 884/1622/761
f 954/1558/17 955/1567/17 952/1542/17
f 890/1630/769 887/1623/762 886/1624/763
f 902/1614/753 961/1613/752 906/1626/765
f 892/1715/773 893/1627/766 888/1628/767
f 956/1576/17 957/1584/17 954/1558/17
f 894/1716/775 891/1629/768 890/1630/769
f 909/1646/783 964/1631/770 905/1632/771
f 896/1642/779 897/1633/772 892/1635/773
f 958/1592/17 959/1600/17 956/1576/17
f 898/1644/781 895/1636/774 894/1638/775
f 906/1626/765 963/1625/764 910/1640/777
f 900/1648/785 901/1641/778 896/1642/779
f 960/1607/17 961/1613/17 958/1592/17
f 902/1650/787 899/1643/780 898/1644/781
f 912/1652/782 966/1645/782 909/1646/783
f 904/1654/790 905/1647/784 900/1648/785
f 962/1619/17 963/1625/17 960/1607/17
f 906/1656/793 903/1649/786 902/1650/787
f 914/1658/788 967/1651/788 912/1652/782
f 908/1660/798 909/1653/789 904/1654/790
f 964/1631/17 965/1639/791 962/1619/17
f 910/1717/792 907/1655/792 906/1656/793
f 915/1662/800 968/1657/794 914/1658/796
f 911/1664/797 912/1659/797 908/1660/798
f 919/1671/799 969/1661/799 915/1662/800
f 913/1718/801 914/1663/801 911/1664/797
f 910/1640/803 965/1639/791 920/1666/803
f 916/1673/808 915/1667/804 913/1669/805
f 922/1683/806 971/1670/806 919/1671/799
f 918/1679/813 919/1672/807 916/1673/808
f 969/1661/17 970/1665/802 968/1657/17
f 920/1681/809 917/1674/809 910/1676/810
f 920/1666/803 970/1665/802 923/1677/811
f 921/1685/812 922/1678/812 918/1679/813
f 971/1670/17 972/1528/688 969/1661/17
f 923/1719/814 924/1680/814 920/1681/809
f 926/1687/806 973/1682/806 922/1683/806
f 925/1720/815 926/1684/815 921/1685/812
f 928/1691/816 974/1686/816 926/1687/817
f 927/1692/818 928/1688/818 925/1690/819
f 838/1693/822 929/1529/820 928/1691/816
f 837/1526/687 838/1525/686 927/1692/818
f 841/1695/827 930/1539/821 838/1693/822
f 923/1677/860 972/1528/823 842/1694/825
f 845/1697/831 932/1547/826 841/1695/827
f 842/1694/825 931/1527/824 846/1696/829
f 849/1699/835 934/1555/830 845/1697/831
f 846/1696/829 933/1538/828 850/1698/833
f 853/1701/839 936/1563/834 849/1699/835
f 850/1698/833 935/1546/832 854/1700/837
f 857/1703/843 938/1573/838 853/1701/839
f 854/1700/837 937/1554/836 858/1702/841
f 861/1705/847 940/1581/842 857/1703/843
f 858/1702/841 939/1562/840 862/1704/845
f 865/1707/851 942/1589/846 861/1705/847
f 862/1704/845 941/1572/844 866/1706/849
f 869/1709/855 944/1597/850 865/1707/851
f 866/1706/849 943/1580/848 870/1708/853
f 873/1711/858 946/1604/854 869/1709/855
f 870/1708/853 945/1588/852 874/1710/857
f 877/1523/684 948/1522/683 873/1711/858
f 874/1710/857 947/1596/856 878/1712/859
f 1122/1721/130 1120/1722/130 1119/1723/130
f 1126/1724/8 1124/1725/8 1123/1726/8
f 1130/1727/132 1128/1728/132 1127/1729/132
f 1134/1730/2 1132/1731/2 1131/1732/2
f 1118/1733/2 1116/1734/2 998/1735/2
f 1122/1736/8 1121/1737/8 978/1738/8
f 1120/1739/133 1122/1740/133 979/1741/133
f 1119/1742/2 1120/1743/2 977/1744/2
f 1118/1745/861 1117/1746/861 1109/1747/861
f 1110/1748/8 1109/1749/8 1008/1750/8
f 1126/1751/132 1125/1752/132 983/1753/132
f 1124/1754/133 1126/1755/133 984/1756/133
f 1123/1757/130 1124/1758/130 982/1759/130
f 1045/1760/132 1046/1761/132 1030/1762/132
f 1115/1763/133 1116/1764/133 1108/1765/133
f 1044/1766/8 1045/1767/8 1029/1768/8
f 1117/1769/130 1115/1770/130 1107/1771/130
f 1116/1772/132 1118/1773/132 1110/1774/132
f 1111/1775/132 1113/1776/132 1105/1777/132
f 1043/1778/130 1044/1779/130 1028/1780/130
f 1113/1781/861 1114/1782/861 1106/1783/861
f 1046/1784/2 1043/1785/2 1027/1786/2
f 1081/1787/132 1082/1788/132 990/1789/132
f 1082/1790/2 1083/1791/2 1080/1792/2
f 1074/1793/132 1075/1794/132 1072/1795/132
f 1073/1796/8 1074/1797/8 985/1798/8
f 1057/1799/130 1058/1800/130 1055/1801/130
f 1059/1802/2 1057/1803/2 975/1804/2
f 1066/1805/8 1067/1806/8 1064/1807/8
f 1065/1808/130 1066/1809/130 980/1810/130
f 1031/1811/132 1032/1812/132 1016/1813/132
f 1034/1814/8 1031/1815/8 1015/1816/8
f 1033/1817/130 1034/1818/130 1018/1819/130
f 1032/1820/2 1033/1821/2 1017/1822/2
f 1036/1823/132 1037/1824/132 1021/1825/132
f 1035/1826/8 1036/1827/8 1020/1828/8
f 1038/1829/130 1035/1830/130 1019/1831/130
f 1037/1832/2 1038/1833/2 1022/1834/2
f 1042/1835/132 1041/1836/132 1025/1837/132
f 1040/1838/8 1042/1839/8 1026/1840/8
f 1039/1841/130 1040/1842/130 1024/1843/130
f 1041/1844/2 1039/1845/2 1023/1846/2
f 1061/1847/130 1060/1848/130 975/1849/130
f 1060/1850/2 1062/1851/2 1056/1852/2
f 1048/1853/130 1047/1854/130 977/1855/130
f 1117/1856/2 1118/1733/2 1014/1857/2
f 1069/1858/130 1068/1859/130 1063/1860/130
f 1070/1861/8 1069/1862/8 980/1863/8
f 1115/1864/2 1117/1856/862 1011/1865/2
f 1054/1866/2 1053/1867/2 992/1868/2
f 1050/1869/8 1049/1870/8 982/1871/8
f 1114/1872/130 1112/1873/130 1104/1874/130
f 1085/1875/132 1084/1876/132 1079/1877/132
f 1086/1878/2 1085/1879/2 990/1880/2
f 1112/1881/133 1111/1882/133 1103/1883/133
f 1052/1884/132 1051/1885/132 987/1886/132
f 1077/1887/8 1076/1888/8 1071/1889/8
f 1078/1890/132 1077/1891/132 985/1892/132
f 977/1893/8 1055/1894/8 976/1895/8
f 993/1896/132 1056/1897/132 994/1898/132
f 1058/1899/861 1057/1900/861 1007/1901/861
f 1055/1894/8 1058/1902/8 1008/1750/8
f 1059/1903/132 1056/1897/132 993/1896/132
f 1057/1900/861 1059/1904/861 1009/1905/861
f 1061/1906/8 1055/1894/8 977/1893/8
f 1108/1907/8 1110/1748/8 1010/1908/8
f 1130/1909/2 1129/1910/2 988/1911/2
f 1056/1897/132 1062/1912/132 1054/1913/132
f 978/1914/2 1063/1915/2 979/1916/2
f 982/1917/132 1064/1918/132 981/1919/132
f 1067/1920/861 1066/1921/861 1012/1922/861
f 1064/1918/132 1067/1923/132 1013/1924/132
f 1065/1925/2 1063/1915/2 978/1914/2
f 1066/1921/861 1065/1926/861 1011/1927/861
f 1128/1928/133 1130/1929/133 989/1930/133
f 1063/1915/2 1068/1931/2 1048/1932/2
f 1070/1933/132 1064/1918/132 982/1917/132
f 1127/1934/8 1128/1935/8 987/1936/8
f 983/1937/130 1071/1938/130 984/1939/130
f 987/1940/2 1072/1941/2 986/1942/2
f 1075/1943/861 1074/1944/861 1004/1945/861
f 1072/1941/2 1075/1946/2 1005/1947/2
f 1073/1948/130 1071/1938/130 983/1937/130
f 1074/1944/861 1073/1949/861 1003/1950/861
f 1116/1734/2 1115/1864/2 978/1914/2
f 1071/1938/130 1076/1951/130 1050/1952/130
f 1078/1953/2 1072/1941/2 987/1940/2
f 1134/1954/130 1133/1955/130 993/1956/130
f 988/1957/8 1079/1958/8 989/1959/8
f 992/1960/130 1080/1961/130 991/1962/130
f 1081/1963/8 1079/1958/8 988/1957/8
f 1082/1964/861 1081/1965/861 999/1966/861
f 1083/1967/861 1082/1964/861 1000/1968/861
f 1080/1961/130 1083/1969/130 1001/1970/130
f 1132/1971/133 1134/1972/133 994/1973/133
f 1079/1958/8 1084/1974/8 1052/1975/8
f 1086/1976/130 1080/1961/130 992/1960/130
f 1131/1977/132 1132/1978/132 992/1979/132
f 1087/1980/130 1088/1981/130 995/1982/130
f 1089/1983/130 1087/1980/130 991/1962/130
f 1090/1984/130 1089/1983/130 1001/1970/130
f 1088/1981/130 1090/1984/130 1002/1985/130
f 1092/1986/130 1091/1987/130 983/1937/130
f 1094/1988/130 1092/1986/130 997/1989/130
f 1093/1990/130 1094/1988/130 1006/1991/130
f 1091/1987/130 1093/1990/130 1003/1992/130
f 1096/1993/132 1095/1994/132 993/1896/132
f 1098/1995/132 1096/1993/132 996/1996/132
f 1097/1997/132 1098/1995/132 1010/1998/132
f 1095/1994/132 1097/1997/863 1009/1999/132
f 1099/2000/132 1100/2001/132 998/2002/132
f 1101/2003/132 1099/2000/132 981/1919/132
f 1102/2004/132 1101/2003/132 1013/1924/132
f 1100/2001/132 1102/2004/863 1014/2005/132
f 1095/2006/133 1096/2007/133 1088/2008/133
f 1097/2009/2 1095/2010/2 1087/2011/2
f 1098/2012/861 1097/2013/861 1089/2014/861
f 1096/2015/8 1098/2016/8 1090/2017/8
f 1100/2018/133 1099/2019/133 1091/2020/133
f 1102/2021/2 1100/2022/2 1092/2023/2
f 1101/2024/861 1102/2025/861 1094/2026/861
f 1099/2027/8 1101/2028/8 1093/2029/8
f 1104/2030/8 1103/2031/8 988/1957/8
f 1106/2032/8 1104/2030/8 995/2033/8
f 1105/2034/8 1106/2032/8 1002/2035/8
f 1103/2031/8 1105/2034/8 999/2036/8
f 1111/2037/2 1112/2038/2 997/2039/2
f 1113/2040/2 1111/2037/864 986/1942/2
f 1114/2041/2 1113/2040/2 1005/1947/2
f 1112/2038/2 1114/2041/2 1006/2042/2
f 1107/2043/8 1108/1907/8 996/2044/8
f 1109/1749/8 1107/2043/8 976/1895/8
f 1121/2045/130 1122/1721/130 1119/1723/130
f 1125/2046/8 1126/1724/8 1123/1726/8
f 1129/2047/132 1130/1727/132 1127/1729/132
f 1133/2048/2 1134/1730/2 1131/1732/2
f 1014/1857/2 1118/1733/2 998/1735/2
f 979/2049/8 1122/1736/8 978/1738/8
f 977/2050/133 1120/1739/133 979/1741/133
f 976/2051/2 1119/1742/2 977/1744/2
f 1110/2052/861 1118/1745/861 1109/1747/861
f 1010/1908/8 1110/1748/8 1008/1750/8
f 984/2053/132 1126/1751/132 983/1753/132
f 982/2054/133 1124/1754/133 984/1756/133
f 981/2055/130 1123/1757/130 982/1759/130
f 1029/2056/132 1045/1760/132 1030/1762/132
f 1107/2057/133 1115/1763/133 1108/1765/133
f 1028/2058/8 1044/1766/8 1029/1768/8
f 1109/2059/130 1117/1769/130 1107/1771/130
f 1108/2060/132 1116/1772/132 1110/1774/132
f 1103/2061/132 1111/1775/132 1105/1777/132
f 1027/2062/130 1043/1778/130 1028/1780/130
f 1105/2063/861 1113/1781/861 1106/1783/861
f 1030/2064/2 1046/1784/2 1027/1786/2
f 1079/1877/132 1081/1787/132 990/1789/132
f 990/1880/2 1082/1790/2 1080/1792/2
f 985/1892/132 1074/1793/132 1072/1795/132
f 1071/1889/8 1073/1796/8 985/1798/8
f 975/1849/130 1057/1799/130 1055/1801/130
f 1056/1852/2 1059/1802/2 975/1804/2
f 980/1863/8 1066/1805/8 1064/1807/8
f 1063/1860/130 1065/1808/130 980/1810/130
f 1015/2065/132 1031/1811/132 1016/1813/132
f 1018/2066/8 1034/1814/8 1015/1816/8
f 1017/2067/130 1033/1817/130 1018/1819/130
f 1016/2068/2 1032/1820/2 1017/1822/2
f 1020/2069/132 1036/1823/132 1021/1825/132
f 1019/2070/8 1035/1826/8 1020/1828/8
f 1022/2071/130 1038/1829/130 1019/1831/130
f 1021/2072/2 1037/1832/2 1022/1834/2
f 1026/2073/132 1042/1835/132 1025/1837/132
f 1024/2074/8 1040/1838/8 1026/1840/8
f 1023/2075/130 1039/1841/130 1024/1843/130
f 1025/2076/2 1041/1844/2 1023/1846/2
f 1055/1801/130 1061/1847/130 975/1849/130
f 975/1804/2 1060/1850/2 1056/1852/2
f 979/2077/130 1048/1853/130 977/1855/130
f 1011/1865/2 1117/1856/2 1014/1857/2
f 980/1810/130 1069/1858/130 1063/1860/130
f 1064/1807/8 1070/1861/8 980/1863/8
f 978/1914/2 1115/1864/2 1011/1865/2
f 994/2078/2 1054/1866/2 992/1868/2
f 984/2079/8 1050/1869/8 982/1871/8
f 1106/2080/130 1114/1872/130 1104/1874/130
f 990/1789/132 1085/1875/132 1079/1877/132
f 1080/1792/2 1086/1878/2 990/1880/2
f 1104/2081/133 1112/1881/133 1103/1883/133
f 989/2082/132 1052/1884/132 987/1886/132
f 985/1798/8 1077/1887/8 1071/1889/8
f 1072/1795/132 1078/1890/132 985/1892/132
f 1008/2083/861 1058/1899/861 1007/1901/861
f 976/1895/8 1055/1894/8 1008/1750/8
f 1009/1999/132 1059/1903/132 993/1896/132
f 1007/1901/861 1057/1900/861 1009/1905/861
f 1047/2084/8 1061/1906/8 977/1893/8
f 996/2044/8 1108/1907/8 1010/1908/8
f 989/2085/2 1130/1909/2 988/1911/2
f 994/1898/132 1056/1897/132 1054/1913/132
f 1013/2086/861 1067/1920/861 1012/1922/861
f 981/1919/132 1064/1918/132 1013/1924/132
f 1011/1865/2 1065/1925/2 978/1914/2
f 1012/1922/861 1066/1921/861 1011/1927/861
f 987/2087/133 1128/1928/133 989/1930/133
f 979/1916/2 1063/1915/2 1048/1932/2
f 1049/2088/132 1070/1933/132 982/1917/132
f 986/2089/8 1127/1934/8 987/1936/8
f 1005/2090/861 1075/1943/861 1004/1945/861
f 986/1942/2 1072/1941/2 1005/1947/2
f 1003/1992/130 1073/1948/130 983/1937/130
f 1004/1945/861 1074/1944/861 1003/1950/861
f 998/1735/2 1116/1734/2 978/1914/2
f 984/1939/130 1071/1938/130 1050/1952/130
f 1051/2091/2 1078/1953/2 987/1940/2
f 994/2092/130 1134/1954/130 993/1956/130
f 999/2036/8 1081/1963/8 988/1957/8
f 1000/1968/861 1082/1964/861 999/1966/861
f 1001/2093/861 1083/1967/861 1000/1968/861
f 991/1962/130 1080/1961/130 1001/1970/130
f 992/2094/133 1132/1971/133 994/1973/133
f 989/1959/8 1079/1958/8 1052/1975/8
f 1053/2095/130 1086/1976/130 992/1960/130
f 991/2096/132 1131/1977/132 992/1979/132
f 991/1962/130 1087/1980/130 995/1982/130
f 1001/1970/130 1089/1983/130 991/1962/130
f 1002/1985/130 1090/1984/130 1001/1970/130
f 995/1982/130 1088/1981/130 1002/1985/130
f 997/1989/130 1092/1986/130 983/1937/130
f 1006/1991/130 1094/1988/130 997/1989/130
f 1003/1992/130 1093/1990/130 1006/1991/130
f 983/1937/130 1091/1987/130 1003/1992/130
f 996/1996/132 1096/1993/132 993/1896/132
f 1010/1998/132 1098/1995/132 996/1996/132
f 1009/1999/132 1097/1997/132 1010/1998/132
f 993/1896/132 1095/1994/132 1009/1999/132
f 981/1919/132 1099/2000/132 998/2002/132
f 1013/1924/132 1101/2003/132 981/1919/132
f 1014/2005/132 1102/2004/132 1013/1924/132
f 998/2002/132 1100/2001/132 1014/2005/132
f 1087/2097/133 1095/2006/133 1088/2008/133
f 1089/2098/2 1097/2009/2 1087/2011/2
f 1090/2099/861 1098/2012/861 1089/2014/861
f 1088/2100/8 1096/2015/8 1090/2017/8
f 1092/2101/133 1100/2018/133 1091/2020/133
f 1094/2102/2 1102/2021/2 1092/2023/2
f 1093/2103/861 1101/2024/861 1094/2026/861
f 1091/2104/8 1099/2027/8 1093/2029/8
f 995/2033/8 1104/2030/8 988/1957/8
f 1002/2035/8 1106/2032/8 995/2033/8
f 999/2036/8 1105/2034/8 1002/2035/8
f 988/1957/8 1103/2031/8 999/2036/8
f 986/1942/2 1111/2037/2 997/2039/2
f 1005/1947/2 1113/2040/2 986/1942/2
f 1006/2042/2 1114/2041/2 1005/1947/2
f 997/2039/2 1112/2038/2 1006/2042/2
f 976/1895/8 1107/2043/8 996/2044/8
f 1008/1750/8 1109/1749/8 976/1895/8
f 1138/2105/17 1137/2106/17 1135/2107/17
f 1136/2108/17 1138/2105/17 1135/2107/17
f 1156/2109/865 1141/2110/866 1139/2111/867
f 1334/2112/868 1333/2113/869 1142/2114/870
f 1159/2115/871 1144/2116/872 1143/2117/873
f 1347/2118/874 1345/2119/875 1144/2120/876
f 1161/2121/877 1146/2122/878 1145/2123/879
f 1502/2124/880 1501/2125/881 1146/2122/882
f 1478/2126/877 1477/2127/883 1465/2128/884
f 1394/2129/885 1393/2130/886 1406/2131/887
f 1165/2132/888 1150/2133/889 1149/2134/890
f 1166/2135/891 1151/2136/892 1150/2137/889
f 1167/2138/893 1152/2139/894 1151/2140/895
f 1168/2141/896 1153/2142/897 1152/2143/898
f 1169/2144/899 1154/2145/900 1153/2146/901
f 1170/2147/902 1140/2148/903 1155/2149/904
f 1171/2150/905 1156/2109/865 1139/2111/867
f 1335/2151/906 1334/2112/868 1157/2152/907
f 1174/2153/908 1159/2154/871 1158/2155/909
f 1349/2156/910 1347/2118/874 1159/2157/911
f 1176/2158/908 1161/2121/877 1160/2159/912
f 1503/2160/913 1502/2124/880 1161/2121/914
f 1479/2161/915 1478/2126/877 1466/2162/916
f 1395/2163/917 1394/2164/885 1408/2165/918
f 1180/2166/919 1165/2132/888 1164/2167/920
f 1181/2168/921 1166/2135/891 1165/2169/888
f 1182/2170/922 1167/2138/893 1166/2171/923
f 1183/2172/924 1168/2141/896 1167/2173/925
f 1184/2174/926 1169/2144/899 1168/2175/927
f 1185/2176/928 1140/2148/903 1170/2147/902
f 1186/2177/929 1171/2178/905 1139/2179/867
f 1336/2180/930 1335/2151/906 1172/2181/931
f 1189/2182/930 1174/2153/908 1173/2183/932
f 1351/2184/933 1349/2156/910 1174/2185/934
f 1191/2186/930 1176/2187/908 1175/2188/935
f 1506/2189/936 1503/2190/913 1176/2187/937
f 1480/2191/938 1479/2161/915 1467/2192/939
f 1396/2193/940 1395/2163/917 1410/2194/941
f 1195/2195/942 1180/2166/919 1179/2196/943
f 1196/2197/944 1181/2198/921 1180/2199/919
f 1197/2200/945 1182/2170/922 1181/2201/946
f 1198/2202/947 1183/2203/924 1182/2204/948
f 1199/2205/949 1184/2174/926 1183/2206/950
f 1200/2207/951 1140/2148/903 1185/2176/928
f 1201/2208/952 1186/2177/929 1139/2179/867
f 1337/2209/953 1336/2180/930 1187/2210/954
f 1204/2211/955 1189/2182/930 1188/2212/956
f 1353/2213/957 1351/2184/933 1189/2214/958
f 1206/2215/959 1191/2186/930 1190/2216/960
f 1507/2217/961 1506/2189/936 1191/2186/962
f 1481/2218/963 1480/2219/938 1468/2220/954
f 1397/2221/964 1396/2193/940 1412/2222/965
f 1210/2223/966 1195/2195/942 1194/2224/967
f 1211/2225/968 1196/2197/944 1195/2226/942
f 1212/2227/969 1197/2200/945 1196/2228/970
f 1213/2229/971 1198/2202/947 1197/2230/972
f 1214/2231/973 1199/2205/949 1198/2232/974
f 1215/2233/975 1140/2148/903 1200/2207/951
f 1216/2234/976 1201/2208/952 1139/2179/867
f 1338/2235/977 1337/2209/953 1202/2236/978
f 1219/2237/979 1204/2211/955 1203/2238/980
f 1355/2239/981 1353/2213/957 1204/2240/982
f 1221/2241/983 1206/2215/959 1205/2242/984
f 1510/2243/985 1507/2217/961 1206/2215/986
f 1482/2244/979 1481/2218/963 1469/2245/987
f 1398/2246/988 1397/2221/964 1414/2247/989
f 1225/2248/990 1210/2223/966 1209/2249/991
f 1226/2250/992 1211/2225/968 1210/2251/966
f 1227/2252/993 1212/2227/969 1211/2253/994
f 1228/2254/995 1213/2229/971 1212/2255/996
f 1229/2256/997 1214/2231/973 1213/2257/998
f 1230/2258/999 1140/2148/903 1215/2233/975
f 1231/2259/1000 1216/2260/976 1139/2261/867
f 1339/2262/1001 1338/2263/977 1217/2264/1002
f 1234/2265/1003 1219/2266/979 1218/2267/1004
f 1357/2268/1005 1355/2239/981 1219/2269/1006
f 1236/2270/1007 1221/2271/983 1220/2272/1008
f 1511/2273/1009 1510/2274/985 1221/2271/1010
f 1483/2275/1011 1482/2244/979 1470/2276/1012
f 1399/2277/1013 1398/2278/988 1416/2279/1014
f 1240/2280/1015 1225/2248/990 1224/2281/1016
f 1241/2282/1017 1226/2283/992 1225/2284/990
f 1242/2285/1018 1227/2252/993 1226/2286/1019
f 1243/2287/1020 1228/2288/995 1227/2289/1021
f 1244/2290/1022 1229/2256/997 1228/2291/1023
f 1245/2292/1024 1140/2148/903 1230/2258/999
f 1246/2293/1025 1231/2259/1000 1139/2261/867
f 1340/2294/1026 1339/2262/1001 1232/2295/1027
f 1249/2296/1028 1234/2265/1003 1233/2297/1029
f 1359/2298/1030 1357/2268/1005 1234/2299/1031
f 1251/2300/1028 1236/2270/1007 1235/2301/1032
f 1512/2302/1033 1511/2273/1009 1236/2270/1034
f 1484/2303/1035 1483/2275/1011 1471/2304/1036
f 1400/2305/1037 1399/2277/1013 1418/2306/1038
f 1255/2307/1039 1240/2280/1015 1239/2308/1040
f 1256/2309/1041 1241/2282/1017 1240/2310/1015
f 1257/2311/1042 1242/2285/1018 1241/2312/1043
f 1258/2313/1044 1243/2287/1020 1242/2314/1045
f 1259/2315/1046 1244/2290/1022 1243/2316/1047
f 1260/2317/1048 1140/2148/903 1245/2292/1024
f 1261/2318/1049 1246/2293/1025 1139/2261/867
f 1341/2319/1050 1340/2294/1026 1247/2320/1051
f 1264/2321/1052 1249/2296/1028 1248/2322/1053
f 1361/2323/1054 1359/2298/1030 1249/2324/1055
f 1266/2325/1052 1251/2300/1028 1250/2326/1056
f 1515/2327/1057 1512/2302/1033 1251/2300/1058
f 1485/2328/1052 1484/2303/1035 1472/2329/1059
f 1401/2330/1060 1400/2331/1037 1420/2332/1061
f 1270/2333/1062 1255/2307/1039 1254/2334/1063
f 1271/2335/1064 1256/2309/1041 1255/2336/1039
f 1272/2337/1065 1257/2311/1042 1256/2338/1066
f 1273/2339/1067 1258/2313/1044 1257/2340/1068
f 1274/2341/1069 1259/2315/1046 1258/2342/1070
f 1275/2343/1071 1140/2148/903 1260/2317/1048
f 1276/2344/1072 1261/2345/1049 1139/2346/867
f 1342/2347/1073 1341/2348/1050 1262/2349/1074
f 1279/2350/1073 1264/2351/1052 1263/2352/1075
f 1363/2353/1076 1361/2323/1054 1264/2354/1077
f 1281/2355/1078 1266/2356/1052 1265/2357/1079
f 1516/2358/1080 1515/2359/1057 1266/2356/1081
f 1486/2360/1082 1485/2328/1052 1473/2361/1083
f 1402/2362/1084 1401/2330/1060 1422/2363/1085
f 1285/2364/1086 1270/2333/1062 1269/2365/1087
f 1286/2366/1088 1271/2367/1064 1270/2368/1062
f 1287/2369/1089 1272/2337/1065 1271/2370/1090
f 1288/2371/1091 1273/2372/1067 1272/2373/1092
f 1289/2374/1093 1274/2341/1069 1273/2375/1094
f 1290/2376/1095 1140/2148/903 1275/2343/1071
f 1291/2377/1096 1276/2344/1072 1139/2346/867
f 1343/2378/1097 1342/2347/1073 1277/2379/1098
f 1294/2380/1099 1279/2350/1073 1278/2381/1100
f 1365/2382/1101 1363/2353/1076 1279/2383/1102
f 1296/2384/1103 1281/2355/1078 1280/2385/1104
f 1517/2386/1105 1516/2358/1080 1281/2355/1106
f 1487/2387/1107 1486/2388/1082 1474/2389/1108
f 1403/2390/1109 1402/2362/1084 1424/2391/1110
f 1300/2392/1111 1285/2364/1086 1284/2393/1112
f 1301/2394/1113 1286/2366/1088 1285/2395/1086
f 1302/2396/1114 1287/2369/1089 1286/2397/1115
f 1303/2398/1116 1288/2371/1091 1287/2399/1117
f 1304/2400/1118 1289/2374/1093 1288/2401/1119
f 1305/2402/1120 1140/2148/903 1290/2376/1095
f 1306/2403/1121 1291/2377/1096 1139/2346/867
f 1344/2404/1122 1343/2378/1097 1292/2405/1123
f 1309/2406/1124 1294/2380/1099 1293/2407/1125
f 1367/2408/1126 1365/2382/1101 1294/2409/1127
f 1311/2410/1128 1296/2384/1103 1295/2411/1129
f 1518/2412/1130 1517/2386/1105 1296/2384/1131
f 1488/2413/1124 1487/2414/1107 1475/2415/1132
f 1404/2416/1133 1403/2390/1109 1426/2417/1134
f 1315/2418/1135 1300/2392/1111 1299/2419/1136
f 1316/2420/1137 1301/2394/1113 1300/2421/1111
f 1317/2422/1138 1302/2396/1114 1301/2423/1139
f 1318/2424/1140 1303/2398/1116 1302/2425/1141
f 1319/2426/1142 1304/2400/1118 1303/2427/1143
f 1320/2428/1144 1140/2148/903 1305/2402/1120
f 1141/2110/866 1306/2429/1121 1139/2111/867
f 1333/2430/869 1344/2404/1122 1307/2431/1145
f 1144/2116/872 1309/2432/1124 1308/2433/1146
f 1345/2119/875 1367/2408/1126 1309/2434/1147
f 1146/2122/878 1311/2435/1128 1310/2436/1148
f 1501/2125/881 1518/2437/1130 1311/2435/1149
f 1477/2127/883 1488/2413/1124 1476/2438/1150
f 1393/2130/886 1404/2439/1133 1428/2440/1151
f 1150/2133/889 1315/2418/1135 1314/2441/1152
f 1151/2136/892 1316/2442/1137 1315/2443/1135
f 1152/2139/894 1317/2422/1138 1316/2444/1153
f 1153/2142/897 1318/2445/1140 1317/2446/1154
f 1154/2145/900 1319/2426/1142 1318/2447/1155
f 1155/2149/904 1140/2148/903 1320/2428/1144
f 1158/2448/909 1143/2117/873 1321/2449/1156
f 1173/2183/932 1158/2155/909 1322/2450/1157
f 1188/2212/956 1173/2183/932 1323/2451/1158
f 1203/2238/980 1188/2212/956 1324/2452/1159
f 1218/2453/1004 1203/2238/980 1325/2454/1160
f 1233/2297/1029 1218/2267/1004 1326/2455/1161
f 1248/2322/1053 1233/2297/1029 1327/2456/1162
f 1263/2457/1075 1248/2322/1053 1328/2458/1163
f 1278/2381/1100 1263/2352/1075 1329/2459/1164
f 1293/2407/1125 1278/2381/1100 1330/2460/1165
f 1308/2461/1146 1293/2407/1125 1331/2462/1166
f 1143/2117/873 1308/2433/1146 1332/2463/1167
f 1322/2464/1168 1321/2465/1169 1333/2466/1170
f 1323/2467/1171 1322/2464/1168 1334/2468/1172
f 1324/2469/1173 1323/2467/1171 1335/2470/1174
f 1325/2471/1175 1324/2469/1173 1336/2472/1176
f 1326/2473/1177 1325/2471/1175 1337/2474/1178
f 1327/2475/1179 1326/2473/1177 1338/2476/1180
f 1328/2477/1181 1327/2475/1179 1339/2478/1182
f 1329/2479/1183 1328/2477/1181 1340/2480/1184
f 1330/2481/1185 1329/2479/1183 1341/2482/1186
f 1331/2483/1187 1330/2481/1185 1342/2484/1188
f 1332/2485/1189 1331/2483/1187 1343/2486/1190
f 1321/2465/1169 1332/2485/1189 1344/2487/1191
f 1348/2488/1192 1346/2489/1193 1345/2490/1194
f 1370/2491/1195 1369/2492/1196 1346/2489/1197
f 1350/2493/1198 1348/2488/1192 1347/2494/1199
f 1371/2495/1200 1370/2496/1195 1348/2497/1201
f 1352/2498/1202 1350/2499/1198 1349/2500/1203
f 1372/2501/1204 1371/2495/1200 1350/2499/1205
f 1354/2502/1206 1352/2498/1202 1351/2503/1207
f 1373/2504/1208 1372/2501/1204 1352/2498/1209
f 1356/2505/1210 1354/2506/1206 1353/2507/1211
f 1374/2508/1212 1373/2504/1208 1354/2502/1213
f 1358/2509/1214 1356/2505/1210 1355/2510/1215
f 1375/2511/1216 1374/2512/1212 1356/2505/1217
f 1360/2513/1218 1358/2509/1214 1357/2514/1219
f 1376/2515/1220 1375/2511/1216 1358/2509/1221
f 1362/2516/1222 1360/2517/1218 1359/2518/1223
f 1377/2519/1224 1376/2515/1220 1360/2513/1225
f 1364/2520/1226 1362/2516/1222 1361/2521/1227
f 1378/2522/1228 1377/2523/1224 1362/2516/1229
f 1366/2524/1230 1364/2520/1226 1363/2525/1231
f 1379/2526/1232 1378/2522/1228 1364/2520/1233
f 1368/2527/1234 1366/2524/1230 1365/2528/1235
f 1380/2529/1236 1379/2530/1232 1366/2531/1237
f 1346/2489/1193 1368/2532/1234 1367/2533/1238
f 1369/2492/1196 1380/2529/1236 1368/2532/1239
f 1382/2534/1240 1381/2535/1241 1369/2492/1196
f 1383/2536/1242 1382/2537/1240 1370/2496/1195
f 1384/2538/1243 1383/2536/1242 1371/2495/1200
f 1385/2539/1244 1384/2538/1243 1372/2501/1204
f 1386/2540/1245 1385/2539/1244 1373/2504/1208
f 1387/2541/1246 1386/2542/1245 1374/2512/1212
f 1388/2543/1247 1387/2541/1246 1375/2511/1216
f 1389/2544/1248 1388/2543/1247 1376/2515/1220
f 1390/2545/1249 1389/2546/1248 1377/2523/1224
f 1391/2547/1250 1390/2545/1249 1378/2522/1228
f 1392/2548/1251 1391/2547/1250 1379/2526/1232
f 1381/2535/1241 1392/2549/1251 1380/2529/1236
f 1160/2159/912 1145/2123/879 1381/2535/1241
f 1175/2550/935 1160/2159/912 1382/2534/1240
f 1190/2216/960 1175/2188/935 1383/2536/1242
f 1205/2242/984 1190/2216/960 1384/2538/1243
f 1220/2551/1008 1205/2242/984 1385/2539/1244
f 1235/2301/1032 1220/2272/1008 1386/2542/1245
f 1250/2326/1056 1235/2301/1032 1387/2541/1246
f 1265/2552/1079 1250/2326/1056 1388/2543/1247
f 1280/2385/1104 1265/2357/1079 1389/2546/1248
f 1295/2411/1129 1280/2385/1104 1390/2545/1249
f 1310/2553/1148 1295/2411/1129 1391/2547/1250
f 1145/2123/879 1310/2436/1148 1392/2549/1251
f 1164/2554/1252 1149/2555/1253 1393/2130/886
f 1179/2556/1254 1164/2554/1252 1394/2129/885
f 1194/2557/1255 1179/2558/1254 1395/2163/917
f 1209/2559/1256 1194/2557/1255 1396/2193/940
f 1224/2560/1257 1209/2559/1256 1397/2221/964
f 1239/2561/1258 1224/2562/1257 1398/2278/988
f 1254/2563/1259 1239/2561/1258 1399/2277/1013
f 1269/2564/1260 1254/2563/1259 1400/2305/1037
f 1284/2565/1261 1269/2566/1260 1401/2330/1060
f 1299/2567/1262 1284/2565/1261 1402/2362/1084
f 1314/2568/1263 1299/2567/1262 1403/2390/1109
f 1149/2555/1253 1314/2569/1263 1404/2439/1133
f 1430/2570/1264 1429/2571/1265 1407/2572/1266
f 1408/2573/918 1406/2131/887 1405/2574/1267
f 1429/2575/1265 1431/2576/1268 1409/2577/1269
f 1410/2194/941 1408/2165/918 1407/2578/1266
f 1431/2576/1268 1432/2579/1270 1411/2580/1271
f 1412/2222/965 1410/2194/941 1409/2577/1269
f 1432/2579/1270 1433/2581/1272 1413/2582/1273
f 1414/2247/989 1412/2222/965 1411/2580/1271
f 1433/2581/1272 1434/2583/1274 1415/2584/1275
f 1416/2585/1014 1414/2247/989 1413/2582/1273
f 1434/2586/1274 1435/2587/1276 1417/2588/1277
f 1418/2306/1038 1416/2279/1014 1415/2589/1275
f 1435/2587/1276 1436/2590/1278 1419/2591/1279
f 1420/2592/1061 1418/2306/1038 1417/2588/1277
f 1436/2590/1278 1437/2593/1280 1421/2594/1281
f 1422/2363/1085 1420/2332/1061 1419/2595/1279
f 1437/2596/1280 1438/2597/1282 1423/2598/1283
f 1424/2391/1110 1422/2363/1085 1421/2599/1281
f 1438/2597/1282 1439/2600/1284 1425/2601/1285
f 1426/2417/1134 1424/2391/1110 1423/2598/1283
f 1439/2602/1284 1440/2603/1286 1427/2604/1287
f 1428/2605/1151 1426/2417/1134 1425/2601/1285
f 1440/2603/1286 1430/2570/1264 1405/2574/1267
f 1406/2131/887 1428/2440/1151 1427/2604/1287
f 1148/2606/1288 1163/2607/1289 1429/2571/1290
f 1163/2608/1289 1178/2609/1291 1431/2576/1292
f 1178/2609/1291 1193/2610/1293 1432/2579/1294
f 1193/2610/1293 1208/2611/1295 1433/2581/1296
f 1208/2612/1295 1223/2613/1297 1434/2586/1298
f 1223/2613/1297 1238/2614/1299 1435/2587/1300
f 1238/2614/1299 1253/2615/1301 1436/2590/1302
f 1253/2615/1301 1268/2616/1303 1437/2593/1304
f 1268/2617/1303 1283/2618/1305 1438/2597/1306
f 1283/2618/1305 1298/2619/1307 1439/2600/1308
f 1298/2620/1307 1313/2621/1309 1440/2603/1310
f 1313/2621/1309 1148/2606/1288 1430/2570/1311
f 1490/2622/1312 1489/2623/1313 1441/2624/1314
f 1491/2625/1315 1490/2622/1312 1442/2626/1316
f 1492/2627/1317 1491/2628/1315 1443/2629/1318
f 1493/2630/1319 1492/2627/1317 1444/2631/1320
f 1494/2632/1321 1493/2630/1319 1445/2633/1322
f 1495/2634/1323 1494/2635/1321 1446/2636/1324
f 1496/2637/1325 1495/2634/1323 1447/2638/1326
f 1497/2639/1327 1496/2637/1325 1448/2640/1328
f 1498/2641/1329 1497/2642/1327 1449/2643/1330
f 1499/2644/1331 1498/2641/1329 1450/2645/1332
f 1500/2646/1333 1499/2644/1331 1451/2647/1334
f 1489/2623/1313 1500/2648/1333 1452/2649/1335
f 1520/2650/1336 1519/2651/1337 1453/2652/1338
f 1508/2653/1339 1520/2654/1336 1454/2655/1340
f 1509/2656/1341 1508/2653/1339 1455/2657/1342
f 1513/2658/1343 1509/2656/1341 1456/2659/1344
f 1514/2660/1345 1513/2658/1343 1457/2661/1346
f 1504/2662/1347 1514/2663/1345 1458/2664/1348
f 1505/2665/1349 1504/2662/1347 1459/2666/1350
f 1521/2667/1351 1505/2665/1349 1460/2668/1352
f 1522/2669/1353 1521/2670/1351 1461/2671/1354
f 1523/2672/1355 1522/2669/1353 1462/2673/1356
f 1524/2674/1357 1523/2672/1355 1463/2675/1358
f 1519/2651/1337 1524/2676/1357 1464/2677/1359
f 1466/2678/1360 1465/2679/1361 1147/2680/1362
f 1477/2681/1363 1478/2682/1364 1442/2683/1365
f 1467/2684/1366 1466/2678/1360 1162/2685/1367
f 1478/2682/1364 1479/2686/1368 1443/2687/1369
f 1468/2688/1370 1467/2684/1366 1177/2689/1371
f 1479/2686/1368 1480/2690/1372 1444/2691/1373
f 1469/2692/1374 1468/2688/1370 1192/2693/1375
f 1480/2690/1372 1481/2694/1376 1445/2695/1377
f 1470/2696/1378 1469/2692/1374 1207/2697/1379
f 1481/2694/1376 1482/2698/1380 1446/2699/1381
f 1471/2700/1382 1470/2696/1378 1222/2701/1383
f 1482/2698/1380 1483/2702/1384 1447/2703/1385
f 1472/2704/1386 1471/2700/1382 1237/2705/1387
f 1483/2702/1384 1484/2706/1388 1448/2707/1389
f 1473/2708/1390 1472/2704/1386 1252/2709/1391
f 1484/2706/1388 1485/2710/1392 1449/2711/1393
f 1474/2712/1394 1473/2708/1390 1267/2713/1395
f 1485/2710/1392 1486/2714/1396 1450/2715/1397
f 1475/2716/1398 1474/2712/1394 1282/2717/1399
f 1486/2714/1396 1487/2718/1400 1451/2719/1401
f 1476/2720/1402 1475/2716/1398 1297/2721/1403
f 1487/2718/1400 1488/2722/1404 1452/2723/1405
f 1465/2679/1361 1476/2720/1402 1312/2724/1406
f 1488/2722/1404 1477/2681/1363 1441/2725/1407
f 1163/2607/1408 1148/2606/1409 1489/2623/1410
f 1178/2609/1411 1163/2608/1408 1490/2726/1412
f 1193/2610/1413 1178/2609/1411 1491/2628/1414
f 1208/2611/1415 1193/2610/1413 1492/2627/1416
f 1223/2727/1417 1208/2611/1415 1493/2630/1418
f 1238/2614/1419 1223/2613/1417 1494/2635/1420
f 1253/2615/1421 1238/2614/1419 1495/2634/1422
f 1268/2616/1423 1253/2615/1421 1496/2637/1424
f 1283/2618/1425 1268/2617/1423 1497/2642/1426
f 1298/2619/1427 1283/2618/1425 1498/2641/1428
f 1313/2728/1429 1298/2619/1427 1499/2644/1430
f 1148/2606/1409 1313/2621/1429 1500/2648/1431
f 1454/2729/1432 1453/2730/1433 1501/2731/1434
f 1455/2732/1435 1454/2729/1432 1502/2733/1436
f 1252/2734/1437 1237/2735/1438 1504/2662/1439
f 1456/2736/1440 1455/2732/1435 1503/2737/1441
f 1457/2738/1442 1456/2736/1440 1506/2739/1443
f 1192/2740/1444 1177/2741/1445 1508/2653/1446
f 1458/2742/1447 1457/2738/1442 1507/2743/1448
f 1459/2744/1449 1458/2742/1447 1510/2745/1450
f 1460/2746/1451 1459/2744/1449 1511/2747/1452
f 1222/2748/1453 1207/2749/1454 1513/2658/1455
f 1461/2750/1456 1460/2746/1451 1512/2751/1457
f 1462/2752/1458 1461/2750/1456 1515/2753/1459
f 1463/2754/1460 1462/2752/1458 1516/2755/1461
f 1464/2756/1462 1463/2754/1460 1517/2757/1463
f 1453/2730/1433 1464/2756/1462 1518/2758/1464
f 1162/2759/1465 1147/2760/1466 1519/2651/1467
f 1177/2741/1445 1162/2761/1465 1520/2654/1468
f 1207/2749/1454 1192/2740/1444 1509/2656/1469
f 1237/2735/1438 1222/2762/1453 1514/2663/1470
f 1267/2763/1471 1252/2734/1437 1505/2665/1472
f 1282/2764/1473 1267/2765/1471 1521/2670/1474
f 1297/2766/1475 1282/2764/1473 1522/2669/1476
f 1312/2767/1477 1297/2766/1475 1523/2672/1478
f 1147/2760/1466 1312/2768/1477 1524/2676/1479
f 1157/2152/907 1334/2112/868 1142/2114/870
f 1158/2448/909 1159/2115/871 1143/2117/873
f 1159/2157/911 1347/2118/874 1144/2120/876
f 1160/2159/912 1161/2121/877 1145/2123/879
f 1161/2121/914 1502/2124/880 1146/2122/882
f 1466/2162/916 1478/2126/877 1465/2128/884
f 1408/2573/918 1394/2129/885 1406/2131/887
f 1164/2167/920 1165/2132/888 1149/2134/890
f 1165/2169/888 1166/2135/891 1150/2137/889
f 1166/2171/923 1167/2138/893 1151/2140/895
f 1167/2173/925 1168/2141/896 1152/2143/898
f 1168/2175/927 1169/2144/899 1153/2146/901
f 1172/2181/931 1335/2151/906 1157/2152/907
f 1173/2183/932 1174/2153/908 1158/2155/909
f 1174/2185/934 1349/2156/910 1159/2157/911
f 1175/2550/935 1176/2158/908 1160/2159/912
f 1176/2158/937 1503/2160/913 1161/2121/914
f 1467/2192/939 1479/2161/915 1466/2162/916
f 1410/2194/941 1395/2163/917 1408/2165/918
f 1179/2196/943 1180/2166/919 1164/2167/920
f 1180/2769/919 1181/2168/921 1165/2169/888
f 1181/2201/946 1182/2170/922 1166/2171/923
f 1182/2770/948 1183/2172/924 1167/2173/925
f 1183/2206/950 1184/2174/926 1168/2175/927
f 1187/2210/954 1336/2180/930 1172/2181/931
f 1188/2212/956 1189/2182/930 1173/2183/932
f 1189/2214/958 1351/2184/933 1174/2185/934
f 1190/2216/960 1191/2186/930 1175/2188/935
f 1191/2186/962 1506/2189/936 1176/2187/937
f 1468/2771/954 1480/2191/938 1467/2192/939
f 1412/2222/965 1396/2193/940 1410/2194/941
f 1194/2224/967 1195/2195/942 1179/2196/943
f 1195/2226/942 1196/2197/944 1180/2199/919
f 1196/2228/970 1197/2200/945 1181/2201/946
f 1197/2230/972 1198/2202/947 1182/2204/948
f 1198/2232/974 1199/2205/949 1183/2206/950
f 1202/2236/978 1337/2209/953 1187/2210/954
f 1203/2238/980 1204/2211/955 1188/2212/956
f 1204/2240/982 1353/2213/957 1189/2214/958
f 1205/2242/984 1206/2215/959 1190/2216/960
f 1206/2215/986 1507/2217/961 1191/2186/962
f 1469/2245/987 1481/2218/963 1468/2220/954
f 1414/2247/989 1397/2221/964 1412/2222/965
f 1209/2249/991 1210/2223/966 1194/2224/967
f 1210/2251/966 1211/2225/968 1195/2226/942
f 1211/2253/994 1212/2227/969 1196/2228/970
f 1212/2255/996 1213/2229/971 1197/2230/972
f 1213/2257/998 1214/2231/973 1198/2232/974
f 1217/2772/1002 1338/2235/977 1202/2236/978
f 1218/2453/1004 1219/2237/979 1203/2238/980
f 1219/2269/1006 1355/2239/981 1204/2240/982
f 1220/2551/1008 1221/2241/983 1205/2242/984
f 1221/2241/1010 1510/2243/985 1206/2215/986
f 1470/2276/1012 1482/2244/979 1469/2245/987
f 1416/2585/1014 1398/2246/988 1414/2247/989
f 1224/2281/1016 1225/2248/990 1209/2249/991
f 1225/2773/990 1226/2250/992 1210/2251/966
f 1226/2286/1019 1227/2252/993 1211/2253/994
f 1227/2774/1021 1228/2254/995 1212/2255/996
f 1228/2291/1023 1229/2256/997 1213/2257/998
f 1232/2295/1027 1339/2262/1001 1217/2264/1002
f 1233/2297/1029 1234/2265/1003 1218/2267/1004
f 1234/2299/1031 1357/2268/1005 1219/2269/1006
f 1235/2301/1032 1236/2270/1007 1220/2272/1008
f 1236/2270/1034 1511/2273/1009 1221/2271/1010
f 1471/2304/1036 1483/2275/1011 1470/2276/1012
f 1418/2306/1038 1399/2277/1013 1416/2279/1014
f 1239/2308/1040 1240/2280/1015 1224/2281/1016
f 1240/2310/1015 1241/2282/1017 1225/2284/990
f 1241/2312/1043 1242/2285/1018 1226/2286/1019
f 1242/2314/1045 1243/2287/1020 1227/2289/1021
f 1243/2316/1047 1244/2290/1022 1228/2291/1023
f 1247/2320/1051 1340/2294/1026 1232/2295/1027
f 1248/2322/1053 1249/2296/1028 1233/2297/1029
f 1249/2324/1055 1359/2298/1030 1234/2299/1031
f 1250/2326/1056 1251/2300/1028 1235/2301/1032
f 1251/2300/1058 1512/2302/1033 1236/2270/1034
f 1472/2329/1059 1484/2303/1035 1471/2304/1036
f 1420/2592/1061 1400/2305/1037 1418/2306/1038
f 1254/2334/1063 1255/2307/1039 1239/2308/1040
f 1255/2336/1039 1256/2309/1041 1240/2310/1015
f 1256/2338/1066 1257/2311/1042 1241/2312/1043
f 1257/2340/1068 1258/2313/1044 1242/2314/1045
f 1258/2342/1070 1259/2315/1046 1243/2316/1047
f 1262/2775/1074 1341/2319/1050 1247/2320/1051
f 1263/2457/1075 1264/2321/1052 1248/2322/1053
f 1264/2354/1077 1361/2323/1054 1249/2324/1055
f 1265/2552/1079 1266/2325/1052 1250/2326/1056
f 1266/2325/1081 1515/2327/1057 1251/2300/1058
f 1473/2361/1083 1485/2328/1052 1472/2329/1059
f 1422/2363/1085 1401/2330/1060 1420/2332/1061
f 1269/2365/1087 1270/2333/1062 1254/2334/1063
f 1270/2776/1062 1271/2335/1064 1255/2336/1039
f 1271/2370/1090 1272/2337/1065 1256/2338/1066
f 1272/2777/1092 1273/2339/1067 1257/2340/1068
f 1273/2375/1094 1274/2341/1069 1258/2342/1070
f 1277/2379/1098 1342/2347/1073 1262/2349/1074
f 1278/2381/1100 1279/2350/1073 1263/2352/1075
f 1279/2383/1102 1363/2353/1076 1264/2354/1077
f 1280/2385/1104 1281/2355/1078 1265/2357/1079
f 1281/2355/1106 1516/2358/1080 1266/2356/1081
f 1474/2778/1108 1486/2360/1082 1473/2361/1083
f 1424/2391/1110 1402/2362/1084 1422/2363/1085
f 1284/2393/1112 1285/2364/1086 1269/2365/1087
f 1285/2395/1086 1286/2366/1088 1270/2368/1062
f 1286/2397/1115 1287/2369/1089 1271/2370/1090
f 1287/2399/1117 1288/2371/1091 1272/2373/1092
f 1288/2401/1119 1289/2374/1093 1273/2375/1094
f 1292/2405/1123 1343/2378/1097 1277/2379/1098
f 1293/2407/1125 1294/2380/1099 1278/2381/1100
f 1294/2409/1127 1365/2382/1101 1279/2383/1102
f 1295/2411/1129 1296/2384/1103 1280/2385/1104
f 1296/2384/1131 1517/2386/1105 1281/2355/1106
f 1475/2779/1132 1487/2387/1107 1474/2389/1108
f 1426/2417/1134 1403/2390/1109 1424/2391/1110
f 1299/2419/1136 1300/2392/1111 1284/2393/1112
f 1300/2421/1111 1301/2394/1113 1285/2395/1086
f 1301/2423/1139 1302/2396/1114 1286/2397/1115
f 1302/2425/1141 1303/2398/1116 1287/2399/1117
f 1303/2427/1143 1304/2400/1118 1288/2401/1119
f 1307/2431/1145 1344/2404/1122 1292/2405/1123
f 1308/2461/1146 1309/2406/1124 1293/2407/1125
f 1309/2434/1147 1367/2408/1126 1294/2409/1127
f 1310/2553/1148 1311/2410/1128 1295/2411/1129
f 1311/2410/1149 1518/2412/1130 1296/2384/1131
f 1476/2438/1150 1488/2413/1124 1475/2415/1132
f 1428/2605/1151 1404/2416/1133 1426/2417/1134
f 1314/2441/1152 1315/2418/1135 1299/2419/1136
f 1315/2780/1135 1316/2420/1137 1300/2421/1111
f 1316/2444/1153 1317/2422/1138 1301/2423/1139
f 1317/2781/1154 1318/2424/1140 1302/2425/1141
f 1318/2447/1155 1319/2426/1142 1303/2427/1143
f 1142/2782/870 1333/2430/869 1307/2431/1145
f 1143/2117/873 1144/2116/872 1308/2433/1146
f 1144/2120/876 1345/2119/875 1309/2434/1147
f 1145/2123/879 1146/2122/878 1310/2436/1148
f 1146/2122/882 1501/2125/881 1311/2435/1149
f 1465/2128/884 1477/2127/883 1476/2438/1150
f 1406/2131/887 1393/2130/886 1428/2440/1151
f 1149/2134/890 1150/2133/889 1314/2441/1152
f 1150/2137/889 1151/2136/892 1315/2443/1135
f 1151/2140/895 1152/2139/894 1316/2444/1153
f 1152/2143/898 1153/2142/897 1317/2446/1154
f 1153/2146/901 1154/2145/900 1318/2447/1155
f 1322/2783/1157 1158/2448/909 1321/2449/1156
f 1323/2451/1158 1173/2183/932 1322/2450/1157
f 1324/2452/1159 1188/2212/956 1323/2451/1158
f 1325/2454/1160 1203/2238/980 1324/2452/1159
f 1326/2784/1161 1218/2453/1004 1325/2454/1160
f 1327/2456/1162 1233/2297/1029 1326/2455/1161
f 1328/2458/1163 1248/2322/1053 1327/2456/1162
f 1329/2785/1164 1263/2457/1075 1328/2458/1163
f 1330/2460/1165 1278/2381/1100 1329/2459/1164
f 1331/2462/1166 1293/2407/1125 1330/2460/1165
f 1332/2786/1167 1308/2461/1146 1331/2462/1166
f 1321/2449/1156 1143/2117/873 1332/2463/1167
f 1334/2468/1172 1322/2464/1168 1333/2466/1170
f 1335/2470/1174 1323/2467/1171 1334/2468/1172
f 1336/2472/1176 1324/2469/1173 1335/2470/1174
f 1337/2474/1178 1325/2471/1175 1336/2472/1176
f 1338/2476/1180 1326/2473/1177 1337/2474/1178
f 1339/2478/1182 1327/2475/1179 1338/2476/1180
f 1340/2480/1184 1328/2477/1181 1339/2478/1182
f 1341/2482/1186 1329/2479/1183 1340/2480/1184
f 1342/2484/1188 1330/2481/1185 1341/2482/1186
f 1343/2486/1190 1331/2483/1187 1342/2484/1188
f 1344/2487/1191 1332/2485/1189 1343/2486/1190
f 1333/2466/1170 1321/2465/1169 1344/2487/1191
f 1347/2494/1199 1348/2488/1192 1345/2490/1194
f 1348/2488/1201 1370/2491/1195 1346/2489/1197
f 1349/2787/1203 1350/2493/1198 1347/2494/1199
f 1350/2499/1205 1371/2495/1200 1348/2497/1201
f 1351/2503/1207 1352/2498/1202 1349/2500/1203
f 1352/2498/1209 1372/2501/1204 1350/2499/1205
f 1353/2788/1211 1354/2502/1206 1351/2503/1207
f 1354/2502/1213 1373/2504/1208 1352/2498/1209
f 1355/2510/1215 1356/2505/1210 1353/2507/1211
f 1356/2789/1217 1374/2508/1212 1354/2502/1213
f 1357/2514/1219 1358/2509/1214 1355/2510/1215
f 1358/2509/1221 1375/2511/1216 1356/2505/1217
f 1359/2790/1223 1360/2513/1218 1357/2514/1219
f 1360/2513/1225 1376/2515/1220 1358/2509/1221
f 1361/2521/1227 1362/2516/1222 1359/2518/1223
f 1362/2791/1229 1377/2519/1224 1360/2513/1225
f 1363/2525/1231 1364/2520/1226 1361/2521/1227
f 1364/2520/1233 1378/2522/1228 1362/2516/1229
f 1365/2528/1235 1366/2524/1230 1363/2525/1231
f 1366/2524/1237 1379/2526/1232 1364/2520/1233
f 1367/2792/1238 1368/2527/1234 1365/2528/1235
f 1368/2532/1239 1380/2529/1236 1366/2531/1237
f 1345/2490/1194 1346/2489/1193 1367/2533/1238
f 1346/2489/1197 1369/2492/1196 1368/2532/1239
f 1370/2491/1195 1382/2534/1240 1369/2492/1196
f 1371/2495/1200 1383/2536/1242 1370/2496/1195
f 1372/2501/1204 1384/2538/1243 1371/2495/1200
f 1373/2504/1208 1385/2539/1244 1372/2501/1204
f 1374/2508/1212 1386/2540/1245 1373/2504/1208
f 1375/2511/1216 1387/2541/1246 1374/2512/1212
f 1376/2515/1220 1388/2543/1247 1375/2511/1216
f 1377/2519/1224 1389/2544/1248 1376/2515/1220
f 1378/2522/1228 1390/2545/1249 1377/2523/1224
f 1379/2526/1232 1391/2547/1250 1378/2522/1228
f 1380/2793/1236 1392/2548/1251 1379/2526/1232
f 1369/2492/1196 1381/2535/1241 1380/2529/1236
f 1382/2534/1240 1160/2159/912 1381/2535/1241
f 1383/2794/1242 1175/2550/935 1382/2534/1240
f 1384/2538/1243 1190/2216/960 1383/2536/1242
f 1385/2539/1244 1205/2242/984 1384/2538/1243
f 1386/2540/1245 1220/2551/1008 1385/2539/1244
f 1387/2541/1246 1235/2301/1032 1386/2542/1245
f 1388/2543/1247 1250/2326/1056 1387/2541/1246
f 1389/2544/1248 1265/2552/1079 1388/2543/1247
f 1390/2545/1249 1280/2385/1104 1389/2546/1248
f 1391/2547/1250 1295/2411/1129 1390/2545/1249
f 1392/2548/1251 1310/2553/1148 1391/2547/1250
f 1381/2535/1241 1145/2123/879 1392/2549/1251
f 1394/2129/885 1164/2554/1252 1393/2130/886
f 1395/2795/917 1179/2556/1254 1394/2129/885
f 1396/2193/940 1194/2557/1255 1395/2163/917
f 1397/2221/964 1209/2559/1256 1396/2193/940
f 1398/2246/988 1224/2560/1257 1397/2221/964
f 1399/2277/1013 1239/2561/1258 1398/2278/988
f 1400/2305/1037 1254/2563/1259 1399/2277/1013
f 1401/2796/1060 1269/2564/1260 1400/2305/1037
f 1402/2362/1084 1284/2565/1261 1401/2330/1060
f 1403/2390/1109 1299/2567/1262 1402/2362/1084
f 1404/2416/1133 1314/2568/1263 1403/2390/1109
f 1393/2130/886 1149/2555/1253 1404/2439/1133
f 1405/2574/1267 1430/2570/1264 1407/2572/1266
f 1407/2572/1266 1408/2573/918 1405/2574/1267
f 1407/2578/1266 1429/2575/1265 1409/2577/1269
f 1409/2577/1269 1410/2194/941 1407/2578/1266
f 1409/2577/1269 1431/2576/1268 1411/2580/1271
f 1411/2580/1271 1412/2222/965 1409/2577/1269
f 1411/2580/1271 1432/2579/1270 1413/2582/1273
f 1413/2582/1273 1414/2247/989 1411/2580/1271
f 1413/2582/1273 1433/2581/1272 1415/2584/1275
f 1415/2584/1275 1416/2585/1014 1413/2582/1273
f 1415/2589/1275 1434/2586/1274 1417/2588/1277
f 1417/2588/1277 1418/2306/1038 1415/2589/1275
f 1417/2588/1277 1435/2587/1276 1419/2591/1279
f 1419/2591/1279 1420/2592/1061 1417/2588/1277
f 1419/2591/1279 1436/2590/1278 1421/2594/1281
f 1421/2599/1281 1422/2363/1085 1419/2595/1279
f 1421/2599/1281 1437/2596/1280 1423/2598/1283
f 1423/2598/1283 1424/2391/1110 1421/2599/1281
f 1423/2598/1283 1438/2597/1282 1425/2601/1285
f 1425/2601/1285 1426/2417/1134 1423/2598/1283
f 1425/2797/1285 1439/2602/1284 1427/2604/1287
f 1427/2798/1287 1428/2605/1151 1425/2601/1285
f 1427/2604/1287 1440/2603/1286 1405/2574/1267
f 1405/2574/1267 1406/2131/887 1427/2604/1287
f 1430/2570/1311 1148/2606/1288 1429/2571/1290
f 1429/2575/1290 1163/2608/1289 1431/2576/1292
f 1431/2576/1292 1178/2609/1291 1432/2579/1294
f 1432/2579/1294 1193/2610/1293 1433/2581/1296
f 1433/2799/1296 1208/2612/1295 1434/2586/1298
f 1434/2586/1298 1223/2613/1297 1435/2587/1300
f 1435/2587/1300 1238/2614/1299 1436/2590/1302
f 1436/2590/1302 1253/2615/1301 1437/2593/1304
f 1437/2596/1304 1268/2617/1303 1438/2597/1306
f 1438/2597/1306 1283/2618/1305 1439/2600/1308
f 1439/2602/1308 1298/2620/1307 1440/2603/1310
f 1440/2603/1310 1313/2621/1309 1430/2570/1311
f 1442/2626/1316 1490/2622/1312 1441/2624/1314
f 1443/2800/1318 1491/2625/1315 1442/2626/1316
f 1444/2631/1320 1492/2627/1317 1443/2629/1318
f 1445/2633/1322 1493/2630/1319 1444/2631/1320
f 1446/2801/1324 1494/2632/1321 1445/2633/1322
f 1447/2638/1326 1495/2634/1323 1446/2636/1324
f 1448/2640/1328 1496/2637/1325 1447/2638/1326
f 1449/2802/1330 1497/2639/1327 1448/2640/1328
f 1450/2645/1332 1498/2641/1329 1449/2643/1330
f 1451/2647/1334 1499/2644/1331 1450/2645/1332
f 1452/2803/1335 1500/2646/1333 1451/2647/1334
f 1441/2624/1314 1489/2623/1313 1452/2649/1335
f 1454/2804/1340 1520/2650/1336 1453/2652/1338
f 1455/2657/1342 1508/2653/1339 1454/2655/1340
f 1456/2659/1344 1509/2656/1341 1455/2657/1342
f 1457/2661/1346 1513/2658/1343 1456/2659/1344
f 1458/2805/1348 1514/2660/1345 1457/2661/1346
f 1459/2666/1350 1504/2662/1347 1458/2664/1348
f 1460/2668/1352 1505/2665/1349 1459/2666/1350
f 1461/2806/1354 1521/2667/1351 1460/2668/1352
f 1462/2673/1356 1522/2669/1353 1461/2671/1354
f 1463/2675/1358 1523/2672/1355 1462/2673/1356
f 1464/2807/1359 1524/2674/1357 1463/2675/1358
f 1453/2652/1338 1519/2651/1337 1464/2677/1359
f 1162/2685/1367 1466/2678/1360 1147/2680/1362
f 1441/2725/1407 1477/2681/1363 1442/2683/1365
f 1177/2689/1371 1467/2684/1366 1162/2685/1367
f 1442/2683/1365 1478/2682/1364 1443/2687/1369
f 1192/2693/1375 1468/2688/1370 1177/2689/1371
f 1443/2687/1369 1479/2686/1368 1444/2691/1373
f 1207/2697/1379 1469/2692/1374 1192/2693/1375
f 1444/2691/1373 1480/2690/1372 1445/2695/1377
f 1222/2701/1383 1470/2696/1378 1207/2697/1379
f 1445/2695/1377 1481/2694/1376 1446/2699/1381
f 1237/2705/1387 1471/2700/1382 1222/2701/1383
f 1446/2699/1381 1482/2698/1380 1447/2703/1385
f 1252/2709/1391 1472/2704/1386 1237/2705/1387
f 1447/2703/1385 1483/2702/1384 1448/2707/1389
f 1267/2713/1395 1473/2708/1390 1252/2709/1391
f 1448/2707/1389 1484/2706/1388 1449/2711/1393
f 1282/2717/1399 1474/2712/1394 1267/2713/1395
f 1449/2711/1393 1485/2710/1392 1450/2715/1397
f 1297/2721/1403 1475/2716/1398 1282/2717/1399
f 1450/2715/1397 1486/2714/1396 1451/2719/1401
f 1312/2724/1406 1476/2720/1402 1297/2721/1403
f 1451/2719/1401 1487/2718/1400 1452/2723/1405
f 1147/2680/1362 1465/2679/1361 1312/2724/1406
f 1452/2723/1405 1488/2722/1404 1441/2725/1407
f 1490/2622/1412 1163/2607/1408 1489/2623/1410
f 1491/2628/1414 1178/2609/1411 1490/2726/1412
f 1492/2627/1416 1193/2610/1413 1491/2628/1414
f 1493/2630/1418 1208/2611/1415 1492/2627/1416
f 1494/2632/1420 1223/2727/1417 1493/2630/1418
f 1495/2634/1422 1238/2614/1419 1494/2635/1420
f 1496/2637/1424 1253/2615/1421 1495/2634/1422
f 1497/2639/1426 1268/2616/1423 1496/2637/1424
f 1498/2641/1428 1283/2618/1425 1497/2642/1426
f 1499/2644/1430 1298/2619/1427 1498/2641/1428
f 1500/2646/1431 1313/2728/1429 1499/2644/1430
f 1489/2623/1410 1148/2606/1409 1500/2648/1431
f 1502/2733/1436 1454/2729/1432 1501/2731/1434
f 1503/2737/1441 1455/2732/1435 1502/2733/1436
f 1505/2665/1472 1252/2734/1437 1504/2662/1439
f 1506/2739/1443 1456/2736/1440 1503/2737/1441
f 1507/2743/1448 1457/2738/1442 1506/2739/1443
f 1509/2656/1469 1192/2740/1444 1508/2653/1446
f 1510/2745/1450 1458/2742/1447 1507/2743/1448
f 1511/2747/1452 1459/2744/1449 1510/2745/1450
f 1512/2751/1457 1460/2746/1451 1511/2747/1452
f 1514/2660/1470 1222/2748/1453 1513/2658/1455
f 1515/2753/1459 1461/2750/1456 1512/2751/1457
f 1516/2755/1461 1462/2752/1458 1515/2753/1459
f 1517/2757/1463 1463/2754/1460 1516/2755/1461
f 1518/2758/1464 1464/2756/1462 1517/2757/1463
f 1501/2731/1434 1453/2730/1433 1518/2758/1464
f 1520/2650/1468 1162/2759/1465 1519/2651/1467
f 1508/2653/1446 1177/2741/1445 1520/2654/1468
f 1513/2658/1455 1207/2749/1454 1509/2656/1469
f 1504/2662/1439 1237/2735/1438 1514/2663/1470
f 1521/2667/1474 1267/2763/1471 1505/2665/1472
f 1522/2669/1476 1282/2764/1473 1521/2670/1474
f 1523/2672/1478 1297/2766/1475 1522/2669/1476
f 1524/2674/1479 1312/2767/1477 1523/2672/1478
f 1519/2651/1467 1147/2760/1466 1524/2676/1479
f 1555/2808/1480 1549/2809/1481 1559/2810/1481
f 1554/2811/1480 1548/2812/1481 1547/2813/1481
f 1560/2814/1480 1559/2810/1481 1548/2812/1481
f 1563/2815/1480 1561/2816/1481 1549/2809/1481
f 1566/2817/1480 1565/2818/1481 1550/2819/1481
f 1558/2820/1480 1552/2821/1481 1551/2822/1481
f 1564/2823/1480 1562/2824/1481 1561/2816/1481
f 1556/2825/1480 1550/2819/1481 1562/2824/1481
f 1557/2826/1480 1551/2822/1481 1565/2818/1481
f 1553/2827/8 1547/2828/8 1527/2829/8
f 1599/2830/1482 1598/2831/1483 1587/2832/1482
f 1547/2833/1484 1548/2834/1485 1528/2835/1484
f 1525/2836/1482 1599/2830/1482 1588/2837/1486
f 1548/2834/1485 1559/2838/1487 1539/2839/1488
f 1526/2840/1482 1600/2841/1486 1589/2842/1486
f 1549/2843/1485 1561/2844/1484 1541/2845/1484
f 1604/2846/1482 1601/2847/1482 1590/2848/1482
f 1550/2849/1484 1565/2850/1489 1545/2851/1485
f 1603/2852/1490 1602/2853/1486 1591/2854/1482
f 1552/2855/2 1558/2856/2 1538/2857/2
f 1551/2858/1487 1552/2859/1489 1532/2860/1489
f 1600/2841/1486 1525/2836/1482 1593/2861/1482
f 1559/2838/1487 1549/2843/1485 1529/2862/1489
f 1595/2863/1482 1526/2840/1482 1594/2864/1486
f 1561/2844/1484 1562/2865/1485 1542/2866/1485
f 1601/2847/1482 1595/2863/1482 1596/2867/1482
f 1562/2865/1485 1550/2849/1484 1530/2868/1484
f 1602/2853/1486 1604/2846/1482 1597/2869/1482
f 1565/2850/1489 1551/2858/1487 1531/2870/1484
f 1568/2871/1491 1567/2872/1492 1533/2873/1493
f 1577/2874/661 1578/2875/1494 1554/2811/1480
f 1567/2876/8 1577/2877/8 1553/2827/8
f 1573/2878/1495 1568/2871/1491 1534/2879/1493
f 1578/2875/1494 1583/2880/1494 1560/2814/1480
f 1574/2881/1491 1569/2882/1491 1535/2883/1493
f 1579/2884/1496 1584/2885/661 1563/2815/1480
f 1576/2886/1491 1570/2887/1491 1536/2888/1493
f 1580/2889/1496 1586/2890/1496 1566/2817/1480
f 1572/2891/1492 1571/2892/1491 1537/2893/1493
f 1582/2894/2 1572/2895/2 1538/2857/2
f 1581/2896/1496 1582/2897/1497 1558/2820/1480
f 1569/2882/1491 1573/2878/1495 1540/2898/1498
f 1583/2880/1494 1579/2884/1496 1555/2808/1480
f 1575/2899/1491 1574/2881/1491 1543/2900/1493
f 1584/2885/661 1585/2901/1496 1564/2823/1480
f 1570/2887/1491 1575/2899/1491 1544/2902/1493
f 1585/2901/1496 1580/2889/1496 1556/2825/1480
f 1571/2892/1491 1576/2886/1491 1546/2903/1493
f 1586/2890/1496 1581/2896/1496 1557/2826/1480
f 1588/2904/1499 1587/2905/1499 1567/2872/1492
f 1598/2906/1500 1599/2907/1501 1578/2875/1494
f 1587/2908/1502 1598/2909/1503 1577/2877/1504
f 1593/2910/1505 1588/2904/1499 1568/2871/1491
f 1599/2907/1501 1525/2911/1501 1583/2880/1494
f 1594/2912/1506 1589/2913/1499 1569/2882/1491
f 1600/2914/1507 1526/2915/1507 1584/2885/661
f 1597/2916/1508 1590/2917/1499 1570/2887/1491
f 1601/2918/1507 1604/2919/1509 1586/2890/1496
f 1592/2920/1508 1591/2921/1505 1571/2892/1491
f 1603/2922/1510 1592/2923/1511 1572/2895/1512
f 1602/2924/1507 1603/2925/1513 1582/2897/1497
f 1589/2913/1499 1593/2910/1505 1573/2878/1495
f 1525/2911/1501 1600/2914/1507 1579/2884/1496
f 1596/2926/1505 1594/2912/1506 1574/2881/1491
f 1526/2915/1507 1595/2927/1507 1585/2901/1496
f 1590/2917/1499 1596/2926/1505 1575/2899/1491
f 1595/2927/1507 1601/2918/1507 1580/2889/1496
f 1591/2921/1505 1597/2916/1508 1576/2886/1491
f 1604/2919/1509 1602/2924/1507 1581/2896/1496
f 1560/2814/1480 1555/2808/1480 1559/2810/1481
f 1553/2928/1480 1554/2811/1480 1547/2813/1481
f 1554/2811/1480 1560/2814/1480 1548/2812/1481
f 1555/2808/1480 1563/2815/1480 1549/2809/1481
f 1556/2825/1480 1566/2817/1480 1550/2819/1481
f 1557/2826/1480 1558/2820/1480 1551/2822/1481
f 1563/2815/1480 1564/2823/1480 1561/2816/1481
f 1564/2823/1480 1556/2825/1480 1562/2824/1481
f 1566/2817/1480 1557/2826/1480 1565/2818/1481
f 1533/2929/8 1553/2827/8 1527/2829/8
f 1588/2837/1486 1599/2830/1482 1587/2832/1482
f 1527/2930/1484 1547/2833/1484 1528/2835/1484
f 1593/2861/1482 1525/2836/1482 1588/2837/1486
f 1528/2835/1484 1548/2834/1485 1539/2839/1488
f 1594/2864/1486 1526/2840/1482 1589/2842/1486
f 1529/2862/1489 1549/2843/1485 1541/2845/1484
f 1597/2869/1482 1604/2846/1482 1590/2848/1482
f 1530/2868/1484 1550/2849/1484 1545/2851/1485
f 1592/2931/1490 1603/2852/1490 1591/2854/1482
f 1532/2932/2 1552/2855/2 1538/2857/2
f 1531/2870/1484 1551/2858/1487 1532/2860/1489
f 1589/2842/1486 1600/2841/1486 1593/2861/1482
f 1539/2839/1488 1559/2838/1487 1529/2862/1489
f 1596/2867/1482 1595/2863/1482 1594/2864/1486
f 1541/2845/1484 1561/2844/1484 1542/2866/1485
f 1590/2848/1482 1601/2847/1482 1596/2867/1482
f 1542/2866/1485 1562/2865/1485 1530/2868/1484
f 1591/2854/1482 1602/2853/1486 1597/2869/1482
f 1545/2851/1485 1565/2850/1489 1531/2870/1484
f 1534/2879/1493 1568/2871/1491 1533/2873/1493
f 1553/2928/1480 1577/2874/661 1554/2811/1480
f 1533/2929/8 1567/2876/8 1553/2827/8
f 1540/2898/1498 1573/2878/1495 1534/2879/1493
f 1554/2811/1480 1578/2875/1494 1560/2814/1480
f 1543/2900/1493 1574/2881/1491 1535/2883/1493
f 1555/2808/1480 1579/2884/1496 1563/2815/1480
f 1546/2903/1493 1576/2886/1491 1536/2888/1493
f 1556/2825/1480 1580/2889/1496 1566/2817/1480
f 1538/2933/1493 1572/2891/1492 1537/2893/1493
f 1558/2856/2 1582/2894/2 1538/2857/2
f 1557/2826/1480 1581/2896/1496 1558/2820/1480
f 1535/2883/1493 1569/2882/1491 1540/2898/1498
f 1560/2814/1480 1583/2880/1494 1555/2808/1480
f 1544/2902/1493 1575/2899/1491 1543/2900/1493
f 1563/2815/1480 1584/2885/661 1564/2823/1480
f 1536/2888/1493 1570/2887/1491 1544/2902/1493
f 1564/2823/1480 1585/2901/1496 1556/2825/1480
f 1537/2893/1493 1571/2892/1491 1546/2903/1493
f 1566/2817/1480 1586/2890/1496 1557/2826/1480
f 1568/2871/1491 1588/2904/1499 1567/2872/1492
f 1577/2874/661 1598/2906/1500 1578/2875/1494
f 1567/2876/1502 1587/2908/1502 1577/2877/1504
f 1573/2878/1495 1593/2910/1505 1568/2871/1491
f 1578/2875/1494 1599/2907/1501 1583/2880/1494
f 1574/2881/1491 1594/2912/1506 1569/2882/1491
f 1579/2884/1496 1600/2914/1507 1584/2885/661
f 1576/2886/1491 1597/2916/1508 1570/2887/1491
f 1580/2889/1496 1601/2918/1507 1586/2890/1496
f 1572/2891/1492 1592/2920/1508 1571/2892/1491
f 1582/2894/1514 1603/2922/1510 1572/2895/1512
f 1581/2896/1496 1602/2924/1507 1582/2897/1497
f 1569/2882/1491 1589/2913/1499 1573/2878/1495
f 1583/2880/1494 1525/2911/1501 1579/2884/1496
f 1575/2899/1491 1596/2926/1505 1574/2881/1491
f 1584/2885/661 1526/2915/1507 1585/2901/1496
f 1570/2887/1491 1590/2917/1499 1575/2899/1491
f 1585/2901/1496 1595/2927/1507 1580/2889/1496
f 1571/2892/1491 1591/2921/1505 1576/2886/1491
f 1586/2890/1496 1604/2919/1509 1581/2896/1496
f 1613/2934/861 1607/2935/861 1605/2936/861
f 1615/2937/1515 1609/2938/1516 1608/2939/1517
f 1616/2940/1518 1610/2941/1519 1609/2938/1516
f 1617/2942/1520 1611/2943/1521 1610/2944/1522
f 1618/2945/133 1606/2946/133 1612/2947/133
f 1619/2948/861 1613/2934/861 1605/2936/861
f 1621/2949/1523 1615/2937/1515 1614/2950/1524
f 1622/2951/1525 1616/2940/1518 1615/2937/1515
f 1623/2952/1526 1617/2942/1520 1616/2953/1527
f 1624/2954/133 1606/2946/133 1618/2945/133
f 1625/2955/861 1619/2948/861 1605/2936/861
f 1627/2956/1528 1621/2957/1523 1620/2958/1529
f 1628/2959/1530 1622/2960/1525 1621/2957/1523
f 1629/2961/1531 1623/2952/1526 1622/2962/1532
f 1630/2963/133 1606/2946/133 1624/2954/133
f 1631/2964/861 1625/2955/861 1605/2936/861
f 1633/2965/1533 1627/2956/1528 1626/2966/1534
f 1634/2967/1535 1628/2959/1530 1627/2956/1528
f 1635/2968/1536 1629/2961/1531 1628/2969/1537
f 1636/2970/133 1606/2946/133 1630/2963/133
f 1637/2971/861 1631/2964/861 1605/2936/861
f 1639/2972/1538 1633/2965/1533 1632/2973/1539
f 1640/2974/1540 1634/2967/1535 1633/2965/1533
f 1641/2975/1541 1635/2968/1536 1634/2976/1542
f 1642/2977/133 1606/2946/133 1636/2970/133
f 1643/2978/861 1637/2971/861 1605/2936/861
f 1645/2979/1543 1639/2972/1538 1638/2980/1544
f 1646/2981/1545 1640/2974/1540 1639/2972/1538
f 1647/2982/1546 1641/2975/1541 1640/2983/1547
f 1648/2984/133 1606/2946/133 1642/2977/133
f 1649/2985/861 1643/2978/861 1605/2936/861
f 1651/2986/1548 1645/2979/1543 1644/2987/1549
f 1652/2988/1550 1646/2981/1545 1645/2979/1543
f 1653/2989/1551 1647/2982/1546 1646/2990/1552
f 1654/2991/133 1606/2946/133 1648/2984/133
f 1655/2992/861 1649/2985/861 1605/2936/861
f 1657/2993/1553 1651/2994/1548 1650/2995/1554
f 1658/2996/1555 1652/2997/1550 1651/2994/1548
f 1659/2998/1556 1653/2989/1551 1652/2999/1557
f 1660/3000/133 1606/2946/133 1654/2991/133
f 1661/3001/861 1655/2992/861 1605/2936/861
f 1663/3002/1558 1657/2993/1553 1656/3003/1559
f 1664/3004/1560 1658/2996/1555 1657/2993/1553
f 1665/3005/1561 1659/2998/1556 1658/3006/1562
f 1666/3007/133 1606/2946/133 1660/3000/133
f 1667/3008/861 1661/3001/861 1605/2936/861
f 1669/3009/1563 1663/3002/1558 1662/3010/1564
f 1670/3011/1565 1664/3004/1560 1663/3002/1558
f 1671/3012/1566 1665/3005/1561 1664/3013/1567
f 1672/3014/133 1606/2946/133 1666/3007/133
f 1673/3015/861 1667/3008/861 1605/2936/861
f 1675/3016/1568 1669/3009/1563 1668/3017/1569
f 1676/3018/1570 1670/3011/1565 1669/3009/1563
f 1677/3019/1571 1671/3012/1566 1670/3020/1572
f 1678/3021/133 1606/2946/133 1672/3014/133
f 1679/3022/861 1673/3015/861 1605/2936/861
f 1681/3023/1573 1675/3024/1568 1674/3025/1574
f 1682/3026/1575 1676/3027/1570 1675/3024/1568
f 1683/3028/1576 1677/3019/1571 1676/3029/1577
f 1684/3030/133 1606/2946/133 1678/3021/133
f 1685/3031/861 1679/3022/861 1605/2936/861
f 1687/3032/1578 1681/3023/1573 1680/3033/1579
f 1688/3034/1580 1682/3026/1575 1681/3023/1573
f 1689/3035/1581 1683/3028/1576 1682/3036/1582
f 1690/3037/133 1606/2946/133 1684/3030/133
f 1691/3038/861 1685/3031/861 1605/2936/861
f 1693/3039/1583 1687/3032/1578 1686/3040/1584
f 1694/3041/1585 1688/3034/1580 1687/3032/1578
f 1695/3042/1586 1689/3035/1581 1688/3043/1587
f 1696/3044/133 1606/2946/133 1690/3037/133
f 1697/3045/861 1691/3038/861 1605/2936/861
f 1699/3046/1588 1693/3039/1583 1692/3047/1589
f 1700/3048/1590 1694/3041/1585 1693/3039/1583
f 1701/3049/1591 1695/3042/1586 1694/3050/1592
f 1702/3051/133 1606/2946/133 1696/3044/133
f 1703/3052/861 1697/3045/861 1605/2936/861
f 1705/3053/1593 1699/3046/1588 1698/3054/1594
f 1706/3055/1595 1700/3048/1590 1699/3046/1588
f 1707/3056/1596 1701/3049/1591 1700/3057/1597
f 1708/3058/133 1606/2946/133 1702/3051/133
f 1709/3059/861 1703/3052/861 1605/2936/861
f 1711/3060/1598 1705/3061/1593 1704/3062/1599
f 1712/3063/1600 1706/3064/1595 1705/3061/1593
f 1713/3065/1601 1707/3056/1596 1706/3066/1602
f 1714/3067/133 1606/2946/133 1708/3058/133
f 1607/2935/861 1709/3059/861 1605/2936/861
f 1609/2938/1516 1711/3060/1598 1710/3068/1603
f 1610/2941/1519 1712/3063/1600 1711/3060/1598
f 1611/2943/1521 1713/3065/1601 1712/3069/1604
f 1612/2947/133 1606/2946/133 1714/3067/133
f 1614/2950/1524 1615/2937/1515 1608/2939/1517
f 1615/2937/1515 1616/2940/1518 1609/2938/1516
f 1616/2953/1527 1617/2942/1520 1610/2944/1522
f 1620/3070/1529 1621/2949/1523 1614/2950/1524
f 1621/2949/1523 1622/2951/1525 1615/2937/1515
f 1622/2962/1532 1623/2952/1526 1616/2953/1527
f 1626/2966/1534 1627/2956/1528 1620/2958/1529
f 1627/2956/1528 1628/2959/1530 1621/2957/1523
f 1628/2969/1537 1629/2961/1531 1622/2962/1532
f 1632/2973/1539 1633/2965/1533 1626/2966/1534
f 1633/2965/1533 1634/2967/1535 1627/2956/1528
f 1634/2976/1542 1635/2968/1536 1628/2969/1537
f 1638/2980/1544 1639/2972/1538 1632/2973/1539
f 1639/2972/1538 1640/2974/1540 1633/2965/1533
f 1640/2983/1547 1641/2975/1541 1634/2976/1542
f 1644/2987/1549 1645/2979/1543 1638/2980/1544
f 1645/2979/1543 1646/2981/1545 1639/2972/1538
f 1646/2990/1552 1647/2982/1546 1640/2983/1547
f 1650/3071/1554 1651/2986/1548 1644/2987/1549
f 1651/2986/1548 1652/2988/1550 1645/2979/1543
f 1652/2999/1557 1653/2989/1551 1646/2990/1552
f 1656/3003/1559 1657/2993/1553 1650/2995/1554
f 1657/2993/1553 1658/2996/1555 1651/2994/1548
f 1658/3006/1562 1659/2998/1556 1652/2999/1557
f 1662/3010/1564 1663/3002/1558 1656/3003/1559
f 1663/3002/1558 1664/3004/1560 1657/2993/1553
f 1664/3013/1567 1665/3005/1561 1658/3006/1562
f 1668/3017/1569 1669/3009/1563 1662/3010/1564
f 1669/3009/1563 1670/3011/1565 1663/3002/1558
f 1670/3020/1572 1671/3012/1566 1664/3013/1567
f 1674/3072/1574 1675/3016/1568 1668/3017/1569
f 1675/3016/1568 1676/3018/1570 1669/3009/1563
f 1676/3029/1577 1677/3019/1571 1670/3020/1572
f 1680/3033/1579 1681/3023/1573 1674/3025/1574
f 1681/3023/1573 1682/3026/1575 1675/3024/1568
f 1682/3036/1582 1683/3028/1576 1676/3029/1577
f 1686/3040/1584 1687/3032/1578 1680/3033/1579
f 1687/3032/1578 1688/3034/1580 1681/3023/1573
f 1688/3043/1587 1689/3035/1581 1682/3036/1582
f 1692/3047/1589 1693/3039/1583 1686/3040/1584
f 1693/3039/1583 1694/3041/1585 1687/3032/1578
f 1694/3050/1592 1695/3042/1586 1688/3043/1587
f 1698/3054/1594 1699/3046/1588 1692/3047/1589
f 1699/3046/1588 1700/3048/1590 1693/3039/1583
f 1700/3057/1597 1701/3049/1591 1694/3050/1592
f 1704/3073/1599 1705/3053/1593 1698/3054/1594
f 1705/3053/1593 1706/3055/1595 1699/3046/1588
f 1706/3066/1602 1707/3056/1596 1700/3057/1597
f 1710/3068/1603 1711/3060/1598 1704/3062/1599
f 1711/3060/1598 1712/3063/1600 1705/3061/1593
f 1712/3069/1604 1713/3065/1601 1706/3066/1602
f 1608/2939/1517 1609/2938/1516 1710/3068/1603
f 1609/2938/1516 1610/2941/1519 1711/3060/1598
f 1610/2944/1522 1611/2943/1521 1712/3069/1604
f 1836/3214/861 1827/3215/861 1825/3216/861
f 2080/3217/1697 2079/3218/1698 1828/3219/1699
f 1839/3220/1700 1830/3221/1701 1829/3222/1702
f 1840/3223/1703 1831/3224/1704 1830/3221/1701
f 1841/3225/1705 1832/3226/1706 1831/3227/1704
f 1842/3228/1707 1833/3229/1708 2098/3230/1709
f 1843/3231/1710 1834/3232/1711 1833/3233/1708
f 2062/3234/133 1826/3235/133 2061/3236/133
f 1845/3237/861 1836/3214/861 1825/3216/861
f 2081/3238/1712 2080/3217/1697 1837/3239/1713
f 1848/3240/1714 1839/3220/1700 1838/3241/1715
f 1849/3242/1716 1840/3243/1703 1839/3244/1700
f 1850/3245/1717 1841/3225/1705 1840/3243/1703
f 1851/3246/1718 1842/3228/1707 2100/3247/1719
f 1852/3248/1720 1843/3231/1710 1842/3249/1707
f 2063/3250/133 1826/3235/133 2062/3234/133
f 1854/3251/861 1845/3237/861 1825/3216/861
f 2082/3252/1721 2081/3238/1712 1846/3253/1722
f 1857/3254/1723 1848/3255/1714 1847/3256/1724
f 1858/3257/1725 1849/3242/1716 1848/3258/1714
f 1859/3259/1726 1850/3245/1717 1849/3242/1716
f 1860/3260/1727 1851/3261/1718 2102/3262/1728
f 1861/3263/1729 1852/3248/1720 1851/3264/1718
f 2064/3265/133 1826/3235/133 2063/3250/133
f 1863/3266/861 1854/3251/861 1825/3216/861
f 2083/3267/1730 2082/3268/1721 1855/3269/1731
f 1866/3270/1732 1857/3254/1723 1856/3271/1733
f 1867/3272/1734 1858/3273/1725 1857/3254/1723
f 1868/3274/1735 1859/3259/1726 1858/3257/1725
f 1869/3275/1736 1860/3260/1727 2104/3276/1737
f 1870/3277/1738 1861/3263/1729 1860/3278/1727
f 2065/3279/133 1826/3235/133 2064/3265/133
f 1872/3280/861 1863/3266/861 1825/3216/861
f 2084/3281/1739 2083/3267/1730 1864/3282/1740
f 1875/3283/1741 1866/3270/1732 1865/3284/1742
f 1876/3285/1743 1867/3272/1734 1866/3270/1732
f 1877/3286/1744 1868/3274/1735 1867/3287/1734
f 1878/3288/1745 1869/3275/1736 2106/3289/1746
f 1879/3290/1747 1870/3277/1738 1869/3291/1736
f 2066/3292/133 1826/3235/133 2065/3279/133
f 1881/3293/861 1872/3280/861 1825/3216/861
f 2085/3294/1748 2084/3281/1739 1873/3295/1749
f 1884/3296/1750 1875/3283/1741 1874/3297/1751
f 1885/3298/1752 1876/3285/1743 1875/3283/1741
f 1886/3299/1753 1877/3286/1744 1876/3300/1743
f 1887/3301/1754 1878/3288/1745 2108/3302/1755
f 1888/3303/1756 1879/3290/1747 1878/3304/1745
f 2067/3305/133 1826/3235/133 2066/3292/133
f 1890/3306/861 1881/3293/861 1825/3216/861
f 2086/3307/1757 2085/3294/1748 1882/3308/1758
f 1893/3309/1759 1884/3296/1750 1883/3310/1760
f 1894/3311/1761 1885/3312/1752 1884/3313/1750
f 1895/3314/1762 1886/3299/1753 1885/3312/1752
f 1896/3315/1763 1887/3301/1754 2110/3316/1764
f 1897/3317/1765 1888/3303/1756 1887/3318/1754
f 2068/3319/133 1826/3235/133 2067/3305/133
f 1899/3320/861 1890/3306/861 1825/3216/861
f 2087/3321/1766 2086/3322/1757 1891/3323/1767
f 1902/3324/1768 1893/3325/1759 1892/3326/1769
f 1903/3327/1770 1894/3311/1761 1893/3328/1759
f 1904/3329/1771 1895/3314/1762 1894/3311/1761
f 1905/3330/1772 1896/3331/1763 2112/3332/1773
f 1906/3333/1774 1897/3317/1765 1896/3334/1763
f 2069/3335/133 1826/3235/133 2068/3319/133
f 1908/3336/861 1899/3320/861 1825/3216/861
f 2088/3337/1775 2087/3321/1766 1900/3338/1776
f 1911/3339/1777 1902/3324/1768 1901/3340/1778
f 1912/3341/1779 1903/3342/1770 1902/3324/1768
f 1913/3343/1780 1904/3329/1771 1903/3327/1770
f 1914/3344/1781 1905/3330/1772 2114/3345/1782
f 1915/3346/1783 1906/3333/1774 1905/3347/1772
f 2070/3348/133 1826/3235/133 2069/3335/133
f 1917/3349/861 1908/3336/861 1825/3216/861
f 2089/3350/1784 2088/3337/1775 1909/3351/1785
f 1920/3352/1786 1911/3339/1777 1910/3353/1787
f 1921/3354/1788 1912/3341/1779 1911/3339/1777
f 1922/3355/1789 1913/3343/1780 1912/3356/1779
f 1923/3357/1790 1914/3344/1781 2116/3358/1791
f 1924/3359/1792 1915/3346/1783 1914/3360/1781
f 2071/3361/133 1826/3235/133 2070/3348/133
f 1926/3362/861 1917/3349/861 1825/3216/861
f 2090/3363/1793 2089/3350/1784 1918/3364/1794
f 1929/3365/1795 1920/3352/1786 1919/3366/1796
f 1930/3367/1797 1921/3368/1788 1920/3369/1786
f 1931/3370/1798 1922/3355/1789 1921/3368/1788
f 1932/3371/1799 1923/3357/1790 2118/3372/1800
f 1933/3373/1801 1924/3359/1792 1923/3374/1790
f 2072/3375/133 1826/3235/133 2071/3361/133
f 1935/3376/861 1926/3362/861 1825/3216/861
f 2091/3377/1802 2090/3363/1793 1927/3378/1803
f 1938/3379/1804 1929/3380/1795 1928/3381/1805
f 1939/3382/1806 1930/3367/1797 1929/3383/1795
f 1940/3384/1807 1931/3370/1798 1930/3367/1797
f 1941/3385/1808 1932/3386/1799 2120/3387/1809
f 1942/3388/1810 1933/3373/1801 1932/3389/1799
f 2073/3390/133 1826/3235/133 2072/3375/133
f 1944/3391/861 1935/3376/861 1825/3216/861
f 2092/3392/1811 2091/3393/1802 1936/3394/1812
f 1947/3395/1813 1938/3379/1804 1937/3396/1814
f 1948/3397/1815 1939/3398/1806 1938/3379/1804
f 1949/3399/1816 1940/3384/1807 1939/3382/1806
f 1950/3400/1817 1941/3385/1808 2122/3401/1818
f 1951/3402/1819 1942/3388/1810 1941/3403/1808
f 2074/3404/133 1826/3235/133 2073/3390/133
f 1953/3405/861 1944/3391/861 1825/3216/861
f 2093/3406/1820 2092/3392/1811 1945/3407/1821
f 1956/3408/1822 1947/3395/1813 1946/3409/1823
f 1957/3410/1824 1948/3397/1815 1947/3395/1813
f 1958/3411/1825 1949/3399/1816 1948/3412/1815
f 1959/3413/1826 1950/3400/1817 2124/3414/1827
f 1960/3415/1828 1951/3402/1819 1950/3416/1817
f 2075/3417/133 1826/3235/133 2074/3404/133
f 1962/3418/861 1953/3405/861 1825/3216/861
f 2094/3419/1829 2093/3406/1820 1954/3420/1830
f 1965/3421/1831 1956/3408/1822 1955/3422/1832
f 1966/3423/1833 1957/3410/1824 1956/3408/1822
f 1967/3424/1834 1958/3411/1825 1957/3425/1824
f 1968/3426/1835 1959/3413/1826 2126/3427/1836
f 1969/3428/1837 1960/3415/1828 1959/3429/1826
f 2076/3430/133 1826/3235/133 2075/3417/133
f 1971/3431/861 1962/3418/861 1825/3216/861
f 2095/3432/1838 2094/3419/1829 1963/3433/1839
f 1974/3434/1840 1965/3421/1831 1964/3435/1841
f 1975/3436/1842 1966/3437/1833 1965/3438/1831
f 1976/3439/1843 1967/3424/1834 1966/3437/1833
f 1977/3440/1844 1968/3426/1835 2128/3441/1845
f 1978/3442/1846 1969/3428/1837 1968/3443/1835
f 2077/3444/133 1826/3235/133 2076/3430/133
f 1980/3445/861 1971/3431/861 1825/3216/861
f 2096/3446/1847 2095/3447/1838 1972/3448/1848
f 1983/3449/1849 1974/3450/1840 1973/3451/1850
f 1984/3452/1851 1975/3436/1842 1974/3453/1840
f 1985/3454/1852 1976/3439/1843 1975/3436/1842
f 1986/3455/1853 1977/3456/1844 2130/3457/1854
f 1987/3458/1855 1978/3442/1846 1977/3459/1844
f 2078/3460/133 1826/3235/133 2077/3444/133
f 1827/3215/861 1980/3445/861 1825/3216/861
f 2079/3218/1698 2096/3446/1847 1981/3461/1856
f 1830/3221/1701 1983/3449/1849 1982/3462/1857
f 1831/3224/1704 1984/3463/1851 1983/3449/1849
f 1832/3226/1706 1985/3454/1852 1984/3452/1851
f 1833/3229/1708 1986/3455/1853 2132/3464/1858
f 1834/3232/1711 1987/3458/1855 1986/3465/1853
f 2061/3236/133 1826/3235/133 2078/3460/133
f 1990/3466/1859 1989/3467/1860 1835/3468/133
f 1991/3469/1861 1990/3466/1859 1844/3470/133
f 1992/3471/1862 1991/3469/1861 1853/3472/133
f 1993/3473/1863 1992/3471/1862 1862/3474/133
f 1994/3475/1864 1993/3473/1863 1871/3476/133
f 1995/3477/1865 1994/3475/1864 1880/3478/133
f 1996/3479/1866 1995/3477/1865 1889/3480/133
f 1997/3481/1867 1996/3479/1866 1898/3482/133
f 1998/3483/1868 1997/3481/1867 1907/3484/133
f 1999/3485/1869 1998/3483/1868 1916/3486/133
f 2000/3487/1870 1999/3485/1869 1925/3488/133
f 2001/3489/1871 2000/3487/1870 1934/3490/133
f 2002/3491/1872 2001/3489/1871 1943/3492/133
f 2003/3493/1873 2002/3491/1872 1952/3494/133
f 2004/3495/1874 2003/3493/1873 1961/3496/133
f 2005/3497/1875 2004/3495/1874 1970/3498/133
f 2006/3499/1876 2005/3497/1875 1979/3500/133
f 1989/3467/1860 2006/3499/1876 1988/3501/133
f 2153/3502/1877 2151/3503/1878 1989/3467/1860
f 2155/3504/1879 2153/3502/1877 1990/3466/1859
f 2157/3505/1880 2155/3504/1879 1991/3469/1861
f 2159/3506/1881 2157/3505/1880 1992/3471/1862
f 2161/3507/1882 2159/3506/1881 1993/3473/1863
f 2163/3508/1883 2161/3507/1882 1994/3475/1864
f 2165/3509/1884 2163/3508/1883 1995/3477/1865
f 2167/3510/1885 2165/3509/1884 1996/3479/1866
f 2169/3511/1886 2167/3510/1885 1997/3481/1867
f 2171/3512/1887 2169/3511/1886 1998/3483/1868
f 2173/3513/1888 2171/3512/1887 1999/3485/1869
f 2175/3514/1889 2173/3513/1888 2000/3487/1870
f 2177/3515/1890 2175/3514/1889 2001/3489/1871
f 2179/3516/1891 2177/3515/1890 2002/3491/1872
f 2181/3517/1892 2179/3516/1891 2003/3493/1873
f 2183/3518/1893 2181/3517/1892 2004/3495/1874
f 2185/3519/1894 2183/3518/1893 2005/3497/1875
f 2151/3503/1878 2185/3519/1894 2006/3499/1876
f 2188/3520/1895 2187/3521/1896 2007/3522/1897
f 2189/3523/1898 2188/3520/1895 2008/3524/1899
f 2190/3525/1900 2189/3523/1898 2009/3526/1901
f 2191/3527/1902 2190/3525/1900 2010/3528/1903
f 2192/3529/1904 2191/3527/1902 2011/3530/1905
f 2193/3531/1906 2192/3529/1904 2012/3532/1907
f 2194/3533/1908 2193/3531/1906 2013/3534/1909
f 2195/3535/1910 2194/3533/1908 2014/3536/1911
f 2196/3537/1912 2195/3535/1910 2015/3538/1913
f 2197/3539/1914 2196/3537/1912 2016/3540/1915
f 2198/3541/1916 2197/3539/1914 2017/3542/1917
f 2199/3543/1918 2198/3541/1916 2018/3544/1919
f 2200/3545/1920 2199/3543/1918 2019/3546/1921
f 2201/3547/1922 2200/3545/1920 2020/3548/1923
f 2202/3549/1924 2201/3547/1922 2021/3550/1925
f 2203/3551/1926 2202/3549/1924 2022/3552/1927
f 2204/3553/1928 2203/3551/1926 2023/3554/1929
f 2187/3521/1896 2204/3553/1928 2024/3555/1930
f 2044/3556/1931 2043/3557/1932 2025/3558/1933
f 2045/3559/1934 2044/3556/1931 2026/3560/1935
f 2046/3561/1936 2045/3562/1934 2027/3563/1937
f 2047/3564/1938 2046/3561/1936 2028/3565/1939
f 2048/3566/1940 2047/3564/1938 2029/3567/1941
f 2049/3568/1942 2048/3566/1940 2030/3569/1943
f 2050/3570/1944 2049/3568/1942 2031/3571/1945
f 2051/3572/1946 2050/3573/1944 2032/3574/1947
f 2052/3575/1948 2051/3572/1946 2033/3576/1949
f 2053/3577/1950 2052/3575/1948 2034/3578/1951
f 2054/3579/1952 2053/3577/1950 2035/3580/1953
f 2055/3581/1954 2054/3582/1952 2036/3583/1955
f 2056/3584/1956 2055/3581/1954 2037/3585/1957
f 2057/3586/1958 2056/3584/1956 2038/3587/1959
f 2058/3588/1960 2057/3586/1958 2039/3589/1961
f 2059/3590/1962 2058/3588/1960 2040/3591/1963
f 2060/3592/1964 2059/3593/1962 2041/3594/1965
f 2043/3557/1932 2060/3592/1964 2042/3595/1966
f 2062/3596/1967 2061/3597/1968 2043/3557/1932
f 2063/3598/1969 2062/3596/1967 2044/3556/1931
f 2064/3599/1970 2063/3600/1969 2045/3562/1934
f 2065/3601/1971 2064/3599/1970 2046/3561/1936
f 2066/3602/1972 2065/3601/1971 2047/3564/1938
f 2067/3603/1973 2066/3602/1972 2048/3566/1940
f 2068/3604/1974 2067/3603/1973 2049/3568/1942
f 2069/3605/1975 2068/3606/1974 2050/3573/1944
f 2070/3607/1976 2069/3605/1975 2051/3572/1946
f 2071/3608/1977 2070/3607/1976 2052/3575/1948
f 2072/3609/1978 2071/3608/1977 2053/3577/1950
f 2073/3610/1979 2072/3611/1978 2054/3582/1952
f 2074/3612/1980 2073/3610/1979 2055/3581/1954
f 2075/3613/1981 2074/3612/1980 2056/3584/1956
f 2076/3614/1982 2075/3613/1981 2057/3586/1958
f 2077/3615/1983 2076/3614/1982 2058/3588/1960
f 2078/3616/1984 2077/3617/1983 2059/3593/1962
f 2061/3597/1968 2078/3616/1984 2060/3592/1964
f 1838/3241/1715 1829/3222/1702 2079/3218/1698
f 1847/3618/1724 1838/3241/1715 2080/3217/1697
f 1856/3271/1733 1847/3256/1724 2081/3619/1712
f 1865/3284/1742 1856/3271/1733 2082/3268/1721
f 1874/3297/1751 1865/3284/1742 2083/3267/1730
f 1883/3310/1760 1874/3297/1751 2084/3281/1739
f 1892/3620/1769 1883/3310/1760 2085/3294/1748
f 1901/3340/1778 1892/3326/1769 2086/3322/1757
f 1910/3353/1787 1901/3340/1778 2087/3321/1766
f 1919/3366/1796 1910/3353/1787 2088/3337/1775
f 1928/3621/1805 1919/3366/1796 2089/3350/1784
f 1937/3396/1814 1928/3381/1805 2090/3622/1793
f 1946/3409/1823 1937/3396/1814 2091/3393/1802
f 1955/3422/1832 1946/3409/1823 2092/3392/1811
f 1964/3435/1841 1955/3422/1832 2093/3406/1820
f 1973/3623/1850 1964/3435/1841 2094/3419/1829
f 1982/3462/1857 1973/3451/1850 2095/3447/1838
f 1829/3222/1702 1982/3462/1857 2096/3446/1847
f 1832/3624/1985 1841/3625/1986 2099/3626/1987
f 2134/3627/1988 2133/3628/1989 2097/3629/1990
f 1841/3625/1986 1850/3630/1991 2101/3631/1992
f 2135/3632/1993 2134/3627/1988 2099/3633/1994
f 1850/3634/1991 1859/3635/1995 2103/3636/1996
f 2136/3637/1997 2135/3632/1993 2101/3638/1998
f 1859/3635/1995 1868/3639/1999 2105/3640/2000
f 2137/3641/2001 2136/3637/1997 2103/3642/2002
f 1868/3639/1999 1877/3643/2003 2107/3644/2004
f 2138/3645/2005 2137/3641/2001 2105/3646/2006
f 1877/3643/2003 1886/3647/2007 2109/3648/2008
f 2139/3649/2009 2138/3645/2005 2107/3650/2010
f 1886/3647/2007 1895/3651/2011 2111/3652/2012
f 2140/3653/2013 2139/3649/2009 2109/3654/2014
f 1895/3655/2011 1904/3656/2015 2113/3657/2016
f 2141/3658/2017 2140/3653/2013 2111/3659/2018
f 1904/3656/2015 1913/3660/2019 2115/3661/2020
f 2142/3662/2021 2141/3658/2017 2113/3663/2022
f 1913/3660/2019 1922/3664/2023 2117/3665/2024
f 2143/3666/2025 2142/3662/2021 2115/3667/2026
f 1922/3664/2023 1931/3668/2027 2119/3669/2028
f 2144/3670/2029 2143/3666/2025 2117/3671/2030
f 1931/3672/2027 1940/3673/2031 2121/3674/2032
f 2145/3675/2033 2144/3670/2029 2119/3676/2034
f 1940/3673/2031 1949/3677/2035 2123/3678/2036
f 2146/3679/2037 2145/3675/2033 2121/3680/2038
f 1949/3677/2035 1958/3681/2039 2125/3682/2040
f 2147/3683/2041 2146/3679/2037 2123/3684/2042
f 1958/3681/2039 1967/3685/2043 2127/3686/2044
f 2148/3687/2045 2147/3683/2041 2125/3688/2046
f 1967/3685/2043 1976/3689/2047 2129/3690/2048
f 2149/3691/2049 2148/3687/2045 2127/3692/2050
f 1976/3693/2047 1985/3694/2051 2131/3695/2052
f 2150/3696/2053 2149/3691/2049 2129/3697/2054
f 1985/3694/2051 1832/3624/1985 2097/3698/2055
f 2133/3628/1989 2150/3696/2053 2131/3699/2056
f 2206/3700/2057 2205/3701/2058 2223/3702/2059
f 2207/3703/2060 2206/3700/2057 2224/3704/2061
f 2208/3705/2062 2207/3706/2060 2225/3707/2063
f 2209/3708/2064 2208/3705/2062 2226/3709/2065
f 2210/3710/2066 2209/3708/2064 2227/3711/2067
f 2211/3712/2068 2210/3710/2066 2228/3713/2069
f 2212/3714/2070 2211/3712/2068 2229/3715/2071
f 2213/3716/2072 2212/3717/2070 2230/3718/2073
f 2214/3719/2074 2213/3716/2072 2231/3720/2075
f 2215/3721/2076 2214/3719/2074 2232/3722/2077
f 2216/3723/2078 2215/3721/2076 2233/3724/2079
f 2217/3725/2080 2216/3726/2078 2234/3727/2081
f 2218/3728/2082 2217/3725/2080 2235/3729/2083
f 2219/3730/2084 2218/3728/2082 2236/3731/2085
f 2220/3732/2086 2219/3730/2084 2237/3733/2087
f 2221/3734/2088 2220/3732/2086 2238/3735/2089
f 2222/3736/2090 2221/3737/2088 2239/3738/2091
f 2205/3701/2058 2222/3736/2090 2240/3739/2092
f 2154/3740/2093 2152/3741/2094 2151/3503/1878
f 2008/3742/2095 2007/3743/2096 2152/3744/2097
f 2156/3745/2098 2154/3740/2093 2153/3502/1877
f 2009/3746/2099 2008/3742/2095 2154/3747/2100
f 2158/3748/2101 2156/3745/2098 2155/3504/1879
f 2010/3749/2102 2009/3750/2099 2156/3751/2103
f 2160/3752/2104 2158/3748/2101 2157/3505/1880
f 2011/3753/2105 2010/3749/2102 2158/3754/2106
f 2162/3755/2107 2160/3756/2104 2159/3757/1881
f 2012/3758/2108 2011/3753/2105 2160/3756/2109
f 2164/3759/2110 2162/3760/2107 2161/3507/1882
f 2013/3761/2111 2012/3758/2108 2162/3755/2112
f 2166/3762/2113 2164/3759/2110 2163/3508/1883
f 2014/3763/2114 2013/3761/2111 2164/3764/2115
f 2168/3765/2116 2166/3762/2113 2165/3509/1884
f 2015/3766/2117 2014/3767/2114 2166/3768/2118
f 2170/3769/2119 2168/3765/2116 2167/3510/1885
f 2016/3770/2120 2015/3766/2117 2168/3771/2121
f 2172/3772/2122 2170/3769/2119 2169/3511/1886
f 2017/3773/2123 2016/3770/2120 2170/3774/2124
f 2174/3775/2125 2172/3772/2122 2171/3512/1887
f 2018/3776/2126 2017/3773/2123 2172/3777/2127
f 2176/3778/2128 2174/3775/2125 2173/3513/1888
f 2019/3779/2129 2018/3780/2126 2174/3781/2130
f 2178/3782/2131 2176/3778/2128 2175/3514/1889
f 2020/3783/2132 2019/3779/2129 2176/3784/2133
f 2180/3785/2134 2178/3786/2131 2177/3787/1890
f 2021/3788/2135 2020/3783/2132 2178/3786/2136
f 2182/3789/2137 2180/3790/2134 2179/3516/1891
f 2022/3791/2138 2021/3788/2135 2180/3785/2139
f 2184/3792/2140 2182/3789/2137 2181/3517/1892
f 2023/3793/2141 2022/3791/2138 2182/3794/2142
f 2186/3795/2143 2184/3792/2140 2183/3518/1893
f 2024/3796/2144 2023/3797/2141 2184/3798/2145
f 2152/3741/2094 2186/3795/2143 2185/3519/1894
f 2007/3743/2096 2024/3796/2144 2186/3799/2146
f 2026/3560/1935 2025/3558/1933 2187/3800/1896
f 2027/3801/1937 2026/3560/1935 2188/3802/1895
f 2028/3565/1939 2027/3563/1937 2189/3803/1898
f 2029/3567/1941 2028/3565/1939 2190/3804/1900
f 2030/3569/1943 2029/3567/1941 2191/3805/1902
f 2031/3571/1945 2030/3569/1943 2192/3806/1904
f 2032/3807/1947 2031/3571/1945 2193/3808/1906
f 2033/3576/1949 2032/3574/1947 2194/3809/1908
f 2034/3578/1951 2033/3576/1949 2195/3810/1910
f 2035/3580/1953 2034/3578/1951 2196/3811/1912
f 2036/3812/1955 2035/3580/1953 2197/3813/1914
f 2037/3585/1957 2036/3583/1955 2198/3814/1916
f 2038/3587/1959 2037/3585/1957 2199/3815/1918
f 2039/3589/1961 2038/3587/1959 2200/3816/1920
f 2040/3591/1963 2039/3589/1961 2201/3817/1922
f 2041/3818/1965 2040/3591/1963 2202/3819/1924
f 2042/3595/1966 2041/3594/1965 2203/3820/1926
f 2025/3558/1933 2042/3595/1966 2204/3821/1928
f 2224/3822/2147 2223/3823/2148 2133/3628/1989
f 2205/3824/2149 2206/3825/2150 2100/3826/2151
f 2225/3827/2152 2224/3822/2147 2134/3627/1988
f 2206/3825/2150 2207/3828/2153 2102/3829/2154
f 2226/3830/2155 2225/3827/2152 2135/3632/1993
f 2207/3828/2153 2208/3831/2156 2104/3832/2157
f 2227/3833/2158 2226/3830/2155 2136/3637/1997
f 2208/3831/2156 2209/3834/2159 2106/3835/2160
f 2228/3836/2161 2227/3833/2158 2137/3641/2001
f 2209/3834/2159 2210/3837/2162 2108/3838/2163
f 2229/3839/2164 2228/3836/2161 2138/3645/2005
f 2210/3837/2162 2211/3840/2165 2110/3841/2166
f 2230/3842/2167 2229/3839/2164 2139/3649/2009
f 2211/3840/2165 2212/3843/2168 2112/3844/2169
f 2231/3845/2170 2230/3842/2167 2140/3653/2013
f 2212/3843/2168 2213/3846/2171 2114/3847/2172
f 2232/3848/2173 2231/3845/2170 2141/3658/2017
f 2213/3846/2171 2214/3849/2174 2116/3850/2175
f 2233/3851/2176 2232/3848/2173 2142/3662/2021
f 2214/3849/2174 2215/3852/2177 2118/3853/2178
f 2234/3854/2179 2233/3851/2176 2143/3666/2025
f 2215/3852/2177 2216/3855/2180 2120/3856/2181
f 2235/3857/2182 2234/3854/2179 2144/3670/2029
f 2216/3855/2180 2217/3858/2183 2122/3859/2184
f 2236/3860/2185 2235/3857/2182 2145/3675/2033
f 2217/3858/2183 2218/3861/2186 2124/3862/2187
f 2237/3863/2188 2236/3860/2185 2146/3679/2037
f 2218/3861/2186 2219/3864/2189 2126/3865/2190
f 2238/3866/2191 2237/3863/2188 2147/3683/2041
f 2219/3864/2189 2220/3867/2192 2128/3868/2193
f 2239/3869/2194 2238/3866/2191 2148/3687/2045
f 2220/3867/2192 2221/3870/2195 2130/3871/2196
f 2240/3872/2197 2239/3869/2194 2149/3691/2049
f 2221/3870/2195 2222/3873/2198 2132/3874/2199
f 2223/3823/2148 2240/3872/2197 2150/3696/2053
f 2222/3873/2198 2205/3824/2149 2098/3875/2200
f 1837/3239/1713 2080/3217/1697 1828/3219/1699
f 1838/3241/1715 1839/3220/1700 1829/3222/1702
f 1839/3220/1700 1840/3223/1703 1830/3221/1701
f 1840/3243/1703 1841/3225/1705 1831/3227/1704
f 2100/3247/1719 1842/3228/1707 2098/3230/1709
f 1842/3249/1707 1843/3231/1710 1833/3233/1708
f 1846/3253/1722 2081/3238/1712 1837/3239/1713
f 1847/3618/1724 1848/3240/1714 1838/3241/1715
f 1848/3258/1714 1849/3242/1716 1839/3244/1700
f 1849/3242/1716 1850/3245/1717 1840/3243/1703
f 2102/3876/1728 1851/3246/1718 2100/3247/1719
f 1851/3264/1718 1852/3248/1720 1842/3249/1707
f 1855/3877/1731 2082/3252/1721 1846/3253/1722
f 1856/3271/1733 1857/3254/1723 1847/3256/1724
f 1857/3878/1723 1858/3257/1725 1848/3258/1714
f 1858/3257/1725 1859/3259/1726 1849/3242/1716
f 2104/3276/1737 1860/3260/1727 2102/3262/1728
f 1860/3278/1727 1861/3263/1729 1851/3264/1718
f 1864/3282/1740 2083/3267/1730 1855/3269/1731
f 1865/3284/1742 1866/3270/1732 1856/3271/1733
f 1866/3270/1732 1867/3272/1734 1857/3254/1723
f 1867/3287/1734 1868/3274/1735 1858/3257/1725
f 2106/3289/1746 1869/3275/1736 2104/3276/1737
f 1869/3291/1736 1870/3277/1738 1860/3278/1727
f 1873/3295/1749 2084/3281/1739 1864/3282/1740
f 1874/3297/1751 1875/3283/1741 1865/3284/1742
f 1875/3283/1741 1876/3285/1743 1866/3270/1732
f 1876/3300/1743 1877/3286/1744 1867/3287/1734
f 2108/3302/1755 1878/3288/1745 2106/3289/1746
f 1878/3304/1745 1879/3290/1747 1869/3291/1736
f 1882/3308/1758 2085/3294/1748 1873/3295/1749
f 1883/3310/1760 1884/3296/1750 1874/3297/1751
f 1884/3296/1750 1885/3298/1752 1875/3283/1741
f 1885/3312/1752 1886/3299/1753 1876/3300/1743
f 2110/3316/1764 1887/3301/1754 2108/3302/1755
f 1887/3318/1754 1888/3303/1756 1878/3304/1745
f 1891/3879/1767 2086/3307/1757 1882/3308/1758
f 1892/3620/1769 1893/3309/1759 1883/3310/1760
f 1893/3328/1759 1894/3311/1761 1884/3313/1750
f 1894/3311/1761 1895/3314/1762 1885/3312/1752
f 2112/3880/1773 1896/3315/1763 2110/3316/1764
f 1896/3334/1763 1897/3317/1765 1887/3318/1754
f 1900/3338/1776 2087/3321/1766 1891/3323/1767
f 1901/3340/1778 1902/3324/1768 1892/3326/1769
f 1902/3881/1768 1903/3327/1770 1893/3328/1759
f 1903/3327/1770 1904/3329/1771 1894/3311/1761
f 2114/3345/1782 1905/3330/1772 2112/3332/1773
f 1905/3347/1772 1906/3333/1774 1896/3334/1763
f 1909/3351/1785 2088/3337/1775 1900/3338/1776
f 1910/3353/1787 1911/3339/1777 1901/3340/1778
f 1911/3339/1777 1912/3341/1779 1902/3324/1768
f 1912/3356/1779 1913/3343/1780 1903/3327/1770
f 2116/3358/1791 1914/3344/1781 2114/3345/1782
f 1914/3360/1781 1915/3346/1783 1905/3347/1772
f 1918/3364/1794 2089/3350/1784 1909/3351/1785
f 1919/3366/1796 1920/3352/1786 1910/3353/1787
f 1920/3352/1786 1921/3354/1788 1911/3339/1777
f 1921/3368/1788 1922/3355/1789 1912/3356/1779
f 2118/3372/1800 1923/3357/1790 2116/3358/1791
f 1923/3374/1790 1924/3359/1792 1914/3360/1781
f 1927/3378/1803 2090/3363/1793 1918/3364/1794
f 1928/3621/1805 1929/3365/1795 1919/3366/1796
f 1929/3383/1795 1930/3367/1797 1920/3369/1786
f 1930/3367/1797 1931/3370/1798 1921/3368/1788
f 2120/3882/1809 1932/3371/1799 2118/3372/1800
f 1932/3389/1799 1933/3373/1801 1923/3374/1790
f 1936/3883/1812 2091/3377/1802 1927/3378/1803
f 1937/3396/1814 1938/3379/1804 1928/3381/1805
f 1938/3884/1804 1939/3382/1806 1929/3383/1795
f 1939/3382/1806 1940/3384/1807 1930/3367/1797
f 2122/3401/1818 1941/3385/1808 2120/3387/1809
f 1941/3403/1808 1942/3388/1810 1932/3389/1799
f 1945/3407/1821 2092/3392/1811 1936/3394/1812
f 1946/3409/1823 1947/3395/1813 1937/3396/1814
f 1947/3395/1813 1948/3397/1815 1938/3379/1804
f 1948/3412/1815 1949/3399/1816 1939/3382/1806
f 2124/3414/1827 1950/3400/1817 2122/3401/1818
f 1950/3416/1817 1951/3402/1819 1941/3403/1808
f 1954/3420/1830 2093/3406/1820 1945/3407/1821
f 1955/3422/1832 1956/3408/1822 1946/3409/1823
f 1956/3408/1822 1957/3410/1824 1947/3395/1813
f 1957/3425/1824 1958/3411/1825 1948/3412/1815
f 2126/3427/1836 1959/3413/1826 2124/3414/1827
f 1959/3429/1826 1960/3415/1828 1950/3416/1817
f 1963/3433/1839 2094/3419/1829 1954/3420/1830
f 1964/3435/1841 1965/3421/1831 1955/3422/1832
f 1965/3421/1831 1966/3423/1833 1956/3408/1822
f 1966/3437/1833 1967/3424/1834 1957/3425/1824
f 2128/3441/1845 1968/3426/1835 2126/3427/1836
f 1968/3443/1835 1969/3428/1837 1959/3429/1826
f 1972/3885/1848 2095/3432/1838 1963/3433/1839
f 1973/3623/1850 1974/3434/1840 1964/3435/1841
f 1974/3453/1840 1975/3436/1842 1965/3438/1831
f 1975/3436/1842 1976/3439/1843 1966/3437/1833
f 2130/3886/1854 1977/3440/1844 2128/3441/1845
f 1977/3459/1844 1978/3442/1846 1968/3443/1835
f 1981/3461/1856 2096/3446/1847 1972/3448/1848
f 1982/3462/1857 1983/3449/1849 1973/3451/1850
f 1983/3887/1849 1984/3452/1851 1974/3453/1840
f 1984/3452/1851 1985/3454/1852 1975/3436/1842
f 2132/3464/1858 1986/3455/1853 2130/3457/1854
f 1986/3465/1853 1987/3458/1855 1977/3459/1844
f 1828/3219/1699 2079/3218/1698 1981/3461/1856
f 1829/3222/1702 1830/3221/1701 1982/3462/1857
f 1830/3221/1701 1831/3224/1704 1983/3449/1849
f 1831/3227/1704 1832/3226/1706 1984/3452/1851
f 2098/3230/1709 1833/3229/1708 2132/3464/1858
f 1833/3233/1708 1834/3232/1711 1986/3465/1853
f 1844/3470/133 1990/3466/1859 1835/3468/133
f 1853/3472/133 1991/3469/1861 1844/3470/133
f 1862/3474/133 1992/3471/1862 1853/3472/133
f 1871/3476/133 1993/3473/1863 1862/3474/133
f 1880/3478/133 1994/3475/1864 1871/3476/133
f 1889/3480/133 1995/3477/1865 1880/3478/133
f 1898/3482/133 1996/3479/1866 1889/3480/133
f 1907/3484/133 1997/3481/1867 1898/3482/133
f 1916/3486/133 1998/3483/1868 1907/3484/133
f 1925/3488/133 1999/3485/1869 1916/3486/133
f 1934/3490/133 2000/3487/1870 1925/3488/133
f 1943/3492/133 2001/3489/1871 1934/3490/133
f 1952/3494/133 2002/3491/1872 1943/3492/133
f 1961/3496/133 2003/3493/1873 1952/3494/133
f 1970/3498/133 2004/3495/1874 1961/3496/133
f 1979/3500/133 2005/3497/1875 1970/3498/133
f 1988/3501/133 2006/3499/1876 1979/3500/133
f 1835/3468/133 1989/3467/1860 1988/3501/133
f 1990/3466/1859 2153/3502/1877 1989/3467/1860
f 1991/3469/1861 2155/3504/1879 1990/3466/1859
f 1992/3471/1862 2157/3505/1880 1991/3469/1861
f 1993/3473/1863 2159/3506/1881 1992/3471/1862
f 1994/3475/1864 2161/3507/1882 1993/3473/1863
f 1995/3477/1865 2163/3508/1883 1994/3475/1864
f 1996/3479/1866 2165/3509/1884 1995/3477/1865
f 1997/3481/1867 2167/3510/1885 1996/3479/1866
f 1998/3483/1868 2169/3511/1886 1997/3481/1867
f 1999/3485/1869 2171/3512/1887 1998/3483/1868
f 2000/3487/1870 2173/3513/1888 1999/3485/1869
f 2001/3489/1871 2175/3514/1889 2000/3487/1870
f 2002/3491/1872 2177/3515/1890 2001/3489/1871
f 2003/3493/1873 2179/3516/1891 2002/3491/1872
f 2004/3495/1874 2181/3517/1892 2003/3493/1873
f 2005/3497/1875 2183/3518/1893 2004/3495/1874
f 2006/3499/1876 2185/3519/1894 2005/3497/1875
f 1989/3467/1860 2151/3503/1878 2006/3499/1876
f 2008/3524/1899 2188/3520/1895 2007/3522/1897
f 2009/3526/1901 2189/3523/1898 2008/3524/1899
f 2010/3528/1903 2190/3525/1900 2009/3526/1901
f 2011/3530/1905 2191/3527/1902 2010/3528/1903
f 2012/3532/1907 2192/3529/1904 2011/3530/1905
f 2013/3534/1909 2193/3531/1906 2012/3532/1907
f 2014/3536/1911 2194/3533/1908 2013/3534/1909
f 2015/3538/1913 2195/3535/1910 2014/3536/1911
f 2016/3540/1915 2196/3537/1912 2015/3538/1913
f 2017/3542/1917 2197/3539/1914 2016/3540/1915
f 2018/3544/1919 2198/3541/1916 2017/3542/1917
f 2019/3546/1921 2199/3543/1918 2018/3544/1919
f 2020/3548/1923 2200/3545/1920 2019/3546/1921
f 2021/3550/1925 2201/3547/1922 2020/3548/1923
f 2022/3552/1927 2202/3549/1924 2021/3550/1925
f 2023/3554/1929 2203/3551/1926 2022/3552/1927
f 2024/3555/1930 2204/3553/1928 2023/3554/1929
f 2007/3522/1897 2187/3521/1896 2024/3555/1930
f 2026/3560/1935 2044/3556/1931 2025/3558/1933
f 2027/3801/1937 2045/3559/1934 2026/3560/1935
f 2028/3565/1939 2046/3561/1936 2027/3563/1937
f 2029/3567/1941 2047/3564/1938 2028/3565/1939
f 2030/3569/1943 2048/3566/1940 2029/3567/1941
f 2031/3571/1945 2049/3568/1942 2030/3569/1943
f 2032/3807/1947 2050/3570/1944 2031/3571/1945
f 2033/3576/1949 2051/3572/1946 2032/3574/1947
f 2034/3578/1951 2052/3575/1948 2033/3576/1949
f 2035/3580/1953 2053/3577/1950 2034/3578/1951
f 2036/3812/1955 2054/3579/1952 2035/3580/1953
f 2037/3585/1957 2055/3581/1954 2036/3583/1955
f 2038/3587/1959 2056/3584/1956 2037/3585/1957
f 2039/3589/1961 2057/3586/1958 2038/3587/1959
f 2040/3591/1963 2058/3588/1960 2039/3589/1961
f 2041/3818/1965 2059/3590/1962 2040/3591/1963
f 2042/3595/1966 2060/3592/1964 2041/3594/1965
f 2025/3558/1933 2043/3557/1932 2042/3595/1966
f 2044/3556/1931 2062/3596/1967 2043/3557/1932
f 2045/3559/1934 2063/3598/1969 2044/3556/1931
f 2046/3561/1936 2064/3599/1970 2045/3562/1934
f 2047/3564/1938 2065/3601/1971 2046/3561/1936
f 2048/3566/1940 2066/3602/1972 2047/3564/1938
f 2049/3568/1942 2067/3603/1973 2048/3566/1940
f 2050/3570/1944 2068/3604/1974 2049/3568/1942
f 2051/3572/1946 2069/3605/1975 2050/3573/1944
f 2052/3575/1948 2070/3607/1976 2051/3572/1946
f 2053/3577/1950 2071/3608/1977 2052/3575/1948
f 2054/3579/1952 2072/3609/1978 2053/3577/1950
f 2055/3581/1954 2073/3610/1979 2054/3582/1952
f 2056/3584/1956 2074/3612/1980 2055/3581/1954
f 2057/3586/1958 2075/3613/1981 2056/3584/1956
f 2058/3588/1960 2076/3614/1982 2057/3586/1958
f 2059/3590/1962 2077/3615/1983 2058/3588/1960
f 2060/3592/1964 2078/3616/1984 2059/3593/1962
f 2043/3557/1932 2061/3597/1968 2060/3592/1964
f 2080/3217/1697 1838/3241/1715 2079/3218/1698
f 2081/3238/1712 1847/3618/1724 2080/3217/1697
f 2082/3268/1721 1856/3271/1733 2081/3619/1712
f 2083/3267/1730 1865/3284/1742 2082/3268/1721
f 2084/3281/1739 1874/3297/1751 2083/3267/1730
f 2085/3294/1748 1883/3310/1760 2084/3281/1739
f 2086/3307/1757 1892/3620/1769 2085/3294/1748
f 2087/3321/1766 1901/3340/1778 2086/3322/1757
f 2088/3337/1775 1910/3353/1787 2087/3321/1766
f 2089/3350/1784 1919/3366/1796 2088/3337/1775
f 2090/3363/1793 1928/3621/1805 2089/3350/1784
f 2091/3393/1802 1937/3396/1814 2090/3622/1793
f 2092/3392/1811 1946/3409/1823 2091/3393/1802
f 2093/3406/1820 1955/3422/1832 2092/3392/1811
f 2094/3419/1829 1964/3435/1841 2093/3406/1820
f 2095/3432/1838 1973/3623/1850 2094/3419/1829
f 2096/3446/1847 1982/3462/1857 2095/3447/1838
f 2079/3218/1698 1829/3222/1702 2096/3446/1847
f 2097/3698/2055 1832/3624/1985 2099/3626/1987
f 2099/3633/1994 2134/3627/1988 2097/3629/1990
f 2099/3626/1987 1841/3625/1986 2101/3631/1992
f 2101/3638/1998 2135/3632/1993 2099/3633/1994
f 2101/3888/1992 1850/3634/1991 2103/3636/1996
f 2103/3642/2002 2136/3637/1997 2101/3638/1998
f 2103/3636/1996 1859/3635/1995 2105/3640/2000
f 2105/3646/2006 2137/3641/2001 2103/3642/2002
f 2105/3640/2000 1868/3639/1999 2107/3644/2004
f 2107/3650/2010 2138/3645/2005 2105/3646/2006
f 2107/3644/2004 1877/3643/2003 2109/3648/2008
f 2109/3654/2014 2139/3649/2009 2107/3650/2010
f 2109/3648/2008 1886/3647/2007 2111/3652/2012
f 2111/3659/2018 2140/3653/2013 2109/3654/2014
f 2111/3889/2012 1895/3655/2011 2113/3657/2016
f 2113/3663/2022 2141/3658/2017 2111/3659/2018
f 2113/3657/2016 1904/3656/2015 2115/3661/2020
f 2115/3667/2026 2142/3662/2021 2113/3663/2022
f 2115/3661/2020 1913/3660/2019 2117/3665/2024
f 2117/3671/2030 2143/3666/2025 2115/3667/2026
f 2117/3665/2024 1922/3664/2023 2119/3669/2028
f 2119/3676/2034 2144/3670/2029 2117/3671/2030
f 2119/3890/2028 1931/3672/2027 2121/3674/2032
f 2121/3680/2038 2145/3675/2033 2119/3676/2034
f 2121/3674/2032 1940/3673/2031 2123/3678/2036
f 2123/3684/2042 2146/3679/2037 2121/3680/2038
f 2123/3678/2036 1949/3677/2035 2125/3682/2040
f 2125/3688/2046 2147/3683/2041 2123/3684/2042
f 2125/3682/2040 1958/3681/2039 2127/3686/2044
f 2127/3692/2050 2148/3687/2045 2125/3688/2046
f 2127/3686/2044 1967/3685/2043 2129/3690/2048
f 2129/3697/2054 2149/3691/2049 2127/3692/2050
f 2129/3891/2048 1976/3693/2047 2131/3695/2052
f 2131/3699/2056 2150/3696/2053 2129/3697/2054
f 2131/3695/2052 1985/3694/2051 2097/3698/2055
f 2097/3629/1990 2133/3628/1989 2131/3699/2056
f 2224/3704/2061 2206/3700/2057 2223/3702/2059
f 2225/3892/2063 2207/3703/2060 2224/3704/2061
f 2226/3709/2065 2208/3705/2062 2225/3707/2063
f 2227/3711/2067 2209/3708/2064 2226/3709/2065
f 2228/3713/2069 2210/3710/2066 2227/3711/2067
f 2229/3715/2071 2211/3712/2068 2228/3713/2069
f 2230/3893/2073 2212/3714/2070 2229/3715/2071
f 2231/3720/2075 2213/3716/2072 2230/3718/2073
f 2232/3722/2077 2214/3719/2074 2231/3720/2075
f 2233/3724/2079 2215/3721/2076 2232/3722/2077
f 2234/3894/2081 2216/3723/2078 2233/3724/2079
f 2235/3729/2083 2217/3725/2080 2234/3727/2081
f 2236/3731/2085 2218/3728/2082 2235/3729/2083
f 2237/3733/2087 2219/3730/2084 2236/3731/2085
f 2238/3735/2089 2220/3732/2086 2237/3733/2087
f 2239/3895/2091 2221/3734/2088 2238/3735/2089
f 2240/3739/2092 2222/3736/2090 2239/3738/2091
f 2223/3702/2059 2205/3701/2058 2240/3739/2092
f 2153/3502/1877 2154/3740/2093 2151/3503/1878
f 2154/3747/2100 2008/3742/2095 2152/3744/2097
f 2155/3504/1879 2156/3745/2098 2153/3502/1877
f 2156/3896/2103 2009/3746/2099 2154/3747/2100
f 2157/3505/1880 2158/3748/2101 2155/3504/1879
f 2158/3754/2106 2010/3749/2102 2156/3751/2103
f 2159/3506/1881 2160/3752/2104 2157/3505/1880
f 2160/3756/2109 2011/3753/2105 2158/3754/2106
f 2161/3897/1882 2162/3755/2107 2159/3757/1881
f 2162/3755/2112 2012/3758/2108 2160/3756/2109
f 2163/3508/1883 2164/3759/2110 2161/3507/1882
f 2164/3764/2115 2013/3761/2111 2162/3755/2112
f 2165/3509/1884 2166/3762/2113 2163/3508/1883
f 2166/3898/2118 2014/3763/2114 2164/3764/2115
f 2167/3510/1885 2168/3765/2116 2165/3509/1884
f 2168/3771/2121 2015/3766/2117 2166/3768/2118
f 2169/3511/1886 2170/3769/2119 2167/3510/1885
f 2170/3774/2124 2016/3770/2120 2168/3771/2121
f 2171/3512/1887 2172/3772/2122 2169/3511/1886
f 2172/3777/2127 2017/3773/2123 2170/3774/2124
f 2173/3513/1888 2174/3775/2125 2171/3512/1887
f 2174/3899/2130 2018/3776/2126 2172/3777/2127
f 2175/3514/1889 2176/3778/2128 2173/3513/1888
f 2176/3784/2133 2019/3779/2129 2174/3781/2130
f 2177/3515/1890 2178/3782/2131 2175/3514/1889
f 2178/3786/2136 2020/3783/2132 2176/3784/2133
f 2179/3900/1891 2180/3785/2134 2177/3787/1890
f 2180/3785/2139 2021/3788/2135 2178/3786/2136
f 2181/3517/1892 2182/3789/2137 2179/3516/1891
f 2182/3794/2142 2022/3791/2138 2180/3785/2139
f 2183/3518/1893 2184/3792/2140 2181/3517/1892
f 2184/3901/2145 2023/3793/2141 2182/3794/2142
f 2185/3519/1894 2186/3795/2143 2183/3518/1893
f 2186/3799/2146 2024/3796/2144 2184/3798/2145
f 2151/3503/1878 2152/3741/2094 2185/3519/1894
f 2152/3744/2097 2007/3743/2096 2186/3799/2146
f 2188/3802/1895 2026/3560/1935 2187/3800/1896
f 2189/3902/1898 2027/3801/1937 2188/3802/1895
f 2190/3804/1900 2028/3565/1939 2189/3803/1898
f 2191/3805/1902 2029/3567/1941 2190/3804/1900
f 2192/3806/1904 2030/3569/1943 2191/3805/1902
f 2193/3808/1906 2031/3571/1945 2192/3806/1904
f 2194/3903/1908 2032/3807/1947 2193/3808/1906
f 2195/3810/1910 2033/3576/1949 2194/3809/1908
f 2196/3811/1912 2034/3578/1951 2195/3810/1910
f 2197/3813/1914 2035/3580/1953 2196/3811/1912
f 2198/3904/1916 2036/3812/1955 2197/3813/1914
f 2199/3815/1918 2037/3585/1957 2198/3814/1916
f 2200/3816/1920 2038/3587/1959 2199/3815/1918
f 2201/3817/1922 2039/3589/1961 2200/3816/1920
f 2202/3819/1924 2040/3591/1963 2201/3817/1922
f 2203/3905/1926 2041/3818/1965 2202/3819/1924
f 2204/3821/1928 2042/3595/1966 2203/3820/1926
f 2187/3800/1896 2025/3558/1933 2204/3821/1928
f 2134/3627/1988 2224/3822/2147 2133/3628/1989
f 2098/3875/2200 2205/3824/2149 2100/3826/2151
f 2135/3632/1993 2225/3827/2152 2134/3627/1988
f 2100/3826/2151 2206/3825/2150 2102/3829/2154
f 2136/3637/1997 2226/3830/2155 2135/3632/1993
f 2102/3829/2154 2207/3828/2153 2104/3832/2157
f 2137/3641/2001 2227/3833/2158 2136/3637/1997
f 2104/3832/2157 2208/3831/2156 2106/3835/2160
f 2138/3645/2005 2228/3836/2161 2137/3641/2001
f 2106/3835/2160 2209/3834/2159 2108/3838/2163
f 2139/3649/2009 2229/3839/2164 2138/3645/2005
f 2108/3838/2163 2210/3837/2162 2110/3841/2166
f 2140/3653/2013 2230/3842/2167 2139/3649/2009
f 2110/3841/2166 2211/3840/2165 2112/3844/2169
f 2141/3658/2017 2231/3845/2170 2140/3653/2013
f 2112/3844/2169 2212/3843/2168 2114/3847/2172
f 2142/3662/2021 2232/3848/2173 2141/3658/2017
f 2114/3847/2172 2213/3846/2171 2116/3850/2175
f 2143/3666/2025 2233/3851/2176 2142/3662/2021
f 2116/3850/2175 2214/3849/2174 2118/3853/2178
f 2144/3670/2029 2234/3854/2179 2143/3666/2025
f 2118/3853/2178 2215/3852/2177 2120/3856/2181
f 2145/3675/2033 2235/3857/2182 2144/3670/2029
f 2120/3856/2181 2216/3855/2180 2122/3859/2184
f 2146/3679/2037 2236/3860/2185 2145/3675/2033
f 2122/3859/2184 2217/3858/2183 2124/3862/2187
f 2147/3683/2041 2237/3863/2188 2146/3679/2037
f 2124/3862/2187 2218/3861/2186 2126/3865/2190
f 2148/3687/2045 2238/3866/2191 2147/3683/2041
f 2126/3865/2190 2219/3864/2189 2128/3868/2193
f 2149/3691/2049 2239/3869/2194 2148/3687/2045
f 2128/3868/2193 2220/3867/2192 2130/3871/2196
f 2150/3696/2053 2240/3872/2197 2149/3691/2049
f 2130/3871/2196 2221/3870/2195 2132/3874/2199
f 2133/3628/1989 2223/3823/2148 2150/3696/2053
f 2132/3874/2199 2222/3873/2198 2098/3875/2200
f 2245/3906/130 2242/3907/130 2241/3908/130
f 2248/3909/2201 2245/3910/2201 2244/3911/2202
f 2299/3912/130 2248/3913/130 2247/3914/130
f 2254/3915/130 2252/3916/130 2250/3917/130
f 2257/3918/2203 2254/3919/2203 2253/3920/2204
f 2260/3921/130 2257/3922/130 2256/3923/130
f 2246/3924/130 2243/3925/130 2242/3907/130
f 2249/3926/2205 2246/3927/2206 2245/3910/2201
f 2301/3928/130 2249/3929/130 2248/3913/130
f 2255/3930/130 2251/3931/130 2252/3916/130
f 2258/3932/2207 2255/3933/2208 2254/3919/2203
f 2261/3934/130 2258/3935/130 2257/3922/130
f 2263/3936/8 2260/3937/8 2259/3938/8
f 2264/3939/8 2261/3940/8 2260/3937/8
f 2266/3941/132 2263/3942/132 2262/3943/132
f 2269/3944/2209 2266/3945/2209 2265/3946/2210
f 2272/3947/132 2269/3948/132 2268/3949/132
f 2274/3950/132 2275/3951/132 2302/3952/132
f 2278/3953/2211 2275/3954/2211 2274/3955/2212
f 2281/3956/132 2278/3957/132 2277/3958/132
f 2267/3959/132 2264/3960/132 2263/3942/132
f 2270/3961/2213 2267/3962/2214 2266/3945/2209
f 2271/3963/132 2270/3964/132 2269/3948/132
f 2275/3951/132 2276/3965/132 2304/3966/132
f 2279/3967/2215 2276/3968/2216 2275/3954/2211
f 2282/3969/132 2279/3970/132 2278/3957/132
f 2242/3971/2 2281/3972/2 2280/3973/2
f 2243/3974/2 2282/3975/2 2281/3972/2
f 2279/3976/133 2282/3977/133 2243/3978/133
f 2276/3968/2216 2279/3967/2215 2246/3927/2206
f 2304/3979/133 2276/3980/133 2249/3981/133
f 2270/3982/133 2271/3983/133 2251/3984/133
f 2267/3962/2214 2270/3961/2213 2255/3933/2208
f 2264/3985/133 2267/3986/133 2258/3987/133
f 2292/3988/861 2291/3989/861 2294/3990/861
f 2247/3991/2217 2244/3911/2202 2277/3992/2218
f 2300/3993/861 2247/3994/861 2274/3995/861
f 2253/3996/861 2250/3997/861 2273/3998/861
f 2256/3999/2219 2253/3920/2204 2268/4000/2220
f 2296/4001/861 2295/4002/861 2298/4003/861
f 2285/4004/861 2286/4005/861 2280/4006/861
f 2284/4007/861 2285/4004/861 2277/4008/861
f 2283/4009/861 2284/4007/861 2244/4010/861
f 2286/4005/861 2283/4009/861 2241/4011/861
f 2289/4012/861 2290/4013/861 2265/4014/861
f 2288/4015/861 2289/4012/861 2262/4016/861
f 2287/4017/861 2288/4015/861 2259/4018/861
f 2290/4013/861 2287/4017/861 2256/4019/861
f 2293/4020/2221 2294/3990/2221 2286/4005/2221
f 2292/3988/2222 2293/4020/2222 2285/4004/2222
f 2291/3989/2223 2292/3988/2223 2284/4007/2223
f 2294/3990/2224 2291/3989/2224 2283/4009/2224
f 2297/4021/2221 2298/4003/2221 2290/4013/2221
f 2296/4001/2222 2297/4021/2222 2289/4012/2222
f 2295/4002/2223 2296/4001/2223 2288/4015/2223
f 2298/4003/2224 2295/4002/2224 2287/4017/2224
f 2244/4022/130 2245/3906/130 2241/3908/130
f 2247/3991/2217 2248/3909/2201 2244/3911/2202
f 2300/4023/130 2299/3912/130 2247/3914/130
f 2253/4024/130 2254/3915/130 2250/3917/130
f 2256/3999/2219 2257/3918/2203 2253/3920/2204
f 2259/4025/130 2260/3921/130 2256/3923/130
f 2245/3906/130 2246/3924/130 2242/3907/130
f 2248/3909/2201 2249/3926/2205 2245/3910/2201
f 2299/3912/130 2301/3928/130 2248/3913/130
f 2254/3915/130 2255/3930/130 2252/3916/130
f 2257/3918/2203 2258/3932/2207 2254/3919/2203
f 2260/3921/130 2261/3934/130 2257/3922/130
f 2262/4026/8 2263/3936/8 2259/3938/8
f 2263/3936/8 2264/3939/8 2260/3937/8
f 2265/4027/132 2266/3941/132 2262/3943/132
f 2268/4000/2220 2269/3944/2209 2265/3946/2210
f 2273/4028/132 2272/3947/132 2268/3949/132
f 2303/4029/132 2274/3950/132 2302/3952/132
f 2277/3992/2218 2278/3953/2211 2274/3955/2212
f 2280/4030/132 2281/3956/132 2277/3958/132
f 2266/3941/132 2267/3959/132 2263/3942/132
f 2269/3944/2209 2270/3961/2213 2266/3945/2209
f 2272/3947/132 2271/3963/132 2269/3948/132
f 2302/3952/132 2275/3951/132 2304/3966/132
f 2278/3953/2211 2279/3967/2215 2275/3954/2211
f 2281/3956/132 2282/3969/132 2278/3957/132
f 2241/4031/2 2242/3971/2 2280/3973/2
f 2242/3971/2 2243/3974/2 2281/3972/2
f 2246/4032/133 2279/3976/133 2243/3978/133
f 2249/3926/2205 2276/3968/2216 2246/3927/2206
f 2301/4033/133 2304/3979/133 2249/3981/133
f 2255/4034/133 2270/3982/133 2251/3984/133
f 2258/3932/2207 2267/3962/2214 2255/3933/2208
f 2261/4035/133 2264/3985/133 2258/3987/133
f 2293/4020/861 2292/3988/861 2294/3990/861
f 2274/3955/2212 2247/3991/2217 2277/3992/2218
f 2303/4036/861 2300/3993/861 2274/3995/861
f 2268/4037/861 2253/3996/861 2273/3998/861
f 2265/3946/2210 2256/3999/2219 2268/4000/2220
f 2297/4021/861 2296/4001/861 2298/4003/861
f 2277/4008/861 2285/4004/861 2280/4006/861
f 2244/4010/861 2284/4007/861 2277/4008/861
f 2241/4011/861 2283/4009/861 2244/4010/861
f 2280/4006/861 2286/4005/861 2241/4011/861
f 2262/4016/861 2289/4012/861 2265/4014/861
f 2259/4018/861 2288/4015/861 2262/4016/861
f 2256/4019/861 2287/4017/861 2259/4018/861
f 2265/4014/861 2290/4013/861 2256/4019/861
f 2285/4004/2221 2293/4020/2221 2286/4005/2221
f 2284/4007/2222 2292/3988/2222 2285/4004/2222
f 2283/4009/2223 2291/3989/2223 2284/4007/2223
f 2286/4005/2224 2294/3990/2224 2283/4009/2224
f 2289/4012/2221 2297/4021/2221 2290/4013/2221
f 2288/4015/2222 2296/4001/2222 2289/4012/2222
f 2287/4017/2223 2295/4002/2223 2288/4015/2223
f 2290/4013/2224 2298/4003/2224 2287/4017/2224
f 2308/4038/17 2307/4039/17 2305/4040/17
f 2306/4041/17 2308/4038/17 2305/4040/17
f 2506/4133/861 2497/4134/861 2495/4135/861
f 2750/4136/1697 2749/4137/1698 2498/4138/1699
f 2509/4139/1700 2500/4140/1701 2499/4141/1702
f 2510/4142/1703 2501/4143/1704 2500/4140/1701
f 2511/4144/1705 2502/4145/1706 2501/4146/1704
f 2512/4147/1707 2503/4148/1708 2768/4149/1709
f 2513/4150/1710 2504/4151/1711 2503/4152/1708
f 2732/4153/133 2496/4154/133 2731/4155/133
f 2515/4156/861 2506/4133/861 2495/4135/861
f 2751/4157/1712 2750/4136/1697 2507/4158/1713
f 2518/4159/1714 2509/4139/1700 2508/4160/1715
f 2519/4161/1716 2510/4162/1703 2509/4163/1700
f 2520/4164/1717 2511/4144/1705 2510/4162/1703
f 2521/4165/1718 2512/4147/1707 2770/4166/1719
f 2522/4167/1720 2513/4150/1710 2512/4168/1707
f 2733/4169/133 2496/4154/133 2732/4153/133
f 2524/4170/861 2515/4156/861 2495/4135/861
f 2752/4171/1721 2751/4157/1712 2516/4172/1722
f 2527/4173/1723 2518/4174/1714 2517/4175/2424
f 2528/4176/1725 2519/4161/1716 2518/4177/1714
f 2529/4178/1726 2520/4164/1717 2519/4161/1716
f 2530/4179/1727 2521/4180/1718 2772/4181/1728
f 2531/4182/1729 2522/4167/1720 2521/4183/1718
f 2734/4184/133 2496/4154/133 2733/4169/133
f 2533/4185/861 2524/4170/861 2495/4135/861
f 2753/4186/1730 2752/4187/1721 2525/4188/1731
f 2536/4189/1732 2527/4173/1723 2526/4190/1733
f 2537/4191/1734 2528/4192/1725 2527/4173/1723
f 2538/4193/1735 2529/4178/1726 2528/4176/1725
f 2539/4194/1736 2530/4179/1727 2774/4195/1737
f 2540/4196/1738 2531/4182/1729 2530/4197/1727
f 2735/4198/133 2496/4154/133 2734/4184/133
f 2542/4199/861 2533/4185/861 2495/4135/861
f 2754/4200/1739 2753/4186/1730 2534/4201/1740
f 2545/4202/1741 2536/4189/1732 2535/4203/1742
f 2546/4204/1743 2537/4191/1734 2536/4189/1732
f 2547/4205/1744 2538/4193/1735 2537/4206/1734
f 2548/4207/1745 2539/4194/1736 2776/4208/1746
f 2549/4209/1747 2540/4196/1738 2539/4210/1736
f 2736/4211/133 2496/4154/133 2735/4198/133
f 2551/4212/861 2542/4199/861 2495/4135/861
f 2755/4213/1748 2754/4200/1739 2543/4214/1749
f 2554/4215/1750 2545/4202/1741 2544/4216/1751
f 2555/4217/1752 2546/4204/1743 2545/4202/1741
f 2556/4218/1753 2547/4205/1744 2546/4219/1743
f 2557/4220/1754 2548/4207/1745 2778/4221/1755
f 2558/4222/1756 2549/4209/1747 2548/4223/1745
f 2737/4224/133 2496/4154/133 2736/4211/133
f 2560/4225/861 2551/4212/861 2495/4135/861
f 2756/4226/1757 2755/4213/1748 2552/4227/1758
f 2563/4228/1759 2554/4215/1750 2553/4229/1760
f 2564/4230/1761 2555/4231/1752 2554/4232/1750
f 2565/4233/1762 2556/4218/1753 2555/4231/1752
f 2566/4234/1763 2557/4220/1754 2780/4235/1764
f 2567/4236/1765 2558/4222/1756 2557/4237/1754
f 2738/4238/133 2496/4154/133 2737/4224/133
f 2569/4239/861 2560/4225/861 2495/4135/861
f 2757/4240/1766 2756/4241/1757 2561/4242/1767
f 2572/4243/1768 2563/4244/1759 2562/4245/2425
f 2573/4246/1770 2564/4230/1761 2563/4247/1759
f 2574/4248/1771 2565/4233/1762 2564/4230/1761
f 2575/4249/1772 2566/4250/1763 2782/4251/1773
f 2576/4252/1774 2567/4236/1765 2566/4253/1763
f 2739/4254/133 2496/4154/133 2738/4238/133
f 2578/4255/861 2569/4239/861 2495/4135/861
f 2758/4256/1775 2757/4240/1766 2570/4257/1776
f 2581/4258/1777 2572/4243/1768 2571/4259/2426
f 2582/4260/1779 2573/4261/1770 2572/4243/1768
f 2583/4262/1780 2574/4248/1771 2573/4246/1770
f 2584/4263/1781 2575/4249/1772 2784/4264/1782
f 2585/4265/1783 2576/4252/1774 2575/4266/1772
f 2740/4267/133 2496/4154/133 2739/4254/133
f 2587/4268/861 2578/4255/861 2495/4135/861
f 2759/4269/1784 2758/4256/1775 2579/4270/1785
f 2590/4271/1786 2581/4258/1777 2580/4272/2427
f 2591/4273/1788 2582/4260/1779 2581/4258/1777
f 2592/4274/1789 2583/4262/1780 2582/4275/1779
f 2593/4276/1790 2584/4263/1781 2786/4277/1791
f 2594/4278/1792 2585/4265/1783 2584/4279/1781
f 2741/4280/133 2496/4154/133 2740/4267/133
f 2596/4281/861 2587/4268/861 2495/4135/861
f 2760/4282/1793 2759/4269/1784 2588/4283/1794
f 2599/4284/1795 2590/4271/1786 2589/4285/2428
f 2600/4286/1797 2591/4287/1788 2590/4288/1786
f 2601/4289/1798 2592/4274/1789 2591/4287/1788
f 2602/4290/1799 2593/4276/1790 2788/4291/1800
f 2603/4292/1801 2594/4278/1792 2593/4293/1790
f 2742/4294/133 2496/4154/133 2741/4280/133
f 2605/4295/861 2596/4281/861 2495/4135/861
f 2761/4296/1802 2760/4282/1793 2597/4297/1803
f 2608/4298/1804 2599/4299/1795 2598/4300/1805
f 2609/4301/1806 2600/4286/1797 2599/4302/1795
f 2610/4303/1807 2601/4289/1798 2600/4286/1797
f 2611/4304/1808 2602/4305/1799 2790/4306/1809
f 2612/4307/1810 2603/4292/1801 2602/4308/1799
f 2743/4309/133 2496/4154/133 2742/4294/133
f 2614/4310/861 2605/4295/861 2495/4135/861
f 2762/4311/1811 2761/4312/1802 2606/4313/1812
f 2617/4314/1813 2608/4298/1804 2607/4315/2429
f 2618/4316/1815 2609/4317/1806 2608/4298/1804
f 2619/4318/1816 2610/4303/1807 2609/4301/1806
f 2620/4319/1817 2611/4304/1808 2792/4320/1818
f 2621/4321/1819 2612/4307/1810 2611/4322/1808
f 2744/4323/133 2496/4154/133 2743/4309/133
f 2623/4324/861 2614/4310/861 2495/4135/861
f 2763/4325/1820 2762/4311/1811 2615/4326/1821
f 2626/4327/1822 2617/4314/1813 2616/4328/2430
f 2627/4329/1824 2618/4316/1815 2617/4314/1813
f 2628/4330/1825 2619/4318/1816 2618/4331/1815
f 2629/4332/1826 2620/4319/1817 2794/4333/1827
f 2630/4334/1828 2621/4321/1819 2620/4335/1817
f 2745/4336/133 2496/4154/133 2744/4323/133
f 2632/4337/861 2623/4324/861 2495/4135/861
f 2764/4338/1829 2763/4325/1820 2624/4339/1830
f 2635/4340/1831 2626/4327/1822 2625/4341/2431
f 2636/4342/1833 2627/4329/1824 2626/4327/1822
f 2637/4343/1834 2628/4330/1825 2627/4344/1824
f 2638/4345/1835 2629/4332/1826 2796/4346/1836
f 2639/4347/1837 2630/4334/1828 2629/4348/1826
f 2746/4349/133 2496/4154/133 2745/4336/133
f 2641/4350/861 2632/4337/861 2495/4135/861
f 2765/4351/1838 2764/4338/1829 2633/4352/1839
f 2644/4353/1840 2635/4340/1831 2634/4354/2432
f 2645/4355/1842 2636/4356/1833 2635/4357/1831
f 2646/4358/1843 2637/4343/1834 2636/4356/1833
f 2647/4359/1844 2638/4345/1835 2798/4360/1845
f 2648/4361/1846 2639/4347/1837 2638/4362/1835
f 2747/4363/133 2496/4154/133 2746/4349/133
f 2650/4364/861 2641/4350/861 2495/4135/861
f 2766/4365/1847 2765/4366/1838 2642/4367/1848
f 2653/4368/1849 2644/4369/1840 2643/4370/1850
f 2654/4371/1851 2645/4355/1842 2644/4372/1840
f 2655/4373/1852 2646/4358/1843 2645/4355/1842
f 2656/4374/1853 2647/4375/1844 2800/4376/1854
f 2657/4377/1855 2648/4361/1846 2647/4378/1844
f 2748/4379/133 2496/4154/133 2747/4363/133
f 2497/4134/861 2650/4364/861 2495/4135/861
f 2749/4137/1698 2766/4365/1847 2651/4380/1856
f 2500/4140/1701 2653/4368/1849 2652/4381/2433
f 2501/4143/1704 2654/4382/1851 2653/4368/1849
f 2502/4145/1706 2655/4373/1852 2654/4371/1851
f 2503/4148/1708 2656/4374/1853 2802/4383/1858
f 2504/4151/1711 2657/4377/1855 2656/4384/1853
f 2731/4155/133 2496/4154/133 2748/4379/133
f 2660/4385/1859 2659/4386/1860 2505/4387/133
f 2661/4388/1861 2660/4385/1859 2514/4389/133
f 2662/4390/1862 2661/4388/1861 2523/4391/133
f 2663/4392/1863 2662/4390/1862 2532/4393/133
f 2664/4394/1864 2663/4392/1863 2541/4395/133
f 2665/4396/1865 2664/4394/1864 2550/4397/133
f 2666/4398/1866 2665/4396/1865 2559/4399/133
f 2667/4400/1867 2666/4398/1866 2568/4401/133
f 2668/4402/1868 2667/4400/1867 2577/4403/133
f 2669/4404/1869 2668/4402/1868 2586/4405/133
f 2670/4406/1870 2669/4404/1869 2595/4407/133
f 2671/4408/1871 2670/4406/1870 2604/4409/133
f 2672/4410/1872 2671/4408/1871 2613/4411/133
f 2673/4412/1873 2672/4410/1872 2622/4413/133
f 2674/4414/1874 2673/4412/1873 2631/4415/133
f 2675/4416/1875 2674/4414/1874 2640/4417/133
f 2676/4418/1876 2675/4416/1875 2649/4419/133
f 2659/4386/1860 2676/4418/1876 2658/4420/133
f 2823/4421/1877 2821/4422/1878 2659/4386/1860
f 2825/4423/1879 2823/4421/1877 2660/4385/1859
f 2827/4424/1880 2825/4423/1879 2661/4388/1861
f 2829/4425/1881 2827/4424/1880 2662/4390/1862
f 2831/4426/1882 2829/4425/1881 2663/4392/1863
f 2833/4427/1883 2831/4426/1882 2664/4394/1864
f 2835/4428/2434 2833/4427/1883 2665/4396/1865
f 2837/4429/1885 2835/4428/2434 2666/4398/1866
f 2839/4430/1886 2837/4429/1885 2667/4400/1867
f 2841/4431/1887 2839/4430/1886 2668/4402/1868
f 2843/4432/1888 2841/4431/1887 2669/4404/1869
f 2845/4433/1889 2843/4432/1888 2670/4406/1870
f 2847/4434/1890 2845/4433/1889 2671/4408/1871
f 2849/4435/1891 2847/4434/1890 2672/4410/1872
f 2851/4436/1892 2849/4435/1891 2673/4412/1873
f 2853/4437/1893 2851/4436/1892 2674/4414/1874
f 2855/4438/1894 2853/4437/1893 2675/4416/1875
f 2821/4422/1878 2855/4438/1894 2676/4418/1876
f 2858/4439/1895 2857/4440/1896 2677/4441/1897
f 2859/4442/1898 2858/4439/1895 2678/4443/1899
f 2860/4444/1900 2859/4442/1898 2679/4445/1901
f 2861/4446/1902 2860/4444/1900 2680/4447/1903
f 2862/4448/1904 2861/4446/1902 2681/4449/1905
f 2863/4450/1906 2862/4448/1904 2682/4451/1907
f 2864/4452/1908 2863/4450/1906 2683/4453/1909
f 2865/4454/1910 2864/4452/1908 2684/4455/1911
f 2866/4456/1912 2865/4454/1910 2685/4457/1913
f 2867/4458/1914 2866/4456/1912 2686/4459/1915
f 2868/4460/1916 2867/4458/1914 2687/4461/1917
f 2869/4462/1918 2868/4460/1916 2688/4463/1919
f 2870/4464/1920 2869/4462/1918 2689/4465/1921
f 2871/4466/1922 2870/4464/1920 2690/4467/1923
f 2872/4468/1924 2871/4466/1922 2691/4469/1925
f 2873/4470/1926 2872/4468/1924 2692/4471/1927
f 2874/4472/1928 2873/4470/1926 2693/4473/1929
f 2857/4440/1896 2874/4472/1928 2694/4474/1930
f 2714/4475/1931 2713/4476/1932 2695/4477/1933
f 2715/4478/1934 2714/4475/1931 2696/4479/1935
f 2716/4480/1936 2715/4481/1934 2697/4482/1937
f 2717/4483/1938 2716/4480/1936 2698/4484/1939
f 2718/4485/1940 2717/4483/1938 2699/4486/1941
f 2719/4487/1942 2718/4485/1940 2700/4488/1943
f 2720/4489/1944 2719/4487/1942 2701/4490/1945
f 2721/4491/1946 2720/4492/1944 2702/4493/1947
f 2722/4494/1948 2721/4491/1946 2703/4495/1949
f 2723/4496/1950 2722/4494/1948 2704/4497/1951
f 2724/4498/1952 2723/4496/1950 2705/4499/1953
f 2725/4500/1954 2724/4501/1952 2706/4502/1955
f 2726/4503/1956 2725/4500/1954 2707/4504/1957
f 2727/4505/1958 2726/4503/1956 2708/4506/1959
f 2728/4507/1960 2727/4505/1958 2709/4508/1961
f 2729/4509/1962 2728/4507/1960 2710/4510/1963
f 2730/4511/1964 2729/4512/1962 2711/4513/1965
f 2713/4476/1932 2730/4511/1964 2712/4514/1966
f 2732/4515/1967 2731/4516/1968 2713/4476/1932
f 2733/4517/1969 2732/4515/1967 2714/4475/1931
f 2734/4518/1970 2733/4519/1969 2715/4481/1934
f 2735/4520/1971 2734/4518/1970 2716/4480/1936
f 2736/4521/1972 2735/4520/1971 2717/4483/1938
f 2737/4522/1973 2736/4521/1972 2718/4485/1940
f 2738/4523/1974 2737/4522/1973 2719/4487/1942
f 2739/4524/1975 2738/4525/1974 2720/4492/1944
f 2740/4526/1976 2739/4524/1975 2721/4491/1946
f 2741/4527/1977 2740/4526/1976 2722/4494/1948
f 2742/4528/1978 2741/4527/1977 2723/4496/1950
f 2743/4529/2435 2742/4530/1978 2724/4501/1952
f 2744/4531/1980 2743/4529/2435 2725/4500/1954
f 2745/4532/1981 2744/4531/1980 2726/4503/1956
f 2746/4533/1982 2745/4532/1981 2727/4505/1958
f 2747/4534/1983 2746/4533/1982 2728/4507/1960
f 2748/4535/1984 2747/4536/1983 2729/4512/1962
f 2731/4516/1968 2748/4535/1984 2730/4511/1964
f 2508/4160/1715 2499/4141/1702 2749/4137/1698
f 2517/4537/2424 2508/4160/1715 2750/4136/1697
f 2526/4190/1733 2517/4175/2424 2751/4538/1712
f 2535/4203/1742 2526/4190/1733 2752/4187/1721
f 2544/4216/1751 2535/4203/1742 2753/4186/1730
f 2553/4229/1760 2544/4216/1751 2754/4200/1739
f 2562/4539/2425 2553/4229/1760 2755/4213/1748
f 2571/4259/2426 2562/4245/2425 2756/4241/1757
f 2580/4272/2427 2571/4259/2426 2757/4240/1766
f 2589/4285/2428 2580/4272/2427 2758/4256/1775
f 2598/4540/1805 2589/4285/2428 2759/4269/1784
f 2607/4315/2429 2598/4300/1805 2760/4541/1793
f 2616/4328/2430 2607/4315/2429 2761/4312/1802
f 2625/4341/2431 2616/4328/2430 2762/4311/1811
f 2634/4354/2432 2625/4341/2431 2763/4325/1820
f 2643/4542/1850 2634/4354/2432 2764/4338/1829
f 2652/4381/2433 2643/4370/1850 2765/4366/1838
f 2499/4141/1702 2652/4381/2433 2766/4365/1847
f 2502/4543/2436 2511/4544/1986 2769/4545/1987
f 2804/4546/1988 2803/4547/1989 2767/4548/1990
f 2511/4544/1986 2520/4549/2437 2771/4550/1992
f 2805/4551/1993 2804/4546/1988 2769/4552/1994
f 2520/4553/2437 2529/4554/2438 2773/4555/2439
f 2806/4556/1997 2805/4551/1993 2771/4557/1998
f 2529/4554/2438 2538/4558/2440 2775/4559/2441
f 2807/4560/2001 2806/4556/1997 2773/4561/2002
f 2538/4558/2440 2547/4562/2003 2777/4563/2442
f 2808/4564/2005 2807/4560/2001 2775/4565/2006
f 2547/4562/2003 2556/4566/2443 2779/4567/2444
f 2809/4568/2009 2808/4564/2005 2777/4569/2010
f 2556/4566/2443 2565/4570/2011 2781/4571/2445
f 2810/4572/2013 2809/4568/2009 2779/4573/2014
f 2565/4574/2011 2574/4575/2446 2783/4576/2447
f 2811/4577/2017 2810/4572/2013 2781/4578/2018
f 2574/4575/2446 2583/4579/2019 2785/4580/2020
f 2812/4581/2021 2811/4577/2017 2783/4582/2022
f 2583/4579/2019 2592/4583/2448 2787/4584/2449
f 2813/4585/2025 2812/4581/2021 2785/4586/2026
f 2592/4583/2448 2601/4587/2450 2789/4588/2451
f 2814/4589/2029 2813/4585/2025 2787/4590/2030
f 2601/4591/2450 2610/4592/2031 2791/4593/2032
f 2815/4594/2033 2814/4589/2029 2789/4595/2034
f 2610/4592/2031 2619/4596/2452 2793/4597/2036
f 2816/4598/2037 2815/4594/2033 2791/4599/2038
f 2619/4596/2452 2628/4600/2453 2795/4601/2040
f 2817/4602/2041 2816/4598/2037 2793/4603/2042
f 2628/4600/2453 2637/4604/2043 2797/4605/2044
f 2818/4606/2045 2817/4602/2041 2795/4607/2046
f 2637/4604/2043 2646/4608/2454 2799/4609/2048
f 2819/4610/2049 2818/4606/2045 2797/4611/2050
f 2646/4612/2454 2655/4613/2051 2801/4614/2455
f 2820/4615/2053 2819/4610/2049 2799/4616/2054
f 2655/4613/2051 2502/4543/2436 2767/4617/2456
f 2803/4547/1989 2820/4615/2053 2801/4618/2056
f 2876/4619/2057 2875/4620/2457 2893/4621/2458
f 2877/4622/2060 2876/4619/2057 2894/4623/2061
f 2878/4624/2062 2877/4625/2060 2895/4626/2063
f 2879/4627/2064 2878/4624/2062 2896/4628/2065
f 2880/4629/2066 2879/4627/2064 2897/4630/2067
f 2881/4631/2459 2880/4629/2066 2898/4632/2069
f 2882/4633/2070 2881/4631/2459 2899/4634/2460
f 2883/4635/2072 2882/4636/2070 2900/4637/2073
f 2884/4638/2461 2883/4635/2072 2901/4639/2075
f 2885/4640/2076 2884/4638/2461 2902/4641/2462
f 2886/4642/2078 2885/4640/2076 2903/4643/2079
f 2887/4644/2463 2886/4645/2078 2904/4646/2081
f 2888/4647/2082 2887/4644/2463 2905/4648/2083
f 2889/4649/2084 2888/4647/2082 2906/4650/2085
f 2890/4651/2464 2889/4649/2084 2907/4652/2087
f 2891/4653/2088 2890/4651/2464 2908/4654/2465
f 2892/4655/2090 2891/4656/2088 2909/4657/2091
f 2875/4620/2457 2892/4655/2090 2910/4658/2092
f 2824/4659/2093 2822/4660/2094 2821/4422/1878
f 2678/4661/2095 2677/4662/2096 2822/4663/2097
f 2826/4664/2098 2824/4659/2093 2823/4421/1877
f 2679/4665/2099 2678/4661/2095 2824/4666/2100
f 2828/4667/2101 2826/4664/2098 2825/4423/1879
f 2680/4668/2102 2679/4669/2099 2826/4670/2103
f 2830/4671/2104 2828/4667/2101 2827/4424/1880
f 2681/4672/2105 2680/4668/2102 2828/4673/2106
f 2832/4674/2107 2830/4675/2104 2829/4676/1881
f 2682/4677/2108 2681/4672/2105 2830/4675/2109
f 2834/4678/2110 2832/4679/2107 2831/4426/1882
f 2683/4680/2111 2682/4677/2108 2832/4674/2112
f 2836/4681/2113 2834/4678/2110 2833/4427/1883
f 2684/4682/2114 2683/4680/2111 2834/4683/2115
f 2838/4684/2116 2836/4681/2113 2835/4428/2434
f 2685/4685/2117 2684/4686/2114 2836/4687/2118
f 2840/4688/2119 2838/4684/2116 2837/4429/1885
f 2686/4689/2120 2685/4685/2117 2838/4690/2121
f 2842/4691/2122 2840/4688/2119 2839/4430/1886
f 2687/4692/2123 2686/4689/2120 2840/4693/2124
f 2844/4694/2125 2842/4691/2122 2841/4431/1887
f 2688/4695/2126 2687/4692/2123 2842/4696/2127
f 2846/4697/2128 2844/4694/2125 2843/4432/1888
f 2689/4698/2129 2688/4699/2126 2844/4700/2130
f 2848/4701/2131 2846/4697/2128 2845/4433/1889
f 2690/4702/2132 2689/4698/2129 2846/4703/2133
f 2850/4704/2134 2848/4705/2131 2847/4706/1890
f 2691/4707/2135 2690/4702/2132 2848/4705/2136
f 2852/4708/2137 2850/4709/2134 2849/4435/1891
f 2692/4710/2138 2691/4707/2135 2850/4704/2139
f 2854/4711/2140 2852/4708/2137 2851/4436/1892
f 2693/4712/2141 2692/4710/2138 2852/4713/2142
f 2856/4714/2143 2854/4711/2140 2853/4437/1893
f 2694/4715/2144 2693/4716/2141 2854/4717/2145
f 2822/4660/2094 2856/4714/2143 2855/4438/1894
f 2677/4662/2096 2694/4715/2144 2856/4718/2146
f 2696/4479/1935 2695/4477/1933 2857/4719/1896
f 2697/4720/1937 2696/4479/1935 2858/4721/1895
f 2698/4484/1939 2697/4482/1937 2859/4722/1898
f 2699/4486/1941 2698/4484/1939 2860/4723/1900
f 2700/4488/1943 2699/4486/1941 2861/4724/1902
f 2701/4490/1945 2700/4488/1943 2862/4725/1904
f 2702/4726/1947 2701/4490/1945 2863/4727/1906
f 2703/4495/1949 2702/4493/1947 2864/4728/1908
f 2704/4497/1951 2703/4495/1949 2865/4729/1910
f 2705/4499/1953 2704/4497/1951 2866/4730/1912
f 2706/4731/1955 2705/4499/1953 2867/4732/1914
f 2707/4504/1957 2706/4502/1955 2868/4733/1916
f 2708/4506/1959 2707/4504/1957 2869/4734/1918
f 2709/4508/1961 2708/4506/1959 2870/4735/1920
f 2710/4510/1963 2709/4508/1961 2871/4736/1922
f 2711/4737/1965 2710/4510/1963 2872/4738/1924
f 2712/4514/1966 2711/4513/1965 2873/4739/1926
f 2695/4477/1933 2712/4514/1966 2874/4740/1928
f 2894/4741/2147 2893/4742/2148 2803/4547/1989
f 2875/4743/2149 2876/4744/2150 2770/4745/2151
f 2895/4746/2152 2894/4741/2147 2804/4546/1988
f 2876/4744/2150 2877/4747/2153 2772/4748/2154
f 2896/4749/2155 2895/4746/2152 2805/4551/1993
f 2877/4747/2153 2878/4750/2156 2774/4751/2157
f 2897/4752/2158 2896/4749/2155 2806/4556/1997
f 2878/4750/2156 2879/4753/2159 2776/4754/2160
f 2898/4755/2161 2897/4752/2158 2807/4560/2001
f 2879/4753/2159 2880/4756/2162 2778/4757/2163
f 2899/4758/2164 2898/4755/2161 2808/4564/2005
f 2880/4756/2162 2881/4759/2165 2780/4760/2166
f 2900/4761/2167 2899/4758/2164 2809/4568/2009
f 2881/4759/2165 2882/4762/2168 2782/4763/2169
f 2901/4764/2170 2900/4761/2167 2810/4572/2013
f 2882/4762/2168 2883/4765/2171 2784/4766/2172
f 2902/4767/2173 2901/4764/2170 2811/4577/2017
f 2883/4765/2171 2884/4768/2174 2786/4769/2175
f 2903/4770/2176 2902/4767/2173 2812/4581/2021
f 2884/4768/2174 2885/4771/2177 2788/4772/2178
f 2904/4773/2179 2903/4770/2176 2813/4585/2025
f 2885/4771/2177 2886/4774/2180 2790/4775/2181
f 2905/4776/2182 2904/4773/2179 2814/4589/2029
f 2886/4774/2180 2887/4777/2183 2792/4778/2184
f 2906/4779/2185 2905/4776/2182 2815/4594/2033
f 2887/4777/2183 2888/4780/2186 2794/4781/2187
f 2907/4782/2188 2906/4779/2185 2816/4598/2037
f 2888/4780/2186 2889/4783/2189 2796/4784/2190
f 2908/4785/2191 2907/4782/2188 2817/4602/2041
f 2889/4783/2189 2890/4786/2192 2798/4787/2193
f 2909/4788/2194 2908/4785/2191 2818/4606/2045
f 2890/4786/2192 2891/4789/2195 2800/4790/2196
f 2910/4791/2197 2909/4788/2194 2819/4610/2049
f 2891/4789/2195 2892/4792/2198 2802/4793/2199
f 2893/4742/2148 2910/4791/2197 2820/4615/2053
f 2892/4792/2198 2875/4743/2149 2768/4794/2200
f 2507/4158/1713 2750/4136/1697 2498/4138/1699
f 2508/4160/1715 2509/4139/1700 2499/4141/1702
f 2509/4139/1700 2510/4142/1703 2500/4140/1701
f 2510/4162/1703 2511/4144/1705 2501/4146/1704
f 2770/4166/1719 2512/4147/1707 2768/4149/1709
f 2512/4168/1707 2513/4150/1710 2503/4152/1708
f 2516/4172/1722 2751/4157/1712 2507/4158/1713
f 2517/4537/2424 2518/4159/1714 2508/4160/1715
f 2518/4177/1714 2519/4161/1716 2509/4163/1700
f 2519/4161/1716 2520/4164/1717 2510/4162/1703
f 2772/4795/1728 2521/4165/1718 2770/4166/1719
f 2521/4183/1718 2522/4167/1720 2512/4168/1707
f 2525/4796/1731 2752/4171/1721 2516/4172/1722
f 2526/4190/1733 2527/4173/1723 2517/4175/2424
f 2527/4797/1723 2528/4176/1725 2518/4177/1714
f 2528/4176/1725 2529/4178/1726 2519/4161/1716
f 2774/4195/1737 2530/4179/1727 2772/4181/1728
f 2530/4197/1727 2531/4182/1729 2521/4183/1718
f 2534/4201/1740 2753/4186/1730 2525/4188/1731
f 2535/4203/1742 2536/4189/1732 2526/4190/1733
f 2536/4189/1732 2537/4191/1734 2527/4173/1723
f 2537/4206/1734 2538/4193/1735 2528/4176/1725
f 2776/4208/1746 2539/4194/1736 2774/4195/1737
f 2539/4210/1736 2540/4196/1738 2530/4197/1727
f 2543/4214/1749 2754/4200/1739 2534/4201/1740
f 2544/4216/1751 2545/4202/1741 2535/4203/1742
f 2545/4202/1741 2546/4204/1743 2536/4189/1732
f 2546/4219/1743 2547/4205/1744 2537/4206/1734
f 2778/4221/1755 2548/4207/1745 2776/4208/1746
f 2548/4223/1745 2549/4209/1747 2539/4210/1736
f 2552/4227/1758 2755/4213/1748 2543/4214/1749
f 2553/4229/1760 2554/4215/1750 2544/4216/1751
f 2554/4215/1750 2555/4217/1752 2545/4202/1741
f 2555/4231/1752 2556/4218/1753 2546/4219/1743
f 2780/4235/1764 2557/4220/1754 2778/4221/1755
f 2557/4237/1754 2558/4222/1756 2548/4223/1745
f 2561/4798/1767 2756/4226/1757 2552/4227/1758
f 2562/4539/2425 2563/4228/1759 2553/4229/1760
f 2563/4247/1759 2564/4230/1761 2554/4232/1750
f 2564/4230/1761 2565/4233/1762 2555/4231/1752
f 2782/4799/1773 2566/4234/1763 2780/4235/1764
f 2566/4253/1763 2567/4236/1765 2557/4237/1754
f 2570/4257/1776 2757/4240/1766 2561/4242/1767
f 2571/4259/2426 2572/4243/1768 2562/4245/2425
f 2572/4800/1768 2573/4246/1770 2563/4247/1759
f 2573/4246/1770 2574/4248/1771 2564/4230/1761
f 2784/4264/1782 2575/4249/1772 2782/4251/1773
f 2575/4266/1772 2576/4252/1774 2566/4253/1763
f 2579/4270/1785 2758/4256/1775 2570/4257/1776
f 2580/4272/2427 2581/4258/1777 2571/4259/2426
f 2581/4258/1777 2582/4260/1779 2572/4243/1768
f 2582/4275/1779 2583/4262/1780 2573/4246/1770
f 2786/4277/1791 2584/4263/1781 2784/4264/1782
f 2584/4279/1781 2585/4265/1783 2575/4266/1772
f 2588/4283/1794 2759/4269/1784 2579/4270/1785
f 2589/4285/2428 2590/4271/1786 2580/4272/2427
f 2590/4271/1786 2591/4273/1788 2581/4258/1777
f 2591/4287/1788 2592/4274/1789 2582/4275/1779
f 2788/4291/1800 2593/4276/1790 2786/4277/1791
f 2593/4293/1790 2594/4278/1792 2584/4279/1781
f 2597/4297/1803 2760/4282/1793 2588/4283/1794
f 2598/4540/1805 2599/4284/1795 2589/4285/2428
f 2599/4302/1795 2600/4286/1797 2590/4288/1786
f 2600/4286/1797 2601/4289/1798 2591/4287/1788
f 2790/4801/1809 2602/4290/1799 2788/4291/1800
f 2602/4308/1799 2603/4292/1801 2593/4293/1790
f 2606/4802/1812 2761/4296/1802 2597/4297/1803
f 2607/4315/2429 2608/4298/1804 2598/4300/1805
f 2608/4803/1804 2609/4301/1806 2599/4302/1795
f 2609/4301/1806 2610/4303/1807 2600/4286/1797
f 2792/4320/1818 2611/4304/1808 2790/4306/1809
f 2611/4322/1808 2612/4307/1810 2602/4308/1799
f 2615/4326/1821 2762/4311/1811 2606/4313/1812
f 2616/4328/2430 2617/4314/1813 2607/4315/2429
f 2617/4314/1813 2618/4316/1815 2608/4298/1804
f 2618/4331/1815 2619/4318/1816 2609/4301/1806
f 2794/4333/1827 2620/4319/1817 2792/4320/1818
f 2620/4335/1817 2621/4321/1819 2611/4322/1808
f 2624/4339/1830 2763/4325/1820 2615/4326/1821
f 2625/4341/2431 2626/4327/1822 2616/4328/2430
f 2626/4327/1822 2627/4329/1824 2617/4314/1813
f 2627/4344/1824 2628/4330/1825 2618/4331/1815
f 2796/4346/1836 2629/4332/1826 2794/4333/1827
f 2629/4348/1826 2630/4334/1828 2620/4335/1817
f 2633/4352/1839 2764/4338/1829 2624/4339/1830
f 2634/4354/2432 2635/4340/1831 2625/4341/2431
f 2635/4340/1831 2636/4342/1833 2626/4327/1822
f 2636/4356/1833 2637/4343/1834 2627/4344/1824
f 2798/4360/1845 2638/4345/1835 2796/4346/1836
f 2638/4362/1835 2639/4347/1837 2629/4348/1826
f 2642/4804/1848 2765/4351/1838 2633/4352/1839
f 2643/4542/1850 2644/4353/1840 2634/4354/2432
f 2644/4372/1840 2645/4355/1842 2635/4357/1831
f 2645/4355/1842 2646/4358/1843 2636/4356/1833
f 2800/4805/1854 2647/4359/1844 2798/4360/1845
f 2647/4378/1844 2648/4361/1846 2638/4362/1835
f 2651/4380/1856 2766/4365/1847 2642/4367/1848
f 2652/4381/2433 2653/4368/1849 2643/4370/1850
f 2653/4806/1849 2654/4371/1851 2644/4372/1840
f 2654/4371/1851 2655/4373/1852 2645/4355/1842
f 2802/4383/1858 2656/4374/1853 2800/4376/1854
f 2656/4384/1853 2657/4377/1855 2647/4378/1844
f 2498/4138/1699 2749/4137/1698 2651/4380/1856
f 2499/4141/1702 2500/4140/1701 2652/4381/2433
f 2500/4140/1701 2501/4143/1704 2653/4368/1849
f 2501/4146/1704 2502/4145/1706 2654/4371/1851
f 2768/4149/1709 2503/4148/1708 2802/4383/1858
f 2503/4152/1708 2504/4151/1711 2656/4384/1853
f 2514/4389/133 2660/4385/1859 2505/4387/133
f 2523/4391/133 2661/4388/1861 2514/4389/133
f 2532/4393/133 2662/4390/1862 2523/4391/133
f 2541/4395/133 2663/4392/1863 2532/4393/133
f 2550/4397/133 2664/4394/1864 2541/4395/133
f 2559/4399/133 2665/4396/1865 2550/4397/133
f 2568/4401/133 2666/4398/1866 2559/4399/133
f 2577/4403/133 2667/4400/1867 2568/4401/133
f 2586/4405/133 2668/4402/1868 2577/4403/133
f 2595/4407/133 2669/4404/1869 2586/4405/133
f 2604/4409/133 2670/4406/1870 2595/4407/133
f 2613/4411/133 2671/4408/1871 2604/4409/133
f 2622/4413/133 2672/4410/1872 2613/4411/133
f 2631/4415/133 2673/4412/1873 2622/4413/133
f 2640/4417/133 2674/4414/1874 2631/4415/133
f 2649/4419/133 2675/4416/1875 2640/4417/133
f 2658/4420/133 2676/4418/1876 2649/4419/133
f 2505/4387/133 2659/4386/1860 2658/4420/133
f 2660/4385/1859 2823/4421/1877 2659/4386/1860
f 2661/4388/1861 2825/4423/1879 2660/4385/1859
f 2662/4390/1862 2827/4424/1880 2661/4388/1861
f 2663/4392/1863 2829/4425/1881 2662/4390/1862
f 2664/4394/1864 2831/4426/1882 2663/4392/1863
f 2665/4396/1865 2833/4427/1883 2664/4394/1864
f 2666/4398/1866 2835/4428/2434 2665/4396/1865
f 2667/4400/1867 2837/4429/1885 2666/4398/1866
f 2668/4402/1868 2839/4430/1886 2667/4400/1867
f 2669/4404/1869 2841/4431/1887 2668/4402/1868
f 2670/4406/1870 2843/4432/1888 2669/4404/1869
f 2671/4408/1871 2845/4433/1889 2670/4406/1870
f 2672/4410/1872 2847/4434/1890 2671/4408/1871
f 2673/4412/1873 2849/4435/1891 2672/4410/1872
f 2674/4414/1874 2851/4436/1892 2673/4412/1873
f 2675/4416/1875 2853/4437/1893 2674/4414/1874
f 2676/4418/1876 2855/4438/1894 2675/4416/1875
f 2659/4386/1860 2821/4422/1878 2676/4418/1876
f 2678/4443/1899 2858/4439/1895 2677/4441/1897
f 2679/4445/1901 2859/4442/1898 2678/4443/1899
f 2680/4447/1903 2860/4444/1900 2679/4445/1901
f 2681/4449/1905 2861/4446/1902 2680/4447/1903
f 2682/4451/1907 2862/4448/1904 2681/4449/1905
f 2683/4453/1909 2863/4450/1906 2682/4451/1907
f 2684/4455/1911 2864/4452/1908 2683/4453/1909
f 2685/4457/1913 2865/4454/1910 2684/4455/1911
f 2686/4459/1915 2866/4456/1912 2685/4457/1913
f 2687/4461/1917 2867/4458/1914 2686/4459/1915
f 2688/4463/1919 2868/4460/1916 2687/4461/1917
f 2689/4465/1921 2869/4462/1918 2688/4463/1919
f 2690/4467/1923 2870/4464/1920 2689/4465/1921
f 2691/4469/1925 2871/4466/1922 2690/4467/1923
f 2692/4471/1927 2872/4468/1924 2691/4469/1925
f 2693/4473/1929 2873/4470/1926 2692/4471/1927
f 2694/4474/1930 2874/4472/1928 2693/4473/1929
f 2677/4441/1897 2857/4440/1896 2694/4474/1930
f 2696/4479/1935 2714/4475/1931 2695/4477/1933
f 2697/4720/1937 2715/4478/1934 2696/4479/1935
f 2698/4484/1939 2716/4480/1936 2697/4482/1937
f 2699/4486/1941 2717/4483/1938 2698/4484/1939
f 2700/4488/1943 2718/4485/1940 2699/4486/1941
f 2701/4490/1945 2719/4487/1942 2700/4488/1943
f 2702/4726/1947 2720/4489/1944 2701/4490/1945
f 2703/4495/1949 2721/4491/1946 2702/4493/1947
f 2704/4497/1951 2722/4494/1948 2703/4495/1949
f 2705/4499/1953 2723/4496/1950 2704/4497/1951
f 2706/4731/1955 2724/4498/1952 2705/4499/1953
f 2707/4504/1957 2725/4500/1954 2706/4502/1955
f 2708/4506/1959 2726/4503/1956 2707/4504/1957
f 2709/4508/1961 2727/4505/1958 2708/4506/1959
f 2710/4510/1963 2728/4507/1960 2709/4508/1961
f 2711/4737/1965 2729/4509/1962 2710/4510/1963
f 2712/4514/1966 2730/4511/1964 2711/4513/1965
f 2695/4477/1933 2713/4476/1932 2712/4514/1966
f 2714/4475/1931 2732/4515/1967 2713/4476/1932
f 2715/4478/1934 2733/4517/1969 2714/4475/1931
f 2716/4480/1936 2734/4518/1970 2715/4481/1934
f 2717/4483/1938 2735/4520/1971 2716/4480/1936
f 2718/4485/1940 2736/4521/1972 2717/4483/1938
f 2719/4487/1942 2737/4522/1973 2718/4485/1940
f 2720/4489/1944 2738/4523/1974 2719/4487/1942
f 2721/4491/1946 2739/4524/1975 2720/4492/1944
f 2722/4494/1948 2740/4526/1976 2721/4491/1946
f 2723/4496/1950 2741/4527/1977 2722/4494/1948
f 2724/4498/1952 2742/4528/1978 2723/4496/1950
f 2725/4500/1954 2743/4529/2435 2724/4501/1952
f 2726/4503/1956 2744/4531/1980 2725/4500/1954
f 2727/4505/1958 2745/4532/1981 2726/4503/1956
f 2728/4507/1960 2746/4533/1982 2727/4505/1958
f 2729/4509/1962 2747/4534/1983 2728/4507/1960
f 2730/4511/1964 2748/4535/1984 2729/4512/1962
f 2713/4476/1932 2731/4516/1968 2730/4511/1964
f 2750/4136/1697 2508/4160/1715 2749/4137/1698
f 2751/4157/1712 2517/4537/2424 2750/4136/1697
f 2752/4187/1721 2526/4190/1733 2751/4538/1712
f 2753/4186/1730 2535/4203/1742 2752/4187/1721
f 2754/4200/1739 2544/4216/1751 2753/4186/1730
f 2755/4213/1748 2553/4229/1760 2754/4200/1739
f 2756/4226/1757 2562/4539/2425 2755/4213/1748
f 2757/4240/1766 2571/4259/2426 2756/4241/1757
f 2758/4256/1775 2580/4272/2427 2757/4240/1766
f 2759/4269/1784 2589/4285/2428 2758/4256/1775
f 2760/4282/1793 2598/4540/1805 2759/4269/1784
f 2761/4312/1802 2607/4315/2429 2760/4541/1793
f 2762/4311/1811 2616/4328/2430 2761/4312/1802
f 2763/4325/1820 2625/4341/2431 2762/4311/1811
f 2764/4338/1829 2634/4354/2432 2763/4325/1820
f 2765/4351/1838 2643/4542/1850 2764/4338/1829
f 2766/4365/1847 2652/4381/2433 2765/4366/1838
f 2749/4137/1698 2499/4141/1702 2766/4365/1847
f 2767/4617/2456 2502/4543/2436 2769/4545/1987
f 2769/4552/1994 2804/4546/1988 2767/4548/1990
f 2769/4545/1987 2511/4544/1986 2771/4550/1992
f 2771/4557/1998 2805/4551/1993 2769/4552/1994
f 2771/4807/1992 2520/4553/2437 2773/4555/2439
f 2773/4561/2002 2806/4556/1997 2771/4557/1998
f 2773/4555/2439 2529/4554/2438 2775/4559/2441
f 2775/4565/2006 2807/4560/2001 2773/4561/2002
f 2775/4559/2441 2538/4558/2440 2777/4563/2442
f 2777/4569/2010 2808/4564/2005 2775/4565/2006
f 2777/4563/2442 2547/4562/2003 2779/4567/2444
f 2779/4573/2014 2809/4568/2009 2777/4569/2010
f 2779/4567/2444 2556/4566/2443 2781/4571/2445
f 2781/4578/2018 2810/4572/2013 2779/4573/2014
f 2781/4808/2445 2565/4574/2011 2783/4576/2447
f 2783/4582/2022 2811/4577/2017 2781/4578/2018
f 2783/4576/2447 2574/4575/2446 2785/4580/2020
f 2785/4586/2026 2812/4581/2021 2783/4582/2022
f 2785/4580/2020 2583/4579/2019 2787/4584/2449
f 2787/4590/2030 2813/4585/2025 2785/4586/2026
f 2787/4584/2449 2592/4583/2448 2789/4588/2451
f 2789/4595/2034 2814/4589/2029 2787/4590/2030
f 2789/4809/2451 2601/4591/2450 2791/4593/2032
f 2791/4599/2038 2815/4594/2033 2789/4595/2034
f 2791/4593/2032 2610/4592/2031 2793/4597/2036
f 2793/4603/2042 2816/4598/2037 2791/4599/2038
f 2793/4597/2036 2619/4596/2452 2795/4601/2040
f 2795/4607/2046 2817/4602/2041 2793/4603/2042
f 2795/4601/2040 2628/4600/2453 2797/4605/2044
f 2797/4611/2050 2818/4606/2045 2795/4607/2046
f 2797/4605/2044 2637/4604/2043 2799/4609/2048
f 2799/4616/2054 2819/4610/2049 2797/4611/2050
f 2799/4810/2048 2646/4612/2454 2801/4614/2455
f 2801/4618/2056 2820/4615/2053 2799/4616/2054
f 2801/4614/2455 2655/4613/2051 2767/4617/2456
f 2767/4548/1990 2803/4547/1989 2801/4618/2056
f 2894/4623/2061 2876/4619/2057 2893/4621/2458
f 2895/4811/2063 2877/4622/2060 2894/4623/2061
f 2896/4628/2065 2878/4624/2062 2895/4626/2063
f 2897/4630/2067 2879/4627/2064 2896/4628/2065
f 2898/4632/2069 2880/4629/2066 2897/4630/2067
f 2899/4634/2460 2881/4631/2459 2898/4632/2069
f 2900/4812/2073 2882/4633/2070 2899/4634/2460
f 2901/4639/2075 2883/4635/2072 2900/4637/2073
f 2902/4641/2462 2884/4638/2461 2901/4639/2075
f 2903/4643/2079 2885/4640/2076 2902/4641/2462
f 2904/4813/2081 2886/4642/2078 2903/4643/2079
f 2905/4648/2083 2887/4644/2463 2904/4646/2081
f 2906/4650/2085 2888/4647/2082 2905/4648/2083
f 2907/4652/2087 2889/4649/2084 2906/4650/2085
f 2908/4654/2465 2890/4651/2464 2907/4652/2087
f 2909/4814/2091 2891/4653/2088 2908/4654/2465
f 2910/4658/2092 2892/4655/2090 2909/4657/2091
f 2893/4621/2458 2875/4620/2457 2910/4658/2092
f 2823/4421/1877 2824/4659/2093 2821/4422/1878
f 2824/4666/2100 2678/4661/2095 2822/4663/2097
f 2825/4423/1879 2826/4664/2098 2823/4421/1877
f 2826/4815/2103 2679/4665/2099 2824/4666/2100
f 2827/4424/1880 2828/4667/2101 2825/4423/1879
f 2828/4673/2106 2680/4668/2102 2826/4670/2103
f 2829/4425/1881 2830/4671/2104 2827/4424/1880
f 2830/4675/2109 2681/4672/2105 2828/4673/2106
f 2831/4816/1882 2832/4674/2107 2829/4676/1881
f 2832/4674/2112 2682/4677/2108 2830/4675/2109
f 2833/4427/1883 2834/4678/2110 2831/4426/1882
f 2834/4683/2115 2683/4680/2111 2832/4674/2112
f 2835/4428/2434 2836/4681/2113 2833/4427/1883
f 2836/4817/2118 2684/4682/2114 2834/4683/2115
f 2837/4429/1885 2838/4684/2116 2835/4428/2434
f 2838/4690/2121 2685/4685/2117 2836/4687/2118
f 2839/4430/1886 2840/4688/2119 2837/4429/1885
f 2840/4693/2124 2686/4689/2120 2838/4690/2121
f 2841/4431/1887 2842/4691/2122 2839/4430/1886
f 2842/4696/2127 2687/4692/2123 2840/4693/2124
f 2843/4432/1888 2844/4694/2125 2841/4431/1887
f 2844/4818/2130 2688/4695/2126 2842/4696/2127
f 2845/4433/1889 2846/4697/2128 2843/4432/1888
f 2846/4703/2133 2689/4698/2129 2844/4700/2130
f 2847/4434/1890 2848/4701/2131 2845/4433/1889
f 2848/4705/2136 2690/4702/2132 2846/4703/2133
f 2849/4819/1891 2850/4704/2134 2847/4706/1890
f 2850/4704/2139 2691/4707/2135 2848/4705/2136
f 2851/4436/1892 2852/4708/2137 2849/4435/1891
f 2852/4713/2142 2692/4710/2138 2850/4704/2139
f 2853/4437/1893 2854/4711/2140 2851/4436/1892
f 2854/4820/2145 2693/4712/2141 2852/4713/2142
f 2855/4438/1894 2856/4714/2143 2853/4437/1893
f 2856/4718/2146 2694/4715/2144 2854/4717/2145
f 2821/4422/1878 2822/4660/2094 2855/4438/1894
f 2822/4663/2097 2677/4662/2096 2856/4718/2146
f 2858/4721/1895 2696/4479/1935 2857/4719/1896
f 2859/4821/1898 2697/4720/1937 2858/4721/1895
f 2860/4723/1900 2698/4484/1939 2859/4722/1898
f 2861/4724/1902 2699/4486/1941 2860/4723/1900
f 2862/4725/1904 2700/4488/1943 2861/4724/1902
f 2863/4727/1906 2701/4490/1945 2862/4725/1904
f 2864/4822/1908 2702/4726/1947 2863/4727/1906
f 2865/4729/1910 2703/4495/1949 2864/4728/1908
f 2866/4730/1912 2704/4497/1951 2865/4729/1910
f 2867/4732/1914 2705/4499/1953 2866/4730/1912
f 2868/4823/1916 2706/4731/1955 2867/4732/1914
f 2869/4734/1918 2707/4504/1957 2868/4733/1916
f 2870/4735/1920 2708/4506/1959 2869/4734/1918
f 2871/4736/1922 2709/4508/1961 2870/4735/1920
f 2872/4738/1924 2710/4510/1963 2871/4736/1922
f 2873/4824/1926 2711/4737/1965 2872/4738/1924
f 2874/4740/1928 2712/4514/1966 2873/4739/1926
f 2857/4719/1896 2695/4477/1933 2874/4740/1928
f 2804/4546/1988 2894/4741/2147 2803/4547/1989
f 2768/4794/2200 2875/4743/2149 2770/4745/2151
f 2805/4551/1993 2895/4746/2152 2804/4546/1988
f 2770/4745/2151 2876/4744/2150 2772/4748/2154
f 2806/4556/1997 2896/4749/2155 2805/4551/1993
f 2772/4748/2154 2877/4747/2153 2774/4751/2157
f 2807/4560/2001 2897/4752/2158 2806/4556/1997
f 2774/4751/2157 2878/4750/2156 2776/4754/2160
f 2808/4564/2005 2898/4755/2161 2807/4560/2001
f 2776/4754/2160 2879/4753/2159 2778/4757/2163
f 2809/4568/2009 2899/4758/2164 2808/4564/2005
f 2778/4757/2163 2880/4756/2162 2780/4760/2166
f 2810/4572/2013 2900/4761/2167 2809/4568/2009
f 2780/4760/2166 2881/4759/2165 2782/4763/2169
f 2811/4577/2017 2901/4764/2170 2810/4572/2013
f 2782/4763/2169 2882/4762/2168 2784/4766/2172
f 2812/4581/2021 2902/4767/2173 2811/4577/2017
f 2784/4766/2172 2883/4765/2171 2786/4769/2175
f 2813/4585/2025 2903/4770/2176 2812/4581/2021
f 2786/4769/2175 2884/4768/2174 2788/4772/2178
f 2814/4589/2029 2904/4773/2179 2813/4585/2025
f 2788/4772/2178 2885/4771/2177 2790/4775/2181
f 2815/4594/2033 2905/4776/2182 2814/4589/2029
f 2790/4775/2181 2886/4774/2180 2792/4778/2184
f 2816/4598/2037 2906/4779/2185 2815/4594/2033
f 2792/4778/2184 2887/4777/2183 2794/4781/2187
f 2817/4602/2041 2907/4782/2188 2816/4598/2037
f 2794/4781/2187 2888/4780/2186 2796/4784/2190
f 2818/4606/2045 2908/4785/2191 2817/4602/2041
f 2796/4784/2190 2889/4783/2189 2798/4787/2193
f 2819/4610/2049 2909/4788/2194 2818/4606/2045
f 2798/4787/2193 2890/4786/2192 2800/4790/2196
f 2820/4615/2053 2910/4791/2197 2819/4610/2049
f 2800/4790/2196 2891/4789/2195 2802/4793/2199
f 2803/4547/1989 2893/4742/2148 2820/4615/2053
f 2802/4793/2199 2892/4792/2198 2768/4794/2200
f 2925/4825/2466 2924/4826/2467 2912/4827/2468
f 2926/4828/2469 2925/4825/2466 2913/4829/2470
f 2927/4830/2471 2926/4831/2469 2914/4832/2472
f 2928/4833/2473 2927/4830/2471 2915/4834/2474
f 2929/4835/2475 2928/4833/2473 2916/4836/2476
f 2930/4837/2477 2929/4838/2475 2917/4839/2478
f 2931/4840/2479 2930/4837/2477 2918/4841/2480
f 2932/4842/2481 2931/4840/2479 2919/4843/2482
f 2933/4844/2483 2932/4842/2481 2920/4845/2484
f 2934/4846/2485 2933/4847/2483 2921/4848/2486
f 2935/4849/2487 2934/4846/2485 2922/4850/2488
f 2924/4826/2467 2935/4849/2487 2923/4851/2489
f 2937/4852/2490 2936/4853/2491 2924/4826/2467
f 2938/4854/2492 2937/4855/2490 2925/4856/2466
f 2939/4857/2493 2938/4854/2492 2926/4858/2469
f 2940/4859/2494 2939/4857/2493 2927/4860/2471
f 2941/4861/2495 2940/4859/2494 2928/4862/2473
f 2942/4863/2496 2941/4861/2495 2929/4864/2475
f 2943/4865/2497 2942/4866/2496 2930/4837/2477
f 2944/4867/2498 2943/4868/2497 2931/4869/2479
f 2945/4870/2499 2944/4867/2498 2932/4871/2481
f 2946/4872/2500 2945/4870/2499 2933/4873/2483
f 2947/4874/2501 2946/4872/2500 2934/4875/2485
f 2936/4876/2491 2947/4874/2501 2935/4877/2487
f 2911/4878/661 2936/4876/2491 2937/4855/2490
f 2911/4878/661 2937/4855/2490 2938/4854/2492
f 2911/4878/661 2938/4854/2492 2939/4857/2493
f 2911/4878/661 2939/4857/2493 2940/4859/2494
f 2911/4878/661 2940/4859/2494 2941/4861/2495
f 2911/4878/661 2941/4861/2495 2942/4863/2496
f 2911/4878/661 2942/4863/2496 2943/4868/2497
f 2911/4878/661 2943/4868/2497 2944/4867/2498
f 2911/4878/661 2944/4867/2498 2945/4870/2499
f 2911/4878/661 2945/4870/2499 2946/4872/2500
f 2911/4878/661 2946/4872/2500 2947/4874/2501
f 2911/4878/661 2947/4874/2501 2936/4876/2491
f 2962/4879/2502 2961/4880/2503 2949/4881/2504
f 2963/4882/2505 2962/4879/2502 2950/4883/2506
f 2964/4884/2507 2963/4882/2505 2951/4885/2508
f 2965/4886/2509 2964/4887/2507 2952/4888/2510
f 2966/4889/2511 2965/4886/2509 2953/4890/2512
f 2967/4891/2513 2966/4889/2511 2954/4892/2514
f 2968/4893/2515 2967/4894/2513 2955/4895/2516
f 2969/4896/2517 2968/4893/2515 2956/4897/2518
f 2970/4898/2519 2969/4896/2517 2957/4899/2520
f 2971/4900/2521 2970/4901/2519 2958/4902/2522
f 2972/4903/2523 2971/4900/2521 2959/4904/2524
f 2961/4905/2503 2972/4903/2523 2960/4906/2525
f 2974/4907/2526 2973/4908/2527 2961/4909/2503
f 2975/4910/2528 2974/4911/2526 2962/4879/2502
f 2976/4912/2529 2975/4913/2528 2963/4914/2505
f 2977/4915/2530 2976/4912/2529 2964/4916/2507
f 2978/4917/2531 2977/4918/2530 2965/4886/2509
f 2979/4919/2532 2978/4920/2531 2966/4921/2511
f 2980/4922/2533 2979/4919/2532 2967/4923/2513
f 2981/4924/2534 2980/4925/2533 2968/4893/2515
f 2982/4926/2535 2981/4927/2534 2969/4928/2517
f 2983/4929/2536 2982/4926/2535 2970/4930/2519
f 2984/4931/2537 2983/4932/2536 2971/4900/2521
f 2973/4908/2527 2984/4933/2537 2972/4934/2523
f 2948/4935/1496 2973/4908/2527 2974/4907/2526
f 2948/4935/1496 2974/4907/2526 2975/4913/2528
f 2948/4935/1496 2975/4913/2528 2976/4912/2529
f 2948/4935/1496 2976/4912/2529 2977/4915/2530
f 2948/4935/1496 2977/4915/2530 2978/4920/2531
f 2948/4935/1496 2978/4920/2531 2979/4919/2532
f 2948/4935/1496 2979/4919/2532 2980/4922/2533
f 2948/4935/1496 2980/4922/2533 2981/4927/2534
f 2948/4935/1496 2981/4927/2534 2982/4926/2535
f 2948/4935/1496 2982/4926/2535 2983/4929/2536
f 2948/4935/1496 2983/4929/2536 2984/4933/2537
f 2948/4935/1496 2984/4933/2537 2973/4908/2527
f 2999/4936/2538 2998/4937/2539 2986/4938/2540
f 3000/4939/2541 2999/4940/2538 2987/4941/2542
f 3001/4942/2543 3000/4939/2541 2988/4943/2544
f 3002/4944/2545 3001/4942/2543 2989/4945/2546
f 3003/4946/2547 3002/4947/2545 2990/4948/2548
f 3004/4949/2549 3003/4946/2547 2991/4950/2550
f 3005/4951/2551 3004/4949/2549 2992/4952/2552
f 3006/4953/2553 3005/4954/2551 2993/4955/2554
f 3007/4956/2555 3006/4953/2553 2994/4957/2556
f 3008/4958/2557 3007/4956/2555 2995/4959/2558
f 3009/4960/2559 3008/4961/2557 2996/4962/2560
f 2998/4937/2539 3009/4960/2559 2997/4963/2561
f 3011/4964/2562 3010/4965/2563 2998/4966/2539
f 3012/4967/2564 3011/4964/2562 2999/4968/2538
f 3013/4969/2565 3012/4970/2564 3000/4939/2541
f 3014/4971/2566 3013/4972/2565 3001/4973/2543
f 3015/4974/2567 3014/4971/2566 3002/4975/2545
f 3016/4976/2568 3015/4977/2567 3003/4946/2547
f 3017/4978/2569 3016/4979/2568 3004/4980/2549
f 3018/4981/2570 3017/4978/2569 3005/4982/2551
f 3019/4983/2571 3018/4984/2570 3006/4953/2553
f 3020/4985/2572 3019/4986/2571 3007/4987/2555
f 3021/4988/2573 3020/4985/2572 3008/4989/2557
f 3010/4990/2563 3021/4991/2573 3009/4960/2559
f 2985/4992/661 3010/4965/2563 3011/4964/2562
f 2985/4992/661 3011/4964/2562 3012/4967/2564
f 2985/4992/661 3012/4967/2564 3013/4972/2565
f 2985/4992/661 3013/4972/2565 3014/4971/2566
f 2985/4992/661 3014/4971/2566 3015/4974/2567
f 2985/4992/661 3015/4974/2567 3016/4979/2568
f 2985/4992/661 3016/4979/2568 3017/4978/2569
f 2985/4992/661 3017/4978/2569 3018/4981/2570
f 2985/4992/661 3018/4981/2570 3019/4986/2571
f 2985/4992/661 3019/4986/2571 3020/4985/2572
f 2985/4992/661 3020/4985/2572 3021/4988/2573
f 2985/4992/661 3021/4988/2573 3010/4965/2563
f 3036/4993/2574 3035/4994/2575 3023/4995/2576
f 3037/4996/2577 3036/4997/2574 3024/4998/2578
f 3038/4999/2579 3037/4996/2577 3025/5000/2580
f 3039/5001/2581 3038/4999/2579 3026/5002/2582
f 3040/5003/2583 3039/5004/2581 3027/5005/2584
f 3041/5006/2585 3040/5003/2583 3028/5007/2586
f 3042/5008/2587 3041/5006/2585 3029/5009/2588
f 3043/5010/2589 3042/5011/2587 3030/5012/2590
f 3044/5013/2591 3043/5010/2589 3031/5014/2592
f 3045/5015/2593 3044/5013/2591 3032/5016/2594
f 3046/5017/2595 3045/5018/2593 3033/5019/2596
f 3035/4994/2575 3046/5017/2595 3034/5020/2597
f 3048/5021/2598 3047/5022/2599 3035/5023/2575
f 3049/5024/2600 3048/5021/2598 3036/5025/2574
f 3050/5026/2601 3049/5027/2600 3037/4996/2577
f 3051/5028/2602 3050/5029/2601 3038/5030/2579
f 3052/5031/2603 3051/5028/2602 3039/5032/2581
f 3053/5033/2604 3052/5034/2603 3040/5003/2583
f 3054/5035/2605 3053/5036/2604 3041/5037/2585
f 3055/5038/2606 3054/5035/2605 3042/5039/2587
f 3056/5040/2607 3055/5041/2606 3043/5010/2589
f 3057/5042/2608 3056/5043/2607 3044/5044/2591
f 3058/5045/2609 3057/5042/2608 3045/5046/2593
f 3047/5047/2599 3058/5048/2609 3046/5017/2595
f 3022/5049/661 3047/5022/2599 3048/5021/2598
f 3022/5049/661 3048/5021/2598 3049/5024/2600
f 3022/5049/661 3049/5024/2600 3050/5029/2601
f 3022/5049/661 3050/5029/2601 3051/5028/2602
f 3022/5049/661 3051/5028/2602 3052/5031/2603
f 3022/5049/661 3052/5031/2603 3053/5036/2604
f 3022/5049/661 3053/5036/2604 3054/5035/2605
f 3022/5049/661 3054/5035/2605 3055/5038/2606
f 3022/5049/661 3055/5038/2606 3056/5043/2607
f 3022/5049/661 3056/5043/2607 3057/5042/2608
f 3022/5049/661 3057/5042/2608 3058/5045/2609
f 3022/5049/661 3058/5045/2609 3047/5022/2599
f 3073/5050/2610 3072/5051/2611 3060/5052/2612
f 3074/5053/2613 3073/5050/2610 3061/5054/2614
f 3075/5055/2615 3074/5053/2613 3062/5056/2616
f 3076/5057/2617 3075/5058/2615 3063/5059/2618
f 3077/5060/2619 3076/5057/2617 3064/5061/2620
f 3078/5062/2621 3077/5060/2619 3065/5063/2622
f 3079/5064/2623 3078/5065/2621 3066/5066/2624
f 3080/5067/2625 3079/5064/2623 3067/5068/2626
f 3081/5069/2627 3080/5067/2625 3068/5070/2628
f 3082/5071/2629 3081/5072/2627 3069/5073/2630
f 3083/5074/2631 3082/5071/2629 3070/5075/2632
f 3072/5076/2611 3083/5074/2631 3071/5077/2633
f 3085/5078/2634 3084/5079/2635 3072/5080/2611
f 3086/5081/2636 3085/5082/2634 3073/5050/2610
f 3087/5083/2637 3086/5084/2636 3074/5085/2613
f 3088/5086/2638 3087/5083/2637 3075/5087/2615
f 3089/5088/2639 3088/5089/2638 3076/5057/2617
f 3090/5090/2640 3089/5091/2639 3077/5092/2619
f 3091/5093/2641 3090/5090/2640 3078/5094/2621
f 3092/5095/2642 3091/5096/2641 3079/5064/2623
f 3093/5097/2643 3092/5098/2642 3080/5099/2625
f 3094/5100/2644 3093/5097/2643 3081/5101/2627
f 3095/5102/2645 3094/5103/2644 3082/5071/2629
f 3084/5079/2635 3095/5104/2645 3083/5105/2631
f 3059/5106/661 3084/5079/2635 3085/5078/2634
f 3059/5106/661 3085/5078/2634 3086/5084/2636
f 3059/5106/661 3086/5084/2636 3087/5083/2637
f 3059/5106/661 3087/5083/2637 3088/5086/2638
f 3059/5106/661 3088/5086/2638 3089/5091/2639
f 3059/5106/661 3089/5091/2639 3090/5090/2640
f 3059/5106/661 3090/5090/2640 3091/5093/2641
f 3059/5106/661 3091/5093/2641 3092/5098/2642
f 3059/5106/661 3092/5098/2642 3093/5097/2643
f 3059/5106/661 3093/5097/2643 3094/5100/2644
f 3059/5106/661 3094/5100/2644 3095/5104/2645
f 3059/5106/661 3095/5104/2645 3084/5079/2635
f 3110/5107/2646 3109/5108/2647 3097/5109/2648
f 3111/5110/2649 3110/5107/2646 3098/5111/2650
f 3112/5112/2651 3111/5113/2649 3099/5114/2652
f 3113/5115/2653 3112/5112/2651 3100/5116/2654
f 3114/5117/2655 3113/5115/2653 3101/5118/2656
f 3115/5119/2657 3114/5120/2655 3102/5121/2658
f 3116/5122/2659 3115/5119/2657 3103/5123/2660
f 3117/5124/2661 3116/5122/2659 3104/5125/2662
f 3118/5126/2663 3117/5127/2661 3105/5128/2664
f 3119/5129/2665 3118/5126/2663 3106/5130/2666
f 3120/5131/2667 3119/5129/2665 3107/5132/2668
f 3109/5108/2647 3120/5133/2667 3108/5134/2669
f 3122/5135/2670 3121/5136/2671 3109/5108/2647
f 3123/5137/2672 3122/5138/2670 3110/5139/2646
f 3124/5140/2673 3123/5137/2672 3111/5141/2649
f 3125/5142/2674 3124/5143/2673 3112/5112/2651
f 3126/5144/2675 3125/5145/2674 3113/5146/2653
f 3127/5147/2676 3126/5144/2675 3114/5148/2655
f 3128/5149/2677 3127/5150/2676 3115/5119/2657
f 3129/5151/2678 3128/5152/2677 3116/5153/2659
f 3130/5154/2679 3129/5151/2678 3117/5155/2661
f 3131/5156/2680 3130/5157/2679 3118/5126/2663
f 3132/5158/2681 3131/5159/2680 3119/5160/2665
f 3121/5161/2671 3132/5158/2681 3120/5162/2667
f 3096/5163/661 3121/5161/2671 3122/5138/2670
f 3096/5163/661 3122/5138/2670 3123/5137/2672
f 3096/5163/661 3123/5137/2672 3124/5140/2673
f 3096/5163/661 3124/5140/2673 3125/5145/2674
f 3096/5163/661 3125/5145/2674 3126/5144/2675
f 3096/5163/661 3126/5144/2675 3127/5147/2676
f 3096/5163/661 3127/5147/2676 3128/5152/2677
f 3096/5163/661 3128/5152/2677 3129/5151/2678
f 3096/5163/661 3129/5151/2678 3130/5154/2679
f 3096/5163/661 3130/5154/2679 3131/5159/2680
f 3096/5163/661 3131/5159/2680 3132/5158/2681
f 3096/5163/661 3132/5158/2681 3121/5161/2671
f 3147/5164/2682 3146/5165/2683 3134/5166/2684
f 3148/5167/2685 3147/5164/2682 3135/5168/2686
f 3149/5169/2687 3148/5167/2685 3136/5170/2688
f 3150/5171/2689 3149/5172/2687 3137/5173/2690
f 3151/5174/2691 3150/5171/2689 3138/5175/2692
f 3152/5176/2693 3151/5174/2691 3139/5177/2694
f 3153/5178/2695 3152/5179/2693 3140/5180/2696
f 3154/5181/2697 3153/5178/2695 3141/5182/2698
f 3155/5183/2699 3154/5181/2697 3142/5184/2700
f 3156/5185/2701 3155/5186/2699 3143/5187/2702
f 3157/5188/2703 3156/5185/2701 3144/5189/2704
f 3146/5190/2683 3157/5188/2703 3145/5191/2705
f 3159/5192/2706 3158/5193/2707 3146/5194/2683
f 3160/5195/2708 3159/5196/2706 3147/5164/2682
f 3161/5197/2709 3160/5198/2708 3148/5199/2685
f 3162/5200/2710 3161/5197/2709 3149/5201/2687
f 3163/5202/2711 3162/5203/2710 3150/5171/2689
f 3164/5204/2712 3163/5205/2711 3151/5206/2691
f 3165/5207/2713 3164/5204/2712 3152/5208/2693
f 3166/5209/2714 3165/5210/2713 3153/5178/2695
f 3167/5211/2715 3166/5212/2714 3154/5213/2697
f 3168/5214/2716 3167/5211/2715 3155/5215/2699
f 3169/5216/2717 3168/5217/2716 3156/5185/2701
f 3158/5193/2707 3169/5218/2717 3157/5219/2703
f 3133/5220/661 3158/5193/2707 3159/5192/2706
f 3133/5220/661 3159/5192/2706 3160/5198/2708
f 3133/5220/661 3160/5198/2708 3161/5197/2709
f 3133/5220/661 3161/5197/2709 3162/5200/2710
f 3133/5220/661 3162/5200/2710 3163/5205/2711
f 3133/5220/661 3163/5205/2711 3164/5204/2712
f 3133/5220/661 3164/5204/2712 3165/5207/2713
f 3133/5220/661 3165/5207/2713 3166/5212/2714
f 3133/5220/661 3166/5212/2714 3167/5211/2715
f 3133/5220/661 3167/5211/2715 3168/5214/2716
f 3133/5220/661 3168/5214/2716 3169/5218/2717
f 3133/5220/661 3169/5218/2717 3158/5193/2707
f 2913/4829/2470 2925/4825/2466 2912/4827/2468
f 2914/5221/2472 2926/4828/2469 2913/4829/2470
f 2915/4834/2474 2927/4830/2471 2914/4832/2472
f 2916/4836/2476 2928/4833/2473 2915/4834/2474
f 2917/5222/2478 2929/4835/2475 2916/4836/2476
f 2918/4841/2480 2930/4837/2477 2917/4839/2478
f 2919/4843/2482 2931/4840/2479 2918/4841/2480
f 2920/4845/2484 2932/4842/2481 2919/4843/2482
f 2921/5223/2486 2933/4844/2483 2920/4845/2484
f 2922/4850/2488 2934/4846/2485 2921/4848/2486
f 2923/4851/2489 2935/4849/2487 2922/4850/2488
f 2912/4827/2468 2924/4826/2467 2923/4851/2489
f 2925/4825/2466 2937/4852/2490 2924/4826/2467
f 2926/4858/2469 2938/4854/2492 2925/4856/2466
f 2927/4860/2471 2939/4857/2493 2926/4858/2469
f 2928/4862/2473 2940/4859/2494 2927/4860/2471
f 2929/4864/2475 2941/4861/2495 2928/4862/2473
f 2930/5224/2477 2942/4863/2496 2929/4864/2475
f 2931/4840/2479 2943/4865/2497 2930/4837/2477
f 2932/4871/2481 2944/4867/2498 2931/4869/2479
f 2933/4873/2483 2945/4870/2499 2932/4871/2481
f 2934/4875/2485 2946/4872/2500 2933/4873/2483
f 2935/4877/2487 2947/4874/2501 2934/4875/2485
f 2924/5225/2467 2936/4876/2491 2935/4877/2487
f 2950/4883/2506 2962/4879/2502 2949/4881/2504
f 2951/4885/2508 2963/4882/2505 2950/4883/2506
f 2952/5226/2510 2964/4884/2507 2951/4885/2508
f 2953/4890/2512 2965/4886/2509 2952/4888/2510
f 2954/4892/2514 2966/4889/2511 2953/4890/2512
f 2955/5227/2516 2967/4891/2513 2954/4892/2514
f 2956/4897/2518 2968/4893/2515 2955/4895/2516
f 2957/4899/2520 2969/4896/2517 2956/4897/2518
f 2958/5228/2522 2970/4898/2519 2957/4899/2520
f 2959/4904/2524 2971/4900/2521 2958/4902/2522
f 2960/4906/2525 2972/4903/2523 2959/4904/2524
f 2949/5229/2504 2961/4905/2503 2960/4906/2525
f 2962/5230/2502 2974/4907/2526 2961/4909/2503
f 2963/4882/2505 2975/4910/2528 2962/4879/2502
f 2964/4916/2507 2976/4912/2529 2963/4914/2505
f 2965/5231/2509 2977/4915/2530 2964/4916/2507
f 2966/4889/2511 2978/4917/2531 2965/4886/2509
f 2967/4923/2513 2979/4919/2532 2966/4921/2511
f 2968/5232/2515 2980/4922/2533 2967/4923/2513
f 2969/4896/2517 2981/4924/2534 2968/4893/2515
f 2970/4930/2519 2982/4926/2535 2969/4928/2517
f 2971/5233/2521 2983/4929/2536 2970/4930/2519
f 2972/4903/2523 2984/4931/2537 2971/4900/2521
f 2961/4909/2503 2973/4908/2527 2972/4934/2523
f 2987/5234/2542 2999/4936/2538 2986/4938/2540
f 2988/4943/2544 3000/4939/2541 2987/4941/2542
f 2989/4945/2546 3001/4942/2543 2988/4943/2544
f 2990/5235/2548 3002/4944/2545 2989/4945/2546
f 2991/4950/2550 3003/4946/2547 2990/4948/2548
f 2992/4952/2552 3004/4949/2549 2991/4950/2550
f 2993/5236/2554 3005/4951/2551 2992/4952/2552
f 2994/4957/2556 3006/4953/2553 2993/4955/2554
f 2995/4959/2558 3007/4956/2555 2994/4957/2556
f 2996/5237/2560 3008/4958/2557 2995/4959/2558
f 2997/4963/2561 3009/4960/2559 2996/4962/2560
f 2986/4938/2540 2998/4937/2539 2997/4963/2561
f 2999/4968/2538 3011/4964/2562 2998/4966/2539
f 3000/5238/2541 3012/4967/2564 2999/4968/2538
f 3001/4942/2543 3013/4969/2565 3000/4939/2541
f 3002/4975/2545 3014/4971/2566 3001/4973/2543
f 3003/5239/2547 3015/4974/2567 3002/4975/2545
f 3004/4949/2549 3016/4976/2568 3003/4946/2547
f 3005/4982/2551 3017/4978/2569 3004/4980/2549
f 3006/5240/2553 3018/4981/2570 3005/4982/2551
f 3007/4956/2555 3019/4983/2571 3006/4953/2553
f 3008/4989/2557 3020/4985/2572 3007/4987/2555
f 3009/5241/2559 3021/4988/2573 3008/4989/2557
f 2998/4937/2539 3010/4990/2563 3009/4960/2559
f 3024/5242/2578 3036/4993/2574 3023/4995/2576
f 3025/5000/2580 3037/4996/2577 3024/4998/2578
f 3026/5002/2582 3038/4999/2579 3025/5000/2580
f 3027/5243/2584 3039/5001/2581 3026/5002/2582
f 3028/5007/2586 3040/5003/2583 3027/5005/2584
f 3029/5009/2588 3041/5006/2585 3028/5007/2586
f 3030/5244/2590 3042/5008/2587 3029/5009/2588
f 3031/5014/2592 3043/5010/2589 3030/5012/2590
f 3032/5016/2594 3044/5013/2591 3031/5014/2592
f 3033/5245/2596 3045/5015/2593 3032/5016/2594
f 3034/5020/2597 3046/5017/2595 3033/5019/2596
f 3023/4995/2576 3035/4994/2575 3034/5020/2597
f 3036/5025/2574 3048/5021/2598 3035/5023/2575
f 3037/5246/2577 3049/5024/2600 3036/5025/2574
f 3038/4999/2579 3050/5026/2601 3037/4996/2577
f 3039/5032/2581 3051/5028/2602 3038/5030/2579
f 3040/5247/2583 3052/5031/2603 3039/5032/2581
f 3041/5006/2585 3053/5033/2604 3040/5003/2583
f 3042/5039/2587 3054/5035/2605 3041/5037/2585
f 3043/5248/2589 3055/5038/2606 3042/5039/2587
f 3044/5013/2591 3056/5040/2607 3043/5010/2589
f 3045/5046/2593 3057/5042/2608 3044/5044/2591
f 3046/5249/2595 3058/5045/2609 3045/5046/2593
f 3035/4994/2575 3047/5047/2599 3046/5017/2595
f 3061/5054/2614 3073/5050/2610 3060/5052/2612
f 3062/5056/2616 3074/5053/2613 3061/5054/2614
f 3063/5250/2618 3075/5055/2615 3062/5056/2616
f 3064/5061/2620 3076/5057/2617 3063/5059/2618
f 3065/5063/2622 3077/5060/2619 3064/5061/2620
f 3066/5251/2624 3078/5062/2621 3065/5063/2622
f 3067/5068/2626 3079/5064/2623 3066/5066/2624
f 3068/5070/2628 3080/5067/2625 3067/5068/2626
f 3069/5252/2630 3081/5069/2627 3068/5070/2628
f 3070/5075/2632 3082/5071/2629 3069/5073/2630
f 3071/5077/2633 3083/5074/2631 3070/5075/2632
f 3060/5253/2612 3072/5076/2611 3071/5077/2633
f 3073/5254/2610 3085/5078/2634 3072/5080/2611
f 3074/5053/2613 3086/5081/2636 3073/5050/2610
f 3075/5087/2615 3087/5083/2637 3074/5085/2613
f 3076/5255/2617 3088/5086/2638 3075/5087/2615
f 3077/5060/2619 3089/5088/2639 3076/5057/2617
f 3078/5094/2621 3090/5090/2640 3077/5092/2619
f 3079/5256/2623 3091/5093/2641 3078/5094/2621
f 3080/5067/2625 3092/5095/2642 3079/5064/2623
f 3081/5101/2627 3093/5097/2643 3080/5099/2625
f 3082/5257/2629 3094/5100/2644 3081/5101/2627
f 3083/5074/2631 3095/5102/2645 3082/5071/2629
f 3072/5080/2611 3084/5079/2635 3083/5105/2631
f 3098/5111/2650 3110/5107/2646 3097/5109/2648
f 3099/5258/2652 3111/5110/2649 3098/5111/2650
f 3100/5116/2654 3112/5112/2651 3099/5114/2652
f 3101/5118/2656 3113/5115/2653 3100/5116/2654
f 3102/5259/2658 3114/5117/2655 3101/5118/2656
f 3103/5123/2660 3115/5119/2657 3102/5121/2658
f 3104/5125/2662 3116/5122/2659 3103/5123/2660
f 3105/5260/2664 3117/5124/2661 3104/5125/2662
f 3106/5130/2666 3118/5126/2663 3105/5128/2664
f 3107/5132/2668 3119/5129/2665 3106/5130/2666
f 3108/5261/2669 3120/5131/2667 3107/5132/2668
f 3097/5109/2648 3109/5108/2647 3108/5134/2669
f 3110/5107/2646 3122/5135/2670 3109/5108/2647
f 3111/5141/2649 3123/5137/2672 3110/5139/2646
f 3112/5262/2651 3124/5140/2673 3111/5141/2649
f 3113/5115/2653 3125/5142/2674 3112/5112/2651
f 3114/5148/2655 3126/5144/2675 3113/5146/2653
f 3115/5263/2657 3127/5147/2676 3114/5148/2655
f 3116/5122/2659 3128/5149/2677 3115/5119/2657
f 3117/5155/2661 3129/5151/2678 3116/5153/2659
f 3118/5264/2663 3130/5154/2679 3117/5155/2661
f 3119/5129/2665 3131/5156/2680 3118/5126/2663
f 3120/5162/2667 3132/5158/2681 3119/5160/2665
f 3109/5265/2647 3121/5161/2671 3120/5162/2667
f 3135/5168/2686 3147/5164/2682 3134/5166/2684
f 3136/5170/2688 3148/5167/2685 3135/5168/2686
f 3137/5266/2690 3149/5169/2687 3136/5170/2688
f 3138/5175/2692 3150/5171/2689 3137/5173/2690
f 3139/5177/2694 3151/5174/2691 3138/5175/2692
f 3140/5267/2696 3152/5176/2693 3139/5177/2694
f 3141/5182/2698 3153/5178/2695 3140/5180/2696
f 3142/5184/2700 3154/5181/2697 3141/5182/2698
f 3143/5268/2702 3155/5183/2699 3142/5184/2700
f 3144/5189/2704 3156/5185/2701 3143/5187/2702
f 3145/5191/2705 3157/5188/2703 3144/5189/2704
f 3134/5269/2684 3146/5190/2683 3145/5191/2705
f 3147/5270/2682 3159/5192/2706 3146/5194/2683
f 3148/5167/2685 3160/5195/2708 3147/5164/2682
f 3149/5201/2687 3161/5197/2709 3148/5199/2685
f 3150/5271/2689 3162/5200/2710 3149/5201/2687
f 3151/5174/2691 3163/5202/2711 3150/5171/2689
f 3152/5208/2693 3164/5204/2712 3151/5206/2691
f 3153/5272/2695 3165/5207/2713 3152/5208/2693
f 3154/5181/2697 3166/5209/2714 3153/5178/2695
f 3155/5215/2699 3167/5211/2715 3154/5213/2697
f 3156/5273/2701 3168/5214/2716 3155/5215/2699
f 3157/5188/2703 3169/5216/2717 3156/5185/2701
f 3146/5194/2683 3158/5193/2707 3157/5219/2703
