# Blender 5.0.1
# www.blender.org
mtllib Library2.mtl
g Library2.002_Library2.002
v 6.612357 4.552619 -6.282942
v 6.612357 4.552619 -6.276670
v 6.587596 4.535089 -6.282942
v 6.636678 4.534488 -6.282942
v 6.626952 4.505754 -6.282942
v 6.636680 4.534488 -6.276670
v 6.626952 4.505752 -6.276670
v 6.629281 4.532184 -6.270401
v 6.622474 4.512078 -6.270401
v 6.612041 4.526814 -6.270401
v 6.612262 4.544869 -6.270401
v 6.594938 4.532604 -6.270401
v 6.587596 4.535089 -6.276670
v 6.601250 4.512339 -6.270400
v 6.596619 4.506124 -6.276670
v 6.596619 4.506124 -6.282942
vn 0.5977 0.8018 -0.0001
vn -0.5778 0.8162 -0.0000
vn 0.9472 -0.3206 -0.0002
vn 0.2827 -0.3993 0.8721
vn 0.6697 -0.2267 0.7072
vn 0.4672 0.1455 0.8721
vn 0.4226 0.5669 0.7071
vn 0.0060 0.4893 0.8721
vn -0.0000 -0.0000 1.0000
vn -0.4635 0.1569 0.8721
vn -0.4086 0.5771 0.7071
vn -0.6751 -0.2103 0.7071
vn -0.2924 -0.3923 0.8721
vn -0.0086 -0.7070 0.7072
vn -0.9548 -0.2974 -0.0000
vn -0.0122 -0.9999 -0.0002
vt -0.598134 0.359823
vt -0.598134 0.372825
vt -0.600821 0.372825
vt -0.600822 0.359823
vt -0.598135 0.307816
vt -0.598135 0.320818
vt -0.600823 0.320818
vt -0.600823 0.307816
vt -0.598134 0.346822
vt -0.600822 0.346822
vt -0.604622 0.348774
vt -0.604622 0.357871
vt -0.604622 0.370873
vt -0.604622 0.361775
vt -0.604622 0.344870
vt -0.613274 0.347681
vt -0.610883 0.340321
vt -0.618621 0.340322
vt -0.613274 0.332962
vt -0.604623 0.309769
vt -0.604623 0.318866
vt -0.604623 0.322771
vt -0.600822 0.333820
vt -0.604623 0.331868
vt -0.604623 0.335773
vt -0.598135 0.333820
s 1
g off
g Library2.002_Material.002
usemtl Material.002
f 4/1/1 1/2/1 2/3/1 6/4/1
f 1/5/2 3/6/2 13/7/2 2/8/2
f 5/9/3 4/1/3 6/4/3 7/10/3
f 9/11/4 7/10/5 6/4/5 8/12/6
f 2/3/7 11/13/8 8/14/6 6/4/7
f 9/15/4 8/16/6 10/17/9
f 8/16/6 11/18/8 10/17/9
f 11/18/8 12/19/10 10/17/9
f 11/20/8 2/8/11 13/7/11 12/21/10
f 12/22/10 13/7/12 15/23/12 14/24/13
f 12/19/10 14/25/13 10/17/9
f 14/25/13 15/23/14 7/10/14 9/15/4
f 14/25/13 9/15/4 10/17/9
f 3/6/15 16/26/15 15/23/15 13/7/15
f 16/26/16 5/9/16 7/10/16 15/23/16
g Library2.003_Library2.003
v 6.374192 4.549273 -6.282942
v 6.374192 4.549273 -6.276670
v 6.349435 4.531743 -6.282942
v 6.398514 4.531142 -6.282942
v 6.388788 4.502407 -6.282942
v 6.398514 4.531142 -6.276670
v 6.388789 4.502407 -6.276670
v 6.391117 4.528838 -6.270401
v 6.384311 4.508731 -6.270401
v 6.373878 4.523468 -6.270401
v 6.374099 4.541523 -6.270401
v 6.356776 4.529257 -6.270401
v 6.349433 4.531743 -6.276670
v 6.363087 4.508993 -6.270401
v 6.358455 4.502779 -6.276670
v 6.358455 4.502779 -6.282942
vn 0.5977 0.8017 -0.0000
vn -0.5779 0.8161 -0.0001
vn 0.9472 -0.3206 -0.0001
vn 0.2827 -0.3993 0.8722
vn 0.6698 -0.2267 0.7071
vn 0.4672 0.1455 0.8721
vn 0.4226 0.5669 0.7071
vn 0.0061 0.4892 0.8722
vn -0.0000 -0.0000 1.0000
vn -0.4634 0.1569 0.8722
vn -0.4085 0.5770 0.7073
vn -0.6750 -0.2102 0.7072
vn -0.2924 -0.3923 0.8721
vn -0.0087 -0.7070 0.7072
vn -0.9548 -0.2974 -0.0001
vn -0.0123 -0.9999 0.0001
vt 0.401966 0.359815
vt 0.402036 0.372817
vt 0.399348 0.372831
vt 0.399278 0.359830
vt 0.401685 0.307810
vt 0.401755 0.320811
vt 0.399068 0.320826
vt 0.398998 0.307825
vt 0.401896 0.346814
vt 0.399208 0.346828
vt 0.395418 0.348801
vt 0.395467 0.357898
vt 0.395537 0.370899
vt 0.395488 0.361802
vt 0.395397 0.344897
vt 0.386761 0.347754
vt 0.389112 0.340382
vt 0.381374 0.340423
vt 0.386682 0.333035
vt 0.395208 0.309797
vt 0.395257 0.318894
vt 0.395278 0.322798
vt 0.399138 0.333827
vt 0.395327 0.331895
vt 0.395348 0.335800
vt 0.401825 0.333812
s 1
g off
g Library2.003_Material.002
usemtl Material.002
f 20/27/17 17/28/17 18/29/17 22/30/17
f 17/31/18 19/32/18 29/33/18 18/34/18
f 21/35/19 20/27/19 22/30/19 23/36/19
f 25/37/20 23/36/21 22/30/21 24/38/22
f 18/29/23 27/39/24 24/40/22 22/30/23
f 25/41/20 24/42/22 26/43/25
f 24/42/22 27/44/24 26/43/25
f 27/44/24 28/45/26 26/43/25
f 27/46/24 18/34/27 29/33/27 28/47/26
f 28/48/26 29/33/28 31/49/28 30/50/29
f 28/45/26 30/51/29 26/43/25
f 30/51/29 31/49/30 23/36/30 25/41/20
f 30/51/29 25/41/20 26/43/25
f 19/32/31 32/52/31 31/49/31 29/33/31
f 32/52/32 21/35/32 23/36/32 31/49/32
g Library2.009_Library2.009
v -2.091436 1.245367 -3.111493
v -1.782877 1.458175 -2.562254
v -1.982448 1.245367 -3.171030
v -2.401135 1.259307 -3.681672
v -2.180612 0.873487 -3.195006
v -2.341718 0.812461 -3.491076
v -2.067575 0.873487 -3.256634
v -2.058717 0.566404 -3.201541
v -2.244970 0.566404 -3.543823
v -2.016362 0.687993 -3.224634
v -1.831238 0.526655 -3.325563
v -2.017491 0.526655 -3.667845
v -1.832431 0.657791 -3.324913
v -1.173286 0.534705 -3.684278
v -1.359539 0.534705 -4.026560
v -1.174479 0.665841 -3.683627
v -1.360731 0.665841 -4.025910
v -2.018683 0.657791 -3.667195
v -2.202616 0.687993 -3.566915
v -2.198286 0.812462 -3.568404
v -2.292147 1.259307 -3.741208
v -2.296362 1.458175 -3.866292
v -2.445722 1.458175 -3.784553
v -2.254312 1.522900 -3.995967
v -1.633519 1.458175 -2.643994
v -1.502259 1.522900 -2.609168
v -1.824930 1.522900 -2.432580
v -1.502259 1.639567 -2.609168
v -1.824930 1.639567 -2.432580
v -2.254311 1.639567 -3.995967
v -1.572942 1.726461 -2.688762
v -1.853169 1.726461 -2.535403
v -2.226070 1.726461 -3.893145
v -2.506298 1.726461 -3.739785
v -2.576980 1.639567 -3.819379
v -2.576980 1.522900 -3.819379
vn -0.8778 0.0628 0.4750
vn -0.7921 -0.1347 0.5953
vn -0.3407 -0.8717 0.3522
vn -0.7121 -0.5862 0.3864
vn 0.1536 -0.9474 0.2808
vn 0.1940 -0.9147 0.3545
vn 0.4573 -0.2977 0.8380
vn -0.7775 -0.0669 0.6253
vn 0.4353 -0.1312 0.8907
vn -0.8730 -0.0647 0.4834
vn -0.8017 -0.3674 0.4714
vn 0.4432 0.0569 0.8946
vn 0.4168 0.0971 0.9038
vn -0.1332 -0.9884 0.0725
vn -0.0276 -0.9995 0.0150
vn 0.4787 -0.0000 0.8780
vn 0.0094 -0.9999 -0.0051
vn -0.4787 -0.0000 -0.8780
vn -0.4780 0.0010 -0.8784
vn -0.4776 0.0016 -0.8786
vn -0.4507 -0.3255 -0.8312
vn -0.4533 -0.3093 -0.8359
vn -0.4364 -0.4021 -0.8049
vn 0.8481 -0.2589 -0.4622
vn 0.6595 -0.6607 -0.3585
vn 0.5589 -0.7717 -0.3035
vn -0.3453 -0.6945 -0.6312
vn -0.3379 -0.7102 -0.6176
vn -0.4183 -0.4898 -0.7650
vn -0.2731 -0.8224 -0.4991
vn 0.8295 -0.3312 -0.4498
vn 0.8292 -0.3321 -0.4496
vn 0.2731 -0.8224 0.4991
vn 0.4801 -0.0000 0.8772
vn 0.4367 0.4152 0.7980
vn 0.4369 0.4143 0.7984
vn 0.8771 0.0668 -0.4756
vn 0.8771 0.0669 -0.4756
vn 0.3082 0.7667 0.5632
vn 0.8469 0.2682 -0.4592
vn -0.0000 1.0000 -0.0000
vn -0.4369 0.4143 -0.7984
vn -0.4367 0.4152 -0.7980
vn -0.3082 0.7667 -0.5632
vn -0.8771 0.0669 0.4756
vn -0.8771 0.0668 0.4756
vn -0.8469 0.2682 0.4592
vn -0.8292 -0.3321 0.4496
vn -0.8295 -0.3311 0.4498
vn -0.4801 -0.0000 -0.8772
vt 0.022367 0.228803
vt 0.025029 0.261421
vt 0.015797 0.295041
vt 0.009849 0.221853
vt 0.030439 0.265322
vt 0.024104 0.298133
vt 0.043867 0.249824
vt 0.046987 0.255125
vt 0.043858 0.233384
vt 0.184346 0.308241
vt 0.184346 0.287214
vt 0.197433 0.287214
vt 0.197433 0.308179
vt 0.184346 0.315465
vt 0.197433 0.315465
vt 0.210489 0.287214
vt 0.210489 0.308179
vt 0.210489 0.315465
vt 0.250632 0.287214
vt 0.250632 0.308179
vt 0.250632 0.315465
vt 0.210489 0.278687
vt 0.250632 0.278688
vt 0.197433 0.278687
vt 0.184346 0.278687
vt 0.022200 0.220921
vt 0.046037 0.225252
vt 0.080446 0.203771
vt 0.080059 0.243425
vt 0.069309 0.249099
vt 0.069299 0.178765
vt 0.012252 0.214069
vt 0.289379 0.339223
vt 0.289340 0.346673
vt 0.285224 0.350959
vt 0.285307 0.334863
vt 0.215224 0.321426
vt 0.274278 0.321014
vt 0.280073 0.325760
vt 0.211041 0.325670
vt 0.200729 0.346914
vt 0.200729 0.338557
vt 0.204636 0.334713
vt 0.204553 0.350809
vt 0.210455 0.334744
vt 0.210372 0.350839
vt 0.280066 0.331567
vt 0.211034 0.331478
vt 0.214990 0.335808
vt 0.214918 0.349786
vt 0.274942 0.335886
vt 0.274870 0.349864
vt 0.279487 0.334833
vt 0.279404 0.350929
vt 0.278826 0.354195
vt 0.209794 0.354105
vt 0.278819 0.360002
vt 0.209787 0.359912
vt 0.274279 0.364736
vt 0.215224 0.364315
s 1
g off
g Library2.009_Material.002
usemtl Material.002
f 36/53/33 33/54/34 34/55/35 55/56/36
f 33/54/34 35/57/37 57/58/38 34/55/35
f 35/57/39 33/54/34 37/59/40 39/60/41
f 33/54/34 36/53/33 38/61/42 37/59/40
f 37/62/40 38/63/42 41/64/43 40/65/43
f 39/66/41 37/62/40 40/65/44 42/67/45
f 40/65/46 41/64/46 44/68/47 43/69/47
f 42/67/45 40/65/44 43/69/48 45/70/48
f 43/69/47 44/68/47 47/71/49 46/72/49
f 45/70/48 43/69/48 46/72/48 48/73/48
f 44/68/50 50/74/50 49/75/50 47/71/50
f 41/64/51 51/76/52 50/74/50 44/68/50
f 38/63/53 52/77/54 51/76/52 41/64/51
f 36/53/55 53/78/55 52/79/54 38/61/53
f 35/80/56 53/81/56 54/82/57 57/83/58
f 55/56/59 54/84/60 53/78/61 36/53/61
f 54/85/60 55/86/59 68/87/62 56/88/62
f 57/89/58 54/90/57 56/91/63 58/92/64
f 34/93/35 57/94/38 58/95/65 59/96/65
f 59/96/66 58/95/66 60/97/67 61/98/68
f 58/92/64 56/91/63 62/99/69 60/100/70
f 61/98/68 60/97/67 63/101/71 64/102/71
f 60/100/70 62/99/69 65/103/72 63/101/72
f 64/102/73 63/101/73 65/103/73 66/104/73
f 62/105/74 67/106/75 66/104/76 65/103/76
f 67/107/77 61/108/78 64/102/79 66/104/79
f 68/109/80 59/110/81 61/108/78 67/107/77
f 56/88/82 68/87/82 67/106/75 62/105/74
f 55/111/36 34/112/35 59/110/81 68/109/80
g Library2.010_Library2.010
v -0.198274 1.259307 -3.992845
v -0.307262 1.259307 -3.933309
v 0.030270 1.458175 -3.554536
v -0.571984 1.259307 -4.680871
v -0.258384 0.812461 -4.183084
v -0.444636 0.812461 -4.525365
v -0.401123 0.812461 -4.106112
v -0.355132 0.566404 -4.130336
v -0.541385 0.566404 -4.472618
v -0.397486 0.687993 -4.107244
v -0.582610 0.526655 -4.006315
v -0.768863 0.526655 -4.348597
v -0.581419 0.657791 -4.006963
v -1.240562 0.534705 -3.647599
v -1.426815 0.534705 -3.989882
v -1.239370 0.665841 -3.648249
v -1.425623 0.665841 -3.990531
v -0.767672 0.657791 -4.349247
v -0.583739 0.687993 -4.449527
v -0.587112 0.812461 -4.448531
v -0.680974 1.259307 -4.621335
v -0.781931 1.458175 -4.695096
v -0.119088 1.458175 -3.472797
v -0.632573 1.458175 -4.776835
v -0.913192 1.522900 -4.729921
v -0.161140 1.522900 -3.343122
v -0.590521 1.522900 -4.906507
v -0.913192 1.639566 -4.729921
v -0.161140 1.639567 -3.343122
v -0.590521 1.639566 -4.906509
v -0.842508 1.726461 -4.650327
v -0.189380 1.726461 -3.445944
v -0.562282 1.726461 -4.803688
v 0.090847 1.726461 -3.599304
v 0.161530 1.639567 -3.519711
v 0.161530 1.522900 -3.519711
vn 0.4365 -0.4021 0.8048
vn 0.4534 -0.3090 0.8360
vn 0.9455 -0.0956 -0.3114
vn 0.9388 -0.1199 -0.3228
vn 0.5165 -0.8488 -0.1128
vn 0.2159 -0.8931 0.3947
vn 0.1791 -0.9277 0.3275
vn 0.8774 0.0573 -0.4764
vn 0.7127 -0.5853 -0.3866
vn 0.8780 -0.0349 -0.4773
vn 0.5375 -0.7909 -0.2925
vn 0.5377 -0.7907 -0.2926
vn 0.4776 0.0016 0.8786
vn 0.4780 0.0010 0.8784
vn 0.0276 -0.9995 -0.0150
vn 0.4787 -0.0000 0.8780
vn -0.0094 -0.9999 0.0051
vn -0.4787 -0.0000 -0.8780
vn -0.4780 -0.0010 -0.8784
vn -0.4776 -0.0016 -0.8786
vn -0.4505 -0.3275 -0.8305
vn -0.4531 -0.3112 -0.8354
vn -0.4362 -0.4035 -0.8043
vn -0.8483 -0.2616 0.4603
vn -0.5711 -0.7602 0.3097
vn -0.6611 -0.6590 0.3587
vn -0.3442 -0.6969 -0.6292
vn -0.4170 -0.4947 -0.7625
vn -0.3377 -0.7106 -0.6172
vn -0.8295 -0.3312 0.4498
vn -0.8292 -0.3321 0.4496
vn -0.2731 -0.8224 -0.4991
vn -0.8771 0.0668 0.4756
vn -0.8771 0.0669 0.4756
vn -0.4801 -0.0000 -0.8772
vn -0.4367 0.4152 -0.7980
vn -0.4369 0.4143 -0.7984
vn -0.8469 0.2682 0.4592
vn -0.3082 0.7666 -0.5632
vn -0.0000 1.0000 -0.0000
vn 0.8771 0.0668 -0.4756
vn 0.8469 0.2682 -0.4592
vn 0.8771 0.0669 -0.4756
vn 0.4367 0.4152 0.7980
vn 0.3082 0.7667 0.5632
vn 0.4369 0.4143 0.7984
vn 0.8295 -0.3312 -0.4498
vn 0.8292 -0.3321 -0.4496
vn 0.4801 -0.0000 0.8772
vn 0.2731 -0.8224 0.4991
vt 0.030316 0.160854
vt 0.046864 0.171051
vt 0.043745 0.176352
vt 0.024907 0.164755
vt 0.015674 0.131135
vt 0.023982 0.128043
vt 0.022244 0.197374
vt 0.009727 0.204323
vt 0.043736 0.192792
vt -0.815654 0.287214
vt -0.802567 0.287214
vt -0.802567 0.308241
vt -0.815654 0.308241
vt -0.815654 0.278687
vt -0.802567 0.278687
vt -0.789511 0.287214
vt -0.789511 0.308241
vt -0.789511 0.278687
vt -0.749368 0.287214
vt -0.749368 0.308242
vt -0.749368 0.278687
vt -0.749368 0.315465
vt -0.789511 0.315465
vt -0.802567 0.315465
vt -0.815654 0.315465
vt 0.045914 0.200924
vt 0.022368 0.205094
vt 0.056313 0.203771
vt 0.067459 0.178765
vt 0.067449 0.249099
vt 0.056700 0.243425
vt 0.012129 0.212108
vt -0.784776 0.364315
vt -0.790070 0.359992
vt -0.721038 0.360002
vt -0.725721 0.364736
vt -0.710531 0.346661
vt -0.714643 0.350952
vt -0.714578 0.334856
vt -0.710502 0.339211
vt -0.790069 0.354185
vt -0.721037 0.354195
vt -0.720462 0.350929
vt -0.720398 0.334833
vt -0.784950 0.349860
vt -0.724998 0.349869
vt -0.724942 0.335891
vt -0.784894 0.335882
vt -0.719823 0.331566
vt -0.788855 0.331556
vt -0.789430 0.334823
vt -0.789494 0.350918
vt -0.719823 0.325759
vt -0.788855 0.325748
vt -0.795250 0.334799
vt -0.795314 0.350895
vt -0.799361 0.339090
vt -0.799391 0.346540
vt -0.725722 0.321014
vt -0.784776 0.321426
s 1
g off
g Library2.010_Material.002
usemtl Material.002
f 70/113/83 75/114/84 73/115/85 69/116/86
f 69/116/86 71/117/87 91/118/88 70/113/89
f 72/119/90 92/120/91 71/117/87 69/116/86
f 69/116/86 73/115/85 74/121/92 72/119/90
f 73/122/85 76/123/93 77/124/94 74/125/92
f 75/126/84 78/127/95 76/123/96 73/122/85
f 76/123/93 79/128/97 80/129/97 77/124/94
f 78/127/95 81/130/98 79/128/98 76/123/96
f 79/128/97 82/131/99 83/132/99 80/129/97
f 81/130/98 84/133/98 82/131/98 79/128/98
f 80/129/100 83/132/100 85/134/100 86/135/100
f 77/124/101 80/129/100 86/135/100 87/136/102
f 74/125/103 77/124/101 87/136/102 88/137/104
f 72/119/105 74/121/103 88/138/104 89/139/105
f 70/140/106 91/141/107 90/142/108 89/143/106
f 92/120/109 72/119/110 89/139/110 90/144/111
f 91/145/107 94/146/112 93/147/113 90/148/108
f 90/149/111 93/150/114 95/151/114 92/152/109
f 94/146/112 97/153/115 96/154/116 93/147/113
f 93/150/117 96/155/118 98/156/119 95/151/117
f 97/153/115 100/157/120 99/158/120 96/154/116
f 96/155/118 99/158/121 101/159/121 98/156/119
f 102/160/122 101/159/122 99/158/122 100/157/122
f 98/161/123 101/159/124 102/160/124 103/162/125
f 103/163/126 102/160/127 100/157/127 97/164/128
f 95/165/129 98/161/123 103/162/125 104/166/130
f 104/167/131 103/163/126 97/164/128 94/168/131
f 71/169/87 104/167/132 94/168/132 91/170/88
f 92/171/91 95/165/129 104/166/130 71/172/87
g Library2.012_Library2.012
v 3.853137 1.946846 -3.547838
v 3.923819 1.377663 -3.958681
v 3.757132 1.957717 -3.579416
v 3.811703 2.054940 -3.384654
v 3.715696 2.065811 -3.416229
v 3.619692 2.076683 -3.447810
v 3.661126 1.968588 -3.610995
v 3.731807 1.399406 -4.021839
v 3.827814 1.388535 -3.990261
v 3.682766 0.784360 -4.084484
v 3.778771 0.773489 -4.052906
v 3.874777 0.762617 -4.021327
vn -0.3037 -0.6449 0.7014
vn -0.3038 -0.6448 0.7013
vn -0.3281 -0.3559 0.8750
vn -0.2551 -0.8347 0.4881
vn -0.3189 -0.0708 0.9451
vt -0.436271 0.129222
vt -0.432773 0.129222
vt -0.432773 0.149449
vt -0.436271 0.149449
vt -0.436271 0.123628
vt -0.432773 0.123628
vt -0.429274 0.129222
vt -0.429274 0.123628
vt -0.429274 0.149449
vt -0.429274 0.167395
vt -0.432773 0.167395
vt -0.436271 0.167395
s 1
g off
g Library2.012_Material.002
usemtl Material.002
f 105/173/133 107/174/134 113/175/135 106/176/135
f 107/174/134 105/173/133 108/177/136 109/178/136
f 111/179/133 107/174/134 109/178/136 110/180/136
f 107/174/134 111/179/133 112/181/135 113/175/135
f 113/175/135 112/181/135 114/182/137 115/183/137
f 106/176/135 113/175/135 115/183/137 116/184/137
g Library2.013_Library2.013
v -3.927618 6.952064 5.824821
v -6.616008 6.952064 5.824821
v -3.927618 6.952064 5.111660
v -6.616008 6.952064 5.111660
v -3.927618 7.074221 5.111660
v -3.927618 7.074221 5.824821
v -6.616008 7.074221 5.111660
v -6.616008 7.074221 5.824821
vn -0.0000 -1.0000 -0.0000
vn -0.0000 -0.0000 -1.0000
vn -0.0000 1.0000 -0.0000
vt -0.991588 0.011115
vt -0.969186 0.011115
vt -0.969186 0.076871
vt -0.991588 0.076871
vt -0.966138 0.011115
vt -0.966138 0.076871
vt -0.943858 0.076871
vt -0.943858 0.011115
s 1
g off
g Library2.013_Material.002
usemtl Material.002
f 118/185/138 120/186/138 119/187/138 117/188/138
f 119/187/139 120/186/139 123/189/139 121/190/139
f 122/191/140 121/190/140 123/189/140 124/192/140
g Library2.014_Library2.014
v -3.927618 6.090049 5.824821
v -6.512178 6.090049 5.824821
v -3.927618 6.090049 5.111660
v -6.512178 6.090049 5.111660
v -3.927618 6.212204 5.111660
v -3.927618 6.212204 5.824821
v -6.512178 6.212204 5.111660
v -6.512178 6.212204 5.824821
vn -0.0000 -1.0000 -0.0000
vn -0.0000 -0.0000 -1.0000
vn -0.0000 1.0000 -0.0000
vt -0.943798 0.076871
vt -0.966138 0.076871
vt -0.966138 0.011115
vt -0.943798 0.011115
vt -0.969246 0.076871
vt -0.969246 0.011115
vt -0.991588 0.011115
vt -0.991588 0.076871
s 1
g off
g Library2.014_Material.002
usemtl Material.002
f 126/193/141 128/194/141 127/195/141 125/196/141
f 127/195/142 128/194/142 131/197/142 129/198/142
f 130/199/143 129/198/143 131/197/143 132/200/143
g Library2.015_Library2.015
v -3.927620 5.169896 5.824821
v -6.512178 5.169896 5.824821
v -3.927620 5.169896 5.111660
v -6.512178 5.169896 5.111660
v -3.927620 5.292051 5.111660
v -3.927620 5.292051 5.824821
v -6.512178 5.292051 5.111660
v -6.512178 5.292051 5.824821
vn -0.0000 -1.0000 -0.0000
vn -0.0000 -0.0000 -1.0000
vn -0.0000 1.0000 -0.0000
vt -0.943798 0.076871
vt -0.966138 0.076871
vt -0.966138 0.011115
vt -0.943798 0.011115
vt -0.969246 0.076871
vt -0.969246 0.011115
vt -0.991588 0.011115
vt -0.991588 0.076871
s 1
g off
g Library2.015_Material.002
usemtl Material.002
f 134/201/144 136/202/144 135/203/144 133/204/144
f 135/203/145 136/202/145 139/205/145 137/206/145
f 138/207/146 137/206/146 139/205/146 140/208/146
g Library2.016_Library2.016
v -3.927618 4.253209 5.824821
v -6.512178 4.253209 5.824821
v -3.927618 4.253209 5.111660
v -6.512178 4.253209 5.111660
v -3.927618 4.375364 5.111660
v -3.927618 4.375364 5.824821
v -6.512178 4.375364 5.111660
v -6.512178 4.375364 5.824821
vn -0.0000 -1.0000 -0.0000
vn -0.0000 -0.0000 -1.0000
vn -0.0000 1.0000 -0.0000
vn -1.0000 -0.0000 -0.0000
vt -0.943798 0.076871
vt -0.966138 0.076871
vt -0.966138 0.011115
vt -0.943798 0.011115
vt -0.969246 0.076871
vt -0.969246 0.011115
vt -0.991588 0.011115
vt -0.991588 0.076871
vt 0.334976 0.080015
s 1
g off
g Library2.016_Material.002
usemtl Material.002
f 142/209/147 144/210/147 143/211/147 141/212/147
f 143/211/148 144/210/148 147/213/148 145/214/148
f 146/215/149 145/214/149 147/213/149 148/216/149
f 148/217/150 147/217/150 144/217/150 142/217/150
g Library2.017_Library2.017
v -3.927618 3.312321 5.824821
v -6.512178 3.312321 5.824821
v -3.927618 3.312321 5.111660
v -6.512178 3.312321 5.111660
v -3.927618 3.434478 5.111660
v -3.927618 3.434478 5.824821
v -6.512178 3.434478 5.111660
v -6.512178 3.434478 5.824821
vn -0.0000 -1.0000 -0.0000
vn -0.0000 -0.0000 -1.0000
vn -0.0000 1.0000 -0.0000
vn -1.0000 -0.0000 -0.0000
vt -0.991588 0.011115
vt -0.969246 0.011115
vt -0.969246 0.076871
vt -0.991588 0.076871
vt -0.966138 0.011115
vt -0.966138 0.076871
vt -0.943798 0.076871
vt -0.943798 0.011115
vt 0.334976 0.080015
s 1
g off
g Library2.017_Material.002
usemtl Material.002
f 150/218/151 152/219/151 151/220/151 149/221/151
f 151/220/152 152/219/152 155/222/152 153/223/152
f 154/224/153 153/223/153 155/222/153 156/225/153
f 156/226/154 155/226/154 152/226/154 150/226/154
g Library2.018_Library2.018
v -3.927618 2.395634 5.824821
v -6.512178 2.395634 5.824821
v -3.927618 2.395634 5.111661
v -6.512178 2.395634 5.111661
v -3.927618 2.517789 5.111661
v -3.927618 2.517789 5.824821
v -6.512178 2.517789 5.111661
v -6.512178 2.517789 5.824821
vn -0.0000 -1.0000 -0.0000
vn -0.0000 -0.0000 -1.0000
vn -0.0000 1.0000 -0.0000
vn -1.0000 -0.0000 -0.0000
vt -0.943798 0.076871
vt -0.966138 0.076871
vt -0.966138 0.011115
vt -0.943798 0.011115
vt -0.969246 0.076871
vt -0.969246 0.011115
vt -0.991588 0.011115
vt -0.991588 0.076871
vt 0.334976 0.080015
s 1
g off
g Library2.018_Material.002
usemtl Material.002
f 158/227/155 160/228/155 159/229/155 157/230/155
f 159/229/156 160/228/156 163/231/156 161/232/156
f 162/233/157 161/232/157 163/231/157 164/234/157
f 164/235/158 163/235/158 160/235/158 158/235/158
g Library2.019_Library2.019
v -6.629868 1.599314 4.993091
v -6.502377 1.599314 4.993091
v -6.629868 9.198482 4.993091
v -6.502375 9.198482 4.993091
v -6.502377 9.198482 5.906466
v -6.502377 1.599314 5.906466
v -3.946254 1.599314 5.906466
v -3.946254 9.208219 5.906466
v -3.946255 1.599314 4.993091
v -3.809114 1.599314 4.993091
v -3.946255 1.500553 5.009944
v -3.946254 9.208219 4.993091
v -3.809114 9.208219 4.993091
v -3.809115 9.208219 5.906466
v -3.809115 1.599314 5.906466
v -3.776079 1.538067 5.854622
v -3.776079 1.538067 4.965892
v -6.502377 1.500553 5.003800
vn -0.0000 -0.0000 -1.0000
vn 1.0000 -0.0000 -0.0000
vn -0.0000 1.0000 -0.0000
vn -1.0000 -0.0000 -0.0000
vn 0.0012 -0.1382 -0.9904
vn 1.0000 0.0026 -0.0000
vn 1.0000 0.0053 0.0001
vn 0.8801 0.4747 -0.0000
vt -0.884740 0.083585
vt -0.884740 0.080015
vt -0.666805 0.080015
vt -0.666805 0.083585
vt -0.884740 0.110078
vt -0.666805 0.110078
vt -0.969248 0.076871
vt -0.991588 0.076871
vt -0.991588 0.011115
vt -0.969248 0.011115
vt 0.333195 0.083585
vt 0.333195 0.110078
vt 0.115260 0.110078
vt 0.115260 0.083585
vt 0.333195 0.080015
vt 0.115260 0.080015
vt -0.966138 0.011115
vt -0.966138 0.076871
vt 0.333195 0.053457
vt 0.115260 0.053457
vt 0.334976 0.053457
vt 0.334976 0.080015
s 1
g off
g Library2.019_Material.002
usemtl Material.002
f 166/236/159 165/237/159 167/238/159 168/239/159
f 170/240/160 166/236/160 168/239/160 169/241/160
f 166/242/161 170/243/161 171/244/161 173/245/161
f 173/246/162 171/247/162 172/248/162 176/249/162
f 174/250/159 173/246/159 176/249/159 177/251/159
f 173/245/163 175/252/163 182/253/163 166/242/163
f 179/254/164 174/250/165 177/251/160 178/255/160
f 174/250/165 179/254/164 180/256/166 181/257/166
g Library2.020_Library2.020
v -3.927618 8.788030 5.833549
v -6.512178 8.788030 5.833549
v -3.927618 8.788030 5.120392
v -6.512178 8.788030 5.120392
v -3.927618 8.910186 5.120392
v -3.927618 8.910186 5.833549
v -6.512178 8.910186 5.120392
v -6.512178 8.910186 5.833549
vn -0.0000 -1.0000 -0.0000
vn -0.0000 -0.0000 -1.0000
vn -0.0000 1.0000 -0.0000
vt -0.943798 0.076871
vt -0.966138 0.076871
vt -0.966138 0.011115
vt -0.943798 0.011115
vt -0.969246 0.076871
vt -0.969246 0.011115
vt -0.991588 0.011115
vt -0.991588 0.076871
s 1
g off
g Library2.020_Material.002
usemtl Material.002
f 184/258/167 186/259/167 185/260/167 183/261/167
f 185/260/168 186/259/168 189/262/168 187/263/168
f 188/264/169 187/263/169 189/262/169 190/265/169
g Library2.021_Library2.021
v -3.910976 2.117966 5.060274
v -3.910976 10.090733 5.060273
v -3.788959 2.117966 5.032951
v -3.984187 2.117966 4.958911
v -3.915236 2.088503 5.071579
v -3.915236 1.974457 5.071579
v -3.996612 2.088500 4.958911
v -3.779613 2.088503 5.041207
v -3.779613 1.974455 5.041207
v -3.752007 2.088503 4.929210
v -3.752007 1.974456 4.929210
v -3.828499 2.088500 4.842871
v -3.764121 2.117966 4.932189
v -3.764121 10.090733 4.932188
v -3.832939 2.117966 4.854511
v -3.832939 10.090733 4.854510
v -3.935961 2.117966 4.867021
v -3.935961 10.090733 4.867020
v -3.943006 2.088503 4.856774
v -3.943006 1.974457 4.856774
v -3.828499 1.974455 4.842871
v -3.996612 1.974455 4.958911
v -3.929489 1.942337 4.876750
v -3.838807 1.942337 4.868515
v -3.972484 1.942337 4.958666
v -3.926620 1.760006 4.881024
v -3.950800 1.720816 4.844957
v -3.967369 1.760006 4.958666
v -3.839573 1.760006 4.870454
v -3.781427 1.760006 4.936089
v -3.823044 1.720816 4.829445
v -3.737703 1.720816 4.925775
v -3.821577 1.647227 4.825730
v -3.733788 1.647227 4.924824
v -3.952999 1.647227 4.841687
v -3.813360 1.590557 4.804363
v -3.711500 1.590451 4.919357
v -3.965878 1.590714 4.822866
v -3.802842 1.550160 4.776626
v -3.803134 1.521790 4.777368
v -3.982738 1.550336 4.798443
v -3.682706 1.550042 4.912259
v -3.726058 1.550084 5.088181
v -3.683487 1.521668 4.912449
v -3.726665 1.521713 5.087655
v -3.938845 1.521927 5.135198
v -3.939106 1.550294 5.135918
v -4.066189 1.522057 4.958911
v -3.982299 1.521971 4.799095
v -4.066971 1.550421 4.958911
v -4.037289 1.590792 4.958911
v -4.014523 1.647227 4.958911
v -3.928887 1.590676 5.108976
v -3.921127 1.647227 5.088221
v -3.748258 1.590489 5.068513
v -3.765471 1.647227 5.053363
v -3.768502 1.720816 5.050729
v -3.919817 1.720816 5.084615
v -3.802411 1.760006 5.021226
v -3.800829 1.942337 5.022602
v -3.905509 1.760006 5.044312
v -3.907055 1.942337 5.047479
v -3.779382 1.942337 4.935592
v -4.010609 1.720816 4.958911
v -3.984189 10.090733 4.958910
v -3.788959 10.090733 5.032950
vn -0.3546 -0.0000 0.9350
vn -0.9917 -0.0000 0.1282
vn 0.6573 -0.0000 0.7536
vn 0.2067 0.3243 0.9231
vn -0.7671 0.3235 0.5540
vn 0.2185 -0.0000 0.9758
vn -0.8107 -0.0000 0.5855
vn 0.9709 -0.0000 0.2393
vn 0.9091 0.3511 0.2241
vn 0.7485 -0.0000 -0.6631
vn 0.7009 0.3509 -0.6210
vn 0.9709 -0.0000 -0.2393
vn 0.3546 -0.0000 -0.9350
vn -0.5681 -0.0000 -0.8230
vn -0.1129 0.3503 -0.9298
vn -0.8295 0.3498 -0.4354
vn -0.1205 -0.0000 -0.9927
vn -0.8855 -0.0000 -0.4647
vn -0.0874 -0.5797 -0.8101
vn -0.7384 -0.5518 -0.3876
vn -0.5635 -0.0241 -0.8258
vn -0.5633 -0.0240 -0.8259
vn 0.4090 -0.1067 -0.9063
vn 0.3599 -0.0156 -0.9329
vn -0.9912 -0.0260 0.1299
vn -0.9914 -0.0260 0.1285
vn -0.6343 0.6977 -0.3329
vn -0.0857 0.7028 -0.7062
vn 0.9555 -0.1786 -0.2349
vn 0.9709 -0.0115 -0.2393
vn 0.5267 0.7105 -0.4666
vn 0.7341 0.1956 -0.6502
vn 0.7476 0.0483 -0.6623
vn 0.7341 0.1958 -0.6502
vn -0.1181 0.1948 -0.9737
vn -0.1204 0.0477 -0.9916
vn -0.1181 0.1950 -0.9737
vn 0.7048 0.3372 -0.6242
vn -0.1133 0.3366 -0.9348
vn 0.6279 0.5450 -0.5557
vn -0.1004 0.5453 -0.8322
vn -0.1204 -0.0247 -0.9924
vn 0.7483 -0.0250 -0.6628
vn 0.8142 0.5449 0.2005
vn 0.9706 -0.0252 0.2392
vn 0.2186 -0.0228 0.9756
vn -0.8104 -0.0223 0.5854
vn -0.8852 -0.0244 -0.4646
vn -0.7419 0.5455 -0.3898
vn -0.6962 0.5119 0.5033
vn -0.8339 0.3361 -0.4378
vn -0.8686 0.1942 -0.4559
vn -0.8685 0.1943 -0.4559
vn -0.7705 0.3104 0.5567
vn -0.7974 0.1797 0.5761
vn -0.7973 0.1804 0.5760
vn 0.2079 0.3112 0.9273
vn 0.2150 0.1814 0.9596
vn 0.2150 0.1804 0.9598
vn 0.1883 0.5116 0.8383
vn 0.9141 0.3373 0.2252
vn 0.9521 0.1959 0.2347
vn 0.2183 0.0439 0.9749
vn 0.9698 0.0485 0.2390
vn 0.1605 0.6785 0.7168
vn 0.6796 0.7142 0.1675
vn 0.6457 -0.1796 0.7422
vn 0.6579 -0.0132 0.7530
vn -0.2818 -0.1079 0.9534
vn -0.3512 -0.0192 0.9361
vn -0.6031 0.6682 0.4356
vn -0.6839 -0.5328 0.4983
vn 0.1830 -0.5698 0.8012
vn 0.5114 -0.6528 0.5588
vn 0.7313 -0.6585 -0.1778
vn 0.5932 -0.6099 -0.5255
vn -0.8099 0.0431 0.5850
vn -0.8845 0.0470 -0.4642
vt -0.404947 0.015708
vt -0.404953 0.019095
vt -0.620947 0.018759
vt -0.620942 0.015372
vt -0.404970 0.030341
vt -0.404975 0.033729
vt -0.620970 0.033392
vt -0.620965 0.030005
vt -0.625013 0.033865
vt -0.625013 0.030215
vt -0.624195 0.030407
vt -0.624195 0.033691
vt -0.625013 0.014448
vt -0.624195 0.014623
vt -0.624195 0.017907
vt -0.625013 0.018098
vt -0.628008 0.033865
vt -0.628008 0.030215
vt -0.628008 0.014448
vt -0.628008 0.018098
vt -0.628008 0.027186
vt -0.625013 0.027186
vt -0.624187 0.027338
vt -0.624187 0.030064
vt -0.628008 0.024157
vt -0.625013 0.024157
vt -0.624187 0.024308
vt -0.624187 0.027034
vt -0.404966 0.027530
vt -0.620960 0.027193
vt -0.404961 0.024718
vt -0.620956 0.024382
vt -0.404957 0.021907
vt -0.620951 0.021570
vt -0.625013 0.021127
vt -0.624187 0.021279
vt -0.624187 0.024004
vt -0.624187 0.018250
vt -0.624187 0.020975
vt -0.628008 0.021127
vt -0.629064 0.023807
vt -0.629023 0.021416
vt -0.629019 0.020828
vt -0.629019 0.018398
vt -0.635229 0.020935
vt -0.630133 0.021110
vt -0.630217 0.023861
vt -0.635290 0.023866
vt -0.635024 0.018115
vt -0.630039 0.018294
vt -0.636732 0.020959
vt -0.636459 0.017553
vt -0.636907 0.024007
vt -0.630179 0.027171
vt -0.635319 0.027352
vt -0.636813 0.027493
vt -0.638857 0.024007
vt -0.638816 0.027716
vt -0.638757 0.020689
vt -0.640498 0.024007
vt -0.640488 0.027845
vt -0.640375 0.020523
vt -0.641793 0.027887
vt -0.641800 0.024007
vt -0.641673 0.020409
vt -0.642569 0.024007
vt -0.642440 0.020370
vt -0.642562 0.027907
vt -0.641494 0.032069
vt -0.640178 0.031858
vt -0.642252 0.032154
vt -0.640963 0.036922
vt -0.640192 0.036790
vt -0.642043 0.016146
vt -0.640804 0.011820
vt -0.640032 0.011948
vt -0.641284 0.016247
vt -0.640008 0.016521
vt -0.638862 0.012695
vt -0.638400 0.016944
vt -0.637340 0.013523
vt -0.638562 0.031483
vt -0.637470 0.035206
vt -0.638927 0.036037
vt -0.636611 0.030922
vt -0.635599 0.034363
vt -0.635065 0.030688
vt -0.634550 0.033067
vt -0.630096 0.030737
vt -0.630060 0.033067
vt -0.634472 0.015732
vt -0.629979 0.015732
vt -0.635532 0.014347
vt -0.628998 0.017732
vt -0.629012 0.014835
vt -0.629027 0.033517
vt -0.629042 0.030652
vt -0.629078 0.029874
vt -0.629078 0.027521
vt -0.629073 0.026835
vt -0.629073 0.024481
s 1
g off
g Library2.021_Material.002
usemtl Material.002
f 192/266/170 255/267/171 194/268/171 191/269/170
f 256/270/172 192/271/170 191/272/170 193/273/172
f 195/274/173 198/275/173 193/276/173 191/277/173
f 195/278/174 191/279/174 194/280/174 197/281/174
f 196/282/175 199/283/175 198/275/175 195/274/175
f 196/284/176 195/278/176 197/281/176 212/285/176
f 199/283/177 201/286/177 200/287/177 198/275/177
f 198/275/178 200/287/178 203/288/178 193/289/178
f 201/286/179 211/290/179 202/291/179 200/287/179
f 200/287/180 202/291/180 205/292/180 203/293/180
f 204/294/181 256/270/172 193/273/172 203/295/181
f 206/296/182 204/294/181 203/295/181 205/297/182
f 208/298/183 206/296/182 205/297/182 207/299/183
f 202/291/184 209/300/184 207/301/184 205/302/184
f 255/267/171 208/298/183 207/299/183 194/268/171
f 209/300/185 197/281/185 194/303/185 207/304/185
f 211/290/186 210/305/186 209/300/186 202/291/186
f 210/305/187 212/285/187 197/281/187 209/300/187
f 211/290/188 214/306/188 213/307/188 210/305/188
f 210/305/189 213/308/189 215/309/189 212/285/189
f 216/310/190 213/311/191 214/312/192 219/313/193
f 218/314/194 215/315/195 213/311/191 216/310/190
f 217/316/196 254/317/196 218/314/196 216/310/196
f 221/318/197 217/316/197 216/310/197 219/313/197
f 219/313/193 214/312/192 253/319/198 220/320/199
f 222/321/200 221/318/200 219/313/200 220/320/200
f 223/322/201 221/318/202 222/321/202 224/323/203
f 225/324/204 217/316/205 221/318/205 223/322/206
f 226/325/207 223/322/201 224/323/203 227/326/207
f 228/327/208 225/324/204 223/322/206 226/325/208
f 232/328/209 229/329/209 226/325/209 227/326/209
f 229/329/210 231/330/210 228/327/210 226/325/210
f 230/331/211 239/332/211 231/330/211 229/329/211
f 234/333/212 230/331/212 229/329/212 232/328/212
f 233/334/213 232/328/213 227/326/213 245/335/213
f 235/336/214 234/333/214 232/328/214 233/334/214
f 236/337/215 235/336/215 233/334/215 237/338/215
f 238/339/216 236/340/216 237/341/216 240/342/216
f 239/332/217 238/339/217 240/342/217 231/330/217
f 231/330/218 240/342/218 241/343/218 228/327/218
f 237/341/219 243/344/219 241/343/219 240/342/219
f 241/343/220 242/345/221 225/324/222 228/327/220
f 243/344/223 244/346/224 242/345/225 241/343/223
f 245/335/226 246/347/227 244/348/228 243/349/226
f 237/338/229 233/334/229 245/335/229 243/349/229
f 227/326/230 224/323/231 246/347/231 245/335/230
f 246/347/227 247/350/232 248/351/232 244/348/228
f 224/323/231 222/321/233 247/350/233 246/347/231
f 248/351/234 247/350/234 249/352/234 251/353/234
f 247/350/235 222/321/235 220/320/235 249/352/235
f 220/320/199 253/319/198 250/354/236 249/352/237
f 249/352/237 250/354/236 252/355/238 251/353/239
f 218/314/194 251/356/239 252/357/238 215/315/195
f 254/317/240 248/358/240 251/356/240 218/314/240
f 196/284/241 212/285/241 215/359/241 252/360/241
f 196/282/242 252/361/238 250/362/236 199/283/243
f 199/283/243 250/363/236 253/364/198 201/286/244
f 201/286/244 253/365/198 214/366/192 211/290/245
f 244/346/224 248/358/246 254/317/246 242/345/225
f 242/345/221 254/317/247 217/316/247 225/324/222
g Library2.022_Library2.022
v -6.121598 9.173046 5.083880
v -6.121598 9.173044 -4.879879
v -6.146766 8.965769 5.083879
v -6.219552 9.185835 5.083880
v -6.219552 9.185833 -4.879879
v -6.146766 8.965767 -4.879879
v -6.246272 8.965769 5.083879
v -6.246272 8.965767 -4.879879
vn 0.9494 0.3141 -0.0000
vn 0.9494 0.3141 0.0001
vn 0.1295 0.9916 -0.0000
vn 0.8569 -0.5155 -0.0000
vn -0.0000 -1.0000 -0.0000
vt 0.669216 0.097748
vt 0.903363 0.097748
vt 0.903363 0.100069
vt 0.669216 0.100069
vt 0.903363 0.092841
vt 0.669216 0.092841
vt 0.669216 0.090503
vt 0.903363 0.090502
s 1
g off
g Library2.022_Material.002
usemtl Material.002
f 257/367/248 258/368/249 261/369/250 260/370/250
f 262/371/251 258/368/249 257/367/248 259/372/251
f 263/373/252 264/374/252 262/371/251 259/372/251
g Library2.023_Library2.023
v 1.595078 -0.346760 -2.566526
v 1.585993 -0.199541 -2.562791
v 1.068787 -0.392079 -2.060617
v 1.993080 -0.332736 -2.151235
v 1.466790 -0.378056 -1.645326
v 1.983994 -0.185516 -2.147499
v 1.457704 -0.230836 -1.641589
v 1.059703 -0.244860 -2.056881
vn 0.7195 0.0620 -0.6917
vn -0.6917 -0.0244 -0.7218
vn 0.6917 0.0244 0.7218
vn -0.0616 0.9978 0.0253
vn -0.7195 -0.0620 0.6917
vt 0.110030 0.379525
vt 0.149741 0.379525
vt 0.149741 0.389709
vt 0.110030 0.389708
vt 0.099847 0.379525
vt 0.099847 0.329045
vt 0.110030 0.329045
vt 0.159925 0.379525
vt 0.149741 0.329045
vt 0.159925 0.329045
vt 0.110030 0.318862
vt 0.149742 0.318862
s 1
g off
g Library2.023_Material.002
usemtl Material.002
f 266/375/253 270/376/253 268/377/253 265/378/253
f 266/375/254 265/379/254 267/380/254 272/381/254
f 268/382/255 270/376/255 271/383/255 269/384/255
f 272/381/256 271/383/256 270/376/256 266/375/256
f 267/385/257 269/386/257 271/383/257 272/381/257
g Library2.024_Library2.024
v -3.490891 -0.411150 4.710775
v -3.493110 -0.263621 4.710338
v -3.491227 -0.408982 5.442198
v -2.915567 -0.402488 4.711018
v -2.915907 -0.400319 5.442439
v -2.917788 -0.254959 4.710580
v -2.918127 -0.252790 5.442000
v -3.493449 -0.261452 5.441759
vn 0.0005 -0.0030 -1.0000
vn -0.9999 -0.0151 -0.0004
vn 0.9999 0.0150 0.0004
vn -0.0151 0.9999 -0.0030
vn -0.0005 0.0030 1.0000
vt 0.109933 0.529478
vt 0.149311 0.529478
vt 0.149311 0.539576
vt 0.109933 0.539575
vt 0.099836 0.529478
vt 0.099836 0.479422
vt 0.109934 0.479422
vt 0.159408 0.529478
vt 0.149311 0.479422
vt 0.159408 0.479422
vt 0.109933 0.469325
vt 0.149311 0.469325
s 1
g off
g Library2.024_Material.002
usemtl Material.002
f 274/387/258 278/388/258 276/389/258 273/390/258
f 274/387/259 273/391/259 275/392/259 280/393/259
f 276/394/260 278/388/260 279/395/260 277/396/260
f 280/393/261 279/395/261 278/388/261 274/387/261
f 275/397/262 277/398/262 279/395/262 280/393/262
g Library2.025_Library2.025
v -3.926292 6.180018 4.865394
v -6.644044 6.180018 4.865394
v -3.926292 6.058149 4.949513
v -3.926292 6.278214 4.976233
v -3.926292 6.265426 5.028122
v -6.644044 6.278215 4.976233
v -6.644044 6.265427 5.028122
v -6.644044 6.058151 4.949513
v -3.926292 6.058149 5.002954
v -6.644044 6.058151 5.002954
vn -0.0000 0.1205 -0.9927
vn -0.0000 0.7485 -0.6631
vn -0.0000 -0.5681 -0.8230
vn -0.0000 0.9709 0.2393
vn -0.0000 -1.0000 -0.0000
vt -0.096139 0.079154
vt -0.096139 0.083691
vt -0.439586 0.083691
vt -0.439586 0.079154
vt -0.096139 0.074617
vt -0.439586 0.074617
vt -0.096139 0.085329
vt -0.439586 0.085329
vt -0.439586 0.072980
vt -0.096139 0.072980
s 1
g off
g Library2.025_Material.002
usemtl Material.002
f 282/399/263 286/400/264 284/401/264 281/402/263
f 288/403/265 282/399/263 281/402/263 283/404/265
f 284/401/266 286/400/266 287/405/266 285/406/266
f 289/407/267 290/408/267 288/403/267 283/404/267
g Library2.027_Library2.027
v -3.548289 -0.441909 6.125876
v -3.548287 0.926950 6.125876
v -2.895750 -0.441909 6.125876
v -3.548289 -0.441909 5.473339
v -2.895750 -0.441909 5.473339
v -3.548287 0.926949 5.473339
v -2.895750 0.926949 5.473339
v -3.491113 0.995580 5.530514
v -2.952924 0.995580 5.530514
v -3.491113 0.878157 5.530514
v -3.491113 0.995580 6.068705
v -2.952924 0.995580 6.068705
v -3.491113 0.878157 6.068705
v -3.222018 0.878157 5.799609
v -2.952924 0.878156 6.068705
v -2.952924 0.878157 5.530514
v -2.895750 0.926950 6.125876
vn -0.9997 0.0238 -0.0000
vn -1.0000 -0.0000 -0.0000
vn -0.0000 0.0237 0.9997
vn -0.0000 -0.0000 1.0000
vn -0.0000 0.0238 -0.9997
vn -0.0000 -0.0000 -1.0000
vn -0.7683 0.6401 -0.0000
vn -0.0000 0.6401 -0.7683
vn 1.0000 -0.0000 -0.0000
vn -0.0000 0.6400 0.7683
vn -0.0000 1.0000 -0.0000
vn 0.7683 0.6401 -0.0000
vn 0.9997 0.0238 -0.0000
vt -0.377624 0.204780
vt -0.334449 0.204780
vt -0.334449 0.222685
vt -0.377624 0.222685
vt 0.622376 0.204780
vt 0.665551 0.204780
vt 0.665551 0.222685
vt 0.622376 0.222685
vt -0.323736 0.246766
vt -0.327580 0.249260
vt -0.327576 0.220768
vt -0.323733 0.223263
vt -0.323683 0.246806
vt -0.327619 0.249288
vt -0.327630 0.220740
vt -0.323686 0.223220
vt 0.671402 0.249603
vt 0.667021 0.249583
vt 0.667088 0.222951
vt 0.671469 0.222970
vt -0.328598 0.249603
vt -0.332979 0.249583
vt -0.332912 0.222951
vt -0.328531 0.222970
vt -0.323673 0.246692
vt -0.327640 0.249187
vt -0.327639 0.220841
vt -0.323675 0.223336
vt 0.653015 0.236449
vt 0.665063 0.248843
vt 0.640267 0.248843
vt 0.640267 0.224048
vt 0.665063 0.224048
vt 0.676289 0.246747
vt 0.672394 0.249238
vt 0.672399 0.220790
vt 0.676293 0.223282
s 1
g off
g Library2.027_Material.002
usemtl Material.002
f 296/409/268 294/410/269 291/411/269 292/412/268
f 292/413/270 291/414/271 293/415/271 307/416/270
f 297/409/272 295/410/273 294/411/273 296/412/272
f 298/417/274 296/418/268 292/419/268 301/420/274
f 299/421/275 297/422/272 296/423/272 298/424/275
f 306/425/271 299/426/271 298/427/271 300/428/271
f 300/429/276 298/430/276 301/431/276 303/432/276
f 301/433/277 292/434/270 307/435/270 302/436/277
f 303/429/273 301/430/273 302/431/273 305/432/273
f 304/437/278 300/438/278 303/439/278
f 304/437/278 303/439/278 305/440/278
f 305/429/269 302/430/269 299/431/269 306/432/269
f 304/437/278 305/440/278 306/441/278
f 304/437/278 306/441/278 300/438/278
f 302/442/279 307/443/280 297/444/280 299/445/279
f 307/409/280 293/410/276 295/411/276 297/412/280
g Library2.028_Library2.028
v 5.013408 1.992527 -5.354402
v 4.585197 0.847671 -5.074641
v 5.094235 1.976863 -5.294787
v 5.148830 2.214345 -5.479728
v 5.229660 2.198678 -5.420116
v 5.310486 2.183017 -5.360498
v 5.175063 1.961200 -5.235172
v 4.746851 0.816342 -4.955410
v 4.666024 0.832006 -5.015026
v 4.526373 -0.401073 -4.976363
v 4.445545 -0.385408 -5.035978
v 4.364718 -0.369744 -5.095593
vn 0.4821 -0.4259 -0.7656
vn 0.4822 -0.4259 -0.7656
vn 0.5463 -0.2377 -0.8031
vn 0.5462 -0.2379 -0.8031
vn 0.3839 -0.6207 -0.6837
vn 0.3839 -0.6207 -0.6836
vn 0.3840 -0.6207 -0.6836
vn 0.5462 -0.2380 -0.8031
vn 0.5796 -0.0910 -0.8098
vt -0.436181 0.120171
vt -0.432773 0.120171
vt -0.432773 0.149021
vt -0.436181 0.149021
vt -0.436181 0.113532
vt -0.432773 0.113532
vt -0.429274 0.120171
vt -0.429274 0.113532
vt -0.429274 0.149021
vt -0.429274 0.177491
vt -0.432773 0.177491
vt -0.436181 0.177491
s 1
g off
g Library2.028_Material.002
usemtl Material.002
f 308/446/281 310/447/282 316/448/283 309/449/284
f 310/447/282 308/446/281 311/450/285 312/451/286
f 314/452/282 310/447/282 312/451/286 313/453/287
f 310/447/282 314/452/282 315/454/288 316/448/283
f 316/448/283 315/454/288 317/455/289 318/456/289
f 309/449/284 316/448/283 318/456/289 319/457/289
g Library2.029_Library2.029
v -6.644044 4.335145 -4.733182
v -3.926292 4.335145 -4.733182
v -6.644044 4.213276 -4.817306
v -6.644044 4.433342 -4.844026
v -3.926292 4.433342 -4.844026
v -6.644044 4.420551 -4.895915
v -3.926292 4.420553 -4.895915
v -3.926292 4.213278 -4.817306
v -6.644044 4.213276 -4.870747
v -3.926292 4.213278 -4.870747
vn -0.0000 0.1205 0.9927
vn -0.0000 0.7485 0.6631
vn -0.0000 -0.5681 0.8230
vn -0.0000 0.9709 -0.2393
vn -0.0000 -1.0000 -0.0000
vt -0.096139 0.079154
vt -0.096139 0.083691
vt -0.439586 0.083691
vt -0.439586 0.079154
vt -0.096139 0.074617
vt -0.439586 0.074617
vt -0.096139 0.085329
vt -0.439586 0.085329
vt -0.439586 0.072980
vt -0.096139 0.072980
s 1
g off
g Library2.029_Material.002
usemtl Material.002
f 321/458/290 324/459/291 323/460/291 320/461/290
f 327/462/292 321/458/290 320/461/290 322/463/292
f 323/460/293 324/459/293 326/464/293 325/465/293
f 328/466/294 329/467/294 327/462/294 322/463/294
g Library2.030_Library2.030
v -6.644044 7.931240 -4.733182
v -3.926292 7.931240 -4.733182
v -6.644044 7.809371 -4.817306
v -6.644044 8.029436 -4.844026
v -6.644044 8.016647 -4.895915
v -3.926292 8.029437 -4.844026
v -3.926292 8.016647 -4.895915
v -3.926292 7.809372 -4.817306
v -6.644044 7.809371 -4.870747
v -3.926292 7.809372 -4.870747
vn -0.0000 0.1205 0.9927
vn -0.0000 0.7485 0.6631
vn -0.0000 -0.5681 0.8230
vn -0.0000 0.9709 -0.2393
vn -0.0000 -1.0000 -0.0000
vt -0.096139 0.079154
vt -0.096139 0.083691
vt -0.439586 0.083691
vt -0.439586 0.079154
vt -0.096139 0.074617
vt -0.439586 0.074617
vt -0.096139 0.085329
vt -0.439586 0.085329
vt -0.439586 0.072980
vt -0.096139 0.072980
s 1
g off
g Library2.030_Material.002
usemtl Material.002
f 331/468/295 335/469/296 333/470/296 330/471/295
f 337/472/297 331/468/295 330/471/295 332/473/297
f 333/470/298 335/469/298 336/474/298 334/475/298
f 338/476/299 339/477/299 337/472/299 332/473/299
g Library2.031_Library2.031
v -3.151916 1.342754 6.056072
v -3.151916 0.761725 6.025763
v -3.274839 1.343490 6.009649
v -3.151916 1.845292 6.082289
v -3.274839 2.162438 6.028688
v -3.397763 1.845292 6.082289
v -3.397763 1.342754 6.056072
v -3.397763 0.761725 6.025763
v -3.274839 0.762459 5.979341
vn -0.3846 -0.0392 0.9222
vn -0.0000 -0.0426 0.9991
vn -0.0000 -0.0521 0.9986
vn -0.3531 -0.0487 0.9343
vn -0.4110 -0.0312 0.9111
vn -0.0000 -0.0342 0.9994
vn 0.3847 -0.0392 0.9222
vn 0.4110 -0.0312 0.9111
vn 0.3531 -0.0487 0.9343
vt -0.378333 0.235709
vt -0.379756 0.231266
vt -0.362090 0.231283
vt -0.362040 0.235698
vt -0.394625 0.235719
vt -0.405460 0.231296
vt -0.378484 0.226825
vt -0.394822 0.226780
vt -0.362146 0.226870
s 1
g off
g Library2.031_Material.002
usemtl Material.002
f 340/478/300 342/479/301 348/480/302 341/481/303
f 342/479/301 340/478/300 343/482/304 344/483/305
f 346/484/306 342/479/301 344/483/305 345/485/307
f 342/479/301 346/484/306 347/486/308 348/480/302
g Library2.032_Library2.032
v -3.041862 1.260484 5.876599
v -3.078361 0.851317 5.826647
v -3.104610 1.255716 5.945122
v -3.022615 1.613585 5.934975
v -3.120066 1.833987 5.968915
v -3.150459 1.607453 6.052490
v -3.106322 1.252077 6.037738
v -3.063136 0.842300 5.999501
v -3.103413 0.845468 5.915916
vn 0.6825 -0.0855 0.7259
vn 0.9151 -0.0106 0.4032
vn 0.9889 -0.0084 0.1484
vn 0.8731 -0.0840 0.4802
vn 0.4585 -0.0800 0.8851
vn 0.7989 -0.0116 0.6013
vn 0.9972 0.0615 0.0432
vn 0.9684 0.0517 0.2440
vn 0.9750 0.0701 -0.2107
vt -0.378333 0.235709
vt -0.379756 0.231266
vt -0.362090 0.231283
vt -0.362040 0.235698
vt -0.394626 0.235719
vt -0.405460 0.231296
vt -0.378484 0.226825
vt -0.394822 0.226780
vt -0.362146 0.226870
s 1
g off
g Library2.032_Material.002
usemtl Material.002
f 349/487/309 351/488/310 357/489/311 350/490/312
f 351/488/310 349/487/309 352/491/313 353/492/314
f 355/493/315 351/488/310 353/492/314 354/494/316
f 351/488/310 355/493/315 356/495/317 357/489/311
g Library2.033_Library2.033
v 1.203048 0.058331 -3.769574
v 1.271680 0.782504 -3.846021
v 1.651665 0.053845 -3.409308
v 1.720297 0.778018 -3.485755
v 1.743012 0.033153 -3.523315
v 1.294395 0.037638 -3.883581
v 1.811644 0.757325 -3.599761
v 1.363029 0.761811 -3.960028
vn -0.6191 0.1402 0.7727
vn 0.7797 -0.0078 0.6261
vn 0.6191 -0.1402 -0.7727
vn 0.0938 0.9901 -0.1045
vt 0.418840 0.093254
vt 0.418840 0.116442
vt 0.386391 0.116442
vt 0.386391 0.093254
vt 0.418840 0.122390
vt 0.386391 0.122390
vt 0.380445 0.093254
vt 0.380445 0.116442
vt 0.347996 0.116442
vt 0.347996 0.093254
s 1
g off
g Library2.033_Material.002
usemtl Material.002
f 358/496/318 360/497/318 361/498/318 359/499/318
f 360/497/319 362/500/319 364/501/319 361/498/319
f 365/502/320 364/503/320 362/504/320 363/505/320
f 359/499/321 361/498/321 364/503/321 365/502/321
g Library2.035_Library2.035
v -4.316260 2.071720 6.311121
v -4.316260 2.071720 6.512775
v -6.671315 2.071720 6.311121
v -4.316260 4.939198 6.311121
v -4.316260 4.939198 6.512774
v -6.671315 4.939198 6.311121
v -6.671315 4.939198 6.512774
v -6.671315 2.071720 6.512775
vn 0.0849 -0.0698 0.9939
vn 1.0000 -0.0000 -0.0000
vn 0.0849 0.0698 0.9939
vn -0.0849 -0.0698 0.9939
vn -0.0000 -1.0000 -0.0000
vn -0.0000 1.0000 -0.0000
vn -0.0849 0.0698 0.9939
vn -1.0000 -0.0000 -0.0000
vt 0.568324 0.361858
vt 0.561583 0.361858
vt 0.561583 0.265995
vt 0.568324 0.265995
vt 0.647057 0.361858
vt 0.647057 0.368600
vt 0.568324 0.368600
vt 0.568324 0.259253
vt 0.647057 0.259253
vt 0.647057 0.265995
vt 0.653798 0.361858
vt 0.653798 0.265995
s 1
g off
g Library2.035_Material.002
usemtl Material.002
f 367/506/322 366/507/323 369/508/323 370/509/324
f 367/506/322 373/510/325 368/511/326 366/512/326
f 369/513/327 371/514/327 372/515/328 370/509/324
f 368/516/329 373/510/325 372/515/328 371/517/329
f 370/509/324 372/515/328 373/510/325 367/506/322
g Library2.036_Library2.036
v -2.971073 1.347353 5.692109
v -3.032963 0.767452 5.640141
v -3.023932 1.339391 5.812403
v -2.927147 1.847561 5.762980
v -3.047532 2.157186 5.853558
v -3.044954 1.836321 5.978470
v -2.984095 1.334562 5.937279
v -2.933886 0.755731 5.864835
v -3.025869 0.758933 5.771120
vn 0.8806 -0.0721 0.4683
vn 0.9961 0.0058 0.0883
vn 0.9842 0.0086 -0.1767
vn 0.9823 -0.0681 0.1744
vn 0.7195 -0.0698 0.6910
vn 0.9497 0.0034 0.3132
vn 0.9571 0.0783 -0.2788
vn 0.9945 0.0686 -0.0794
vn 0.8546 0.0858 -0.5122
vt 0.621668 0.235709
vt 0.620244 0.231266
vt 0.637910 0.231283
vt 0.637960 0.235698
vt 0.605375 0.235719
vt 0.594540 0.231296
vt 0.621516 0.226825
vt 0.605178 0.226780
vt 0.637854 0.226870
s 1
g off
g Library2.036_Material.002
usemtl Material.002
f 374/518/330 376/519/331 382/520/332 375/521/333
f 376/519/331 374/518/330 377/522/334 378/523/335
f 380/524/336 376/519/331 378/523/335 379/525/337
f 376/519/331 380/524/336 381/526/338 382/520/332
g Library2.037_Library2.037
v -3.465592 -0.116576 4.653639
v -3.468131 0.030948 4.653182
v -3.562059 -0.115976 5.378673
v -2.895317 -0.106527 4.729507
v -2.991783 -0.105927 5.454538
v -2.897857 0.040997 4.729047
v -2.994323 0.041596 5.454079
v -3.564597 0.031547 5.378212
vn 0.1319 -0.0008 -0.9913
vn -0.9911 -0.0175 -0.1319
vn 0.9911 0.0175 0.1319
vn -0.0172 0.9998 -0.0031
vn -0.1319 0.0008 0.9913
vt 0.046123 0.454765
vt 0.085834 0.454765
vt 0.085834 0.464948
vt 0.046123 0.464948
vt 0.035940 0.454765
vt 0.035940 0.404285
vt 0.046123 0.404285
vt 0.096018 0.454765
vt 0.085834 0.404285
vt 0.096018 0.404285
vt 0.046123 0.394102
vt 0.085835 0.394102
s 1
g off
g Library2.037_Material.002
usemtl Material.002
f 384/527/339 388/528/339 386/529/339 383/530/339
f 384/527/340 383/531/340 385/532/340 390/533/340
f 386/534/341 388/528/341 389/535/341 387/536/341
f 390/533/342 389/535/342 388/528/342 384/527/342
f 385/537/343 387/538/343 389/535/343 390/533/343
g Library2.038_Library2.038
v 1.479294 -0.016903 -5.274899
v 1.981987 -0.016903 -4.772205
v 1.479294 0.030447 -5.274899
v 0.945905 -0.016903 -4.741509
v 0.908961 -0.016903 -4.704564
v 1.448598 -0.016903 -4.238817
v 0.945905 0.030447 -4.741509
v 1.448598 0.030447 -4.238817
v 0.908961 0.030447 -4.704565
v 0.945905 0.809319 -4.741509
v 1.446241 0.809319 -4.254016
v 0.908961 0.809319 -4.704565
v 0.945905 0.856670 -4.741509
v 1.479294 0.809319 -5.274899
v 1.479294 0.856670 -5.274899
v 1.981987 0.809319 -4.772205
v 2.015396 0.809319 -4.738794
v 1.981987 0.030447 -4.772205
v 1.981987 0.856670 -4.772207
v 1.448598 0.856670 -4.238817
v 1.981987 1.679893 -4.772207
v 2.015396 0.856670 -4.738794
v 2.561374 0.856670 -4.192819
v 1.482009 0.856670 -4.205406
v 2.015398 1.679893 -4.738794
v 1.998693 1.727244 -4.755500
v 1.482009 1.679893 -4.205406
v 2.561374 1.679893 -4.192819
v 2.561374 1.727244 -4.192819
v 2.027985 1.679893 -3.659431
v 2.009514 1.727244 -3.640958
v 1.991041 1.679893 -3.622486
v 2.027986 0.856670 -3.659431
v 2.027985 0.809319 -3.659431
v 1.991041 0.856670 -3.622487
v 1.479294 0.856670 -3.110739
v 1.445065 0.856670 -4.168462
v 1.991041 0.809319 -3.622486
v 1.479294 0.809319 -3.110739
v 1.991041 0.030447 -3.622487
v 1.447423 0.809319 -4.153263
v 1.445065 0.030447 -4.168462
v 0.933318 0.809319 -3.656716
v 0.933318 0.030447 -3.656716
v 0.933318 0.856670 -3.656716
v 0.899907 0.809319 -3.690126
v 0.899907 0.856670 -3.690126
v 1.396455 0.809319 -4.204230
v 0.899907 0.030447 -3.690127
v 0.397214 0.809319 -4.192819
v 0.397214 0.856670 -4.192819
v 0.908961 0.856670 -4.704565
v 1.411655 0.856670 -4.201873
v 0.908961 1.679893 -4.704565
v 0.927433 1.727244 -4.723038
v 1.411655 1.679893 -4.201873
v 0.397214 1.679893 -4.192819
v 0.945905 1.679893 -4.741509
v 1.448598 1.679893 -4.238817
v 1.479294 1.679893 -5.274899
v 1.479294 1.727244 -5.274899
v 0.397214 1.727244 -4.192819
v 0.899907 1.679893 -3.690127
v 0.933318 1.679893 -3.656716
v 0.916613 1.727244 -3.673421
v 1.479294 1.727244 -3.110739
v 1.479294 1.679893 -3.110739
v 1.445065 1.679893 -4.168462
v 0.899908 -0.016903 -3.690126
v 1.411655 0.030447 -4.201873
v 0.397214 0.030447 -4.192819
v 0.397214 -0.016903 -4.192819
v 1.411654 -0.016903 -4.201873
v 0.933318 -0.016903 -3.656715
v 1.479294 -0.016903 -3.110739
v 1.445065 -0.016903 -4.168462
v 1.991041 -0.016903 -3.622485
v 1.482009 -0.016903 -4.205406
v 1.443969 -0.107490 -4.146639
v 1.503833 -0.107490 -4.206502
v 1.389831 -0.107490 -4.200777
v 1.952477 -0.249430 -3.637954
v 0.935446 -0.249430 -3.637953
v 1.443969 -0.277075 -4.146639
v 1.850994 -0.340609 -3.744056
v 1.037369 -0.340609 -3.744055
v 1.037369 -0.397836 -3.744055
v 0.938850 -0.397837 -3.641358
v 0.987251 -0.340609 -3.794173
v 0.881149 -0.249430 -3.692249
v 0.884553 -0.397837 -3.695653
v 1.389831 -0.277075 -4.200777
v 0.987251 -0.397836 -3.794173
v 0.987249 -0.340609 -4.607802
v 1.042668 -0.340609 -4.663221
v 0.881148 -0.397835 -4.709285
v 0.987249 -0.397835 -4.607802
v 0.881148 -0.249430 -4.709285
v 0.941186 -0.249430 -4.769323
v 0.941186 -0.397835 -4.769323
v 1.449694 -0.107490 -4.260640
v 1.449694 -0.277075 -4.260640
v 1.958216 -0.249430 -4.769326
v 1.958216 -0.397837 -4.769327
v 2.012513 -0.249430 -4.715031
v 1.856292 -0.340609 -4.663225
v 1.906412 -0.340609 -4.613105
v 1.856292 -0.397836 -4.663225
v 1.906412 -0.397836 -4.613106
v 2.012513 -0.397837 -4.715030
v 1.503833 -0.277075 -4.206502
v 1.906414 -0.340609 -3.799475
v 2.012516 -0.397835 -3.697993
v 1.906414 -0.397835 -3.799475
v 2.012516 -0.249430 -3.697993
v 1.850994 -0.397358 -3.744056
v 1.952476 -0.397835 -3.637954
v 1.042669 -0.397835 -4.663222
v 2.027986 -0.016903 -3.659431
v 2.015398 -0.016903 -4.738794
v 2.561374 -0.016903 -4.192819
v 2.015398 0.030447 -4.738794
v 1.482009 0.030447 -4.205406
v 2.561374 0.030447 -4.192819
v 2.027985 0.030447 -3.659431
v 1.497207 0.809319 -4.203049
v 1.479294 0.030447 -3.110739
v 2.561374 0.809319 -4.192819
vn -0.0000 -1.0000 -0.0000
vn 0.7071 -0.0000 -0.7071
vn -0.7071 -0.0000 -0.7071
vn 0.7025 -0.0059 -0.7116
vn -0.0000 1.0000 -0.0000
vn -0.7012 -0.0080 -0.7129
vn 0.7071 -0.0000 0.7071
vn -0.7071 -0.0000 0.7071
vn -0.7029 -0.0059 0.7113
vn 0.7010 -0.0080 0.7132
vn -0.7132 -0.0080 -0.7010
vn -0.7116 -0.0059 0.7025
vn -0.6961 0.1761 0.6961
vn 0.6980 0.1597 0.6980
vn 0.1369 0.9811 0.1369
vn -0.1369 0.9811 0.1369
vn -0.7078 -0.0119 0.7063
vn -0.7090 -0.0109 0.7051
vn -0.7068 -0.0127 0.7073
vn 0.7069 -0.0115 0.7073
vn 0.7088 -0.0099 0.7053
vn 0.7078 -0.0108 0.7064
vn 0.7215 0.0005 0.6924
vn 0.7216 -0.0000 0.6923
vn -0.7064 -0.0108 -0.7078
vn -0.6925 0.0007 -0.7214
vn -0.7053 -0.0099 -0.7088
vn -0.7064 -0.0108 -0.7077
vn -0.7073 -0.0115 -0.7069
vn -0.6923 -0.0000 -0.7216
vn -0.7073 -0.0127 0.7068
vn -0.7050 -0.0109 0.7091
vn -0.7063 -0.0119 0.7078
vn -0.6912 -0.0000 0.7227
vn -0.1369 0.9811 -0.1369
vn 0.7078 -0.0119 -0.7063
vn 0.7227 -0.0000 -0.6912
vn 0.7091 -0.0109 -0.7050
vn 0.7091 -0.0109 -0.7051
vn 0.7068 -0.0127 -0.7073
vn -0.7069 -0.0115 -0.7073
vn -0.7089 -0.0099 -0.7053
vn -0.7078 -0.0108 -0.7064
vn -0.6980 0.1597 -0.6980
vn 0.6961 0.1761 -0.6961
vn 0.1369 0.9811 -0.1369
vn -0.7212 -0.0000 -0.6928
vn 0.6928 -0.0000 0.7212
vn 0.7064 -0.0108 0.7078
vn 0.7053 -0.0099 0.7089
vn 0.7064 -0.0108 0.7077
vn 0.7073 -0.0115 0.7069
vn 0.7073 -0.0127 -0.7068
vn 0.7050 -0.0109 -0.7091
vn 0.7063 -0.0119 -0.7078
vn 0.6912 -0.0000 -0.7227
vn -0.7227 -0.0000 0.6912
vn -0.7091 -0.0109 0.7050
vn -0.7067 -0.0324 0.7067
vn 0.7129 -0.0080 0.7012
vn 0.7113 -0.0059 -0.7029
vt -0.047742 0.119092
vt -0.047742 0.081938
vt -0.011089 0.081938
vt -0.011089 0.119092
vt -0.047742 0.122619
vt -0.011089 0.122619
vt 0.837916 0.119092
vt 0.874323 0.119092
vt 0.874323 0.122619
vt 0.837916 0.122619
vt 0.877715 0.119092
vt 0.877715 0.122619
vt 0.912408 0.081938
vt 0.948769 0.081938
vt 0.948769 0.085347
vt 0.912408 0.085347
vt 0.937043 0.067510
vt 0.937085 0.016840
vt 0.981747 0.016840
vt 0.981747 0.067510
vt -0.011089 0.159037
vt -0.047742 0.159037
vt 0.933772 0.067510
vt 0.933730 0.016840
vt -0.087592 0.119092
vt -0.087592 0.081938
vt -0.051231 0.081938
vt -0.051231 0.119092
vt -0.051231 0.122619
vt -0.087592 0.122619
vt -0.122285 0.119092
vt -0.122285 0.122619
vt -0.125677 0.119092
vt -0.125677 0.122619
vt 0.655059 0.067503
vt 0.648596 0.067503
vt 0.648596 0.017694
vt 0.655059 0.017694
vt 0.601731 0.067503
vt 0.601731 0.017694
vt -0.398269 0.017694
vt -0.351404 0.017694
vt -0.351404 0.067503
vt -0.398269 0.067503
vt -0.087592 0.159037
vt -0.051231 0.159037
vt -0.344941 0.017694
vt -0.344941 0.067503
vt -0.162084 0.122619
vt -0.162084 0.119092
vt -0.300444 0.017694
vt -0.300444 0.067503
vt 0.990801 0.255694
vt 0.990801 0.257899
vt 0.988591 0.256797
vt 0.988590 0.219664
vt 0.990800 0.219664
vt 0.988589 0.181424
vt 0.988590 0.217454
vt 0.953391 0.217455
vt 0.953390 0.181425
vt 0.952172 0.219665
vt 0.950953 0.217455
vt -0.249918 0.017329
vt -0.249918 0.067503
vt -0.253133 0.067503
vt -0.253133 0.017329
vt -0.202705 0.017329
vt -0.202705 0.067504
vt 0.750082 0.067503
vt 0.746867 0.067503
vt 0.746867 0.017329
vt 0.750082 0.017329
vt 0.797490 0.067504
vt 0.797490 0.017329
vt 0.841832 0.067504
vt 0.841814 0.017329
vt 0.844744 0.017329
vt 0.844727 0.067504
vt 0.889068 0.016840
vt 0.889068 0.067510
vt -0.066241 0.016840
vt -0.066229 0.067510
vt -0.110932 0.067510
vt -0.110932 0.016840
vt -0.062944 0.016840
vt -0.062956 0.067510
vt 0.953393 0.293283
vt 0.950955 0.293284
vt 0.952174 0.291074
vt 0.917183 0.293284
vt 0.917183 0.291075
vt 0.950955 0.326457
vt 0.917184 0.326458
vt 0.988592 0.291073
vt 0.988592 0.293283
vt -0.018253 0.016840
vt -0.018253 0.067510
vt 0.988593 0.326457
vt 0.953393 0.326457
vt 0.990802 0.291073
vt 0.914974 0.291075
vt 0.914973 0.257901
vt 0.917182 0.256799
vt -0.155365 0.017329
vt -0.155371 0.067504
vt -0.158272 0.017329
vt -0.158267 0.067504
vt 0.914973 0.255696
vt 0.917181 0.219666
vt 0.914972 0.219666
vt 0.917181 0.217456
vt 0.917180 0.181426
vt 0.950952 0.181425
vt 0.912408 0.119092
vt 0.948769 0.119092
vt 0.948769 0.122619
vt 0.912408 0.122619
vt 0.952258 0.119092
vt 0.952258 0.122619
vt 0.948769 0.159037
vt 0.912408 0.159037
vt 0.952258 0.085347
vt 0.988911 0.119092
vt 0.988911 0.122619
vt 0.988911 0.085347
vt -0.091188 0.226621
vt -0.093508 0.227051
vt -0.095063 0.222665
vt -0.091304 0.221969
vt 0.952258 0.081938
vt 0.988911 0.081938
vt 0.907436 0.307814
vt 0.904848 0.308192
vt 0.903381 0.303766
vt 0.907574 0.303153
vt 0.898066 0.267461
vt 0.902270 0.266846
vt -0.101916 0.186620
vt -0.098146 0.185903
vt 0.893143 0.274573
vt 0.894905 0.303347
vt 0.894512 0.339370
vt 0.890316 0.331792
vt -0.106989 0.175562
vt -0.109845 0.182972
vt -0.109845 0.175563
vt -0.106989 0.172025
vt -0.109845 0.172026
vt -0.101916 0.182783
vt -0.106849 0.194110
vt -0.109845 0.186809
vt -0.103670 0.222637
vt -0.109845 0.194109
vt -0.102281 0.258664
vt -0.106906 0.251140
vt -0.106906 0.247411
vt -0.109840 0.251140
vt -0.109840 0.247411
vt -0.109840 0.258668
vt -0.101901 0.267469
vt -0.097697 0.266858
vt -0.092422 0.303163
vt -0.096614 0.303772
vt -0.102281 0.262912
vt -0.109840 0.262912
vt -0.106829 0.274576
vt -0.109318 0.267094
vt -0.105089 0.303347
vt -0.105509 0.339365
vt -0.109699 0.331784
vt -0.092563 0.307823
vt -0.095150 0.308200
vt 0.908812 0.226621
vt 0.906492 0.227051
vt 0.904936 0.222665
vt 0.908696 0.221969
vt 0.898084 0.186620
vt 0.901854 0.185903
vt 0.893011 0.175563
vt 0.898084 0.182918
vt 0.890155 0.182917
vt 0.890155 0.186755
vt 0.893011 0.172025
vt 0.890155 0.175562
vt 0.890155 0.172025
vt 0.893151 0.194110
vt 0.890155 0.194109
vt 0.896330 0.222637
vt 0.897719 0.258664
vt 0.893094 0.251140
vt 0.890160 0.258668
vt 0.890160 0.251140
vt 0.890160 0.247411
vt 0.893094 0.247411
vt 0.897719 0.262912
vt 0.890160 0.262912
vt 0.890648 0.267092
vt 0.890306 0.274432
vt -0.109689 0.274432
vt 0.699556 0.067503
vt 0.699556 0.017694
vt 0.988911 0.159037
vt 0.952258 0.159037
s 1
g off
g Library2.038_Material.002
usemtl Material.002
f 392/539/344 396/540/344 394/541/344 391/542/344
f 408/543/345 392/539/345 391/542/345 393/544/345
f 391/545/346 394/546/346 397/547/346 393/548/346
f 397/547/346 394/546/346 395/549/346 399/550/346
f 394/551/344 396/552/344 463/553/344 395/554/344
f 397/555/347 400/556/347 401/557/347 398/558/347
f 393/544/348 397/559/348 398/560/348 408/543/348
f 399/561/346 402/562/346 400/556/346 397/555/346
f 404/563/344 406/564/344 401/565/344 400/566/344
f 400/566/346 402/539/346 442/543/346 403/567/346
f 405/568/346 404/563/346 400/566/346 403/567/346
f 406/569/345 404/563/345 405/568/345 409/570/345
f 407/571/345 406/569/345 409/570/345 412/572/345
f 512/573/345 408/574/345 406/575/345 407/576/345
f 398/577/349 401/578/349 406/575/349 408/574/349
f 449/579/346 411/580/346 409/581/346 410/582/346
f 409/583/348 405/568/348 403/567/348 410/584/348
f 415/585/345 412/586/345 409/581/345 411/580/345
f 413/544/348 412/559/348 414/560/348 423/543/348
f 413/587/345 518/588/345 407/571/345 412/572/345
f 417/589/350 414/590/350 412/586/350 415/585/350
f 415/591/345 411/592/345 416/593/345
f 419/594/345 418/595/345 415/591/345 416/593/345
f 415/596/344 418/597/344 420/598/344 417/599/344
f 418/597/350 419/594/350 421/600/350 420/598/350
f 421/600/350 422/601/350 420/598/350
f 422/602/350 425/603/350 423/604/350 420/605/350
f 417/589/345 420/605/345 423/604/345 414/590/345
f 518/542/350 413/544/350 423/543/350 424/539/350
f 423/543/350 425/567/350 428/566/350 424/539/350
f 427/584/348 435/583/348 426/568/348 425/567/348
f 425/567/350 426/568/350 429/563/350 428/566/350
f 458/606/351 427/607/351 425/603/351 422/602/351
f 428/566/344 429/563/344 433/564/344 431/565/344
f 430/608/350 515/609/350 424/610/350 428/611/350
f 432/612/352 430/608/352 428/611/352 431/613/352
f 434/614/353 432/612/353 431/613/353 433/615/353
f 433/569/351 429/563/351 426/568/351 435/570/351
f 434/614/351 433/615/351 436/616/351 439/617/351
f 436/571/351 433/569/351 435/570/351 437/572/351
f 441/587/351 440/588/351 436/571/351 437/572/351
f 439/617/354 436/616/354 438/618/354 460/619/354
f 438/540/344 436/541/344 440/542/344 402/539/344
f 402/539/346 440/542/346 441/544/346 442/543/346
f 442/543/348 441/544/348 437/559/348 443/560/348
f 444/620/351 442/621/351 443/622/351 446/623/351
f 444/620/346 448/624/346 403/625/346 442/621/346
f 448/626/346 444/627/346 445/628/346
f 444/627/346 447/629/346 452/630/346 445/628/346
f 446/631/344 453/632/344 447/629/344 444/627/344
f 451/633/346 450/634/346 448/626/346 445/628/346
f 448/624/345 449/635/345 410/636/345 403/625/345
f 450/634/344 411/637/344 449/638/344 448/626/344
f 411/592/345 450/639/345 451/633/345 416/593/345
f 445/628/348 416/593/348 451/633/348
f 452/630/351 447/640/351 453/641/351 455/642/351
f 453/643/346 446/623/346 443/622/346 437/644/346
f 454/645/351 453/643/351 437/644/351 435/646/351
f 453/641/351 454/647/351 455/642/351
f 421/600/348 455/642/348 456/648/348
f 454/647/351 457/649/351 456/648/351 455/642/351
f 455/642/348 445/628/348 452/630/348
f 421/600/348 416/593/348 445/628/348 455/642/348
f 421/600/350 456/648/350 457/650/350 422/601/350
f 422/601/344 457/650/344 454/651/344 458/652/344
f 454/645/350 435/646/350 427/607/350 458/606/350
f 462/653/351 459/654/351 439/655/351 461/656/351
f 439/655/351 459/654/351 464/657/351 434/658/351
f 460/659/348 399/660/348 461/656/348 439/655/348
f 399/550/346 395/549/346 462/653/346 461/656/346
f 395/554/344 463/553/344 459/654/344 462/653/344
f 399/561/355 460/619/355 438/618/355 402/562/355
f 463/553/344 466/661/344 464/657/344 459/654/344
f 434/658/351 464/657/351 465/662/351 517/663/351
f 466/661/344 467/664/344 465/662/344 464/657/344
f 466/665/356 463/666/356 471/667/356 469/668/356
f 468/669/344 509/670/344 467/664/344 466/661/344
f 468/671/357 466/672/357 469/673/357 470/674/357
f 472/675/358 505/676/358 470/674/358 469/673/358
f 480/677/359 473/678/359 469/668/359 471/667/359
f 475/679/360 472/675/361 469/673/362 474/680/362
f 469/673/363 473/681/364 476/682/365 474/680/363
f 476/683/365 478/684/366 477/685/367
f 479/686/345 476/683/345 477/685/345 483/687/345
f 476/683/365 473/688/364 478/684/366
f 479/689/368 481/690/369 480/677/370
f 479/689/371 480/677/370 471/667/372 482/691/372
f 481/690/373 479/689/368 483/692/373
f 471/667/374 488/693/375 484/694/376 482/691/374
f 485/695/350 484/694/350 487/696/350 508/697/350
f 484/694/376 486/698/377 487/696/377
f 484/694/376 488/693/375 486/698/377
f 489/699/378 488/700/378 471/701/378 491/702/378
f 488/693/346 489/703/346 490/704/346 486/698/346
f 485/705/379 490/706/380 489/699/381
f 485/705/379 489/699/382 491/702/383 492/707/383
f 491/702/384 493/708/385 496/709/386 492/707/384
f 463/710/387 396/711/387 491/702/387 471/701/387
f 396/712/388 468/713/388 470/714/388 491/715/388
f 495/716/389 493/717/389 491/715/389 470/714/389
f 496/718/386 493/719/385 494/720/390
f 493/719/345 495/716/345 500/721/345 494/720/345
f 497/722/351 496/718/351 498/723/351 499/724/351
f 496/718/386 494/720/390 498/723/390
f 500/721/391 497/725/392 499/726/391
f 497/725/392 500/721/391 495/716/393
f 497/725/394 495/716/393 470/714/395 501/727/395
f 470/714/396 505/728/397 502/729/398 501/727/396
f 502/729/398 503/730/399 504/731/399
f 502/729/398 505/728/397 503/730/399
f 502/729/346 504/731/346 506/732/346 475/733/346
f 505/728/350 472/734/350 507/735/350 503/730/350
f 507/736/400 475/679/360 506/737/400
f 475/679/360 507/736/400 472/675/401
f 490/706/380 485/705/379 508/738/380
f 473/688/402 480/677/402 481/690/402 478/684/402
f 510/566/344 468/565/344 396/540/344 392/539/344
f 511/563/344 509/564/344 468/565/344 510/566/344
f 511/563/345 510/566/345 512/567/345 514/568/345
f 512/567/345 510/566/345 392/539/345 408/543/345
f 513/739/403 512/573/403 407/576/403 516/740/403
f 512/567/348 513/584/348 515/583/348 514/568/348
f 514/568/350 515/570/350 509/569/350 511/563/350
f 509/569/350 515/570/350 430/572/350 467/571/350
f 513/739/404 516/740/404 424/610/404 515/609/404
f 407/541/344 518/542/344 424/539/344 516/540/344
f 467/571/350 430/572/350 517/587/350 465/588/350
f 430/741/348 432/742/348 434/658/348 517/663/348
f 421/600/348 419/594/348 416/593/348
g Library2.039_Library2.039
v -6.505959 4.341576 4.862164
v -6.505959 4.341575 -4.758063
v -6.590080 4.219707 4.862164
v -6.616800 4.439772 4.862164
v -6.668689 4.426982 4.862164
v -6.616802 4.439771 -4.758063
v -6.668689 4.426980 -4.758063
v -6.590080 4.219707 -4.758063
v -6.643521 4.219707 4.862164
v -6.643521 4.219707 -4.758063
vn 0.9927 0.1205 -0.0000
vn 0.6631 0.7485 -0.0000
vn 0.8230 -0.5681 -0.0000
vn -0.2393 0.9709 -0.0000
vn -0.0000 -1.0000 -0.0000
vt -0.096139 0.079154
vt -0.096139 0.083691
vt -0.439586 0.083691
vt -0.439586 0.079154
vt -0.096139 0.074617
vt -0.439586 0.074617
vt -0.096139 0.085329
vt -0.439586 0.085329
vt -0.439586 0.072980
vt -0.096139 0.072980
s 1
g off
g Library2.039_Material.002
usemtl Material.002
f 520/743/405 524/744/406 522/745/406 519/746/405
f 526/747/407 520/743/405 519/746/405 521/748/407
f 522/745/408 524/744/408 525/749/408 523/750/408
f 527/751/409 528/752/409 526/747/409 521/748/409
g Library2.040_Library2.040
v 4.931459 2.459662 -5.145779
v 4.961012 2.323045 -5.513817
v 5.172142 2.479407 -4.850375
v 5.395487 2.175936 -5.168750
v 5.514896 2.416246 -4.695097
v 5.849739 2.256906 -4.827312
v 5.992881 2.074179 -5.217093
v 5.737849 1.893252 -5.639199
v 5.284335 2.126909 -5.764413
vn 0.4777 0.8090 -0.3427
vn 0.3851 0.8221 -0.4194
vn 0.3318 0.8780 -0.3450
vn 0.4684 0.8527 -0.2314
vn 0.2870 0.8231 -0.4900
vn 0.1862 0.8738 -0.4493
vn 0.1193 0.8999 -0.4195
vn 0.2958 0.9084 -0.2954
vn 0.4585 0.8746 -0.1575
vt -0.637129 0.374873
vt -0.659175 0.374783
vt -0.651988 0.347474
vt -0.621102 0.358732
vt -0.678409 0.364009
vt -0.684414 0.342070
vt -0.672007 0.318975
vt -0.642554 0.311628
vt -0.620533 0.332522
s 1
g off
g Library2.040_Material.002
usemtl Material.002
f 529/753/410 531/754/411 532/755/412 530/756/413
f 531/754/411 533/757/414 534/758/415 532/755/412
f 532/755/412 534/758/415 535/759/416 536/760/417
f 530/756/413 532/755/412 536/760/417 537/761/418
g Library2.041_Library2.041
v 1.045539 0.033723 -4.409657
v 1.045539 0.765147 -4.409657
v 0.638680 0.033723 -4.002798
v 0.638680 0.765147 -4.002798
v 0.743011 0.033723 -3.898467
v 0.743011 0.765147 -3.898465
v 1.149870 0.033723 -4.305326
v 1.149870 0.765147 -4.305326
vn -0.7071 -0.0000 -0.7071
vn -0.7071 -0.0000 0.7071
vn 0.7071 -0.0000 0.7071
vn -0.0000 1.0000 -0.0000
vt -0.581160 0.093254
vt -0.581160 0.116442
vt -0.613609 0.116442
vt -0.613609 0.093254
vt -0.581160 0.122390
vt -0.613609 0.122390
vt -0.619555 0.093254
vt -0.619555 0.116442
vt -0.652004 0.116442
vt -0.652004 0.093254
s 1
g off
g Library2.041_Material.002
usemtl Material.002
f 538/762/419 540/763/419 541/764/419 539/765/419
f 540/763/420 542/766/420 543/767/420 541/764/420
f 545/768/421 543/769/421 542/770/421 544/771/421
f 539/765/422 541/764/422 543/769/422 545/768/422
g Library2.042_Library2.042
v -6.629869 1.600876 -4.857573
v -6.629869 9.200045 -4.857574
v -6.517694 1.640018 -4.857573
v -3.946256 1.640018 -4.857573
v -6.517694 1.640018 -5.760236
v -6.502378 1.541257 -4.857573
v -6.517694 9.200045 -4.857574
v -6.517692 9.200045 -5.770948
v -3.946256 1.541257 -4.857573
v -3.946255 1.640018 -5.760236
v -3.946255 8.878706 -5.770946
v -3.946255 8.878706 -4.857574
v -3.809115 8.878706 -4.857574
v -3.809115 1.600876 -4.857573
v -3.809115 8.878706 -5.601549
v -3.809115 1.600875 -5.590839
v -3.776078 1.539616 -5.535217
v -3.776078 1.539616 -4.815883
vn -0.0000 -0.0000 1.0000
vn -0.0000 1.0000 -0.0000
vn 1.0000 -0.0000 -0.0000
vn -1.0000 -0.0000 -0.0000
vn 1.0000 0.0061 -0.0000
vn 1.0000 0.0027 -0.0000
vn 0.8802 0.4747 -0.0000
vt -0.884740 0.083585
vt -0.884740 0.080015
vt -0.666805 0.080015
vt -0.666805 0.083585
vt -0.969241 0.011115
vt -0.966138 0.011115
vt -0.966138 0.076871
vt -0.969241 0.076871
vt -0.991588 0.011115
vt -0.991588 0.076871
vt -0.884740 0.053457
vt -0.666805 0.053457
vt -0.666805 0.110078
vt -0.884740 0.110078
vt -0.664591 0.083585
vt -0.664591 0.110078
s 1
g off
g Library2.042_Material.002
usemtl Material.002
f 546/772/423 548/773/423 552/774/423 547/775/423
f 548/776/423 551/777/423 554/778/423 549/779/423
f 550/780/424 548/776/424 549/779/424 555/781/424
f 548/773/425 550/782/425 553/783/425 552/774/425
f 555/783/426 549/774/426 557/773/426 556/782/426
f 549/774/423 559/775/423 558/772/423 557/773/423
f 559/775/427 561/784/428 560/785/425 558/772/425
f 561/784/428 559/775/427 563/786/429 562/787/429
g Library2.043_Library2.043
v -3.927619 6.952592 -4.939219
v -6.616008 6.952592 -4.939219
v -3.927619 6.952592 -5.652379
v -3.927619 7.074750 -4.939219
v -6.616008 7.074750 -4.939219
v -3.927619 7.074750 -5.652379
v -6.616008 7.074750 -5.652379
v -6.616008 6.952592 -5.652379
vn -0.0000 -0.0000 1.0000
vn -0.0000 -1.0000 -0.0000
vn -0.0000 1.0000 -0.0000
vt -0.966138 0.011115
vt -0.966138 0.076871
vt -0.969186 0.076871
vt -0.969186 0.011115
vt -0.943858 0.011115
vt -0.943858 0.076871
vt -0.991588 0.076871
vt -0.991588 0.011115
s 1
g off
g Library2.043_Material.002
usemtl Material.002
f 565/788/430 564/789/430 567/790/430 568/791/430
f 565/788/431 571/792/431 566/793/431 564/789/431
f 567/790/432 569/794/432 570/795/432 568/791/432
g Library2.044_Library2.044
v -3.927619 6.106493 -4.939219
v -6.512180 6.106493 -4.939219
v -3.927619 6.106493 -5.652379
v -3.927619 6.228650 -4.939219
v -6.512180 6.228650 -4.939219
v -3.927619 6.228650 -5.652379
v -6.512180 6.228650 -5.652379
v -6.512180 6.106493 -5.652379
vn -0.0000 -0.0000 1.0000
vn -0.0000 -1.0000 -0.0000
vn -0.0000 1.0000 -0.0000
vt 0.033862 0.011115
vt 0.033862 0.076871
vt 0.030754 0.076871
vt 0.030754 0.011115
vt 0.056202 0.011115
vt 0.056202 0.076871
vt 0.008412 0.076871
vt 0.008412 0.011115
s 1
g off
g Library2.044_Material.002
usemtl Material.002
f 573/796/433 572/797/433 575/798/433 576/799/433
f 573/796/434 579/800/434 574/801/434 572/797/434
f 575/798/435 577/802/435 578/803/435 576/799/435
g Library2.045_Library2.045
v -3.927621 5.190344 -4.939219
v -6.512180 5.190344 -4.939219
v -3.927621 5.190344 -5.652379
v -3.927621 5.312500 -4.939219
v -6.512180 5.312500 -4.939219
v -3.927621 5.312500 -5.652379
v -6.512180 5.312500 -5.652379
v -6.512180 5.190344 -5.652379
vn -0.0000 -0.0000 1.0000
vn -0.0000 -1.0000 -0.0000
vn -0.0000 1.0000 -0.0000
vt -0.966138 0.011115
vt -0.966138 0.076871
vt -0.969246 0.076871
vt -0.969246 0.011115
vt -0.943798 0.011115
vt -0.943798 0.076871
vt -0.991588 0.076871
vt -0.991588 0.011115
s 1
g off
g Library2.045_Material.002
usemtl Material.002
f 581/804/436 580/805/436 583/806/436 584/807/436
f 581/804/437 587/808/437 582/809/437 580/805/437
f 583/806/438 585/810/438 586/811/438 584/807/438
g Library2.046_Library2.046
v -3.927619 4.262556 -4.939219
v -6.512180 4.262556 -4.939219
v -3.927619 4.262555 -5.652379
v -3.927619 4.384713 -4.939219
v -6.512180 4.384713 -4.939219
v -3.927619 4.384713 -5.652379
v -6.512180 4.384713 -5.652379
v -6.512180 4.262555 -5.652379
vn -0.0000 -0.0000 1.0000
vn -0.0000 -1.0000 -0.0000
vn -0.0000 1.0000 -0.0000
vt -0.969246 0.076871
vt -0.969246 0.011115
vt -0.966138 0.011115
vt -0.966138 0.076871
vt -0.991588 0.076871
vt -0.991588 0.011115
vt -0.943798 0.011115
vt -0.943798 0.076871
s 1
g off
g Library2.046_Material.002
usemtl Material.002
f 589/812/439 588/813/439 591/814/439 592/815/439
f 589/812/440 595/816/440 590/817/440 588/813/440
f 591/814/441 593/818/441 594/819/441 592/815/441
g Library2.047_Library2.047
v -3.927619 3.333265 -4.939219
v -6.512180 3.333265 -4.939219
v -3.927619 3.333265 -5.652378
v -3.927619 3.455420 -4.939219
v -6.512180 3.455420 -4.939219
v -3.927619 3.455420 -5.652378
v -6.512180 3.455420 -5.652378
v -6.512180 3.333265 -5.652378
vn -0.0000 -0.0000 1.0000
vn -0.0000 -1.0000 -0.0000
vn -0.0000 1.0000 -0.0000
vt -0.969246 0.076871
vt -0.969246 0.011115
vt -0.966138 0.011115
vt -0.966138 0.076871
vt -0.991588 0.076871
vt -0.991588 0.011115
vt -0.943798 0.011115
vt -0.943798 0.076871
s 1
g off
g Library2.047_Material.002
usemtl Material.002
f 597/820/442 596/821/442 599/822/442 600/823/442
f 597/820/443 603/824/443 598/825/443 596/821/443
f 599/822/444 601/826/444 602/827/444 600/823/444
g Library2.048_Library2.048
v -3.927619 2.397196 -4.939218
v -6.512180 2.397196 -4.939218
v -3.927619 2.397196 -5.652377
v -3.927619 2.519351 -4.939218
v -6.512180 2.519351 -4.939218
v -3.927619 2.519351 -5.652377
v -6.512180 2.519351 -5.652377
v -6.512180 2.397196 -5.652377
vn -0.0000 -0.0000 1.0000
vn -0.0000 -1.0000 -0.0000
vn -0.0000 1.0000 -0.0000
vt -0.966138 0.011115
vt -0.966138 0.076871
vt -0.969246 0.076871
vt -0.969246 0.011115
vt -0.943798 0.011115
vt -0.943798 0.076871
vt -0.991588 0.076871
vt -0.991588 0.011115
s 1
g off
g Library2.048_Material.002
usemtl Material.002
f 605/828/445 604/829/445 607/830/445 608/831/445
f 605/828/446 611/832/446 606/833/446 604/829/446
f 607/830/447 609/834/447 610/835/447 608/831/447
g Library2.049_Library2.049
v -3.927619 7.865355 -4.939219
v -6.512180 7.865355 -4.939219
v -3.927619 7.865355 -5.652379
v -3.927619 7.987512 -4.939219
v -6.512180 7.987512 -4.939219
v -3.927619 7.987512 -5.652379
v -6.512180 7.987512 -5.652379
v -6.512180 7.865355 -5.652379
vn -0.0000 -0.0000 1.0000
vn -0.0000 -1.0000 -0.0000
vn -0.0000 1.0000 -0.0000
vt -0.966138 0.011115
vt -0.966138 0.076871
vt -0.969246 0.076871
vt -0.969246 0.011115
vt -0.943798 0.011115
vt -0.943798 0.076871
vt -0.991588 0.076871
vt -0.991588 0.011115
s 1
g off
g Library2.049_Material.002
usemtl Material.002
f 613/836/448 612/837/448 615/838/448 616/839/448
f 613/836/449 619/840/449 614/841/449 612/837/449
f 615/838/450 617/842/450 618/843/450 616/839/450
g Library2.050_Library2.050
v 5.329263 2.813467 -3.277916
v 5.626786 2.588663 -3.151689
v 4.990730 2.911486 -3.131736
v 5.144363 2.541201 -2.844287
v 4.731222 2.895602 -2.852479
v 4.715814 2.713777 -2.503636
v 4.988728 2.440827 -2.265257
v 5.408689 2.154578 -2.398084
v 5.715007 2.341079 -2.781925
vn 0.3762 0.7040 0.6024
vn 0.4774 0.6956 0.5368
vn 0.4381 0.7677 0.4677
vn 0.2870 0.7742 0.5641
vn 0.5717 0.6771 0.4634
vn 0.5762 0.7346 0.3583
vn 0.5747 0.7663 0.2873
vn 0.4104 0.8090 0.4208
vn 0.2271 0.8140 0.5346
vt 0.362871 0.374873
vt 0.340825 0.374783
vt 0.348012 0.347474
vt 0.378898 0.358732
vt 0.321591 0.364009
vt 0.315586 0.342070
vt 0.327993 0.318975
vt 0.357446 0.311628
vt 0.379467 0.332522
s 1
g off
g Library2.050_Material.002
usemtl Material.002
f 620/844/451 622/845/452 623/846/453 621/847/454
f 622/845/452 624/848/455 625/849/456 623/846/453
f 623/846/453 625/849/456 626/850/457 627/851/458
f 621/847/454 623/846/453 627/851/458 628/852/459
g Library2.051_Library2.051
v 0.608393 -0.123390 -4.280685
v 0.608393 1.812081 -4.280686
v 0.684008 -0.123390 -4.356299
v 0.521142 -0.068726 -4.367936
v 0.521142 1.759728 -4.367936
v 0.596756 -0.068726 -4.443550
v 0.596756 1.759728 -4.443550
v 0.684008 1.812081 -4.356299
vn -0.7071 -0.0000 0.7071
vn 0.7071 -0.0000 0.7071
vn -0.2864 -0.9143 -0.2864
vn -0.7071 -0.0000 -0.7071
vn 0.7071 -0.0000 -0.7071
vn -0.2762 0.9206 -0.2762
vt -0.198213 0.159269
vt -0.200967 0.153050
vt -0.103416 0.153065
vt -0.106055 0.159284
vt -0.200966 0.147660
vt -0.103415 0.147675
vt -0.207769 0.153049
vt -0.207768 0.147659
vt -0.106052 0.136066
vt -0.106052 0.141456
vt -0.198210 0.141442
vt -0.198209 0.136052
vt -0.099296 0.136067
vt -0.099297 0.141458
s 1
g off
g Library2.051_Material.002
usemtl Material.002
f 632/853/460 629/854/460 630/855/460 633/856/460
f 629/854/461 631/857/461 636/858/461 630/855/461
f 632/859/462 634/860/462 631/857/462 629/854/462
f 633/861/463 635/862/463 634/863/463 632/864/463
f 631/857/464 634/863/464 635/862/464 636/858/464
f 630/865/465 636/866/465 635/862/465 633/861/465
g Library2.052_Library2.052
v -6.505959 7.027768 4.862164
v -6.505959 7.027766 -4.758063
v -6.590080 6.905900 4.862164
v -6.616800 7.125964 4.862164
v -6.668689 7.113174 4.862164
v -6.616802 7.125963 -4.758063
v -6.668689 7.113173 -4.758063
v -6.590080 6.905899 -4.758063
v -6.643521 6.905900 4.862164
v -6.643521 6.905899 -4.758063
vn 0.9927 0.1205 -0.0000
vn 0.6631 0.7485 -0.0000
vn 0.8230 -0.5681 -0.0000
vn -0.2393 0.9709 -0.0000
vn -0.0000 -1.0000 -0.0000
vt -0.096139 0.079154
vt -0.096139 0.083691
vt -0.439586 0.083691
vt -0.439586 0.079154
vt -0.096139 0.074617
vt -0.439586 0.074617
vt -0.096139 0.085329
vt -0.439586 0.085329
vt -0.439586 0.072980
vt -0.096139 0.072980
s 1
g off
g Library2.052_Material.002
usemtl Material.002
f 638/867/466 642/868/467 640/869/467 637/870/466
f 644/871/468 638/867/466 637/870/466 639/872/468
f 640/869/469 642/868/469 643/873/469 641/874/469
f 645/875/470 646/876/470 644/871/470 639/872/470
g Library2.053_Library2.053
v -4.316260 5.426856 6.311121
v -4.316260 5.426856 6.512774
v -6.671315 5.426856 6.311121
v -4.316260 8.294331 6.311121
v -4.316260 8.294332 6.512774
v -6.671315 8.294331 6.311121
v -6.671315 8.294332 6.512774
v -6.671315 5.426856 6.512774
vn 0.0849 -0.0698 0.9939
vn 1.0000 -0.0000 -0.0000
vn 0.0849 0.0698 0.9939
vn -0.0849 -0.0698 0.9939
vn -0.0000 -1.0000 -0.0000
vn -0.0000 1.0000 -0.0000
vn -0.0849 0.0698 0.9939
vn -1.0000 -0.0000 -0.0000
vt 0.471552 0.361858
vt 0.464810 0.361858
vt 0.464810 0.265995
vt 0.471552 0.265995
vt 0.550285 0.361858
vt 0.550285 0.368600
vt 0.471552 0.368600
vt 0.471552 0.259253
vt 0.550285 0.259253
vt 0.550285 0.265995
vt 0.557026 0.361858
vt 0.557026 0.265995
s 1
g off
g Library2.053_Material.002
usemtl Material.002
f 648/877/471 647/878/472 650/879/472 651/880/473
f 648/877/471 654/881/474 649/882/475 647/883/475
f 650/884/476 652/885/476 653/886/477 651/880/473
f 649/887/478 654/881/474 653/886/477 652/888/478
f 651/880/473 653/886/477 654/881/474 648/877/471
g Library2.054_Library2.054
v 1.395265 0.859139 -4.229964
v 0.871417 0.860148 -3.719511
v 1.391895 1.434497 -4.234561
v 0.868048 1.435506 -3.724107
v 1.288928 1.433050 -4.340228
v 0.765080 1.434059 -3.829774
v 1.292296 0.857692 -4.335632
v 0.768448 0.858701 -3.825178
vn 0.6979 0.0098 0.7162
vn -0.0059 1.0000 -0.0080
vn -0.6979 -0.0098 -0.7162
vn -0.7162 0.0014 0.6979
vt -0.581160 0.093254
vt -0.581160 0.116442
vt -0.613609 0.116442
vt -0.613609 0.093254
vt -0.581160 0.122390
vt -0.613609 0.122390
vt -0.619555 0.093254
vt -0.619555 0.116442
vt -0.652004 0.116442
vt -0.652004 0.093254
s 1
g off
g Library2.054_Material.002
usemtl Material.002
f 655/889/479 657/890/479 658/891/479 656/892/479
f 657/890/480 659/893/480 660/894/480 658/891/480
f 662/895/481 660/896/481 659/897/481 661/898/481
f 656/892/482 658/891/482 660/896/482 662/895/482
g Library2.055_Library2.055
v 1.668759 2.599314 -4.177320
v 1.022411 2.599314 -4.350511
v 1.684387 2.805593 -4.264129
v 1.722744 2.711556 -4.357097
v 1.749634 2.525298 -4.489853
v 1.746150 2.751362 -4.505339
v 1.103284 2.525297 -4.663041
v 1.737290 2.696496 -4.411387
v 1.738180 2.746391 -4.424990
v 1.798906 2.700318 -4.395937
v 1.784360 2.715378 -4.341648
v 1.799798 2.750214 -4.409540
v 1.785250 2.765276 -4.355250
v 1.723635 2.761452 -4.370699
v 1.114044 2.751361 -4.674712
v 1.074740 2.696496 -4.588917
v 1.080771 2.746392 -4.601141
v 1.013655 2.700318 -4.606345
v 1.060194 2.711556 -4.534627
v 1.066223 2.761452 -4.546852
v 0.999109 2.715378 -4.552055
v 1.005137 2.765276 -4.564281
v 1.019685 2.750214 -4.618571
v 1.052279 2.805593 -4.433501
v 1.229650 2.853565 -4.480175
v 1.266795 2.815109 -4.618798
v 1.548764 2.853565 -4.394670
v 1.585908 2.815109 -4.533293
vn -0.0578 -0.9747 0.2159
vn -0.2381 0.3920 0.8886
vn 0.9446 0.0761 0.3192
vn 0.9591 -0.0102 0.2830
vn 0.9582 -0.0049 0.2859
vn 0.9445 0.1859 0.2710
vn 0.9717 -0.0352 0.2337
vn 0.9764 -0.0267 0.2144
vn 0.9930 0.0499 0.1066
vn 0.9795 0.1692 0.1091
vn 0.2583 -0.0621 -0.9641
vn -0.0068 -0.9641 0.2656
vn 0.2500 -0.2588 -0.9330
vn 0.9681 0.0497 0.2456
vn 0.0068 0.9641 -0.2656
vn -0.2500 0.2588 0.9330
vn -0.9777 -0.0133 -0.2098
vn -0.9785 -0.0068 -0.2060
vn -0.9561 -0.0355 -0.2908
vn -0.9619 -0.0456 -0.2695
vn -0.8966 0.2001 -0.3951
vn -0.9127 0.0574 -0.4045
vn -0.1269 -0.9641 0.2334
vn -0.9829 0.0944 -0.1579
vn -0.9523 0.2230 -0.2083
vn -0.9612 0.0497 -0.2713
vn 0.1269 0.9641 -0.2334
vn -0.2984 0.9064 -0.2989
vn -0.1207 0.8846 0.4505
vn 0.0670 0.9659 -0.2500
vn 0.4046 0.9071 -0.1160
vn 0.2524 0.2214 -0.9420
vt 0.521286 0.208333
vt 0.562479 0.208332
vt 0.562876 0.225467
vt 0.520826 0.225529
vt 0.559542 0.235591
vt 0.524705 0.236838
vt 0.564465 0.236542
vt 0.562059 0.239587
vt 0.577128 0.237807
vt 0.567172 0.238831
vt 0.567729 0.245358
vt 0.565190 0.241221
vt 0.561970 0.196294
vt 0.521839 0.196284
vt -0.496671 0.217014
vt -0.496671 0.209281
vt -0.488307 0.209281
vt -0.488307 0.217014
vt -0.496671 0.202629
vt -0.488307 0.202629
vt -0.481581 0.195175
vt -0.481581 0.202629
vt -0.488307 0.195175
vt -0.496671 0.195175
vt -0.496671 0.223886
vt -0.488307 0.223887
vt 0.562353 0.250203
vt 0.562873 0.243795
vt 0.519698 0.237319
vt 0.517055 0.239698
vt 0.507092 0.238976
vt 0.519095 0.242038
vt 0.516659 0.246236
vt 0.503329 0.217014
vt 0.511693 0.217014
vt 0.511693 0.223887
vt 0.503329 0.223886
vt 0.503329 0.209281
vt 0.511693 0.209281
vt 0.522308 0.240665
vt 0.503329 0.202629
vt 0.511693 0.202629
vt 0.518419 0.202629
vt 0.511693 0.195175
vt 0.518419 0.195175
vt 0.503329 0.195175
vt 0.522452 0.251025
vt 0.521658 0.244809
vt 0.533435 0.240011
vt 0.533003 0.247811
vt 0.550900 0.239369
vt 0.551830 0.247347
s 1
g off
g Library2.055_Material.002
usemtl Material.002
f 669/899/483 667/900/483 663/901/483 664/902/483
f 663/901/484 665/903/484 686/904/484 664/902/484
f 665/903/485 663/901/486 666/905/487 676/906/488
f 663/901/486 667/907/489 670/908/490 666/905/487
f 667/907/489 668/909/491 671/910/492 670/908/490
f 668/911/493 667/900/493 669/899/493 677/912/493
f 666/913/494 670/914/494 672/915/494 673/916/494
f 670/914/495 671/917/495 674/918/495 672/915/495
f 673/919/496 672/920/496 674/918/496 675/921/496
f 671/917/497 676/922/497 675/921/497 674/918/497
f 676/923/498 666/913/498 673/916/498 675/924/498
f 668/925/491 665/903/485 676/906/488 671/926/492
f 664/902/499 681/927/500 678/928/501 669/929/502
f 669/929/502 678/928/501 679/930/503 677/931/504
f 678/932/495 680/933/495 685/934/495 679/935/495
f 681/936/505 683/937/505 680/933/505 678/932/505
f 686/904/506 682/938/507 681/927/500 664/902/499
f 682/939/498 684/940/498 683/937/498 681/936/498
f 683/941/508 684/940/508 685/942/508 680/943/508
f 679/944/509 685/942/509 684/940/509 682/939/509
f 677/945/504 679/946/503 682/938/507 686/904/506
f 687/947/510 688/948/510 677/945/510 686/904/510
f 665/903/511 689/949/511 687/947/511 686/904/511
f 689/949/512 690/950/512 688/948/512 687/947/512
f 689/949/513 665/903/513 668/925/513 690/950/513
f 690/950/514 668/925/514 677/945/514 688/948/514
g Library2.056_Library2.056
v 2.910461 1.105470 -3.352092
v 3.146526 -0.224936 -3.523602
v 3.746794 1.105470 -2.744460
v 2.591009 1.105470 -4.335261
v 3.020613 1.414454 -3.432122
v 3.788869 1.414454 -2.873952
v 2.727165 1.414454 -4.335261
v 3.117724 1.505603 -3.502678
v 3.825962 1.505603 -2.988113
v 3.182555 1.468927 -3.549782
v 2.847202 1.505603 -4.335261
v 3.117724 1.505603 -5.167844
v 2.927339 1.468927 -4.335261
v 3.182555 1.468927 -5.120740
v 2.927339 1.371379 -4.335261
v 3.182555 1.371379 -3.549782
v 3.182555 1.371379 -5.120740
v 4.263677 1.371379 -4.335261
v 3.850726 1.371379 -3.064328
v 4.676628 1.371379 -3.064330
v 5.344796 1.371379 -3.549782
v 5.600014 1.371379 -4.335261
v 5.344796 1.371379 -5.120740
v 4.676628 1.371379 -5.606194
v 3.850725 1.371379 -5.606194
v 3.850725 1.468927 -5.606194
v 4.676628 1.468927 -5.606194
v 3.825962 1.505602 -5.682409
v 4.701392 1.505602 -5.682409
v 3.788869 1.414454 -5.796571
v 3.020613 1.414454 -5.238400
v 3.746794 1.105469 -5.926062
v 4.738485 1.414454 -5.796571
v 4.780560 1.105469 -5.926060
v 5.506742 1.414454 -5.238400
v 5.616894 1.105469 -5.318429
v 5.800189 1.414454 -4.335261
v 5.409629 1.505603 -5.167844
v 5.680151 1.505603 -4.335261
v 5.344796 1.468927 -5.120739
v 5.600014 1.468927 -4.335261
v 5.344798 1.468927 -3.549782
v 4.676628 1.468927 -3.064329
v 5.409629 1.505603 -3.502678
v 4.701392 1.505603 -2.988113
v 5.506742 1.414454 -3.432124
v 5.616894 1.105470 -3.352093
v 4.738485 1.414454 -2.873952
v 4.780560 1.105470 -2.744460
v 4.690391 -0.224935 -3.021970
v 5.380830 -0.224936 -3.523603
v 4.710559 -0.270389 -2.959899
v 3.836963 -0.224935 -3.021970
v 3.816795 -0.270389 -2.959899
v 3.799979 -0.392506 -2.908145
v 3.093723 -0.270389 -3.485240
v 3.049699 -0.392506 -3.453255
v 2.817534 -0.270389 -4.335261
v 3.093723 -0.270389 -5.185281
v 2.763119 -0.392506 -4.335261
v 2.882801 -0.224936 -4.335261
v 3.146526 -0.224936 -5.146919
v 3.836963 -0.224936 -5.648551
v 2.910461 1.105469 -5.318429
v 4.690391 -0.224936 -5.648552
v 3.816794 -0.270389 -5.710623
v 4.710559 -0.270389 -5.710624
v 3.799978 -0.392506 -5.762377
v 4.727375 -0.392506 -5.762377
v 3.049699 -0.392506 -5.217267
v 5.477653 -0.392506 -5.217267
v 5.764235 -0.392506 -4.335261
v 5.433630 -0.270389 -5.185282
v 5.709818 -0.270389 -4.335261
v 5.380829 -0.224936 -5.146920
v 5.644553 -0.224936 -4.335261
v 5.936345 1.105470 -4.335261
v 5.433631 -0.270389 -3.485240
v 5.477655 -0.392506 -3.453256
v 4.727376 -0.392506 -2.908145
v 3.850726 1.468926 -3.064328
vn -0.9768 -0.2142 -0.0000
vn -0.7902 -0.2142 0.5741
vn -0.3018 -0.2142 0.9290
vn -0.7403 0.4032 0.5379
vn -0.2828 0.4032 0.8703
vn -0.2657 0.5105 0.8178
vn -0.6956 0.5105 0.5054
vn -0.9151 0.4032 -0.0000
vn -0.8599 0.5105 -0.0000
vn -0.1869 0.7964 0.5752
vn -0.4893 0.7964 0.3555
vn -0.6048 0.7964 -0.0000
vn 0.1286 0.9093 -0.3958
vn 0.3367 0.9093 -0.2446
vn 0.4162 0.9093 -0.0000
vn -0.6956 0.5105 -0.5054
vn -0.4893 0.7964 -0.3555
vn 0.3367 0.9093 0.2446
vn 0.9511 -0.0000 0.3090
vn 0.9511 -0.0000 -0.3090
vn 0.8090 -0.0000 -0.5878
vn -0.0000 1.0000 -0.0000
vn -0.0000 -0.0000 1.0000
vn 0.5878 -0.0000 0.8090
vn -0.1286 0.9093 0.3958
vn 0.1286 0.9093 0.3958
vn 0.2657 0.5105 -0.8178
vn -0.2657 0.5105 -0.8178
vn -0.1869 0.7964 -0.5752
vn 0.1869 0.7964 -0.5752
vn -0.2828 0.4032 -0.8703
vn -0.7403 0.4032 -0.5379
vn 0.2828 0.4032 -0.8703
vn 0.7403 0.4032 -0.5379
vn 0.6956 0.5105 -0.5054
vn 0.4893 0.7964 -0.3555
vn 0.9151 0.4032 -0.0000
vn 0.8599 0.5105 -0.0000
vn 0.6047 0.7964 -0.0000
vn -0.4162 0.9093 -0.0000
vn -0.3367 0.9093 0.2446
vn -0.8090 -0.0000 0.5878
vn -0.5878 -0.0000 0.8090
vn -1.0000 -0.0000 -0.0000
vn -0.8090 -0.0000 -0.5878
vn -0.3367 0.9093 -0.2446
vn -0.3090 -0.0000 -0.9511
vn -0.1286 0.9093 -0.3958
vn 0.2657 0.5105 0.8178
vn 0.6956 0.5105 0.5054
vn 0.4893 0.7964 0.3555
vn 0.1869 0.7964 0.5752
vn 0.7403 0.4032 0.5379
vn 0.2828 0.4032 0.8703
vn 0.3018 -0.2142 0.9290
vn 0.7902 -0.2142 0.5741
vn 0.4624 0.8206 0.3359
vn 0.1766 0.8206 0.5435
vn 0.2579 0.5510 0.7937
vn 0.6751 0.5510 0.4905
vn -0.1766 0.8206 0.5435
vn -0.2579 0.5510 0.7937
vn -0.4623 0.8206 0.3359
vn -0.6751 0.5510 0.4905
vn 0.2823 0.4070 0.8687
vn -0.2823 0.4070 0.8687
vn -0.7390 0.4070 0.5369
vn -0.8345 0.5510 -0.0000
vn -0.9134 0.4070 -0.0000
vn -0.5715 0.8206 -0.0000
vn -0.4623 0.8206 -0.3359
vn -0.6751 0.5510 -0.4905
vn -0.7390 0.4070 -0.5369
vn -0.7902 -0.2142 -0.5741
vn -0.1766 0.8206 -0.5435
vn -0.2579 0.5510 -0.7937
vn -0.3018 -0.2142 -0.9290
vn 0.1766 0.8206 -0.5435
vn 0.2579 0.5510 -0.7937
vn 0.3018 -0.2142 -0.9290
vn -0.2823 0.4070 -0.8687
vn 0.2823 0.4070 -0.8687
vn 0.6751 0.5510 -0.4905
vn 0.7390 0.4070 -0.5369
vn 0.8345 0.5510 -0.0000
vn 0.9134 0.4070 -0.0000
vn 0.4624 0.8206 -0.3359
vn 0.5715 0.8206 -0.0000
vn 0.9768 -0.2142 -0.0000
vn 0.7902 -0.2142 -0.5741
vn 0.7390 0.4070 0.5369
vn 0.3090 -0.0000 -0.9511
vt -0.423661 0.146222
vt -0.395769 0.146222
vt -0.395769 0.186499
vt -0.423661 0.186499
vt 0.576339 0.146222
vt 0.604231 0.146222
vt 0.604231 0.186499
vt 0.576339 0.186499
vt 0.604231 0.196428
vt 0.576339 0.196428
vt -0.395769 0.196428
vt -0.423661 0.196428
vt -0.424044 0.198050
vt -0.395759 0.198050
vt -0.397321 0.201774
vt -0.422939 0.201775
vt -0.397323 0.201774
vt -0.422937 0.201776
vt -0.398785 0.203917
vt -0.421666 0.203917
vt -0.398789 0.203916
vt -0.421672 0.203919
vt -0.422940 0.201775
vt -0.398792 0.203916
vt -0.397845 0.208232
vt -0.422308 0.208232
vt -0.422308 0.205319
vt -0.397845 0.205319
vt 0.608440 0.145040
vt 0.625141 0.150054
vt 0.608440 0.172830
vt -0.374859 0.195605
vt -0.391560 0.200619
vt -0.391560 0.172830
vt 0.635272 0.163637
vt 0.635272 0.182022
vt 0.625141 0.195605
vt 0.608440 0.200619
vt -0.391560 0.145040
vt -0.374859 0.150054
vt -0.364728 0.163638
vt -0.364728 0.182022
vt -0.421669 0.203918
vt -0.422938 0.201775
vt -0.421666 0.203918
vt -0.397321 0.201773
vt -0.422939 0.201776
vt -0.398795 0.203916
vt -0.421666 0.203919
vt -0.398785 0.203915
vt 0.602155 0.208231
vt 0.577692 0.208232
vt 0.577692 0.205319
vt 0.602155 0.205319
vt -0.422935 0.201776
vt -0.397326 0.201774
vt -0.398794 0.203915
vt 0.575956 0.198050
vt 0.604241 0.198050
vt 0.602677 0.201774
vt 0.577060 0.201775
vt -0.396209 0.144089
vt -0.423783 0.144089
vt -0.424550 0.140732
vt -0.395464 0.140732
vt 0.603791 0.144089
vt 0.576217 0.144089
vt 0.575450 0.140732
vt 0.604536 0.140732
vt -0.395436 0.137786
vt -0.424550 0.137785
vt 0.604564 0.137786
vt 0.575450 0.137785
vt 0.578334 0.203918
vt 0.601211 0.203916
vt -0.422308 0.205320
s 1
g off
g Library2.056_Material.002
usemtl Material.002
f 751/951/515 692/952/516 691/953/516 694/954/515
f 692/955/516 743/956/517 693/957/517 691/958/516
f 691/958/518 693/957/519 696/959/520 695/960/521
f 694/954/522 691/953/518 695/961/521 697/962/523
f 695/963/521 696/964/520 699/965/524 698/966/525
f 697/963/523 695/964/521 698/967/525 701/968/526
f 699/965/527 771/969/527 700/970/528 698/966/528
f 698/967/528 700/971/528 703/972/529 701/968/529
f 721/963/530 697/964/523 701/967/526 702/973/531
f 704/972/532 702/973/532 701/967/529 703/974/529
f 704/975/533 703/976/533 705/977/533 707/978/533
f 703/975/534 700/976/535 706/977/535 705/978/534
f 705/979/536 706/980/536 708/981/536
f 707/982/536 705/983/536 708/984/536
f 706/980/536 709/985/536 708/981/536
f 709/985/536 710/986/536 708/981/536
f 710/986/536 711/987/536 708/981/536
f 711/987/536 712/988/536 708/981/536
f 712/989/536 713/990/536 708/984/536
f 713/990/536 714/991/536 708/984/536
f 714/991/536 715/992/536 708/984/536
f 715/992/536 707/982/536 708/984/536
f 717/975/537 716/976/537 715/977/537 714/978/537
f 716/975/538 704/976/538 707/977/538 715/978/538
f 717/993/539 719/994/539 718/967/540 716/974/540
f 716/995/540 718/968/540 702/967/532 704/971/532
f 723/963/541 720/964/542 718/967/543 719/994/544
f 720/963/542 721/964/530 702/967/531 718/968/543
f 722/954/545 754/953/546 721/961/530 720/962/542
f 724/954/547 722/953/545 720/961/542 723/962/541
f 726/954/548 724/953/547 723/961/541 725/962/549
f 725/963/549 723/964/541 719/996/544 728/997/550
f 767/954/551 726/953/548 725/961/549 727/962/552
f 727/963/552 725/964/549 728/967/550 729/968/553
f 731/995/554 729/968/554 728/967/555 730/998/555
f 730/999/555 728/997/555 719/996/539 717/1000/539
f 730/975/556 717/976/557 714/977/557 713/978/556
f 731/975/558 730/976/556 713/977/556 712/978/558
f 732/975/559 731/976/558 712/977/558 711/978/559
f 732/972/560 734/973/560 729/967/554 731/971/554
f 733/1001/561 732/1002/559 711/1003/559 710/1004/561
f 733/972/562 735/1005/562 734/1006/560 732/1007/560
f 738/963/563 736/964/564 734/1006/565 735/1005/566
f 736/963/564 727/964/552 729/967/553 734/973/565
f 737/954/567 767/953/551 727/961/552 736/962/564
f 739/954/568 737/953/567 736/961/564 738/962/563
f 693/954/519 739/953/568 738/961/563 696/962/520
f 696/1008/520 738/1009/563 735/1010/566 699/1011/524
f 743/951/517 740/952/569 739/953/569 693/954/517
f 740/951/569 741/952/570 737/953/570 739/954/569
f 741/1012/571 740/1013/572 742/1014/573 768/1015/574
f 740/1012/572 743/1013/575 744/1014/576 742/1015/573
f 743/1016/575 692/1017/577 746/1018/578 744/1019/576
f 770/1020/579 742/1015/573 744/1014/576 745/1021/580
f 745/1022/580 744/1019/576 746/1018/578 747/1023/581
f 747/1020/581 746/1015/578 748/1014/582 750/1021/583
f 692/1012/577 751/1013/584 748/1014/582 746/1015/578
f 751/1012/584 752/1013/585 749/1014/586 748/1015/582
f 750/1020/583 748/1015/582 749/1014/586 760/1021/587
f 752/951/588 751/952/515 694/953/515 754/954/588
f 752/1012/585 753/1013/589 756/1014/590 749/1015/586
f 753/951/591 752/952/588 754/953/588 722/954/591
f 754/954/546 694/953/522 697/961/523 721/962/530
f 753/1012/589 755/1013/592 757/1014/593 756/1015/590
f 755/951/594 753/952/591 722/953/591 724/954/594
f 758/1020/595 756/1015/590 757/1014/593 759/1021/596
f 760/1020/587 749/1015/586 756/1014/590 758/1021/595
f 759/1020/596 757/1015/593 763/1014/597 761/1021/598
f 761/1020/598 763/1015/597 764/1014/599 762/1021/600
f 765/1012/601 766/1013/602 764/1014/599 763/1015/597
f 755/1012/592 765/1013/601 763/1014/597 757/1015/593
f 766/951/603 765/952/604 726/953/604 767/954/603
f 765/951/604 755/952/594 724/953/594 726/954/604
f 766/1012/602 741/1013/571 768/1014/574 764/1015/599
f 741/951/570 766/952/603 767/953/603 737/954/570
f 762/1020/600 764/1015/599 768/1014/574 769/1021/605
f 769/1020/605 768/1015/574 742/1014/573 770/1021/579
f 771/1024/527 699/1011/527 735/1010/562 733/1025/562
f 771/1026/606 733/978/561 710/975/561 709/976/606
f 700/975/535 771/976/606 709/977/606 706/978/535
g Library2.057_Library2.057
v 4.634107 3.961368 -5.035828
v 5.305763 3.608020 -5.338693
v 4.346957 4.060347 -4.304445
v 5.096778 3.372658 -4.189627
v 4.402087 3.961368 -3.520648
v 4.952336 3.608020 -3.030674
v 5.770256 3.155692 -3.144879
v 6.244834 2.699058 -4.013822
v 6.052027 3.155692 -4.984963
vn 0.5955 0.7746 0.2133
vn 0.6183 0.7803 0.0947
vn 0.5321 0.8428 0.0815
vn 0.4977 0.8284 0.2570
vn 0.6320 0.7746 -0.0253
vn 0.5517 0.8285 -0.0961
vn 0.4953 0.8571 -0.1413
vn 0.4739 0.8776 0.0726
vn 0.4303 0.8571 0.2830
vt -0.637129 0.374873
vt -0.659175 0.374783
vt -0.651988 0.347474
vt -0.621102 0.358732
vt -0.678409 0.364009
vt -0.684414 0.342070
vt -0.672007 0.318975
vt -0.642554 0.311628
vt -0.620533 0.332522
s 1
g off
g Library2.057_Material.002
usemtl Material.002
f 772/1027/607 774/1028/608 775/1029/609 773/1030/610
f 774/1028/608 776/1031/611 777/1032/612 775/1029/609
f 775/1029/609 777/1032/612 778/1033/613 779/1034/614
f 773/1030/610 775/1029/609 779/1034/614 780/1035/615
g Library2.058_Library2.058
v 1.660829 2.202171 -4.321659
v 1.638016 2.223258 -4.327771
v 1.654716 2.223258 -4.298845
v 1.683643 2.223258 -4.315545
v 1.666942 2.223258 -4.344472
v 1.661936 2.244068 -4.325790
v 1.664960 2.244068 -4.320551
v 1.661936 2.737688 -4.325791
v 1.656697 2.244068 -4.322766
v 1.659721 2.244069 -4.317528
v 1.656696 2.737688 -4.322766
v 1.659721 2.737688 -4.317526
v 1.664960 2.737688 -4.320551
vn -0.3920 -0.6209 -0.6789
vn -0.6789 -0.6209 0.3919
vn 0.3919 -0.6209 0.6789
vn 0.6789 -0.6209 -0.3920
vn -0.4178 0.5492 -0.7237
vn 0.7237 0.5492 -0.4178
vn 0.8661 -0.0000 -0.4999
vn -0.4999 -0.0000 -0.8661
vn -0.7237 0.5492 0.4178
vn -0.8660 -0.0000 0.5000
vn 0.4999 -0.0000 0.8661
vn 0.4178 0.5492 0.7237
vt -0.502063 0.107131
vt -0.499360 0.102444
vt -0.496657 0.107131
vt 0.497937 0.107131
vt 0.500641 0.102444
vt 0.503343 0.107131
vt -0.498870 0.110821
vt -0.499850 0.110821
vt -0.498954 0.110821
vt -0.499766 0.110821
vt -0.499965 0.190725
vt -0.498640 0.190725
vt -0.498949 0.110821
vt -0.499771 0.110821
vt 0.500035 0.190725
vt 0.500183 0.110821
vt 0.501096 0.110821
vt 0.501360 0.190725
s 1
g off
g Library2.058_Material.002
usemtl Material.002
f 785/1036/616 781/1037/616 782/1038/616
f 782/1036/617 781/1037/617 783/1038/617
f 783/1039/618 781/1040/618 784/1041/618
f 784/1036/619 781/1037/619 785/1038/619
f 782/1038/620 789/1042/620 786/1043/620 785/1036/620
f 785/1038/621 786/1044/621 787/1045/621 784/1036/621
f 793/1046/622 787/1045/622 786/1044/622 788/1047/622
f 791/1047/623 788/1046/623 786/1043/623 789/1042/623
f 783/1038/624 790/1048/624 789/1049/624 782/1036/624
f 791/1046/625 789/1049/625 790/1048/625 792/1047/625
f 792/1050/626 790/1051/626 787/1052/626 793/1053/626
f 784/1041/627 787/1052/627 790/1051/627 783/1039/627
g Library2.059_Library2.059
v 1.851025 0.861375 -3.866652
v 1.753345 1.578160 -3.974622
v 2.277710 0.861375 -4.252668
v 2.180031 1.578160 -4.360638
v 2.180705 0.832005 -4.359892
v 2.083026 1.548791 -4.467863
v 1.754019 0.832005 -3.973878
v 1.656340 1.548791 -4.081847
vn 0.6575 0.1991 0.7267
vn 0.7416 -0.0000 -0.6709
vn -0.6575 -0.1991 -0.7267
vn -0.1335 0.9800 -0.1476
vt 0.342299 0.197947
vt 0.367453 0.197947
vt 0.367453 0.233148
vt 0.342299 0.233148
vt 0.373905 0.197947
vt 0.373905 0.233148
vt 0.342299 0.239597
vt 0.367453 0.239597
vt 0.367453 0.274798
vt 0.342299 0.274798
s 1
g off
g Library2.059_Material.002
usemtl Material.002
f 794/1054/628 796/1055/628 797/1056/628 795/1057/628
f 796/1055/629 798/1058/629 799/1059/629 797/1056/629
f 801/1060/630 799/1061/630 798/1062/630 800/1063/630
f 795/1057/631 797/1056/631 799/1061/631 801/1060/631
g Library2.060_Library2.060
v -2.046329 9.500025 0.088435
v -2.046329 12.035891 0.088435
v -2.046329 9.500025 0.056635
v -2.073870 9.500025 0.072535
v -2.073870 12.035891 0.072535
v -2.046329 12.035891 0.056635
vn -0.5000 -0.0000 0.8660
vn 1.0000 -0.0000 -0.0000
vn -0.5000 -0.0000 -0.8660
vt -0.016383 0.169775
vt -0.016383 0.172827
vt -0.084670 0.172827
vt -0.084670 0.169775
vt -0.016383 0.163671
vt -0.016383 0.166723
vt -0.084670 0.166723
vt -0.084670 0.163671
s 1
g off
g Library2.060_Material.002
usemtl Material.002
f 805/1064/632 802/1065/632 803/1066/632 806/1067/632
f 802/1068/633 804/1069/633 807/1070/633 803/1071/633
f 804/1069/634 805/1064/634 806/1067/634 807/1070/634
g Library2.062_Library2.062
v -0.062027 0.886248 -2.871304
v -0.071113 1.033467 -2.867569
v -0.588318 0.840928 -2.365396
v 0.335975 0.900271 -2.456013
v -0.190315 0.854952 -1.950103
v 0.326889 1.047491 -2.452277
v -0.199401 1.002171 -1.946367
v -0.597403 0.988147 -2.361659
vn 0.7195 0.0620 -0.6917
vn -0.6917 -0.0244 -0.7218
vn 0.6917 0.0244 0.7218
vn -0.0616 0.9978 0.0253
vn -0.7195 -0.0620 0.6917
vt 0.046123 0.529997
vt 0.085834 0.529996
vt 0.085834 0.540180
vt 0.046123 0.540179
vt 0.035940 0.529996
vt 0.035940 0.479516
vt 0.046123 0.479516
vt 0.096018 0.529996
vt 0.085834 0.479516
vt 0.096018 0.479516
vt 0.046123 0.469333
vt 0.085835 0.469333
s 1
g off
g Library2.062_Material.002
usemtl Material.002
f 809/1072/635 813/1073/635 811/1074/635 808/1075/635
f 809/1072/636 808/1076/636 810/1077/636 815/1078/636
f 811/1079/637 813/1073/637 814/1080/637 812/1081/637
f 815/1078/638 814/1080/638 813/1073/638 809/1072/638
f 810/1082/639 812/1083/639 814/1080/639 815/1078/639
g Library2.063_Library2.063
v -6.564308 7.934161 4.862164
v -6.564308 7.934158 -4.758063
v -6.648430 7.812293 4.862164
v -6.675150 8.032356 4.862164
v -6.727038 8.019567 4.862164
v -6.675150 8.032355 -4.758063
v -6.727038 8.019567 -4.758063
v -6.648430 7.812293 -4.758063
v -6.701871 7.812293 4.862164
v -6.701870 7.812293 -4.758063
vn 0.9927 0.1205 -0.0000
vn 0.6631 0.7485 -0.0000
vn 0.8230 -0.5681 -0.0000
vn -0.2393 0.9709 -0.0000
vn -0.0000 -1.0000 -0.0000
vt -0.096139 0.079154
vt -0.096139 0.083691
vt -0.439586 0.083691
vt -0.439586 0.079154
vt -0.096139 0.074617
vt -0.439586 0.074617
vt -0.096139 0.085329
vt -0.439586 0.085329
vt -0.439586 0.072980
vt -0.096139 0.072980
s 1
g off
g Library2.063_Material.002
usemtl Material.002
f 817/1084/640 821/1085/641 819/1086/641 816/1087/640
f 823/1088/642 817/1084/640 816/1087/640 818/1089/642
f 819/1086/643 821/1085/643 822/1090/643 820/1091/643
f 824/1092/644 825/1093/644 823/1088/644 818/1089/644
g Library2.064_Library2.064
v -6.505959 5.248399 4.862164
v -6.505959 5.248397 -4.758063
v -6.590080 5.126531 4.862164
v -6.616800 5.346595 4.862164
v -6.616802 5.346593 -4.758063
v -6.668689 5.333807 4.862164
v -6.668689 5.333805 -4.758063
v -6.590080 5.126531 -4.758063
v -6.643521 5.126531 4.862164
v -6.643521 5.126531 -4.758063
vn 0.9927 0.1205 -0.0000
vn 0.6631 0.7485 -0.0000
vn 0.8230 -0.5681 -0.0000
vn -0.2393 0.9709 -0.0000
vn -0.0000 -1.0000 -0.0000
vt -0.096139 0.079154
vt -0.096139 0.083691
vt -0.439586 0.083691
vt -0.439586 0.079154
vt -0.096139 0.074617
vt -0.439586 0.074617
vt -0.096139 0.085329
vt -0.439586 0.085329
vt -0.439586 0.072980
vt -0.096139 0.072980
s 1
g off
g Library2.064_Material.002
usemtl Material.002
f 827/1094/645 830/1095/646 829/1096/646 826/1097/645
f 833/1098/647 827/1094/645 826/1097/645 828/1099/647
f 829/1096/648 830/1095/648 832/1100/648 831/1101/648
f 834/1102/649 835/1103/649 833/1098/649 828/1099/649
g Library2.066_Library2.066
v -6.505959 3.430582 4.862164
v -6.505959 3.430579 -4.758063
v -6.590080 3.308712 4.862164
v -6.616800 3.528777 4.862164
v -6.668689 3.515989 4.862164
v -6.616802 3.528776 -4.758063
v -6.668689 3.515986 -4.758063
v -6.590080 3.308712 -4.758063
v -6.643521 3.308712 4.862164
v -6.643521 3.308712 -4.758063
vn 0.9927 0.1205 -0.0000
vn 0.6631 0.7485 -0.0000
vn 0.8230 -0.5681 -0.0000
vn -0.2393 0.9709 -0.0000
vn -0.0000 -1.0000 -0.0000
vt -0.096139 0.079154
vt -0.096139 0.083691
vt -0.439586 0.083691
vt -0.439586 0.079154
vt -0.096139 0.074617
vt -0.439586 0.074617
vt -0.096139 0.085329
vt -0.439586 0.085329
vt -0.439586 0.072980
vt -0.096139 0.072980
s 1
g off
g Library2.066_Material.002
usemtl Material.002
f 837/1104/650 841/1105/651 839/1106/651 836/1107/650
f 843/1108/652 837/1104/650 836/1107/650 838/1109/652
f 839/1106/653 841/1105/653 842/1110/653 840/1111/653
f 844/1112/654 845/1113/654 843/1108/654 838/1109/654
g Library2.067_Library2.067
v 2.384245 -0.123390 -4.133566
v 2.384245 1.812081 -4.133566
v 2.308631 -0.123390 -4.057952
v 2.471496 -0.068726 -4.046315
v 2.395882 -0.068726 -3.970701
v 2.471496 1.759728 -4.046315
v 2.395882 1.759728 -3.970703
v 2.308631 1.812081 -4.057952
vn 0.7071 -0.0000 -0.7071
vn -0.7071 -0.0000 -0.7071
vn 0.2864 -0.9143 0.2864
vn 0.7071 -0.0000 0.7071
vn 0.2762 0.9206 0.2762
vn -0.7071 -0.0000 0.7071
vt 0.801787 0.159270
vt 0.799033 0.153050
vt 0.896584 0.153065
vt 0.893945 0.159283
vt 0.799034 0.147661
vt 0.896585 0.147675
vt 0.792231 0.153050
vt 0.792232 0.147660
vt 0.893948 0.136066
vt 0.893948 0.141455
vt 0.801790 0.141442
vt 0.801791 0.136052
vt 0.900704 0.136067
vt 0.900703 0.141457
s 1
g off
g Library2.067_Material.002
usemtl Material.002
f 849/1114/655 846/1115/655 847/1116/655 851/1117/655
f 846/1115/656 848/1118/656 853/1119/656 847/1116/656
f 849/1120/657 850/1121/657 848/1118/657 846/1115/657
f 851/1122/658 852/1123/658 850/1124/658 849/1125/658
f 847/1126/659 853/1127/659 852/1123/659 851/1122/659
f 848/1118/660 850/1124/660 852/1123/660 853/1119/660
g Library2.068_Library2.068
v 1.559218 -0.123390 -5.095198
v 1.559218 1.812081 -5.095199
v 1.634831 -0.123390 -5.019584
v 1.646468 -0.068726 -5.182448
v 1.722083 -0.068726 -5.106835
v 1.646468 1.759727 -5.182448
v 1.722083 1.759727 -5.106835
v 1.634831 1.812081 -5.019585
vn -0.7071 -0.0000 -0.7071
vn -0.7071 -0.0000 0.7071
vn 0.2864 -0.9143 -0.2864
vn 0.7071 -0.0000 -0.7071
vn 0.2762 0.9206 -0.2762
vn 0.7071 -0.0000 0.7071
vt -0.198496 0.159352
vt -0.201269 0.153093
vt -0.103094 0.153091
vt -0.105749 0.159350
vt -0.201269 0.147669
vt -0.103094 0.147666
vt -0.208114 0.153094
vt -0.208114 0.147670
vt -0.105750 0.135984
vt -0.105749 0.141408
vt -0.198496 0.141411
vt -0.198496 0.135986
vt -0.098951 0.135983
vt -0.098951 0.141407
s 1
g off
g Library2.068_Material.002
usemtl Material.002
f 857/1128/661 854/1129/661 855/1130/661 859/1131/661
f 854/1129/662 856/1132/662 861/1133/662 855/1130/662
f 857/1134/663 858/1135/663 856/1132/663 854/1129/663
f 859/1136/664 860/1137/664 858/1138/664 857/1139/664
f 855/1140/665 861/1141/665 860/1137/665 859/1136/665
f 856/1132/666 858/1138/666 860/1137/666 861/1133/666
g Library2.069_Library2.069
v -6.629869 1.600876 -4.857573
v -6.629869 9.200045 -4.857574
v -6.517694 1.640018 -4.857573
v -3.946256 1.640018 -4.857573
v -6.517694 1.640018 -5.760236
v -6.502378 1.541257 -4.857573
v -6.517694 9.200045 -4.857574
v -6.517692 9.200045 -5.770948
v -3.946256 1.541257 -4.857573
v -3.946255 1.640018 -5.760236
v -3.946255 8.878706 -5.770946
v -3.946255 8.878706 -4.857574
v -3.809115 8.878706 -4.857574
v -3.809115 1.600876 -4.857573
v -3.809115 8.878706 -5.601549
v -3.809115 1.600875 -5.590839
v -3.776078 1.539616 -5.535217
v -3.776078 1.539616 -4.815883
vn -0.0000 -0.0000 1.0000
vn -0.0000 1.0000 -0.0000
vn 1.0000 -0.0000 -0.0000
vn -1.0000 -0.0000 -0.0000
vn 1.0000 0.0061 -0.0000
vn 1.0000 0.0027 -0.0000
vn 0.8802 0.4747 -0.0000
vt -0.884740 0.083585
vt -0.884740 0.080015
vt -0.666805 0.080015
vt -0.666805 0.083585
vt -0.969241 0.011115
vt -0.966138 0.011115
vt -0.966138 0.076871
vt -0.969241 0.076871
vt -0.991588 0.011115
vt -0.991588 0.076871
vt -0.884740 0.053457
vt -0.666805 0.053457
vt -0.666805 0.110078
vt -0.884740 0.110078
vt -0.664591 0.083585
vt -0.664591 0.110078
s 1
g off
g Library2.069_Material.002
usemtl Material.002
f 862/1142/667 864/1143/667 868/1144/667 863/1145/667
f 864/1146/667 867/1147/667 870/1148/667 865/1149/667
f 866/1150/668 864/1146/668 865/1149/668 871/1151/668
f 864/1143/669 866/1152/669 869/1153/669 868/1144/669
f 871/1153/670 865/1144/670 873/1143/670 872/1152/670
f 865/1144/667 875/1145/667 874/1142/667 873/1143/667
f 875/1145/671 877/1154/672 876/1155/669 874/1142/669
f 877/1154/672 875/1145/671 879/1156/673 878/1157/673
g Library2.070_Library2.070
v -3.927619 6.952592 -4.939219
v -6.616008 6.952592 -4.939219
v -3.927619 6.952592 -5.652379
v -3.927619 7.074750 -4.939219
v -6.616008 7.074750 -4.939219
v -3.927619 7.074750 -5.652379
v -6.616008 7.074750 -5.652379
v -6.616008 6.952592 -5.652379
vn -0.0000 -0.0000 1.0000
vn -0.0000 -1.0000 -0.0000
vn -0.0000 1.0000 -0.0000
vt -0.966138 0.011115
vt -0.966138 0.076871
vt -0.969186 0.076871
vt -0.969186 0.011115
vt -0.943858 0.011115
vt -0.943858 0.076871
vt -0.991588 0.076871
vt -0.991588 0.011115
s 1
g off
g Library2.070_Material.002
usemtl Material.002
f 881/1158/674 880/1159/674 883/1160/674 884/1161/674
f 881/1158/675 887/1162/675 882/1163/675 880/1159/675
f 883/1160/676 885/1164/676 886/1165/676 884/1161/676
g Library2.071_Library2.071
v -3.927619 6.106493 -4.939219
v -6.512180 6.106493 -4.939219
v -3.927619 6.106493 -5.652379
v -3.927619 6.228650 -4.939219
v -6.512180 6.228650 -4.939219
v -3.927619 6.228650 -5.652379
v -6.512180 6.228650 -5.652379
v -6.512180 6.106493 -5.652379
vn -0.0000 -0.0000 1.0000
vn -0.0000 -1.0000 -0.0000
vn -0.0000 1.0000 -0.0000
vt -0.966138 0.011115
vt -0.966138 0.076871
vt -0.969246 0.076871
vt -0.969246 0.011115
vt -0.943798 0.011115
vt -0.943798 0.076871
vt -0.991588 0.076871
vt -0.991588 0.011115
s 1
g off
g Library2.071_Material.002
usemtl Material.002
f 889/1166/677 888/1167/677 891/1168/677 892/1169/677
f 889/1166/678 895/1170/678 890/1171/678 888/1167/678
f 891/1168/679 893/1172/679 894/1173/679 892/1169/679
g Library2.072_Library2.072
v -3.927621 5.190344 -4.939219
v -6.512180 5.190344 -4.939219
v -3.927621 5.190344 -5.652379
v -3.927621 5.312500 -4.939219
v -6.512180 5.312500 -4.939219
v -3.927621 5.312500 -5.652379
v -6.512180 5.312500 -5.652379
v -6.512180 5.190344 -5.652379
vn -0.0000 -0.0000 1.0000
vn -0.0000 -1.0000 -0.0000
vn -0.0000 1.0000 -0.0000
vt -0.966138 0.011115
vt -0.966138 0.076871
vt -0.969246 0.076871
vt -0.969246 0.011115
vt -0.943798 0.011115
vt -0.943798 0.076871
vt -0.991588 0.076871
vt -0.991588 0.011115
s 1
g off
g Library2.072_Material.002
usemtl Material.002
f 897/1174/680 896/1175/680 899/1176/680 900/1177/680
f 897/1174/681 903/1178/681 898/1179/681 896/1175/681
f 899/1176/682 901/1180/682 902/1181/682 900/1177/682
g Library2.073_Library2.073
v -3.927619 4.262556 -4.939219
v -6.512180 4.262556 -4.939219
v -3.927619 4.262555 -5.652379
v -3.927619 4.384713 -4.939219
v -6.512180 4.384713 -4.939219
v -3.927619 4.384713 -5.652379
v -6.512180 4.384713 -5.652379
v -6.512180 4.262555 -5.652379
vn -0.0000 -0.0000 1.0000
vn -0.0000 -1.0000 -0.0000
vn -0.0000 1.0000 -0.0000
vt -0.969246 0.076871
vt -0.969246 0.011115
vt -0.966138 0.011115
vt -0.966138 0.076871
vt -0.991588 0.076871
vt -0.991588 0.011115
vt -0.943798 0.011115
vt -0.943798 0.076871
s 1
g off
g Library2.073_Material.002
usemtl Material.002
f 905/1182/683 904/1183/683 907/1184/683 908/1185/683
f 905/1182/684 911/1186/684 906/1187/684 904/1183/684
f 907/1184/685 909/1188/685 910/1189/685 908/1185/685
g Library2.074_Library2.074
v -3.927619 3.333265 -4.939219
v -6.512180 3.333265 -4.939219
v -3.927619 3.333265 -5.652378
v -3.927619 3.455420 -4.939219
v -6.512180 3.455420 -4.939219
v -3.927619 3.455420 -5.652378
v -6.512180 3.455420 -5.652378
v -6.512180 3.333265 -5.652378
vn -0.0000 -0.0000 1.0000
vn -0.0000 -1.0000 -0.0000
vn -0.0000 1.0000 -0.0000
vt -0.969246 0.076871
vt -0.969246 0.011115
vt -0.966138 0.011115
vt -0.966138 0.076871
vt -0.991588 0.076871
vt -0.991588 0.011115
vt -0.943798 0.011115
vt -0.943798 0.076871
s 1
g off
g Library2.074_Material.002
usemtl Material.002
f 913/1190/686 912/1191/686 915/1192/686 916/1193/686
f 913/1190/687 919/1194/687 914/1195/687 912/1191/687
f 915/1192/688 917/1196/688 918/1197/688 916/1193/688
g Library2.075_Library2.075
v -3.927619 2.397196 -4.939218
v -6.512180 2.397196 -4.939218
v -3.927619 2.397196 -5.652377
v -3.927619 2.519351 -4.939218
v -6.512180 2.519351 -4.939218
v -3.927619 2.519351 -5.652377
v -6.512180 2.519351 -5.652377
v -6.512180 2.397196 -5.652377
vn -0.0000 -0.0000 1.0000
vn -0.0000 -1.0000 -0.0000
vn -0.0000 1.0000 -0.0000
vt -0.966138 0.011115
vt -0.966138 0.076871
vt -0.969246 0.076871
vt -0.969246 0.011115
vt -0.943798 0.011115
vt -0.943798 0.076871
vt -0.991588 0.076871
vt -0.991588 0.011115
s 1
g off
g Library2.075_Material.002
usemtl Material.002
f 921/1198/689 920/1199/689 923/1200/689 924/1201/689
f 921/1198/690 927/1202/690 922/1203/690 920/1199/690
f 923/1200/691 925/1204/691 926/1205/691 924/1201/691
g Library2.076_Library2.076
v -3.927619 8.797674 -4.939219
v -6.512180 8.797674 -4.939219
v -3.927619 8.797674 -5.652379
v -3.927619 8.919830 -4.939219
v -6.512180 8.919830 -4.939219
v -3.927619 8.919830 -5.652379
v -6.512180 8.919830 -5.652379
v -6.512180 8.797674 -5.652379
vn -0.0000 -0.0000 1.0000
vn -0.0000 -1.0000 -0.0000
vn -0.0000 1.0000 -0.0000
vt -0.966138 0.011115
vt -0.966138 0.076871
vt -0.969246 0.076871
vt -0.969246 0.011115
vt -0.943798 0.011115
vt -0.943798 0.076871
vt -0.991588 0.076871
vt -0.991588 0.011115
s 1
g off
g Library2.076_Material.002
usemtl Material.002
f 929/1206/692 928/1207/692 931/1208/692 932/1209/692
f 929/1206/693 935/1210/693 930/1211/693 928/1207/693
f 931/1208/694 933/1212/694 934/1213/694 932/1209/694
g Library2.077_Library2.077
v -1.697690 1.996277 -5.296484
v -1.611010 2.048206 -5.127371
v -1.746292 2.335459 -5.375725
v -1.659611 2.387389 -5.206614
v -1.514624 2.389627 -5.285954
v -1.466022 2.050445 -5.206712
v -1.601303 2.337698 -5.455066
v -1.552704 1.998515 -5.375823
vn -0.8873 -0.0195 0.4608
vn 0.4599 0.2640 0.8478
vn 0.8873 0.0195 -0.4608
vt -0.900190 0.297136
vt -0.885752 0.297136
vt -0.885752 0.305223
vt -0.900190 0.305223
vt -0.900190 0.290351
vt -0.885752 0.290351
vt -0.900190 0.282263
vt -0.885752 0.282263
s 1
g off
g Library2.077_Material.002
usemtl Material.002
f 937/1214/695 939/1215/695 938/1216/695 936/1217/695
f 939/1215/696 937/1214/696 941/1218/696 940/1219/696
f 943/1220/697 942/1221/697 940/1219/697 941/1218/697
g Library2.078_Library2.078
v -2.249590 1.985788 -5.002892
v -2.159335 2.037785 -4.835682
v -2.298191 2.324970 -5.082135
v -2.207935 2.376969 -4.914926
v -2.354741 2.373662 -4.839042
v -2.306140 2.034477 -4.759799
v -2.444995 2.321664 -5.006252
v -2.396396 1.982480 -4.927009
vn 0.8781 0.0141 -0.4783
vn 0.4383 0.2636 0.8593
vn -0.8781 -0.0141 0.4783
vt 0.099810 0.290351
vt 0.099810 0.282263
vt 0.114248 0.282263
vt 0.114248 0.290351
vt 0.114248 0.297136
vt 0.099810 0.297136
vt 0.099810 0.305223
vt 0.114248 0.305223
s 1
g off
g Library2.078_Material.002
usemtl Material.002
f 945/1222/698 944/1223/698 946/1224/698 947/1225/698
f 947/1225/699 948/1226/699 949/1227/699 945/1222/699
f 951/1228/700 949/1227/700 948/1226/700 950/1229/700
g Library2.079_Library2.079
v 5.096171 2.354705 -3.081936
v 4.680634 1.310753 -3.638551
v 5.013544 2.356036 -3.022747
v 5.226990 2.539874 -2.903474
v 5.144364 2.541201 -2.844283
v 5.061734 2.542536 -2.785098
v 4.930915 2.357368 -2.963559
v 4.515378 1.313415 -3.520174
v 4.598006 1.312084 -3.579362
v 4.298760 0.126736 -3.795886
v 4.381389 0.125405 -3.855074
v 4.464015 0.124073 -3.914262
vn 0.4606 -0.5974 0.6564
vn 0.4606 -0.5974 0.6565
vn 0.5229 -0.4240 0.7395
vn 0.5228 -0.4241 0.7395
vn 0.3656 -0.7668 0.5276
vn 0.5229 -0.4241 0.7394
vn 0.5555 -0.2831 0.7819
vt -0.436181 0.120171
vt -0.432773 0.120171
vt -0.432773 0.149021
vt -0.436181 0.149021
vt -0.436181 0.113533
vt -0.432773 0.113533
vt -0.429274 0.120171
vt -0.429274 0.113533
vt -0.429274 0.149021
vt -0.429274 0.177491
vt -0.432773 0.177491
vt -0.436181 0.177491
s 1
g off
g Library2.079_Material.002
usemtl Material.002
f 952/1230/701 954/1231/702 960/1232/703 953/1233/704
f 954/1231/702 952/1230/701 955/1234/705 956/1235/705
f 958/1236/702 954/1231/702 956/1235/705 957/1237/705
f 954/1231/702 958/1236/702 959/1238/706 960/1232/703
f 960/1232/703 959/1238/706 961/1239/707 962/1240/707
f 953/1233/704 960/1232/703 962/1240/707 963/1241/707
g Library2.080_Library2.080
v -6.584218 1.636071 4.966988
v -6.584218 9.196251 4.966988
v -6.584220 1.612677 4.839496
v -6.584220 1.612676 -4.690773
v -7.486882 1.612677 4.839496
v -6.584218 1.513915 4.839496
v -6.584218 9.196251 4.839496
v -7.486882 9.196251 4.839496
v -6.584218 1.513914 -4.664687
v -7.486882 1.612676 -4.690772
v -7.486882 9.196251 -4.690773
v -6.584218 9.196251 -4.690773
v -6.584218 9.196251 -4.799990
v -6.584218 1.612676 -4.799988
vn 1.0000 -0.0000 -0.0000
vn -0.0000 1.0000 -0.0000
vn -0.0000 -0.0000 -1.0000
vn -0.0000 -0.0000 1.0000
vt -0.884740 0.083585
vt -0.884740 0.080015
vt -0.666805 0.080015
vt -0.666805 0.083585
vt -0.668642 0.130042
vt -0.856188 0.130042
vt -0.668642 0.114979
vt -0.856188 0.114979
vt -0.884740 0.053457
vt -0.666805 0.053457
vt -0.884740 0.110078
vt -0.666805 0.110078
s 1
g off
g Library2.080_Material.002
usemtl Material.002
f 964/1242/708 966/1243/708 970/1244/708 965/1245/708
f 966/1246/708 969/1246/708 972/1247/708 967/1247/708
f 968/1248/709 966/1246/709 967/1247/709 973/1249/709
f 966/1243/710 968/1250/710 971/1251/710 970/1244/710
f 973/1252/711 967/1242/711 975/1245/711 974/1253/711
f 967/1242/708 977/1243/708 976/1244/708 975/1245/708
g Library2.081_Library2.081
v -6.665862 6.103406 -4.681605
v -6.665862 6.103408 4.819240
v -7.379023 6.103406 -4.681605
v -6.665862 6.219200 -4.681605
v -6.665862 6.219202 4.819240
v -7.379023 6.219200 -4.681605
v -7.379023 6.219202 4.819240
v -7.379023 6.103408 4.819240
vn 1.0000 -0.0000 -0.0000
vn -0.0000 -1.0000 -0.0000
vn -0.0000 1.0000 -0.0000
vt -0.856188 0.127174
vt -0.668642 0.127174
vt -0.668642 0.130042
vt -0.856188 0.130042
vt -0.856188 0.114979
vt -0.668642 0.114979
vt -0.668642 0.140665
vt -0.856188 0.140665
s 1
g off
g Library2.081_Material.002
usemtl Material.002
f 979/1254/712 978/1255/712 981/1256/712 982/1257/712
f 979/1254/713 985/1258/713 980/1259/713 978/1255/713
f 981/1256/714 983/1260/714 984/1261/714 982/1257/714
g Library2.082_Library2.082
v -6.665862 4.266570 -4.681605
v -6.665862 4.266571 4.819240
v -7.379023 4.266570 -4.681605
v -6.665862 4.388724 -4.681605
v -6.665862 4.388727 4.819240
v -7.379023 4.388724 -4.681605
v -7.379023 4.388727 4.819240
v -7.379023 4.266571 4.819240
vn 1.0000 -0.0000 -0.0000
vn -0.0000 -1.0000 -0.0000
vn -0.0000 1.0000 -0.0000
vt -0.856188 0.127174
vt -0.668642 0.127174
vt -0.668642 0.130042
vt -0.856188 0.130042
vt -0.856188 0.114979
vt -0.668642 0.114979
vt -0.668642 0.140665
vt -0.856188 0.140665
s 1
g off
g Library2.082_Material.002
usemtl Material.002
f 987/1262/715 986/1263/715 989/1264/715 990/1265/715
f 987/1262/716 993/1266/716 988/1267/716 986/1263/716
f 989/1264/717 991/1268/717 992/1269/717 990/1265/717
g Library2.083_Library2.083
v -6.665862 2.408997 -4.681605
v -6.665862 2.408998 4.819240
v -7.379023 2.408997 -4.681605
v -6.665862 2.531151 -4.681605
v -6.665862 2.531152 4.819240
v -7.379023 2.531151 -4.681605
v -7.379023 2.531152 4.819240
v -7.379023 2.408998 4.819240
vn 1.0000 -0.0000 -0.0000
vn -0.0000 -1.0000 -0.0000
vn -0.0000 1.0000 -0.0000
vt 0.143812 0.127174
vt 0.331358 0.127174
vt 0.331358 0.130042
vt 0.143812 0.130042
vt 0.143812 0.114979
vt 0.331358 0.114979
vt 0.331358 0.140665
vt 0.143812 0.140665
s 1
g off
g Library2.083_Material.002
usemtl Material.002
f 995/1270/718 994/1271/718 997/1272/718 998/1273/718
f 995/1270/719 1001/1274/719 996/1275/719 994/1271/719
f 997/1272/720 999/1276/720 1000/1277/720 998/1273/720
g Library2.084_Library2.084
v -6.665862 5.183257 -4.681605
v -6.665862 5.183259 4.819241
v -7.379021 5.183257 -4.681605
v -6.665862 5.305412 -4.681605
v -6.665862 5.305413 4.819241
v -7.379021 5.305412 -4.681605
v -7.379021 5.305413 4.819241
v -7.379021 5.183259 4.819241
vn 1.0000 -0.0000 -0.0000
vn -0.0000 -1.0000 -0.0000
vn -0.0000 1.0000 -0.0000
vt -0.668642 0.130042
vt -0.856188 0.130042
vt -0.856188 0.127174
vt -0.668642 0.127174
vt -0.668642 0.140665
vt -0.856188 0.140665
vt -0.856188 0.114979
vt -0.668642 0.114979
s 1
g off
g Library2.084_Material.002
usemtl Material.002
f 1003/1278/721 1002/1279/721 1005/1280/721 1006/1281/721
f 1003/1278/722 1009/1282/722 1004/1283/722 1002/1279/722
f 1005/1280/723 1007/1284/723 1008/1285/723 1006/1281/723
g Library2.085_Library2.085
v -6.665862 3.325683 -4.681605
v -6.665862 3.325684 4.819241
v -7.379021 3.325683 -4.681605
v -6.665862 3.447839 -4.681605
v -6.665862 3.447839 4.819241
v -7.379021 3.447839 -4.681605
v -7.379021 3.447839 4.819241
v -7.379021 3.325684 4.819241
vn 1.0000 -0.0000 -0.0000
vn -0.0000 -1.0000 -0.0000
vn -0.0000 1.0000 -0.0000
vt -0.668642 0.130042
vt -0.856188 0.130042
vt -0.856188 0.127174
vt -0.668642 0.127174
vt -0.668642 0.140665
vt -0.856188 0.140665
vt -0.856188 0.114979
vt -0.668642 0.114979
s 1
g off
g Library2.085_Material.002
usemtl Material.002
f 1011/1286/724 1010/1287/724 1013/1288/724 1014/1289/724
f 1011/1286/725 1017/1290/725 1012/1291/725 1010/1287/725
f 1013/1288/726 1015/1292/726 1016/1293/726 1014/1289/726
g Library2.086_Library2.086
v -6.665862 8.800076 -4.681606
v -6.665862 8.800076 4.819241
v -7.379021 8.800076 -4.681606
v -6.665862 8.922232 -4.681606
v -6.665862 8.922233 4.819241
v -7.379021 8.922232 -4.681606
v -7.379021 8.922233 4.819241
v -7.379021 8.800076 4.819241
vn 1.0000 -0.0000 -0.0000
vn -0.0000 -1.0000 -0.0000
vn -0.0000 1.0000 -0.0000
vt -0.856188 0.127174
vt -0.668642 0.127174
vt -0.668642 0.130042
vt -0.856188 0.130042
vt -0.856188 0.114979
vt -0.668642 0.114979
vt -0.668642 0.140665
vt -0.856188 0.140665
s 1
g off
g Library2.086_Material.002
usemtl Material.002
f 1019/1294/727 1018/1295/727 1021/1296/727 1022/1297/727
f 1019/1294/728 1025/1298/728 1020/1299/728 1018/1295/728
f 1021/1296/729 1023/1300/729 1024/1301/729 1022/1297/729
g Library2.087_Library2.087
v -6.665862 6.951069 -4.681605
v -6.665862 6.951071 4.819241
v -7.379021 6.951069 -4.681605
v -6.665862 7.073224 -4.681605
v -6.665862 7.073225 4.819241
v -7.379021 7.073224 -4.681605
v -7.379021 7.073225 4.819241
v -7.379021 6.951071 4.819241
vn 1.0000 -0.0000 -0.0000
vn -0.0000 -1.0000 -0.0000
vn -0.0000 1.0000 -0.0000
vt -0.856188 0.127174
vt -0.668642 0.127174
vt -0.668642 0.130042
vt -0.856188 0.130042
vt -0.856188 0.114979
vt -0.668642 0.114979
vt -0.668642 0.140665
vt -0.856188 0.140665
s 1
g off
g Library2.087_Material.002
usemtl Material.002
f 1027/1302/730 1026/1303/730 1029/1304/730 1030/1305/730
f 1027/1302/731 1033/1306/731 1028/1307/731 1026/1303/731
f 1029/1304/732 1031/1308/732 1032/1309/732 1030/1305/732
g Library2.088_Library2.088
v -3.927618 6.952064 5.824821
v -6.616008 6.952064 5.824821
v -3.927618 6.952064 5.111660
v -6.616008 6.952064 5.111660
v -3.927618 7.074221 5.111660
v -3.927618 7.074221 5.824821
v -6.616008 7.074221 5.111660
v -6.616008 7.074221 5.824821
vn -0.0000 -1.0000 -0.0000
vn -0.0000 -0.0000 -1.0000
vn -0.0000 1.0000 -0.0000
vt -0.991588 0.011115
vt -0.969186 0.011115
vt -0.969186 0.076871
vt -0.991588 0.076871
vt -0.966138 0.011115
vt -0.966138 0.076871
vt -0.943858 0.076871
vt -0.943858 0.011115
s 1
g off
g Library2.088_Material.002
usemtl Material.002
f 1035/1310/733 1037/1311/733 1036/1312/733 1034/1313/733
f 1036/1312/734 1037/1311/734 1040/1314/734 1038/1315/734
f 1039/1316/735 1038/1315/735 1040/1314/735 1041/1317/735
g Library2.089_Library2.089
v -3.927618 6.090049 5.824821
v -6.512178 6.090049 5.824821
v -3.927618 6.090049 5.111660
v -6.512178 6.090049 5.111660
v -3.927618 6.212204 5.111660
v -3.927618 6.212204 5.824821
v -6.512178 6.212204 5.111660
v -6.512178 6.212204 5.824821
vn -0.0000 -1.0000 -0.0000
vn -0.0000 -0.0000 -1.0000
vn -0.0000 1.0000 -0.0000
vt -0.943798 0.076871
vt -0.966138 0.076871
vt -0.966138 0.011115
vt -0.943798 0.011115
vt -0.969246 0.076871
vt -0.969246 0.011115
vt -0.991588 0.011115
vt -0.991588 0.076871
s 1
g off
g Library2.089_Material.002
usemtl Material.002
f 1043/1318/736 1045/1319/736 1044/1320/736 1042/1321/736
f 1044/1320/737 1045/1319/737 1048/1322/737 1046/1323/737
f 1047/1324/738 1046/1323/738 1048/1322/738 1049/1325/738
g Library2.090_Library2.090
v -3.927620 5.169896 5.824821
v -6.512178 5.169896 5.824821
v -3.927620 5.169896 5.111660
v -6.512178 5.169896 5.111660
v -3.927620 5.292051 5.111660
v -3.927620 5.292051 5.824821
v -6.512178 5.292051 5.111660
v -6.512178 5.292051 5.824821
vn -0.0000 -1.0000 -0.0000
vn -0.0000 -0.0000 -1.0000
vn -0.0000 1.0000 -0.0000
vt -0.943798 0.076871
vt -0.966138 0.076871
vt -0.966138 0.011115
vt -0.943798 0.011115
vt -0.969246 0.076871
vt -0.969246 0.011115
vt -0.991588 0.011115
vt -0.991588 0.076871
s 1
g off
g Library2.090_Material.002
usemtl Material.002
f 1051/1326/739 1053/1327/739 1052/1328/739 1050/1329/739
f 1052/1328/740 1053/1327/740 1056/1330/740 1054/1331/740
f 1055/1332/741 1054/1331/741 1056/1330/741 1057/1333/741
g Library2.091_Library2.091
v -3.927618 4.253209 5.824821
v -6.512178 4.253209 5.824821
v -3.927618 4.253209 5.111660
v -6.512178 4.253209 5.111660
v -3.927618 4.375364 5.111660
v -3.927618 4.375364 5.824821
v -6.512178 4.375364 5.111660
v -6.512178 4.375364 5.824821
vn -0.0000 -1.0000 -0.0000
vn -0.0000 -0.0000 -1.0000
vn -0.0000 1.0000 -0.0000
vn -1.0000 -0.0000 -0.0000
vt -0.943798 0.076871
vt -0.966138 0.076871
vt -0.966138 0.011115
vt -0.943798 0.011115
vt -0.969246 0.076871
vt -0.969246 0.011115
vt -0.991588 0.011115
vt -0.991588 0.076871
vt 0.334976 0.080015
s 1
g off
g Library2.091_Material.002
usemtl Material.002
f 1059/1334/742 1061/1335/742 1060/1336/742 1058/1337/742
f 1060/1336/743 1061/1335/743 1064/1338/743 1062/1339/743
f 1063/1340/744 1062/1339/744 1064/1338/744 1065/1341/744
f 1065/1342/745 1064/1342/745 1061/1342/745 1059/1342/745
g Library2.092_Library2.092
v -3.927618 3.312321 5.824821
v -6.512178 3.312321 5.824821
v -3.927618 3.329962 5.111660
v -6.512178 3.329962 5.111660
v -3.927618 3.452117 5.111660
v -3.927618 3.452118 5.824821
v -6.512178 3.452117 5.111660
v -6.512178 3.452118 5.824821
vn -0.0000 -0.9997 -0.0247
vn -0.0000 -0.0000 -1.0000
vn -0.0000 1.0000 -0.0000
vn -1.0000 -0.0000 -0.0000
vt -0.991588 0.011115
vt -0.969246 0.011115
vt -0.969246 0.076871
vt -0.991588 0.076871
vt -0.966138 0.011115
vt -0.966138 0.076871
vt -0.943798 0.076871
vt -0.943798 0.011115
vt 0.334976 0.080015
s 1
g off
g Library2.092_Material.002
usemtl Material.002
f 1067/1343/746 1069/1344/746 1068/1345/746 1066/1346/746
f 1068/1345/747 1069/1344/747 1072/1347/747 1070/1348/747
f 1071/1349/748 1070/1348/748 1072/1347/748 1073/1350/748
f 1073/1351/749 1072/1351/749 1069/1351/749 1067/1351/749
g Library2.093_Library2.093
v -3.927618 2.395634 5.824821
v -6.512178 2.395634 5.824821
v -3.927618 2.395634 5.111661
v -6.512178 2.395634 5.111661
v -3.927618 2.517789 5.111661
v -3.927618 2.517789 5.824821
v -6.512178 2.517789 5.111661
v -6.512178 2.517789 5.824821
vn -0.0000 -1.0000 -0.0000
vn -0.0000 -0.0000 -1.0000
vn -0.0000 1.0000 -0.0000
vn -1.0000 -0.0000 -0.0000
vt -0.943798 0.076871
vt -0.966138 0.076871
vt -0.966138 0.011115
vt -0.943798 0.011115
vt -0.969246 0.076871
vt -0.969246 0.011115
vt -0.991588 0.011115
vt -0.991588 0.076871
vt 0.334976 0.080015
s 1
g off
g Library2.093_Material.002
usemtl Material.002
f 1075/1352/750 1077/1353/750 1076/1354/750 1074/1355/750
f 1076/1354/751 1077/1353/751 1080/1356/751 1078/1357/751
f 1079/1358/752 1078/1357/752 1080/1356/752 1081/1359/752
f 1081/1360/753 1080/1360/753 1077/1360/753 1075/1360/753
g Library2.094_Library2.094
v -6.629868 1.599314 4.993091
v -6.502377 1.599314 4.993091
v -6.629868 9.198482 4.993091
v -6.502375 9.198482 4.993091
v -6.502377 9.198482 5.906466
v -6.502377 1.599314 5.906466
v -3.946254 1.599314 5.906466
v -3.946255 1.599314 4.993091
v -3.946254 9.208219 5.906466
v -3.946254 9.208219 4.993091
v -3.809114 9.208219 4.993091
v -3.809115 9.208219 5.906466
v -3.809114 1.599314 4.993091
v -3.776079 1.538067 4.965892
v -3.809115 1.599314 5.906466
v -3.776079 1.538067 5.854622
v -3.946255 1.500553 5.009944
v -6.502377 1.500553 5.003800
vn -0.0000 -0.0000 -1.0000
vn 1.0000 -0.0000 -0.0000
vn -0.0000 1.0000 -0.0000
vn -1.0000 -0.0000 -0.0000
vn 1.0000 0.0026 -0.0000
vn 1.0000 0.0053 0.0001
vn 0.8801 0.4747 -0.0000
vn 0.0012 -0.1382 -0.9904
vt -0.884740 0.083585
vt -0.884740 0.080015
vt -0.666805 0.080015
vt -0.666805 0.083585
vt -0.884740 0.110078
vt -0.666805 0.110078
vt -0.969248 0.076871
vt -0.991588 0.076871
vt -0.991588 0.011115
vt -0.969248 0.011115
vt 0.333195 0.083585
vt 0.333195 0.110078
vt 0.115260 0.110078
vt 0.115260 0.083585
vt 0.333195 0.080015
vt 0.115260 0.080015
vt 0.333195 0.053457
vt 0.115260 0.053457
vt 0.334976 0.053457
vt 0.334976 0.080015
vt -0.966138 0.011115
vt -0.966138 0.076871
s 1
g off
g Library2.094_Material.002
usemtl Material.002
f 1083/1361/754 1082/1362/754 1084/1363/754 1085/1364/754
f 1087/1365/755 1083/1361/755 1085/1364/755 1086/1366/755
f 1083/1367/756 1087/1368/756 1088/1369/756 1089/1370/756
f 1089/1371/757 1088/1372/757 1090/1373/757 1091/1374/757
f 1094/1375/754 1089/1371/754 1091/1374/754 1092/1376/754
f 1096/1377/758 1094/1375/759 1092/1376/755 1093/1378/755
f 1094/1375/759 1096/1377/758 1097/1379/760 1095/1380/760
f 1089/1370/761 1098/1381/761 1099/1382/761 1083/1367/761
g Library2.095_Library2.095
v -3.927618 7.855711 5.833549
v -6.512178 7.855711 5.833549
v -3.927618 7.855711 5.120392
v -6.512178 7.855711 5.120392
v -3.927618 7.977868 5.120392
v -3.927618 7.977868 5.833549
v -6.512178 7.977868 5.120392
v -6.512178 7.977868 5.833549
vn -0.0000 -1.0000 -0.0000
vn -0.0000 -0.0000 -1.0000
vn -0.0000 1.0000 -0.0000
vt -0.943798 0.076871
vt -0.966138 0.076871
vt -0.966138 0.011115
vt -0.943798 0.011115
vt -0.969246 0.076871
vt -0.969246 0.011115
vt -0.991588 0.011115
vt -0.991588 0.076871
s 1
g off
g Library2.095_Material.002
usemtl Material.002
f 1101/1383/762 1103/1384/762 1102/1385/762 1100/1386/762
f 1102/1385/763 1103/1384/763 1106/1387/763 1104/1388/763
f 1105/1389/764 1104/1388/764 1106/1387/764 1107/1390/764
g Library2.096_Library2.096
v -1.299646 -0.009014 -3.869962
v -1.299646 0.623302 -3.869962
v -1.266884 -0.009014 -3.887080
v -1.400087 -0.009014 -3.901459
v -1.281087 -0.125533 -3.806658
v -1.225515 -0.182369 -3.835696
v -1.326296 -0.125536 -3.960870
v -1.451469 -0.125533 -3.860089
v -1.225516 -0.125533 -3.835697
v -1.009683 -0.212205 -3.280744
v -0.948749 -0.212205 -3.312585
v -0.976209 -0.248374 -3.361209
v -1.085561 -0.373092 -3.349519
v -1.032095 -0.373092 -3.243451
v -0.904943 -0.373092 -3.313386
v -0.965130 -0.373092 -3.415758
v -1.172083 -0.125533 -4.006079
v -1.201122 -0.182369 -4.061652
v -1.235389 -0.009014 -3.987521
v -1.201123 -0.125533 -4.061651
v -0.646170 -0.212207 -4.277481
v -0.678010 -0.212207 -4.338415
v -0.726636 -0.248376 -4.310956
v -0.714017 -0.373091 -4.202343
v -0.609282 -0.373091 -4.254708
v -0.679737 -0.373091 -4.381494
v -0.780746 -0.373091 -4.322427
v -1.371504 -0.125533 -4.115084
v -1.252506 -0.009014 -4.020281
v -1.252506 0.623302 -4.020281
v -1.352947 -0.009014 -4.051778
v -1.352947 0.623302 -4.051778
v -1.385706 -0.009014 -4.034660
v -1.385706 0.623302 -4.034660
v -1.417204 -0.009014 -3.934220
v -1.427078 -0.125533 -4.086042
v -1.480508 -0.125533 -3.915661
v -1.427077 -0.182369 -4.086043
v -1.703836 -0.212211 -4.609159
v -1.642903 -0.212207 -4.641000
v -1.662647 -0.244339 -4.536222
v -1.754997 -0.373092 -4.621322
v -1.666029 -0.373092 -4.470271
v -1.626920 -0.373092 -4.689492
v -1.548109 -0.373092 -4.533036
v -1.451471 -0.182369 -3.860088
v -2.006426 -0.212204 -3.644263
v -1.974586 -0.212202 -3.583331
v -1.925961 -0.248372 -3.610791
v -1.936852 -0.373092 -3.720306
v -2.042966 -0.373092 -3.667222
v -1.974626 -0.373092 -3.539332
v -1.872126 -0.373092 -3.599178
v -1.417205 0.623302 -3.934220
v -1.400087 0.623302 -3.901458
v -1.235387 0.623302 -3.987521
v -1.266884 0.623302 -3.887080
vn -0.4735 0.1149 0.8733
vn -0.1099 0.1148 0.9873
vn -0.1072 -0.0000 0.9942
vn -0.4798 -0.0001 0.8774
vn 0.8733 0.1149 0.4735
vn 0.8774 -0.0000 0.4798
vn 0.4049 0.4855 0.7749
vn 0.7671 0.4665 0.4404
vn -0.4404 0.4665 0.7671
vn -0.2707 0.4259 0.8633
vn -0.5978 -0.7793 0.1878
vn -0.5960 -0.7807 0.1877
vn -0.5900 -0.7854 0.1872
vn -0.6513 -0.7344 0.1910
vn -0.0000 -1.0000 -0.0000
vn 0.0671 0.9894 0.1284
vn 0.2473 0.8526 0.4604
vn 0.2514 0.8514 0.4603
vn 0.4719 0.1303 0.8720
vn -0.5672 0.4316 -0.7014
vn -0.8705 0.2230 0.4388
vn 0.8679 0.0691 -0.4920
vn 0.8608 0.0987 -0.4993
vn 0.8075 0.2580 -0.5305
vn 0.8740 -0.0143 -0.4858
vn 0.8697 -0.0136 -0.4934
vn 0.9873 0.1149 0.1099
vn 0.8812 0.4665 0.0765
vn 0.7789 -0.0000 -0.6271
vn 0.1876 -0.7807 0.5960
vn 0.1878 -0.7794 0.5978
vn 0.1910 -0.7344 0.6513
vn 0.1872 -0.7854 0.5900
vn 0.4735 0.1149 -0.8733
vn 0.4404 0.4665 -0.7671
vn 0.1284 0.9894 -0.0671
vn 0.4607 0.8520 -0.2488
vn 0.4622 0.8509 -0.2495
vn 0.8712 0.1252 -0.4747
vn -0.7010 0.4267 0.5714
vn 0.4359 0.2234 0.8718
vn -0.4915 0.0684 -0.8682
vn -0.4986 0.0975 -0.8613
vn -0.5296 0.2579 -0.8081
vn -0.4858 -0.0143 -0.8740
vn -0.4934 -0.0136 -0.8697
vn 0.1099 0.1149 -0.9873
vn 0.0765 0.4666 -0.8812
vn -0.6271 -0.0000 -0.7789
vn 0.4798 -0.0000 -0.8774
vn 0.9942 -0.0000 0.1072
vn 0.1072 -0.0000 -0.9942
vn -0.8733 0.1149 -0.4735
vn -0.8774 -0.0000 -0.4798
vn -0.7670 0.4666 -0.4404
vn -0.9873 0.1149 -0.1099
vn -0.9942 -0.0000 -0.1072
vn -0.8812 0.4665 -0.0765
vn -0.0671 0.9894 -0.1284
vn -0.2364 0.8622 -0.4480
vn -0.2377 0.8607 -0.4502
vn -0.7789 -0.0000 0.6271
vn -0.8690 -0.0209 0.4943
vn -0.8734 -0.0221 0.4865
vn -0.8500 0.1580 0.5025
vn -0.8680 0.0800 0.4901
vn -0.4570 0.2128 -0.8637
vn -0.8212 0.2499 0.5130
vn 0.8714 0.2189 -0.4390
vn 0.5944 0.5435 0.5927
vn 0.5995 -0.7779 -0.1885
vn 0.5978 -0.7792 -0.1884
vn 0.5918 -0.7838 -0.1880
vn 0.6513 -0.7344 -0.1909
vn -0.1876 -0.7807 -0.5960
vn -0.1878 -0.7793 -0.5978
vn -0.1910 -0.7344 -0.6513
vn -0.1872 -0.7854 -0.5900
vn -0.1284 0.9894 0.0671
vn -0.4621 0.8525 0.2444
vn -0.4632 0.8516 0.2455
vn -0.8759 0.1300 0.4647
vn 0.7057 0.4317 -0.5618
vn -0.4361 0.2234 -0.8717
vn 0.4913 0.0687 0.8683
vn 0.4986 0.0986 0.8612
vn 0.5288 0.2571 0.8089
vn 0.4858 -0.0144 0.8740
vn 0.4934 -0.0136 0.8697
vn 0.6271 -0.0000 0.7789
vt 0.311142 0.315083
vt 0.311142 0.318512
vt 0.295602 0.318512
vt 0.295602 0.315083
vt 0.311142 0.319655
vt 0.295602 0.319655
vt -0.678997 0.322188
vt -0.680321 0.322188
vt -0.680782 0.317580
vt -0.678536 0.317582
vt -0.687699 0.315348
vt -0.687699 0.311865
vt -0.683457 0.310587
vt -0.683367 0.316495
vt -0.708335 0.309101
vt -0.706146 0.309321
vt -0.706146 0.328029
vt -0.708207 0.328029
vt -0.706146 0.305114
vt -0.678991 0.313473
vt -0.710031 0.309077
vt -0.709992 0.328029
vt -0.683837 0.324223
vt -0.683518 0.326245
vt -0.687793 0.328096
vt -0.687681 0.325006
vt -0.681931 0.322249
vt -0.684518 0.322682
vt -0.687915 0.320894
vt -0.685237 0.318107
vt -0.682023 0.317594
vt -0.711474 0.309259
vt -0.711474 0.328029
vt -0.711474 0.304998
vt -0.678996 0.322188
vt -0.680782 0.317582
vt -0.683520 0.326286
vt 0.311142 0.323085
vt 0.311142 0.324228
vt 0.295602 0.324228
vt 0.295602 0.323085
vt 0.311142 0.327657
vt 0.295602 0.327657
vt 0.311142 0.309367
vt 0.311142 0.310511
vt 0.295602 0.310511
vt 0.295602 0.309367
vt 0.311142 0.313940
vt 0.295602 0.313940
vt -0.683483 0.326234
s 1
g off
g Library2.096_Material.002
usemtl Material.002
f 1111/1391/765 1108/1392/766 1109/1393/767 1162/1394/768
f 1108/1392/766 1110/1395/769 1164/1396/770 1109/1393/767
f 1110/1397/769 1108/1398/766 1112/1399/771 1116/1400/772
f 1108/1401/766 1111/1402/765 1115/1403/773 1112/1404/774
f 1112/1405/775 1113/1406/776 1119/1407/777 1117/1408/777
f 1113/1406/776 1112/1405/775 1114/1409/778
f 1112/1404/779 1115/1403/779 1114/1410/779
f 1116/1411/780 1112/1405/780 1117/1408/781 1118/1412/782
f 1118/1413/782 1117/1414/781 1121/1415/783 1122/1416/783
f 1117/1417/784 1119/1418/784 1123/1419/784 1120/1420/784
f 1117/1417/785 1120/1420/785 1121/1421/785
f 1119/1418/786 1118/1413/787 1122/1416/788 1123/1419/788
f 1113/1422/789 1116/1411/790 1118/1412/787 1119/1423/786
f 1126/1401/791 1110/1402/769 1116/1403/772 1124/1404/792
f 1124/1404/779 1116/1403/779 1114/1410/779
f 1114/1424/793 1116/1411/790 1113/1422/789
f 1125/1406/794 1124/1405/795 1114/1409/796
f 1124/1405/795 1125/1406/794 1130/1407/797 1128/1408/797
f 1136/1425/798 1126/1398/791 1124/1426/792 1127/1400/799
f 1127/1411/800 1124/1405/800 1128/1408/801 1129/1412/802
f 1129/1413/802 1128/1427/801 1132/1415/803 1133/1416/803
f 1128/1417/804 1130/1418/804 1134/1419/804 1131/1420/804
f 1128/1417/805 1131/1420/805 1132/1421/805
f 1130/1418/806 1129/1413/807 1133/1416/808 1134/1419/808
f 1125/1422/809 1127/1411/810 1129/1412/807 1130/1423/806
f 1138/1401/811 1136/1402/798 1127/1403/799 1135/1404/812
f 1135/1404/779 1127/1403/779 1114/1410/779
f 1114/1424/813 1127/1411/810 1125/1422/809
f 1126/1428/791 1136/1429/798 1137/1430/814 1163/1431/815
f 1136/1429/798 1138/1432/811 1139/1433/816 1137/1430/814
f 1138/1434/811 1140/1435/817 1141/1436/818 1139/1437/816
f 1140/1397/817 1138/1398/811 1135/1426/812 1143/1400/819
f 1140/1435/817 1142/1438/820 1161/1439/821 1141/1436/818
f 1142/1401/820 1140/1402/817 1143/1403/819 1144/1404/822
f 1143/1411/823 1135/1405/823 1147/1408/824 1146/1412/825
f 1144/1404/779 1143/1403/779 1114/1410/779
f 1114/1424/826 1143/1411/827 1145/1422/828
f 1145/1422/828 1143/1411/827 1146/1412/829 1148/1423/830
f 1146/1413/825 1147/1427/824 1151/1415/831 1149/1416/831
f 1148/1418/830 1146/1413/829 1149/1416/832 1150/1419/832
f 1147/1417/833 1152/1420/833 1151/1421/833
f 1147/1417/834 1148/1418/834 1150/1419/834 1152/1420/834
f 1135/1405/835 1145/1406/836 1148/1407/837 1147/1408/837
f 1145/1406/836 1135/1405/835 1114/1409/838
f 1153/1406/839 1144/1405/840 1114/1409/841
f 1144/1405/840 1153/1406/839 1156/1407/842 1154/1408/842
f 1111/1397/765 1142/1398/820 1144/1426/822 1115/1400/773
f 1115/1411/843 1144/1405/843 1154/1408/844 1155/1412/845
f 1155/1413/845 1154/1440/844 1158/1415/846 1159/1416/846
f 1154/1417/847 1156/1418/847 1160/1419/847 1157/1420/847
f 1154/1417/848 1157/1420/848 1158/1421/848
f 1156/1418/849 1155/1413/850 1159/1416/851 1160/1419/851
f 1153/1422/852 1115/1411/853 1155/1412/850 1156/1423/849
f 1114/1424/854 1115/1411/853 1153/1422/852
f 1142/1438/820 1111/1391/765 1162/1394/768 1161/1439/821
f 1110/1395/769 1126/1428/791 1163/1431/815 1164/1396/770
g Library2.097_Library2.097
v 2.714763 -0.365445 -4.142515
v 2.609461 -0.311244 -4.037214
v -5.722664 -0.365445 -4.142515
v 2.714763 -0.365444 4.294911
v -5.722664 -0.365444 4.294911
v 2.609461 -0.311243 4.189610
v -5.617363 -0.311243 4.189610
v -5.617363 -0.311244 -4.037214
vn 0.4577 0.8891 -0.0000
vn 0.0183 0.9997 -0.0183
vn 0.0183 0.9997 0.0183
vn -0.0000 0.8891 -0.4577
vn -0.0184 0.9997 -0.0182
vn -0.0000 0.8891 0.4577
vn -0.0182 0.9997 0.0182
vn -0.4577 0.8891 -0.0000
vt 0.114905 0.546136
vt 0.295193 0.546140
vt 0.292741 0.548596
vt 0.117361 0.548589
vt 0.295190 0.726428
vt 0.292734 0.723976
vt 0.114902 0.726425
vt 0.117354 0.723969
s 1
g off
g Library2.097_Material.002
usemtl Material.002
f 1168/1441/855 1165/1442/855 1166/1443/856 1170/1444/857
f 1165/1442/858 1167/1445/858 1172/1446/859 1166/1443/856
f 1169/1447/860 1168/1441/860 1170/1444/857 1171/1448/861
f 1170/1444/857 1172/1446/859 1171/1448/861
f 1166/1443/856 1172/1446/859 1170/1444/857
f 1167/1445/862 1169/1447/862 1171/1448/861 1172/1446/859
g Library2.098_Library2.098
v -3.926292 7.934162 4.865394
v -6.644044 7.934162 4.865394
v -3.926292 7.812293 4.949513
v -3.926292 8.032357 4.976233
v -3.926292 8.019567 5.028122
v -6.644044 8.032357 4.976233
v -6.644044 8.019568 5.028122
v -6.644044 7.812294 4.949513
v -3.926292 7.812293 5.002954
v -6.644044 7.812294 5.002954
vn -0.0000 0.1205 -0.9927
vn -0.0000 0.7485 -0.6631
vn -0.0000 -0.5681 -0.8230
vn -0.0000 0.9709 0.2393
vn -0.0000 -1.0000 -0.0000
vt -0.096139 0.079154
vt -0.096139 0.083691
vt -0.439586 0.083691
vt -0.439586 0.079154
vt -0.096139 0.074617
vt -0.439586 0.074617
vt -0.096139 0.085329
vt -0.439586 0.085329
vt -0.439586 0.072980
vt -0.096139 0.072980
s 1
g off
g Library2.098_Material.002
usemtl Material.002
f 1174/1449/863 1178/1450/864 1176/1451/864 1173/1452/863
f 1180/1453/865 1174/1449/863 1173/1452/863 1175/1454/865
f 1176/1451/866 1178/1450/866 1179/1455/866 1177/1456/866
f 1181/1457/867 1182/1458/867 1180/1453/867 1175/1454/867
g Library2.099_Library2.099
v -6.629869 1.600876 -4.857573
v -6.629869 9.200045 -4.857574
v -6.517694 1.640018 -4.857573
v -3.946256 1.640018 -4.857573
v -6.517694 1.640018 -5.760236
v -6.502378 1.541257 -4.857573
v -6.517694 9.200045 -4.857574
v -6.517692 9.200045 -5.770948
v -3.946256 1.541257 -4.857573
v -3.946255 1.640018 -5.760236
v -3.946255 8.878706 -5.770946
v -3.946255 8.878706 -4.857574
v -3.809115 8.878706 -4.857574
v -3.809115 8.878706 -5.601549
v -3.809115 1.600876 -4.857573
v -3.809115 1.600875 -5.590839
v -3.776078 1.539616 -4.815883
v -3.776078 1.539616 -5.535217
vn -0.0000 -0.0000 1.0000
vn -0.0000 1.0000 -0.0000
vn 1.0000 -0.0000 -0.0000
vn -1.0000 -0.0000 -0.0000
vn 1.0000 0.0061 -0.0000
vn 1.0000 0.0027 -0.0000
vn 0.8802 0.4747 -0.0000
vt -0.884740 0.083585
vt -0.884740 0.080015
vt -0.666805 0.080015
vt -0.666805 0.083585
vt -0.969241 0.011115
vt -0.966138 0.011115
vt -0.966138 0.076871
vt -0.969241 0.076871
vt -0.991588 0.011115
vt -0.991588 0.076871
vt -0.884740 0.053457
vt -0.666805 0.053457
vt -0.666805 0.110078
vt -0.884740 0.110078
vt -0.664591 0.083585
vt -0.664591 0.110078
s 1
g off
g Library2.099_Material.002
usemtl Material.002
f 1183/1459/868 1185/1460/868 1189/1461/868 1184/1462/868
f 1185/1463/868 1188/1464/868 1191/1465/868 1186/1466/868
f 1187/1467/869 1185/1463/869 1186/1466/869 1192/1468/869
f 1185/1460/870 1187/1469/870 1190/1470/870 1189/1461/870
f 1192/1470/871 1186/1461/871 1194/1460/871 1193/1469/871
f 1186/1461/868 1197/1462/868 1195/1459/868 1194/1460/868
f 1197/1462/872 1198/1471/873 1196/1472/870 1195/1459/870
f 1198/1471/873 1197/1462/872 1199/1473/874 1200/1474/874
g Library2.100_Library2.100
v -3.927619 6.952592 -4.939219
v -6.616008 6.952592 -4.939219
v -3.927619 6.952592 -5.652379
v -3.927619 7.074750 -4.939219
v -6.616008 7.074750 -4.939219
v -3.927619 7.074750 -5.652379
v -6.616008 7.074750 -5.652379
v -6.616008 6.952592 -5.652379
vn -0.0000 -0.0000 1.0000
vn -0.0000 -1.0000 -0.0000
vn -0.0000 1.0000 -0.0000
vt -0.966138 0.011115
vt -0.966138 0.076871
vt -0.969186 0.076871
vt -0.969186 0.011115
vt -0.943858 0.011115
vt -0.943858 0.076871
vt -0.991588 0.076871
vt -0.991588 0.011115
s 1
g off
g Library2.100_Material.002
usemtl Material.002
f 1202/1475/875 1201/1476/875 1204/1477/875 1205/1478/875
f 1202/1475/876 1208/1479/876 1203/1480/876 1201/1476/876
f 1204/1477/877 1206/1481/877 1207/1482/877 1205/1478/877
g Library2.101_Library2.101
v -3.927619 6.106493 -4.939219
v -6.512180 6.106493 -4.939219
v -3.927619 6.106493 -5.652379
v -3.927619 6.228650 -4.939219
v -6.512180 6.228650 -4.939219
v -3.927619 6.228650 -5.652379
v -6.512180 6.228650 -5.652379
v -6.512180 6.106493 -5.652379
vn -0.0000 -0.0000 1.0000
vn -0.0000 -1.0000 -0.0000
vn -0.0000 1.0000 -0.0000
vt 0.033862 0.011115
vt 0.033862 0.076871
vt 0.030754 0.076871
vt 0.030754 0.011115
vt 0.056202 0.011115
vt 0.056202 0.076871
vt 0.008412 0.076871
vt 0.008412 0.011115
s 1
g off
g Library2.101_Material.002
usemtl Material.002
f 1210/1483/878 1209/1484/878 1212/1485/878 1213/1486/878
f 1210/1483/879 1216/1487/879 1211/1488/879 1209/1484/879
f 1212/1485/880 1214/1489/880 1215/1490/880 1213/1486/880
g Library2.102_Library2.102
v -3.927621 5.190344 -4.939219
v -6.512180 5.190344 -4.939219
v -3.927621 5.190344 -5.652379
v -3.927621 5.312500 -4.939219
v -6.512180 5.312500 -4.939219
v -3.927621 5.312500 -5.652379
v -6.512180 5.312500 -5.652379
v -6.512180 5.190344 -5.652379
vn -0.0000 -0.0000 1.0000
vn -0.0000 -1.0000 -0.0000
vn -0.0000 1.0000 -0.0000
vt -0.966138 0.011115
vt -0.966138 0.076871
vt -0.969246 0.076871
vt -0.969246 0.011115
vt -0.943798 0.011115
vt -0.943798 0.076871
vt -0.991588 0.076871
vt -0.991588 0.011115
s 1
g off
g Library2.102_Material.002
usemtl Material.002
f 1218/1491/881 1217/1492/881 1220/1493/881 1221/1494/881
f 1218/1491/882 1224/1495/882 1219/1496/882 1217/1492/882
f 1220/1493/883 1222/1497/883 1223/1498/883 1221/1494/883
g Library2.103_Library2.103
v -3.927619 4.262556 -4.939219
v -6.512180 4.262556 -4.939219
v -3.927619 4.262555 -5.652379
v -3.927619 4.384713 -4.939219
v -6.512180 4.384713 -4.939219
v -3.927619 4.384713 -5.652379
v -6.512180 4.384713 -5.652379
v -6.512180 4.262555 -5.652379
vn -0.0000 -0.0000 1.0000
vn -0.0000 -1.0000 -0.0000
vn -0.0000 1.0000 -0.0000
vt -0.969246 0.076871
vt -0.969246 0.011115
vt -0.966138 0.011115
vt -0.966138 0.076871
vt -0.991588 0.076871
vt -0.991588 0.011115
vt -0.943798 0.011115
vt -0.943798 0.076871
s 1
g off
g Library2.103_Material.002
usemtl Material.002
f 1226/1499/884 1225/1500/884 1228/1501/884 1229/1502/884
f 1226/1499/885 1232/1503/885 1227/1504/885 1225/1500/885
f 1228/1501/886 1230/1505/886 1231/1506/886 1229/1502/886
g Library2.104_Library2.104
v -3.927619 3.333265 -4.939219
v -6.512180 3.333265 -4.939219
v -3.927619 3.333265 -5.652378
v -3.927619 3.455420 -4.939219
v -6.512180 3.455420 -4.939219
v -3.927619 3.455420 -5.652378
v -6.512180 3.455420 -5.652378
v -6.512180 3.333265 -5.652378
vn -0.0000 -0.0000 1.0000
vn -0.0000 -1.0000 -0.0000
vn -0.0000 1.0000 -0.0000
vt -0.969246 0.076871
vt -0.969246 0.011115
vt -0.966138 0.011115
vt -0.966138 0.076871
vt -0.991588 0.076871
vt -0.991588 0.011115
vt -0.943798 0.011115
vt -0.943798 0.076871
s 1
g off
g Library2.104_Material.002
usemtl Material.002
f 1234/1507/887 1233/1508/887 1236/1509/887 1237/1510/887
f 1234/1507/888 1240/1511/888 1235/1512/888 1233/1508/888
f 1236/1509/889 1238/1513/889 1239/1514/889 1237/1510/889
g Library2.105_Library2.105
v -3.927619 2.397196 -4.939218
v -6.512180 2.397196 -4.939218
v -3.927619 2.397196 -5.652377
v -3.927619 2.519351 -4.939218
v -6.512180 2.519351 -4.939218
v -3.927619 2.519351 -5.652377
v -6.512180 2.519351 -5.652377
v -6.512180 2.397196 -5.652377
vn -0.0000 -0.0000 1.0000
vn -0.0000 -1.0000 -0.0000
vn -0.0000 1.0000 -0.0000
vt -0.966138 0.011115
vt -0.966138 0.076871
vt -0.969246 0.076871
vt -0.969246 0.011115
vt -0.943798 0.011115
vt -0.943798 0.076871
vt -0.991588 0.076871
vt -0.991588 0.011115
s 1
g off
g Library2.105_Material.002
usemtl Material.002
f 1242/1515/890 1241/1516/890 1244/1517/890 1245/1518/890
f 1242/1515/891 1248/1519/891 1243/1520/891 1241/1516/891
f 1244/1517/892 1246/1521/892 1247/1522/892 1245/1518/892
g Library2.106_Library2.106
v -3.927619 7.865355 -4.939219
v -6.512180 7.865355 -4.939219
v -3.927619 7.865355 -5.652379
v -3.927619 7.987512 -4.939219
v -6.512180 7.987512 -4.939219
v -3.927619 7.987512 -5.652379
v -6.512180 7.987512 -5.652379
v -6.512180 7.865355 -5.652379
vn -0.0000 -0.0000 1.0000
vn -0.0000 -1.0000 -0.0000
vn -0.0000 1.0000 -0.0000
vt -0.966138 0.011115
vt -0.966138 0.076871
vt -0.969246 0.076871
vt -0.969246 0.011115
vt -0.943798 0.011115
vt -0.943798 0.076871
vt -0.991588 0.076871
vt -0.991588 0.011115
s 1
g off
g Library2.106_Material.002
usemtl Material.002
f 1250/1523/893 1249/1524/893 1252/1525/893 1253/1526/893
f 1250/1523/894 1256/1527/894 1251/1528/894 1249/1524/894
f 1252/1525/895 1254/1529/895 1255/1530/895 1253/1526/895
g Library2.107_Library2.107
v -6.627886 2.117965 -4.689163
v -6.627886 10.090733 -4.689164
v -6.524867 2.117965 -4.676653
v -6.634933 2.088502 -4.678917
v -6.634933 1.974456 -4.678917
v -6.520426 2.088502 -4.665012
v -6.520426 1.974454 -4.665012
v -6.443934 2.088501 -4.751353
v -6.443935 1.974455 -4.751353
v -6.471540 2.088501 -4.863349
v -6.456048 2.117965 -4.754333
v -6.456048 10.090733 -4.754334
v -6.480886 2.117965 -4.855093
v -6.480886 10.090733 -4.855095
v -6.524867 2.117965 -4.885452
v -6.524867 10.090733 -4.885453
v -6.520426 2.088499 -4.897093
v -6.520426 1.974454 -4.897093
v -6.530733 1.942336 -4.871449
v -6.471539 1.974456 -4.863349
v -6.492756 1.942336 -4.845234
v -6.471309 1.942337 -4.758224
v -6.494338 1.760005 -4.843857
v -6.531500 1.760005 -4.869508
v -6.473355 1.760005 -4.758720
v -6.460428 1.720815 -4.872871
v -6.429628 1.720815 -4.747916
v -6.514970 1.720815 -4.910519
v -6.457397 1.647226 -4.875504
v -6.425714 1.647226 -4.746966
v -6.513504 1.647226 -4.914233
v -6.440185 1.590488 -4.890653
v -6.505287 1.590557 -4.935599
v -6.417985 1.550083 -4.910323
v -6.403426 1.590450 -4.741500
v -6.505288 1.590557 -4.626506
v -6.374631 1.550041 -4.734402
v -6.494771 1.550160 -4.598768
v -6.375412 1.521667 -4.734592
v -6.495062 1.521789 -4.599510
v -6.418590 1.521710 -4.909796
v -6.587317 1.521883 -4.588293
v -6.587401 1.550251 -4.587506
v -6.657804 1.590714 -4.645010
v -6.644926 1.647226 -4.663831
v -6.513504 1.647226 -4.647873
v -6.642727 1.720815 -4.667101
v -6.618546 1.760005 -4.703657
v -6.514970 1.720815 -4.651587
v -6.531500 1.760005 -4.693087
v -6.530733 1.942337 -4.691146
v -6.621416 1.942336 -4.699383
v -6.524867 10.090733 -4.676656
vn 0.3546 -0.0000 0.9350
vn -0.1205 -0.0000 0.9927
vn -0.1129 0.3503 0.9298
vn 0.7485 -0.0000 0.6631
vn 0.7009 0.3510 0.6209
vn 0.9709 -0.0000 -0.2393
vn 0.9091 0.3512 -0.2241
vn 0.9709 -0.0000 0.2393
vn 0.8854 -0.0000 -0.4649
vn 0.5681 -0.0000 -0.8230
vn 0.5255 0.3800 -0.7613
vn 0.4351 -0.6429 -0.6303
vn 0.7669 -0.6132 -0.1890
vn 0.8855 -0.0112 -0.4646
vn 0.8852 -0.0119 -0.4651
vn 0.9709 -0.0115 0.2393
vn 0.5680 -0.0111 -0.8229
vn 0.3820 0.7402 -0.5534
vn 0.6806 0.7132 -0.1678
vn 0.9521 0.1959 -0.2347
vn 0.9698 0.0485 -0.2390
vn 0.5673 0.0528 -0.8218
vn 0.5556 0.2090 -0.8047
vn 0.5556 0.2088 -0.8048
vn 0.8646 0.4551 -0.2130
vn 0.8645 0.4552 -0.2130
vn 0.5290 0.3653 -0.7660
vn 0.8141 0.5449 -0.2005
vn 0.8645 0.4553 -0.2130
vn 0.8645 0.4554 -0.2130
vn 0.6666 0.4553 0.5902
vn 0.7341 0.1957 0.6502
vn 0.7341 0.1956 0.6503
vn 0.6667 0.4552 0.5902
vn 0.6279 0.5450 0.5557
vn 0.7483 -0.0250 0.6629
vn 0.9706 -0.0252 -0.2392
vn 0.1206 -0.0272 0.9923
vn -0.0662 0.5494 0.8329
vn -0.0882 0.4560 0.8856
vn -0.0199 0.7159 0.6980
vn -0.1181 0.1950 0.9737
vn -0.1181 0.1948 0.9737
vn -0.1204 0.0477 0.9916
vn -0.0852 0.7072 0.7018
vn 0.5245 0.7134 0.4647
vn 0.7476 0.0483 0.6624
vn 0.3598 -0.0156 0.9329
vn 0.3599 -0.0156 0.9329
vn -0.1052 -0.0176 0.9943
vn 0.5903 -0.6149 0.5229
vn -0.0868 -0.5878 0.8043
vt -0.403942 0.051331
vt -0.403943 0.054312
vt -0.632926 0.054280
vt -0.632926 0.051298
vt -0.636261 0.054681
vt -0.636973 0.051560
vt -0.636094 0.051409
vt -0.635417 0.054295
vt -0.639455 0.055257
vt -0.640113 0.052018
vt -0.640474 0.048643
vt -0.637272 0.048490
vt -0.636382 0.048468
vt -0.640425 0.045257
vt -0.637176 0.045390
vt -0.636296 0.045529
vt -0.403942 0.048351
vt -0.632924 0.048314
vt -0.403942 0.045370
vt -0.632923 0.045332
vt -0.632922 0.043796
vt -0.403942 0.043835
vt -0.636063 0.044024
vt -0.636951 0.043772
vt -0.640272 0.043547
vt -0.641587 0.044942
vt -0.641472 0.043628
vt -0.641619 0.048229
vt -0.641582 0.045620
vt 0.351326 0.045570
vt 0.356452 0.045903
vt 0.356328 0.048346
vt 0.351008 0.048318
vt 0.356599 0.044588
vt 0.351657 0.044261
vt 0.349808 0.044909
vt 0.350472 0.043260
vt 0.349232 0.048208
vt 0.347836 0.044283
vt 0.347080 0.048055
vt 0.348558 0.042432
vt 0.346196 0.043640
vt 0.345301 0.047917
vt 0.347050 0.041595
vt 0.343901 0.047779
vt 0.344947 0.042927
vt 0.347297 0.051921
vt 0.345551 0.052303
vt 0.344124 0.052600
vt 0.343314 0.052688
vt 0.343088 0.047709
vt 0.344138 0.042756
vt 0.344635 0.055083
vt 0.343833 0.055247
vt 0.347050 0.056441
vt 0.348531 0.055561
vt 0.349428 0.051504
vt 0.350508 0.054776
vt 0.351068 0.051120
vt 0.351686 0.053684
vt 0.356454 0.050768
vt 0.356759 0.053352
vt -0.641300 0.051758
vt -0.641579 0.049157
vt -0.640599 0.055163
vt -0.641160 0.052622
s 1
g off
g Library2.107_Material.002
usemtl Material.002
f 1309/1531/896 1258/1532/897 1257/1533/897 1259/1534/896
f 1260/1535/898 1262/1536/898 1259/1537/898 1257/1538/898
f 1261/1539/897 1263/1540/897 1262/1536/897 1260/1535/897
f 1263/1540/899 1265/1541/899 1264/1542/899 1262/1536/899
f 1262/1536/900 1264/1542/900 1267/1543/900 1259/1537/900
f 1265/1541/901 1276/1544/901 1266/1545/901 1264/1542/901
f 1264/1542/902 1266/1545/902 1269/1546/902 1267/1543/902
f 1268/1547/903 1309/1531/896 1259/1534/896 1267/1548/903
f 1270/1549/904 1268/1547/903 1267/1548/903 1269/1550/904
f 1271/1551/905 1272/1552/905 1270/1549/904 1269/1550/904
f 1271/1553/906 1269/1546/906 1266/1545/906 1273/1554/906
f 1273/1554/905 1266/1545/905 1276/1544/905 1274/1555/905
f 1277/1556/907 1275/1557/907 1274/1555/907 1276/1544/907
f 1265/1541/908 1278/1558/908 1277/1559/908 1276/1544/908
f 1279/1560/909 1277/1561/910 1278/1562/911 1281/1563/911
f 1275/1564/912 1277/1561/910 1279/1560/909 1280/1565/912
f 1280/1565/913 1279/1560/913 1282/1566/913 1284/1567/913
f 1283/1568/914 1282/1566/914 1279/1560/914 1281/1563/914
f 1285/1569/915 1282/1566/916 1283/1568/916 1286/1570/915
f 1284/1567/917 1282/1566/917 1285/1569/918 1287/1571/919
f 1288/1572/920 1285/1569/915 1286/1570/915 1291/1573/921
f 1287/1571/919 1285/1569/918 1288/1572/922 1289/1574/922
f 1293/1575/923 1290/1576/923 1288/1572/924 1291/1573/925
f 1291/1573/926 1286/1570/927 1302/1577/928 1292/1578/929
f 1294/1579/930 1293/1575/930 1291/1573/926 1292/1578/929
f 1296/1580/931 1295/1581/931 1293/1575/931 1294/1579/931
f 1295/1581/932 1297/1582/932 1290/1576/932 1293/1575/932
f 1294/1579/933 1299/1583/933 1298/1584/933 1296/1580/933
f 1292/1578/934 1300/1585/935 1299/1583/936 1294/1579/936
f 1300/1585/935 1292/1578/934 1302/1577/937 1301/1586/938
f 1302/1577/937 1305/1587/939 1303/1588/939 1301/1586/938
f 1303/1588/940 1305/1587/940 1306/1589/940 1304/1590/940
f 1305/1587/941 1283/1568/941 1281/1563/941 1306/1589/941
f 1286/1570/927 1283/1568/942 1305/1587/942 1302/1577/928
f 1306/1589/943 1307/1591/944 1308/1592/945 1304/1590/945
f 1281/1563/911 1278/1562/911 1307/1591/944 1306/1589/943
f 1263/1540/946 1307/1593/946 1278/1594/946 1265/1541/946
f 1261/1539/947 1308/1595/947 1307/1596/947 1263/1540/947
g Library2.108_Library2.108
v -6.644044 5.235272 -4.733182
v -3.926292 5.235272 -4.733182
v -6.644044 5.113403 -4.817306
v -6.644044 5.333468 -4.844026
v -6.644044 5.320679 -4.895915
v -3.926292 5.333468 -4.844026
v -3.926292 5.320680 -4.895915
v -3.926292 5.113406 -4.817306
v -6.644044 5.113403 -4.870747
v -3.926292 5.113406 -4.870747
vn -0.0000 0.1205 0.9927
vn -0.0000 0.7485 0.6631
vn -0.0000 -0.5681 0.8230
vn -0.0000 0.9709 -0.2393
vn -0.0000 -1.0000 -0.0000
vt -0.096139 0.079154
vt -0.096139 0.083691
vt -0.439586 0.083691
vt -0.439586 0.079154
vt -0.096139 0.074617
vt -0.439586 0.074617
vt -0.096139 0.085329
vt -0.439586 0.085329
vt -0.439586 0.072980
vt -0.096139 0.072980
s 1
g off
g Library2.108_Material.002
usemtl Material.002
f 1311/1597/948 1315/1598/949 1313/1599/949 1310/1600/948
f 1317/1601/950 1311/1597/948 1310/1600/948 1312/1602/950
f 1313/1599/951 1315/1598/951 1316/1603/951 1314/1604/951
f 1318/1605/952 1319/1606/952 1317/1601/952 1312/1602/952
g Library2.110_Library2.110
v -0.522417 -0.009013 -2.131221
v -0.522418 0.623302 -2.131223
v -0.487281 -0.009013 -2.119743
v -0.570055 -0.009013 -2.225088
v -0.554741 -0.125533 -2.073716
v -0.495140 -0.182368 -2.054245
v -0.475996 -0.125536 -2.213803
v -0.635554 -0.125533 -2.232947
v -0.495139 -0.125533 -2.054245
v -0.741389 -0.212205 -1.512104
v -0.676036 -0.212205 -1.490755
v -0.660432 -0.248374 -1.544373
v -0.745196 -0.373092 -1.614441
v -0.783730 -0.373092 -1.502082
v -0.644857 -0.373092 -1.459973
v -0.613665 -0.373092 -1.574557
v -0.335909 -0.125533 -2.135056
v -0.316438 -0.182368 -2.194660
v -0.393414 -0.009013 -2.167383
v -0.316439 -0.125533 -2.194658
v 0.225702 -0.212207 -1.948409
v 0.247050 -0.212207 -2.013761
v 0.193433 -0.248376 -2.029366
v 0.124541 -0.373091 -1.944455
v 0.235180 -0.373091 -1.906106
v 0.276666 -0.373090 -2.045094
v 0.163835 -0.373091 -2.076095
v -0.397250 -0.125533 -2.353889
v -0.381936 -0.009013 -2.202518
v -0.381936 0.623302 -2.202518
v -0.429577 -0.009013 -2.296386
v -0.429577 0.623302 -2.296384
v -0.464712 -0.009013 -2.307863
v -0.464712 0.623302 -2.307863
v -0.558578 -0.009013 -2.260225
v -0.456855 -0.125533 -2.373361
v -0.616084 -0.125533 -2.292549
v -0.456853 -0.182368 -2.373362
v -0.275950 -0.212210 -2.936850
v -0.299355 -0.244339 -2.856421
v -0.302991 -0.373092 -2.981952
v -0.210598 -0.212207 -2.915501
v -0.221610 -0.373092 -2.772248
v -0.164736 -0.373092 -2.937945
v -0.348901 -0.373092 -2.812765
v -0.635556 -0.182368 -2.232947
v -1.177694 -0.212204 -2.479203
v -1.199043 -0.212202 -2.413852
v -1.145424 -0.248372 -2.398246
v -1.074680 -0.373092 -2.482555
v -1.186798 -0.373092 -2.521387
v -1.230548 -0.373092 -2.383140
v -1.116118 -0.373092 -2.351617
v -0.558578 0.623302 -2.260225
v -0.570055 0.623302 -2.225088
v -0.393414 0.623302 -2.167383
v -0.487281 0.623302 -2.119743
vn -0.9556 0.1149 0.2712
vn -0.7832 0.1148 0.6111
vn -0.7862 -0.0000 0.6180
vn -0.9629 -0.0000 0.2698
vn 0.2713 0.1149 0.9556
vn 0.2698 -0.0001 0.9629
vn -0.2715 0.4855 0.8310
vn 0.2208 0.4665 0.8565
vn -0.8565 0.4665 0.2208
vn -0.8068 0.4259 0.4095
vn -0.5520 -0.7794 -0.2965
vn -0.5507 -0.7807 -0.2953
vn -0.5462 -0.7854 -0.2913
vn -0.5917 -0.7344 -0.3326
vn -0.0000 -1.0000 -0.0000
vn -0.0450 0.9894 0.1377
vn -0.1566 0.8526 0.4986
vn -0.1537 0.8514 0.5015
vn -0.2942 0.1303 0.9468
vn 0.1056 0.4316 -0.8959
vn -0.9221 0.2230 -0.3162
vn 0.9583 0.0691 0.2772
vn 0.9586 0.0987 0.2670
vn 0.9437 0.2580 0.2071
vn 0.9582 -0.0143 0.2859
vn 0.9606 -0.0136 0.2775
vn 0.6111 0.1149 0.7832
vn 0.5609 0.4665 0.6840
vn 0.9929 -0.0000 0.1191
vn -0.2953 -0.7807 0.5507
vn -0.2965 -0.7794 0.5520
vn -0.3326 -0.7344 0.5916
vn -0.2913 -0.7854 0.5462
vn 0.9556 0.1149 -0.2713
vn 0.8565 0.4665 -0.2208
vn 0.1377 0.9894 0.0450
vn 0.4999 0.8519 0.1558
vn 0.5014 0.8510 0.1563
vn 0.9483 0.1252 0.2916
vn -0.8986 0.4267 -0.1023
vn -0.3192 0.2234 0.9210
vn 0.2778 0.0684 -0.9582
vn 0.2679 0.0975 -0.9585
vn 0.2081 0.2579 -0.9435
vn 0.2859 -0.0143 -0.9582
vn 0.2775 -0.0136 -0.9606
vn 0.7832 0.1149 -0.6111
vn 0.6838 0.4665 -0.5610
vn 0.1191 -0.0000 -0.9929
vn 0.9629 -0.0001 -0.2698
vn 0.6180 -0.0000 0.7862
vn 0.7862 -0.0000 -0.6180
vn -0.2713 0.1149 -0.9556
vn -0.2698 -0.0001 -0.9629
vn -0.2208 0.4665 -0.8565
vn -0.6111 0.1149 -0.7831
vn -0.6180 -0.0000 -0.7862
vn -0.5609 0.4665 -0.6839
vn 0.0450 0.9894 -0.1378
vn 0.1553 0.8622 -0.4821
vn 0.1560 0.8607 -0.4846
vn -0.9929 -0.0000 -0.1191
vn -0.9608 -0.0209 -0.2764
vn -0.9583 -0.0221 -0.2850
vn -0.9534 0.1580 -0.2570
vn -0.9571 0.0800 -0.2786
vn -0.9408 0.2499 -0.2291
vn 0.2986 0.2128 -0.9303
vn 0.5537 -0.7779 0.2973
vn 0.5524 -0.7792 0.2961
vn 0.5480 -0.7838 0.2921
vn -0.0087 0.5435 0.8394
vn 0.9229 0.2189 0.3168
vn 0.5916 -0.7344 0.3326
vn 0.2953 -0.7807 -0.5507
vn 0.2965 -0.7794 -0.5520
vn 0.3326 -0.7344 -0.5917
vn 0.2913 -0.7854 -0.5462
vn -0.1377 0.9894 -0.0450
vn -0.4977 0.8525 -0.1599
vn -0.4993 0.8516 -0.1599
vn -0.9444 0.1300 -0.3020
vn 0.8950 0.4317 0.1124
vn 0.3190 0.2234 -0.9210
vn -0.2779 0.0688 0.9581
vn -0.2678 0.0986 0.9584
vn -0.2093 0.2571 0.9435
vn -0.2859 -0.0143 0.9582
vn -0.2775 -0.0136 0.9606
vn -0.1191 -0.0000 0.9929
vt 0.311142 0.315083
vt 0.311142 0.318512
vt 0.295602 0.318512
vt 0.295602 0.315083
vt 0.311142 0.319655
vt 0.295602 0.319655
vt 0.321003 0.322188
vt 0.319679 0.322188
vt 0.319218 0.317580
vt 0.321464 0.317582
vt 0.312301 0.315348
vt 0.312301 0.311865
vt 0.316543 0.310587
vt 0.316633 0.316495
vt -0.708335 0.309101
vt -0.706146 0.309321
vt -0.706146 0.328029
vt -0.708207 0.328029
vt -0.706146 0.305114
vt 0.321009 0.313473
vt -0.710031 0.309077
vt -0.709992 0.328029
vt 0.316163 0.324223
vt 0.316482 0.326245
vt 0.312207 0.328096
vt 0.312319 0.325006
vt 0.318069 0.322249
vt 0.315482 0.322682
vt 0.312085 0.320894
vt 0.314763 0.318107
vt 0.317977 0.317594
vt -0.711474 0.309259
vt -0.711474 0.328029
vt -0.687699 0.315348
vt -0.687699 0.311865
vt -0.683457 0.310587
vt -0.683367 0.316495
vt -0.678991 0.313473
vt -0.711474 0.304998
vt 0.293854 0.309321
vt 0.291665 0.309101
vt 0.293854 0.305114
vt 0.293854 0.328029
vt 0.291793 0.328029
vt -0.678996 0.322188
vt -0.680321 0.322188
vt -0.680782 0.317582
vt -0.678536 0.317582
vt 0.289969 0.309077
vt 0.290008 0.328029
vt -0.683837 0.324223
vt -0.683520 0.326286
vt -0.687793 0.328096
vt -0.687681 0.325006
vt -0.681931 0.322249
vt -0.684518 0.322682
vt -0.687915 0.320894
vt -0.685237 0.318107
vt -0.682023 0.317594
vt 0.288526 0.309259
vt 0.288526 0.328029
vt 0.288526 0.304998
vt 0.311142 0.323085
vt 0.311142 0.324228
vt 0.295602 0.324228
vt 0.295602 0.323085
vt 0.311142 0.327657
vt 0.295602 0.327657
vt 0.311142 0.309367
vt 0.311142 0.310511
vt 0.295602 0.310511
vt 0.295602 0.309367
vt -0.678997 0.322188
vt 0.311142 0.313940
vt 0.295602 0.313940
vt -0.683483 0.326234
s 1
g off
g Library2.110_Material.002
usemtl Material.002
f 1323/1607/953 1320/1608/954 1321/1609/955 1374/1610/956
f 1320/1608/954 1322/1611/957 1376/1612/958 1321/1609/955
f 1322/1613/957 1320/1614/954 1324/1615/959 1328/1616/960
f 1320/1617/954 1323/1618/953 1327/1619/961 1324/1620/962
f 1324/1621/963 1325/1622/964 1331/1623/965 1329/1624/965
f 1325/1622/964 1324/1621/963 1326/1625/966
f 1324/1620/967 1327/1619/967 1326/1626/967
f 1328/1627/968 1324/1621/968 1329/1624/969 1330/1628/970
f 1330/1629/970 1329/1630/969 1333/1631/971 1334/1632/971
f 1329/1633/972 1331/1634/972 1335/1635/972 1332/1636/972
f 1329/1633/973 1332/1636/973 1333/1637/973
f 1331/1634/974 1330/1629/975 1334/1632/976 1335/1635/976
f 1325/1638/977 1328/1627/978 1330/1628/975 1331/1639/974
f 1338/1640/979 1322/1641/957 1328/1642/960 1336/1643/980
f 1336/1643/967 1328/1642/967 1326/1644/967
f 1326/1645/981 1328/1627/978 1325/1638/977
f 1337/1646/982 1336/1647/983 1326/1648/984
f 1336/1647/983 1337/1646/982 1342/1649/985 1340/1650/985
f 1348/1651/986 1338/1652/979 1336/1653/980 1339/1654/987
f 1339/1655/988 1336/1647/988 1340/1650/989 1341/1656/990
f 1341/1657/990 1340/1658/989 1344/1659/991 1345/1660/991
f 1340/1661/992 1342/1662/992 1346/1663/992 1343/1664/992
f 1340/1661/993 1343/1664/993 1344/1665/993
f 1342/1662/994 1341/1657/995 1345/1660/996 1346/1663/996
f 1337/1666/997 1339/1655/998 1341/1656/995 1342/1667/994
f 1350/1640/999 1348/1641/986 1339/1642/987 1347/1643/1000
f 1347/1643/967 1339/1642/967 1326/1644/967
f 1326/1668/1001 1339/1655/998 1337/1666/997
f 1338/1669/979 1348/1670/986 1349/1671/1002 1375/1672/1003
f 1348/1670/986 1350/1673/999 1351/1674/1004 1349/1671/1002
f 1350/1675/999 1352/1676/1005 1353/1677/1006 1351/1678/1004
f 1352/1679/1005 1350/1652/999 1347/1653/1000 1355/1654/1007
f 1352/1676/1005 1354/1680/1008 1373/1681/1009 1353/1677/1006
f 1354/1640/1008 1352/1641/1005 1355/1642/1007 1356/1643/1010
f 1355/1627/1011 1347/1621/1011 1361/1624/1012 1358/1628/1013
f 1356/1643/967 1355/1642/967 1326/1644/967
f 1326/1645/1014 1355/1627/1015 1357/1638/1016
f 1357/1638/1016 1355/1627/1015 1358/1628/1017 1359/1639/1018
f 1359/1662/1018 1358/1657/1017 1360/1660/1019 1364/1663/1019
f 1358/1657/1013 1361/1658/1012 1363/1659/1020 1360/1660/1020
f 1347/1621/1021 1357/1622/1022 1359/1623/1023 1361/1624/1023
f 1361/1661/1024 1359/1662/1024 1364/1663/1024 1362/1664/1024
f 1361/1661/1025 1362/1664/1025 1363/1665/1025
f 1357/1622/1022 1347/1621/1021 1326/1625/1026
f 1365/1622/1027 1356/1621/1028 1326/1625/1029
f 1356/1621/1028 1365/1622/1027 1368/1623/1030 1366/1624/1030
f 1323/1679/953 1354/1652/1008 1356/1653/1010 1327/1654/961
f 1327/1627/1031 1356/1621/1031 1366/1624/1032 1367/1628/1033
f 1367/1657/1033 1366/1682/1032 1370/1659/1034 1371/1660/1034
f 1366/1661/1035 1368/1662/1035 1372/1663/1035 1369/1664/1035
f 1366/1661/1036 1369/1664/1036 1370/1665/1036
f 1368/1662/1037 1367/1657/1038 1371/1660/1039 1372/1663/1039
f 1365/1638/1040 1327/1627/1041 1367/1628/1038 1368/1639/1037
f 1326/1645/1042 1327/1627/1041 1365/1638/1040
f 1354/1680/1008 1323/1607/953 1374/1610/956 1373/1681/1009
f 1322/1611/957 1338/1669/979 1375/1672/1003 1376/1612/958
g Library2.111_Library2.111
v -6.584218 1.636071 4.966988
v -6.584218 9.196251 4.966988
v -6.584220 1.612677 4.839496
v -6.584220 1.612676 -4.690773
v -7.486882 1.612677 4.839496
v -6.584218 1.513915 4.839496
v -6.584218 9.196251 4.839496
v -7.486882 9.196251 4.839496
v -6.584218 1.513914 -4.664687
v -7.486882 1.612676 -4.690772
v -7.486882 9.196251 -4.690773
v -6.584218 9.196251 -4.690773
v -6.584218 9.196251 -4.799990
v -6.584218 1.612676 -4.799988
vn 1.0000 -0.0000 -0.0000
vn -0.0000 1.0000 -0.0000
vn -0.0000 -0.0000 -1.0000
vn -0.0000 -0.0000 1.0000
vt -0.884740 0.083585
vt -0.884740 0.080015
vt -0.666805 0.080015
vt -0.666805 0.083585
vt -0.668642 0.130042
vt -0.856188 0.130042
vt -0.668642 0.114979
vt -0.856188 0.114979
vt -0.884740 0.053457
vt -0.666805 0.053457
vt -0.884740 0.110078
vt -0.666805 0.110078
s 1
g off
g Library2.111_Material.002
usemtl Material.002
f 1377/1683/1043 1379/1684/1043 1383/1685/1043 1378/1686/1043
f 1379/1687/1043 1382/1687/1043 1385/1688/1043 1380/1688/1043
f 1381/1689/1044 1379/1687/1044 1380/1688/1044 1386/1690/1044
f 1379/1684/1045 1381/1691/1045 1384/1692/1045 1383/1685/1045
f 1386/1693/1046 1380/1683/1046 1388/1686/1046 1387/1694/1046
f 1380/1683/1043 1390/1684/1043 1389/1685/1043 1388/1686/1043
g Library2.112_Library2.112
v -6.665862 6.103406 -4.681605
v -6.665862 6.103408 4.819240
v -7.379023 6.103406 -4.681605
v -6.665862 6.219200 -4.681605
v -6.665862 6.219202 4.819240
v -7.379023 6.219200 -4.681605
v -7.379023 6.219202 4.819240
v -7.379023 6.103408 4.819240
vn 1.0000 -0.0000 -0.0000
vn -0.0000 -1.0000 -0.0000
vn -0.0000 1.0000 -0.0000
vt -0.856188 0.127174
vt -0.668642 0.127174
vt -0.668642 0.130042
vt -0.856188 0.130042
vt -0.856188 0.114979
vt -0.668642 0.114979
vt -0.668642 0.140665
vt -0.856188 0.140665
s 1
g off
g Library2.112_Material.002
usemtl Material.002
f 1392/1695/1047 1391/1696/1047 1394/1697/1047 1395/1698/1047
f 1392/1695/1048 1398/1699/1048 1393/1700/1048 1391/1696/1048
f 1394/1697/1049 1396/1701/1049 1397/1702/1049 1395/1698/1049
g Library2.113_Library2.113
v -6.665862 4.266570 -4.681605
v -6.665862 4.266571 4.819240
v -7.379023 4.266570 -4.681605
v -6.665862 4.388724 -4.681605
v -6.665862 4.388727 4.819240
v -7.379023 4.388724 -4.681605
v -7.379023 4.388727 4.819240
v -7.379023 4.266571 4.819240
vn 1.0000 -0.0000 -0.0000
vn -0.0000 -1.0000 -0.0000
vn -0.0000 1.0000 -0.0000
vt -0.856188 0.127174
vt -0.668642 0.127174
vt -0.668642 0.130042
vt -0.856188 0.130042
vt -0.856188 0.114979
vt -0.668642 0.114979
vt -0.668642 0.140665
vt -0.856188 0.140665
s 1
g off
g Library2.113_Material.002
usemtl Material.002
f 1400/1703/1050 1399/1704/1050 1402/1705/1050 1403/1706/1050
f 1400/1703/1051 1406/1707/1051 1401/1708/1051 1399/1704/1051
f 1402/1705/1052 1404/1709/1052 1405/1710/1052 1403/1706/1052
g Library2.114_Library2.114
v -6.665862 2.408997 -4.681605
v -6.665862 2.408998 4.819240
v -7.379023 2.408997 -4.681605
v -6.665862 2.531151 -4.681605
v -6.665862 2.531152 4.819240
v -7.379023 2.531151 -4.681605
v -7.379023 2.531152 4.819240
v -7.379023 2.408998 4.819240
vn 1.0000 -0.0000 -0.0000
vn -0.0000 -1.0000 -0.0000
vn -0.0000 1.0000 -0.0000
vt 0.143812 0.127174
vt 0.331358 0.127174
vt 0.331358 0.130042
vt 0.143812 0.130042
vt 0.143812 0.114979
vt 0.331358 0.114979
vt 0.331358 0.140665
vt 0.143812 0.140665
s 1
g off
g Library2.114_Material.002
usemtl Material.002
f 1408/1711/1053 1407/1712/1053 1410/1713/1053 1411/1714/1053
f 1408/1711/1054 1414/1715/1054 1409/1716/1054 1407/1712/1054
f 1410/1713/1055 1412/1717/1055 1413/1718/1055 1411/1714/1055
g Library2.115_Library2.115
v -6.665862 5.183257 -4.681605
v -6.665862 5.183259 4.819241
v -7.379021 5.183257 -4.681605
v -6.665862 5.305412 -4.681605
v -6.665862 5.305413 4.819241
v -7.379021 5.305412 -4.681605
v -7.379021 5.305413 4.819241
v -7.379021 5.183259 4.819241
vn 1.0000 -0.0000 -0.0000
vn -0.0000 -1.0000 -0.0000
vn -0.0000 1.0000 -0.0000
vt -0.668642 0.130042
vt -0.856188 0.130042
vt -0.856188 0.127174
vt -0.668642 0.127174
vt -0.668642 0.140665
vt -0.856188 0.140665
vt -0.856188 0.114979
vt -0.668642 0.114979
s 1
g off
g Library2.115_Material.002
usemtl Material.002
f 1416/1719/1056 1415/1720/1056 1418/1721/1056 1419/1722/1056
f 1416/1719/1057 1422/1723/1057 1417/1724/1057 1415/1720/1057
f 1418/1721/1058 1420/1725/1058 1421/1726/1058 1419/1722/1058
g Library2.116_Library2.116
v -6.665862 3.325683 -4.681605
v -6.665862 3.325684 4.819241
v -7.379021 3.325683 -4.681605
v -6.665862 3.447839 -4.681605
v -6.665862 3.447839 4.819241
v -7.379021 3.447839 -4.681605
v -7.379021 3.447839 4.819241
v -7.379021 3.325684 4.819241
vn 1.0000 -0.0000 -0.0000
vn -0.0000 -1.0000 -0.0000
vn -0.0000 1.0000 -0.0000
vt -0.668642 0.130042
vt -0.856188 0.130042
vt -0.856188 0.127174
vt -0.668642 0.127174
vt -0.668642 0.140665
vt -0.856188 0.140665
vt -0.856188 0.114979
vt -0.668642 0.114979
s 1
g off
g Library2.116_Material.002
usemtl Material.002
f 1424/1727/1059 1423/1728/1059 1426/1729/1059 1427/1730/1059
f 1424/1727/1060 1430/1731/1060 1425/1732/1060 1423/1728/1060
f 1426/1729/1061 1428/1733/1061 1429/1734/1061 1427/1730/1061
g Library2.117_Library2.117
v -6.665862 7.867754 -4.681606
v -6.665862 7.867756 4.819241
v -7.379021 7.867754 -4.681606
v -6.665862 7.989912 -4.681606
v -6.665862 7.989913 4.819241
v -7.379021 7.989912 -4.681606
v -7.379021 7.989913 4.819241
v -7.379021 7.867756 4.819241
vn 1.0000 -0.0000 -0.0000
vn -0.0000 -1.0000 -0.0000
vn -0.0000 1.0000 -0.0000
vt -0.856188 0.127174
vt -0.668642 0.127174
vt -0.668642 0.130042
vt -0.856188 0.130042
vt -0.856188 0.114979
vt -0.668642 0.114979
vt -0.668642 0.140665
vt -0.856188 0.140665
s 1
g off
g Library2.117_Material.002
usemtl Material.002
f 1432/1735/1062 1431/1736/1062 1434/1737/1062 1435/1738/1062
f 1432/1735/1063 1438/1739/1063 1433/1740/1063 1431/1736/1063
f 1434/1737/1064 1436/1741/1064 1437/1742/1064 1435/1738/1064
g Library2.118_Library2.118
v -6.665862 6.951069 -4.681605
v -6.665862 6.951071 4.819241
v -7.379021 6.951069 -4.681605
v -6.665862 7.073224 -4.681605
v -6.665862 7.073225 4.819241
v -7.379021 7.073224 -4.681605
v -7.379021 7.073225 4.819241
v -7.379021 6.951071 4.819241
vn 1.0000 -0.0000 -0.0000
vn -0.0000 -1.0000 -0.0000
vn -0.0000 1.0000 -0.0000
vt -0.856188 0.127174
vt -0.668642 0.127174
vt -0.668642 0.130042
vt -0.856188 0.130042
vt -0.856188 0.114979
vt -0.668642 0.114979
vt -0.668642 0.140665
vt -0.856188 0.140665
s 1
g off
g Library2.118_Material.002
usemtl Material.002
f 1440/1743/1065 1439/1744/1065 1442/1745/1065 1443/1746/1065
f 1440/1743/1066 1446/1747/1066 1441/1748/1066 1439/1744/1066
f 1442/1745/1067 1444/1749/1067 1445/1750/1067 1443/1746/1067
g Library2.119_Library2.119
v -6.644044 2.493184 -4.733182
v -3.926292 2.493184 -4.733182
v -6.644044 2.371315 -4.817304
v -6.644044 2.591379 -4.844025
v -6.644044 2.578591 -4.895914
v -3.926292 2.591381 -4.844025
v -3.926292 2.578591 -4.895914
v -3.926292 2.371316 -4.817304
v -6.644044 2.371315 -4.870746
v -3.926292 2.371316 -4.870746
vn -0.0000 0.1205 0.9927
vn -0.0000 0.7485 0.6631
vn -0.0000 -0.5681 0.8230
vn -0.0000 0.9709 -0.2393
vn -0.0000 -1.0000 -0.0000
vt -0.096139 0.079154
vt -0.096139 0.083691
vt -0.439586 0.083691
vt -0.439586 0.079154
vt -0.096139 0.074617
vt -0.439586 0.074617
vt -0.096139 0.085329
vt -0.439586 0.085329
vt -0.439586 0.072980
vt -0.096139 0.072980
s 1
g off
g Library2.119_Material.002
usemtl Material.002
f 1448/1751/1068 1452/1752/1069 1450/1753/1069 1447/1754/1068
f 1454/1755/1070 1448/1751/1068 1447/1754/1068 1449/1756/1070
f 1450/1753/1071 1452/1752/1071 1453/1757/1071 1451/1758/1071
f 1455/1759/1072 1456/1760/1072 1454/1755/1072 1449/1756/1072
g Library2.120_Library2.120
v -3.692220 3.429688 -6.165904
v -3.692220 11.781237 -6.165903
v -3.601828 3.429688 -6.216878
v -3.785522 3.429688 -6.211337
v -3.691825 3.400227 -6.153474
v -3.691825 3.286180 -6.153474
v -3.795530 3.400224 -6.203973
v -3.591352 3.400227 -6.210136
v -3.591352 3.286179 -6.210136
v -3.580905 3.400227 -6.325009
v -3.580905 3.286180 -6.325009
v -3.592429 3.429688 -6.320230
v -3.592431 11.781236 -6.320231
v -3.601826 11.781237 -6.216880
v -3.607029 3.254061 -6.314322
v -3.615142 3.254061 -6.225077
v -3.608970 3.071729 -6.313509
v -3.567348 3.032540 -6.330719
v -3.616909 3.071729 -6.226184
v -3.579000 3.032541 -6.202552
v -3.693286 3.071729 -6.183114
v -3.691099 3.032541 -6.139337
v -3.772120 3.071729 -6.221501
v -3.693065 3.254061 -6.177969
v -3.776240 3.254061 -6.218471
v -3.795530 3.286179 -6.203973
v -3.806803 3.032540 -6.195678
v -3.828293 2.902515 -6.179868
v -3.690153 2.902439 -6.112608
v -3.852203 2.862144 -6.162276
v -3.849279 2.723835 -6.164427
v -3.689259 2.862060 -6.082941
v -3.689466 2.723750 -6.086601
v -3.531428 2.861884 -6.171981
v -3.556337 2.902282 -6.188089
v -3.534603 2.723568 -6.173899
v -3.515038 2.861766 -6.352427
v -3.542439 2.902175 -6.341080
v -3.518491 2.723448 -6.350966
v -3.551358 2.649158 -6.339539
v -3.556944 2.649276 -6.183206
v -3.718081 2.528487 -6.289690
v -3.826291 2.649542 -6.189234
v -3.691257 2.649455 -6.120439
v -3.785522 11.781237 -6.211338
vn 0.0302 -0.0000 0.9995
vn -0.4378 -0.0000 0.8991
vn 0.8397 -0.0000 0.5430
vn 0.0279 0.3889 0.9209
vn 0.7735 0.3895 0.5000
vn 0.7733 0.3895 0.5004
vn 0.0276 0.3889 0.9209
vn -0.4101 0.3498 0.8423
vn 0.9325 0.3510 0.0848
vn 0.9959 -0.0000 0.0906
vn 0.9959 -0.0000 0.0905
vn 0.6439 -0.6467 0.4089
vn 0.6427 -0.6466 0.4109
vn 0.7853 -0.6149 0.0714
vn 0.9684 0.2332 0.0881
vn 0.9958 -0.0102 0.0905
vn 0.8427 -0.0156 0.5382
vn 0.8139 0.2547 0.5222
vn 0.5556 0.7517 0.3553
vn 0.6979 0.7134 0.0634
vn 0.0241 0.7455 0.6661
vn 0.0336 0.2430 0.9694
vn 0.0358 -0.0241 0.9991
vn -0.3127 0.6999 0.6422
vn -0.4281 0.2098 0.8791
vn -0.4377 -0.0248 0.8988
vn 0.0311 -0.6203 0.7837
vn -0.3639 -0.5559 0.7474
vn 0.0268 -0.6201 0.7840
vn 0.0293 0.2013 0.9791
vn -0.4307 0.1787 0.8846
vn -0.4156 0.3132 0.8539
vn 0.0290 0.3491 0.9366
vn 0.0250 0.5922 0.8054
vn -0.3666 0.5456 0.7536
vn 0.0301 -0.0264 0.9992
vn -0.4377 -0.0232 0.8988
vn -0.4356 -0.1441 0.8885
vn 0.0234 -0.1432 0.9894
vn 0.6773 0.5919 0.4370
vn 0.7872 0.3495 0.5081
vn 0.8394 -0.0269 0.5428
vn 0.8349 -0.1405 0.5321
vn 0.8350 0.5450 0.0755
vn 0.9456 0.3138 0.0857
vn 0.9956 -0.0240 0.0905
vn 0.9883 -0.1287 0.0821
vn 0.8051 -0.5916 0.0442
vn 0.6564 -0.6184 0.4321
vn 0.2131 -0.8843 0.4154
vn 0.0075 -0.6034 0.7974
vn -0.3704 -0.5646 0.7376
vn 0.9796 0.1802 0.0890
vn 0.8225 0.2022 0.5316
vt 0.555112 0.087971
vt 0.555086 0.090331
vt 0.365212 0.088277
vt 0.365237 0.085917
vt 0.555137 0.085612
vt 0.365263 0.083555
vt 0.356314 0.085904
vt 0.356314 0.083504
vt 0.357024 0.083504
vt 0.357024 0.085904
vt 0.357024 0.088239
vt 0.356314 0.088239
vt 0.353748 0.085904
vt 0.353748 0.083504
vt 0.353748 0.088239
vt 0.356314 0.081204
vt 0.357024 0.081204
vt 0.353748 0.081204
vt 0.555163 0.083253
vt 0.365289 0.081194
vt 0.352886 0.083504
vt 0.352886 0.081204
vt 0.360594 0.081644
vt 0.364771 0.081644
vt 0.364771 0.083674
vt 0.360594 0.083674
vt 0.349869 0.083283
vt 0.350820 0.080586
vt 0.351891 0.081616
vt 0.351132 0.083571
vt 0.349871 0.086021
vt 0.351097 0.085758
vt 0.364771 0.085721
vt 0.360594 0.085721
vt 0.350759 0.088636
vt 0.351787 0.087679
vt 0.360594 0.087785
vt 0.364771 0.087785
vt 0.352886 0.088239
vt 0.352886 0.085904
vt 0.347681 0.089840
vt 0.346988 0.086330
vt 0.345931 0.086411
vt 0.346563 0.090394
vt 0.343126 0.090423
vt 0.342985 0.086530
vt 0.345948 0.082661
vt 0.346999 0.082799
vt 0.342918 0.082625
vt 0.346680 0.078907
vt 0.347780 0.079470
vt 0.343191 0.078590
vt 0.341190 0.079039
vt 0.341190 0.082790
vt 0.336525 0.080502
vt 0.337019 0.088718
vt 0.341241 0.086471
vt 0.341210 0.090046
vt 0.336559 0.085405
s 1
g off
g Library2.120_Material.002
usemtl Material.002
f 1458/1761/1073 1501/1762/1074 1460/1763/1074 1457/1764/1073
f 1470/1765/1075 1458/1761/1073 1457/1764/1073 1459/1766/1075
f 1461/1767/1076 1464/1768/1077 1459/1769/1078 1457/1770/1079
f 1461/1767/1076 1457/1770/1079 1460/1771/1080 1463/1772/1080
f 1462/1773/1073 1465/1774/1075 1464/1768/1075 1461/1767/1073
f 1462/1773/1073 1461/1767/1073 1463/1772/1074 1482/1775/1074
f 1464/1768/1077 1466/1776/1081 1468/1777/1081 1459/1769/1078
f 1465/1774/1075 1467/1778/1082 1466/1776/1082 1464/1768/1075
f 1469/1779/1083 1470/1765/1075 1459/1766/1075 1468/1780/1083
f 1465/1774/1084 1472/1781/1085 1471/1782/1086 1467/1778/1086
f 1473/1783/1087 1471/1784/1088 1472/1785/1089 1475/1786/1090
f 1476/1787/1091 1474/1788/1092 1473/1789/1087 1475/1790/1090
f 1478/1791/1093 1476/1787/1091 1475/1790/1090 1477/1792/1094
f 1475/1786/1090 1472/1785/1089 1480/1793/1095 1477/1794/1094
f 1483/1795/1096 1478/1791/1093 1477/1792/1094 1479/1796/1097
f 1479/1797/1097 1477/1794/1094 1480/1793/1095 1481/1798/1098
f 1462/1773/1099 1482/1775/1100 1481/1799/1100 1480/1800/1101
f 1462/1773/1099 1480/1800/1101 1472/1781/1085 1465/1774/1084
f 1478/1791/1102 1483/1795/1103 1484/1801/1104 1485/1802/1105
f 1488/1803/1106 1485/1802/1105 1484/1801/1104 1486/1804/1107
f 1488/1803/1108 1486/1804/1109 1487/1805/1110 1489/1806/1111
f 1488/1803/1106 1490/1807/1112 1491/1808/1113 1485/1802/1105
f 1490/1807/1114 1488/1803/1108 1489/1806/1111 1492/1809/1115
f 1490/1807/1112 1493/1810/1116 1494/1811/1117 1491/1808/1113
f 1493/1810/1118 1490/1807/1114 1492/1809/1115 1495/1812/1119
f 1496/1813/1120 1495/1812/1119 1492/1809/1115 1497/1814/1121
f 1498/1815/1122 1496/1813/1120 1497/1814/1121
f 1498/1816/1122 1500/1817/1123 1499/1818/1124
f 1498/1819/1122 1497/1814/1121 1500/1817/1123
f 1497/1814/1121 1492/1809/1115 1489/1806/1111 1500/1817/1123
f 1500/1817/1123 1489/1806/1111 1487/1805/1110 1499/1818/1124
f 1474/1788/1125 1476/1787/1126 1491/1808/1113 1494/1811/1117
f 1476/1787/1126 1478/1791/1102 1485/1802/1105 1491/1808/1113
g Library2.121_Library2.121
v -3.365439 -0.264541 4.596518
v -3.368347 -0.117023 4.595978
v -3.574545 -0.266103 5.297410
v -2.814183 -0.253063 4.761004
v -3.023291 -0.254626 5.461899
v -2.817095 -0.105546 4.760468
v -3.026201 -0.107109 5.461360
v -3.577456 -0.118586 5.296871
vn 0.2859 0.0021 -0.9583
vn -0.9581 -0.0199 -0.2859
vn 0.9581 0.0199 0.2859
vn -0.0197 0.9998 -0.0037
vn -0.2859 -0.0021 0.9583
vt 0.110349 0.454630
vt 0.149726 0.454630
vt 0.149726 0.464728
vt 0.110349 0.464727
vt 0.100252 0.454630
vt 0.100252 0.404574
vt 0.110349 0.404574
vt 0.159824 0.454630
vt 0.149726 0.404574
vt 0.159824 0.404574
vt 0.110349 0.394477
vt 0.149727 0.394477
s 1
g off
g Library2.121_Material.002
usemtl Material.002
f 1503/1820/1127 1507/1821/1127 1505/1822/1127 1502/1823/1127
f 1503/1820/1128 1502/1824/1128 1504/1825/1128 1509/1826/1128
f 1505/1827/1129 1507/1821/1129 1508/1828/1129 1506/1829/1129
f 1509/1826/1130 1508/1828/1130 1507/1821/1130 1503/1820/1130
f 1504/1830/1131 1506/1831/1131 1508/1828/1131 1509/1826/1131
g Library2.122_Library2.122
v -3.926292 3.412615 4.865394
v -6.644044 3.412615 4.865394
v -3.926292 3.290745 4.949513
v -3.926292 3.510810 4.976233
v -3.926292 3.498021 5.028122
v -6.644044 3.510812 4.976233
v -6.644044 3.498021 5.028122
v -6.644044 3.290747 4.949513
v -3.926292 3.290745 5.002954
v -6.644044 3.290747 5.002954
vn -0.0000 0.1205 -0.9927
vn -0.0000 0.7485 -0.6631
vn -0.0000 -0.5681 -0.8230
vn -0.0000 0.9709 0.2393
vn -0.0000 -1.0000 -0.0000
vt -0.096139 0.079154
vt -0.096139 0.083691
vt -0.439586 0.083691
vt -0.439586 0.079154
vt -0.096139 0.074617
vt -0.439586 0.074617
vt -0.096139 0.085329
vt -0.439586 0.085329
vt -0.439586 0.072980
vt -0.096139 0.072980
s 1
g off
g Library2.122_Material.002
usemtl Material.002
f 1511/1832/1132 1515/1833/1133 1513/1834/1133 1510/1835/1132
f 1517/1836/1134 1511/1832/1132 1510/1835/1132 1512/1837/1134
f 1513/1834/1135 1515/1833/1135 1516/1838/1135 1514/1839/1135
f 1518/1840/1136 1519/1841/1136 1517/1836/1136 1512/1837/1136
g Library2.123_Library2.123
v 1.439938 2.738611 -4.627719
v 1.449427 2.726698 -4.663134
v 1.749826 2.738611 -4.545061
v 1.439938 2.703393 -4.627719
v 1.130010 2.738611 -4.710387
v 1.130010 2.703393 -4.710387
v 1.139543 2.726699 -4.745791
v 1.104891 2.737757 -4.695067
v 1.097307 2.726698 -4.731816
v 1.104891 2.704248 -4.695067
v 1.090005 2.736902 -4.672941
v 1.055384 2.737225 -4.584807
v 1.063186 2.726698 -4.700463
v 1.090005 2.705101 -4.672941
v 1.055383 2.704779 -4.584807
v 1.063768 2.710943 -4.689381
v 1.019391 2.710573 -4.585618
v 1.095934 2.710065 -4.719718
v 1.136443 2.709186 -4.733780
v 1.446331 2.709185 -4.651122
v 1.756259 2.709186 -4.568453
v 1.749826 2.703393 -4.545062
v 1.759361 2.726699 -4.580466
v 1.779818 2.709890 -4.543051
v 1.796771 2.710943 -4.492973
v 1.784173 2.726699 -4.554572
v 1.762041 2.704077 -4.523757
v 1.765600 2.705102 -4.491917
v 1.762041 2.737928 -4.523757
v 1.765600 2.736903 -4.491917
v 1.802585 2.726699 -4.502342
v 1.751514 2.737226 -4.398280
v 1.751514 2.704779 -4.398280
v 1.789258 2.726699 -4.388167
v 1.783321 2.710573 -4.380924
v 1.017640 2.726698 -4.594921
vn 0.0796 0.9511 -0.2986
vn 0.1982 0.6361 -0.7458
vn 0.1621 0.6293 -0.7601
vn 0.0501 0.9526 -0.3001
vn 0.1011 0.9522 -0.2883
vn 0.2309 0.6278 -0.7433
vn -0.1989 -0.6363 0.7454
vn -0.2221 -0.6670 0.7112
vn -0.3056 -0.0000 0.9522
vn -0.2577 -0.0000 0.9662
vn -0.1994 -0.0000 0.9799
vn -0.1555 -0.6703 0.7256
vn 0.6762 -0.0000 0.7367
vn 0.3748 -0.8275 0.4181
vn -0.1990 0.9520 -0.2327
vn -0.4233 0.5387 -0.7284
vn -0.5949 0.7157 -0.3658
vn -0.2448 0.9620 -0.1209
vn 0.9117 -0.0000 0.4108
vn 0.4983 -0.8391 0.2182
vn 0.9308 -0.0000 0.3656
vn 0.4604 -0.8703 0.1750
vn -0.7022 0.6456 -0.3001
vn -0.2484 0.9630 -0.1044
vn -0.1642 -0.9839 -0.0712
vn -0.1668 -0.9825 -0.0827
vn -0.1503 -0.9721 -0.1799
vn -0.8338 -0.3381 -0.4365
vn -0.8749 -0.3047 -0.3764
vn -0.4817 -0.4917 -0.7254
vn 0.0484 -0.9732 -0.2248
vn 0.1476 -0.5796 -0.8014
vn 0.0599 -0.9727 -0.2244
vn 0.2103 -0.5780 -0.7885
vn 0.0685 -0.9731 -0.2200
vn 0.2585 -0.5790 -0.7733
vn 0.2194 -0.9722 -0.0822
vn -0.5115 -0.8433 0.1650
vn 0.7302 0.5410 -0.4173
vn 0.7859 -0.4826 -0.3866
vn 0.1866 -0.9824 0.0086
vn -0.5399 -0.8402 -0.0503
vn 0.7087 0.7042 -0.0425
vn 0.9424 -0.3338 0.0202
vn -0.9560 -0.0000 0.2933
vn -0.9967 -0.0000 -0.0816
vn 0.2924 0.9510 -0.1003
vn 0.2743 0.9616 0.0122
vn -0.4838 -0.8717 -0.0783
vn -0.9889 -0.0000 -0.1488
vn 0.2673 0.9630 0.0338
vn 0.7548 0.6497 0.0909
vn 0.9499 -0.2918 0.1120
vn 0.1765 -0.9841 0.0203
vt 0.491582 0.171386
vt 0.497063 0.171381
vt 0.497313 0.217071
vt 0.491737 0.217809
vt 0.491756 0.124971
vt 0.497328 0.125758
vt 0.486512 0.171385
vt 0.486755 0.125655
vt 0.486683 0.217166
vt 0.490198 0.222310
vt 0.485686 0.220675
vt 0.495783 0.222248
vt 0.493481 0.227733
vt 0.488149 0.225999
vt 0.484190 0.223764
vt 0.480107 0.237235
vt 0.476377 0.234612
vt 0.484315 0.241074
vt 0.455660 0.116612
vt 0.455667 0.111450
vt 0.470404 0.117324
vt 0.468279 0.121171
vt 0.475004 0.121212
vt 0.471646 0.123007
vt 0.472646 0.115776
vt 0.457588 0.109634
vt 0.477791 0.120278
vt 0.477813 0.126292
vt 0.474307 0.126250
vt 0.480828 0.126179
vt 0.478264 0.171457
vt 0.474747 0.171453
vt 0.481289 0.171429
vt 0.477989 0.216629
vt 0.474479 0.216606
vt 0.481005 0.216727
vt 0.475729 0.220721
vt 0.472198 0.219294
vt 0.478556 0.221628
vt 0.470363 0.225533
vt 0.468209 0.221681
vt 0.472632 0.227023
vt 0.485929 0.122764
vt 0.490541 0.121146
vt 0.484172 0.118978
vt 0.488169 0.116719
vt 0.496193 0.121676
vt 0.493529 0.115022
vt 0.476377 0.108038
vt 0.480226 0.105422
vt 0.484476 0.101636
vt 0.457707 0.233426
vt 0.455752 0.231655
vt 0.455643 0.226457
s 1
g off
g Library2.123_Material.002
usemtl Material.002
f 1520/1842/1137 1521/1843/1138 1526/1844/1139 1524/1845/1140
f 1520/1842/1137 1522/1846/1141 1542/1847/1142 1521/1843/1138
f 1523/1848/1143 1541/1849/1144 1522/1846/1145 1520/1842/1146
f 1523/1848/1143 1520/1842/1146 1524/1845/1147 1525/1850/1148
f 1527/1851/1149 1529/1852/1150 1525/1850/1148 1524/1845/1147
f 1527/1851/1151 1524/1845/1140 1526/1844/1139 1528/1853/1152
f 1532/1854/1153 1530/1855/1154 1527/1851/1151 1528/1853/1152
f 1530/1855/1155 1533/1856/1156 1529/1852/1150 1527/1851/1149
f 1531/1857/1157 1534/1858/1158 1533/1856/1156 1530/1855/1155
f 1555/1859/1159 1531/1857/1160 1530/1855/1154 1532/1854/1153
f 1534/1860/1158 1536/1861/1161 1535/1862/1162 1533/1863/1156
f 1533/1863/1156 1535/1862/1162 1537/1864/1163 1529/1865/1150
f 1532/1866/1153 1535/1862/1164 1536/1861/1165 1555/1867/1159
f 1528/1868/1152 1537/1864/1166 1535/1862/1164 1532/1866/1153
f 1529/1865/1150 1537/1864/1163 1538/1869/1167 1525/1870/1148
f 1526/1871/1139 1538/1869/1168 1537/1864/1166 1528/1868/1152
f 1539/1872/1169 1523/1873/1143 1525/1870/1148 1538/1869/1167
f 1538/1869/1168 1526/1871/1139 1521/1874/1138 1539/1872/1170
f 1539/1872/1169 1540/1875/1171 1541/1876/1144 1523/1873/1143
f 1540/1875/1172 1539/1872/1170 1521/1874/1138 1542/1877/1142
f 1543/1878/1173 1546/1879/1174 1541/1876/1144 1540/1875/1171
f 1542/1877/1142 1545/1880/1175 1543/1878/1176 1540/1875/1172
f 1544/1881/1177 1547/1882/1178 1546/1879/1174 1543/1878/1173
f 1543/1878/1176 1545/1880/1175 1550/1883/1179 1544/1881/1180
f 1546/1884/1174 1548/1885/1181 1522/1846/1145 1541/1849/1144
f 1547/1886/1178 1549/1887/1182 1548/1885/1181 1546/1884/1174
f 1545/1888/1175 1542/1847/1142 1522/1846/1141 1548/1885/1183
f 1549/1887/1184 1550/1889/1179 1545/1888/1175 1548/1885/1183
f 1552/1890/1185 1551/1891/1186 1549/1887/1182 1547/1886/1178
f 1551/1891/1187 1553/1892/1188 1550/1889/1179 1549/1887/1184
f 1550/1883/1179 1553/1893/1188 1554/1894/1189 1544/1881/1180
f 1554/1894/1190 1552/1895/1185 1547/1882/1178 1544/1881/1177
g Library2.124_Library2.124
v 1.239142 1.728210 -4.855549
v 1.267107 1.802216 -4.828122
v 1.156173 1.728210 -4.568030
v 1.526660 1.728210 -4.938517
v 1.717898 1.728210 -4.783656
v 1.516351 1.802218 -4.900044
v 1.682131 1.802218 -4.765799
v 1.489804 1.862889 -4.800968
v 1.591076 1.862889 -4.718957
v 1.490513 1.902533 -4.803615
v 1.337542 1.862889 -4.757029
v 1.293606 1.862889 -4.604768
v 1.335616 1.902533 -4.758917
v 1.290920 1.902533 -4.604021
v 1.376128 1.949580 -4.719185
v 1.347431 1.949580 -4.619734
v 1.475580 1.949580 -4.747884
v 1.392047 2.006209 -4.703573
v 1.369637 2.006209 -4.625909
v 1.469712 2.006209 -4.725984
v 1.375814 2.065945 -4.719493
v 1.346992 2.065945 -4.619613
v 1.475697 2.065944 -4.748315
v 1.407611 2.103525 -4.688310
v 1.391346 2.103525 -4.631946
v 1.463975 2.103525 -4.704576
v 1.407611 2.131909 -4.688310
v 1.391346 2.131910 -4.631946
v 1.463975 2.131909 -4.704575
v 1.382983 2.201165 -4.712267
v 1.357106 2.201165 -4.622589
v 1.472661 2.201164 -4.738144
v 1.381691 2.269739 -4.713893
v 1.355097 2.269740 -4.621730
v 1.473854 2.269738 -4.740487
v 1.416044 2.325338 -4.680040
v 1.403110 2.325338 -4.635216
v 1.460867 2.325338 -4.692972
v 1.416127 2.348398 -4.679757
v 1.403342 2.348398 -4.635449
v 1.460434 2.348398 -4.692542
v 1.395294 2.404042 -4.700389
v 1.374166 2.404041 -4.627169
v 1.468515 2.404042 -4.721518
v 1.433961 2.684842 -4.662467
v 1.428102 2.684842 -4.642167
v 1.454261 2.684842 -4.668323
v 1.427889 2.761241 -4.668422
v 1.419633 2.761241 -4.639812
v 1.456501 2.761241 -4.676678
v 1.448760 2.781063 -4.647791
v 1.475531 2.761241 -4.661267
v 1.435043 2.761240 -4.620782
v 1.459496 2.761240 -4.619502
v 1.476810 2.761240 -4.636815
v 1.468672 2.684842 -4.640041
v 1.467764 2.684842 -4.657391
v 1.520494 2.404042 -4.619500
v 1.456388 2.684843 -4.627756
v 1.476184 2.404042 -4.575188
v 1.439037 2.684843 -4.628665
v 1.413604 2.404042 -4.578469
v 1.427206 2.348398 -4.605980
v 1.427252 2.325338 -4.605403
v 1.465074 2.348398 -4.603995
v 1.465561 2.325338 -4.603394
v 1.491889 2.348398 -4.630809
v 1.492689 2.325338 -4.630522
v 1.489903 2.348398 -4.668678
v 1.517216 2.404041 -4.682080
v 1.490680 2.325338 -4.668832
v 1.535154 2.269739 -4.690847
v 1.532310 2.201165 -4.689843
v 1.539282 2.269740 -4.612078
v 1.536326 2.201165 -4.613196
v 1.483506 2.269740 -4.556303
v 1.482054 2.201165 -4.558927
v 1.404737 2.269740 -4.560431
v 1.405407 2.201165 -4.562942
v 1.421705 2.131909 -4.594456
v 1.469879 2.131909 -4.591931
v 1.421705 2.103525 -4.594456
v 1.469879 2.103525 -4.591931
v 1.400790 2.065945 -4.553179
v 1.486157 2.065945 -4.548705
v 1.411468 2.006209 -4.574252
v 1.477847 2.006209 -4.570774
v 1.400996 1.949580 -4.553586
v 1.485996 1.949580 -4.549131
v 1.374348 1.902533 -4.500994
v 1.375614 1.862889 -4.503493
v 1.506736 1.902533 -4.494057
v 1.600477 1.902533 -4.587797
v 1.505751 1.862889 -4.496674
v 1.597897 1.862889 -4.588820
v 1.542456 1.802218 -4.401934
v 1.329431 1.802218 -4.413098
v 1.693294 1.802218 -4.552773
v 1.556774 1.728210 -4.363916
v 1.311035 1.728210 -4.376793
v 1.730774 1.728210 -4.537917
v 1.195184 1.802216 -4.578878
v 1.593540 1.902533 -4.720185
v 1.546184 1.949580 -4.609318
v 1.541729 1.949580 -4.694318
v 1.524848 2.006209 -4.617774
v 1.521368 2.006209 -4.684153
v 1.546602 2.065945 -4.609151
v 1.542130 2.065945 -4.694519
v 1.503991 2.103525 -4.626041
v 1.501466 2.103525 -4.674216
v 1.503991 2.131910 -4.626041
v 1.501466 2.131909 -4.674216
vn 0.1243 0.4712 -0.8732
vn 0.1398 0.4720 -0.8705
vn -0.6257 0.4678 -0.6242
vn -0.6239 0.4678 -0.6261
vn -0.8671 0.4777 0.1409
vn -0.8704 0.4768 0.1228
vn 0.7835 0.4752 -0.4004
vn 0.7843 0.4753 -0.3988
vn 0.4545 0.8603 -0.2308
vn 0.4538 0.8603 -0.2321
vn 0.0874 0.8598 -0.5031
vn 0.0693 0.8589 -0.5074
vn -0.3663 0.8551 -0.3669
vn -0.3670 0.8551 -0.3662
vn 0.8889 -0.0692 -0.4528
vn 0.8888 -0.0692 -0.4530
vn 0.1470 -0.0685 -0.9868
vn 0.1494 -0.0685 -0.9864
vn -0.7053 -0.0679 -0.7056
vn -0.7056 -0.0679 -0.7053
vn -0.9867 -0.0696 0.1467
vn -0.9863 -0.0696 0.1496
vn -0.5061 0.8581 0.0870
vn -0.5100 0.8573 0.0701
vn -0.5247 0.6698 -0.5255
vn -0.4527 0.7698 -0.4500
vn -0.6183 0.7786 0.1073
vn -0.7270 0.6785 0.1052
vn 0.1065 0.6727 -0.7322
vn 0.1064 0.7737 -0.6246
vn -0.6571 0.3663 -0.6588
vn -0.9180 0.3743 0.1312
vn 0.1324 0.3694 -0.9198
vn -0.6615 -0.3557 -0.6603
vn -0.6600 -0.3557 -0.6617
vn -0.9222 -0.3635 0.1320
vn -0.9198 -0.3641 0.1463
vn 0.1454 -0.3592 -0.9219
vn 0.1331 -0.3587 -0.9239
vn -0.4551 0.7642 -0.4570
vn -0.4574 0.7643 -0.4546
vn -0.6249 0.7731 0.1083
vn -0.6301 0.7718 0.0857
vn 0.0877 0.7671 -0.6355
vn 0.1073 0.7682 -0.6312
vn -0.6584 -0.3617 -0.6600
vn -0.7071 -0.0000 -0.7071
vn -0.9889 -0.0000 0.1485
vn -0.9198 -0.3696 0.1322
vn 0.1339 -0.3625 -0.9223
vn 0.1485 -0.0000 -0.9889
vn -0.6915 -0.2156 -0.6894
vn -0.9639 -0.2212 0.1479
vn 0.1464 -0.2201 -0.9644
vn -0.9528 0.2636 0.1504
vn -0.6835 0.2563 -0.6835
vn 0.1508 0.2579 -0.9543
vn -0.5334 0.6553 -0.5348
vn -0.7406 0.6642 0.1018
vn 0.1032 0.6600 -0.7441
vn -0.9892 0.0121 0.1463
vn -0.7084 0.0112 -0.7057
vn -0.7057 0.0112 -0.7084
vn -0.9885 0.0115 0.1508
vn 0.1443 0.0212 -0.9893
vn 0.1527 0.0214 -0.9880
vn -0.7063 0.0599 -0.7054
vn -0.6250 -0.4662 -0.6261
vn -0.8714 -0.4751 0.1224
vn -0.9862 0.0613 0.1540
vn 0.1534 0.0595 -0.9864
vn 0.1231 -0.4724 -0.8728
vn -0.6939 0.1894 -0.6948
vn -0.9707 0.1940 0.1420
vn 0.1426 0.1912 -0.9711
vn -0.7030 -0.1106 -0.7026
vn -0.7025 -0.1106 -0.7030
vn -0.9829 -0.1135 0.1453
vn -0.9822 -0.1135 0.1500
vn 0.1497 -0.1118 -0.9824
vn 0.1457 -0.1118 -0.9830
vn -0.0327 0.9989 -0.0345
vn -0.3962 0.8287 -0.3954
vn -0.5422 0.8349 0.0947
vn 0.0942 0.8325 -0.5460
vn 0.4917 0.8341 -0.2500
vn 0.5130 0.8353 0.1976
vn -0.2485 0.8368 0.4880
vn 0.1961 0.8365 0.5117
vn 0.9274 -0.1138 0.3564
vn 0.9276 -0.1138 0.3558
vn 0.8852 -0.1129 -0.4513
vn 0.8854 -0.1129 -0.4509
vn 0.3559 -0.1147 0.9275
vn 0.3562 -0.1147 0.9273
vn 0.9159 0.1947 0.3510
vn 0.9317 0.0582 0.3585
vn 0.8898 0.0579 -0.4527
vn 0.8740 0.1931 -0.4458
vn 0.3517 0.1962 0.9153
vn 0.3575 0.0590 0.9320
vn -0.4452 0.1965 0.8736
vn -0.4528 0.0599 0.8896
vn -0.4509 -0.1149 0.8851
vn -0.4510 -0.1149 0.8851
vn -0.3985 -0.4829 0.7797
vn 0.3132 -0.4852 0.8164
vn 0.3556 0.0318 0.9341
vn -0.4569 0.0213 0.8892
vn -0.4509 0.0214 0.8923
vn 0.3606 0.0319 0.9322
vn 0.8175 -0.4838 0.3124
vn 0.9329 0.0368 0.3583
vn 0.9330 0.0368 0.3579
vn 0.7810 -0.4797 -0.3998
vn 0.8894 0.0330 -0.4559
vn 0.8916 0.0330 -0.4516
vn 0.6939 0.6695 0.2652
vn 0.9002 0.2640 0.3463
vn 0.8605 0.2629 -0.4364
vn 0.6641 0.6659 -0.3400
vn 0.8675 -0.2265 -0.4428
vn 0.9085 -0.2290 0.3495
vn 0.2659 0.6716 0.6916
vn 0.3461 0.2669 0.8994
vn 0.3473 -0.2295 0.9092
vn -0.3375 0.6708 0.6604
vn -0.4355 0.2698 0.8588
vn -0.4434 -0.2279 0.8669
vn -0.4212 -0.3707 0.8277
vn 0.3342 -0.3679 0.8677
vn -0.4540 -0.0000 0.8910
vn 0.3583 -0.0000 0.9336
vn -0.2860 0.7763 0.5618
vn -0.2866 0.7763 0.5615
vn 0.2256 0.7757 0.5894
vn 0.2268 0.7757 0.5890
vn -0.4224 -0.3678 0.8285
vn -0.4220 -0.3678 0.8286
vn 0.3340 -0.3672 0.8681
vn 0.3329 -0.3672 0.8685
vn -0.3330 0.6802 0.6531
vn -0.4204 0.3787 0.8246
vn 0.2635 0.6795 0.6847
vn 0.3324 0.3781 0.8640
vn -0.2830 0.7816 0.5559
vn 0.2232 0.7811 0.5832
vn -0.4528 -0.0705 0.8888
vn -0.4529 -0.0705 0.8888
vn 0.3576 -0.0704 0.9312
vn 0.3574 -0.0704 0.9313
vn 0.5850 0.7787 0.2267
vn 0.6876 0.6766 0.2634
vn 0.9314 -0.0698 0.3573
vn 0.9312 -0.0698 0.3577
vn -0.2327 0.8584 0.4572
vn -0.2330 0.8584 0.4571
vn 0.1840 0.8586 0.4785
vn 0.1832 0.8586 0.4788
vn 0.4776 0.8594 0.1825
vn 0.4770 0.8594 0.1841
vn -0.3981 0.4819 0.7806
vn -0.3976 0.4819 0.7808
vn 0.3136 0.4812 0.8186
vn 0.3149 0.4812 0.8181
vn 0.8195 0.4784 0.3156
vn 0.8201 0.4784 0.3139
vn 0.5625 0.7761 -0.2849
vn 0.6585 0.6734 -0.3360
vn 0.8656 0.3756 0.3311
vn 0.8264 0.3729 -0.4220
vn 0.8697 -0.3647 0.3326
vn 0.8690 -0.3647 0.3345
vn 0.8302 -0.3621 -0.4239
vn 0.8308 -0.3621 -0.4226
vn 0.5913 0.7733 0.2288
vn 0.5924 0.7733 0.2260
vn 0.5683 0.7707 -0.2883
vn 0.5671 0.7707 -0.2906
vn 0.9336 -0.0000 0.3584
vn 0.8697 -0.3644 0.3329
vn 0.8910 -0.0000 -0.4540
vn 0.8303 -0.3624 -0.4233
vt 0.515609 0.183527
vt 0.515584 0.190048
vt 0.506858 0.190048
vt 0.506870 0.183527
vt 0.558245 0.183527
vt 0.558232 0.190048
vt 0.549506 0.190048
vt 0.549492 0.183527
vt 0.522463 0.183527
vt 0.522447 0.190048
vt 0.522605 0.178181
vt 0.515733 0.178181
vt 0.506853 0.178181
vt 0.522601 0.174687
vt 0.515727 0.174687
vt 0.506852 0.174687
vt 0.558226 0.174687
vt 0.558228 0.178181
vt 0.549353 0.178181
vt 0.549357 0.174687
vt 0.558270 0.170541
vt 0.549221 0.170541
vt 0.515901 0.170541
vt 0.506895 0.170541
vt 0.558306 0.165551
vt 0.549111 0.165551
vt 0.516039 0.165551
vt 0.506931 0.165551
vt 0.558270 0.160287
vt 0.549222 0.160287
vt 0.515899 0.160287
vt 0.506895 0.160287
vt 0.558370 0.156975
vt 0.548915 0.156975
vt 0.516279 0.156975
vt 0.506995 0.156975
vt 0.558370 0.154474
vt 0.548915 0.154474
vt 0.516279 0.154474
vt 0.506995 0.154474
vt 0.558270 0.148371
vt 0.549193 0.148371
vt 0.515928 0.148371
vt 0.506895 0.148371
vt 0.549177 0.142329
vt 0.558291 0.142329
vt 0.506916 0.142329
vt 0.515961 0.142329
vt 0.558435 0.137429
vt 0.548725 0.137429
vt 0.516506 0.137429
vt 0.507060 0.137429
vt 0.548750 0.135397
vt 0.558407 0.135397
vt 0.507032 0.135397
vt 0.516464 0.135397
vt 0.558316 0.130494
vt 0.549080 0.130494
vt 0.516077 0.130494
vt 0.506941 0.130494
vt 0.558915 0.105750
vt 0.547460 0.105750
vt 0.517879 0.105750
vt 0.507540 0.105750
vt 0.558636 0.099017
vt 0.548162 0.099017
vt 0.517146 0.099017
vt 0.507262 0.099017
vt 0.530825 0.097271
vt 0.496788 0.099017
vt 0.523639 0.099017
vt 0.529457 0.099017
vt 0.541177 0.099017
vt 0.535142 0.099017
vt 0.529536 0.105750
vt 0.524087 0.105750
vt 0.534853 0.105750
vt 0.529317 0.130494
vt 0.522882 0.130494
vt 0.535645 0.130494
vt 0.540555 0.105750
vt 0.542152 0.130494
vt 0.541790 0.135397
vt 0.535459 0.135397
vt 0.541750 0.137429
vt 0.535429 0.137429
vt 0.529385 0.135397
vt 0.529378 0.137429
vt 0.523182 0.135397
vt 0.523203 0.137429
vt 0.529294 0.142329
vt 0.522787 0.142329
vt 0.522769 0.148371
vt 0.529301 0.148371
vt 0.535703 0.142329
vt 0.535729 0.148371
vt 0.542265 0.142329
vt 0.542296 0.148371
vt 0.541961 0.154474
vt 0.535541 0.154474
vt 0.541961 0.156975
vt 0.535541 0.156975
vt 0.542324 0.160287
vt 0.535741 0.160287
vt 0.542189 0.165551
vt 0.535665 0.165551
vt 0.542322 0.170541
vt 0.535740 0.170541
vt 0.542493 0.174687
vt 0.535838 0.174687
vt 0.542488 0.178181
vt 0.535835 0.178181
vt 0.529262 0.174687
vt 0.529290 0.170541
vt 0.529263 0.178181
vt 0.542619 0.183527
vt 0.535876 0.183527
vt 0.529192 0.183527
vt 0.542643 0.190048
vt 0.535895 0.190048
vt 0.529195 0.190048
vt 0.522743 0.170541
vt 0.529311 0.165551
vt 0.522852 0.165551
vt 0.529290 0.160287
vt 0.522741 0.160287
vt 0.529346 0.156975
vt 0.523036 0.156975
vt 0.529346 0.154474
vt 0.523036 0.154474
s 1
g off
g Library2.124_Material.002
usemtl Material.002
f 1561/1896/1191 1559/1897/1192 1556/1898/1193 1557/1899/1194
f 1557/1900/1194 1556/1901/1193 1558/1902/1195 1657/1903/1196
f 1562/1904/1197 1560/1905/1198 1559/1897/1192 1561/1896/1191
f 1564/1906/1199 1562/1904/1200 1561/1896/1201 1563/1907/1202
f 1563/1907/1202 1561/1896/1201 1557/1899/1203 1566/1908/1204
f 1658/1909/1205 1564/1906/1206 1563/1907/1207 1565/1910/1208
f 1565/1910/1208 1563/1907/1207 1566/1908/1209 1568/1911/1210
f 1568/1912/1210 1566/1913/1209 1567/1914/1211 1569/1915/1212
f 1566/1913/1204 1557/1900/1203 1657/1903/1213 1567/1914/1214
f 1570/1916/1215 1568/1912/1216 1569/1915/1217 1571/1917/1218
f 1572/1918/1219 1565/1910/1220 1568/1911/1216 1570/1919/1215
f 1573/1920/1221 1570/1916/1215 1571/1917/1218 1574/1921/1222
f 1575/1922/1223 1572/1918/1219 1570/1919/1215 1573/1923/1221
f 1576/1924/1224 1573/1920/1225 1574/1921/1226 1577/1925/1227
f 1578/1926/1228 1575/1922/1229 1573/1923/1225 1576/1927/1224
f 1579/1928/1230 1576/1924/1231 1577/1925/1232 1580/1929/1233
f 1581/1930/1234 1578/1926/1235 1576/1927/1231 1579/1931/1230
f 1582/1932/1236 1579/1928/1237 1580/1929/1238 1583/1933/1239
f 1584/1934/1240 1581/1930/1241 1579/1931/1237 1582/1935/1236
f 1585/1936/1242 1582/1932/1236 1583/1933/1239 1586/1937/1243
f 1587/1938/1244 1584/1934/1240 1582/1935/1236 1585/1939/1242
f 1589/1940/1245 1588/1941/1246 1585/1936/1242 1586/1937/1243
f 1588/1942/1246 1590/1943/1247 1587/1938/1244 1585/1939/1242
f 1591/1944/1248 1588/1941/1246 1589/1940/1245 1592/1945/1249
f 1593/1946/1250 1590/1943/1247 1588/1942/1246 1591/1947/1248
f 1595/1948/1251 1594/1949/1252 1591/1944/1253 1592/1945/1254
f 1594/1950/1252 1596/1951/1255 1593/1946/1256 1591/1947/1253
f 1597/1952/1257 1594/1949/1258 1595/1948/1259 1598/1953/1260
f 1599/1954/1261 1596/1951/1262 1594/1950/1258 1597/1955/1257
f 1600/1956/1263 1597/1952/1257 1598/1953/1260 1601/1957/1264
f 1602/1958/1265 1599/1954/1261 1597/1955/1257 1600/1959/1263
f 1603/1960/1266 1600/1956/1267 1601/1957/1268 1604/1961/1269
f 1605/1962/1270 1602/1958/1271 1600/1959/1267 1603/1963/1266
f 1606/1964/1272 1603/1963/1273 1604/1965/1274
f 1606/1964/1272 1605/1962/1275 1603/1963/1273
f 1606/1964/1272 1607/1966/1276 1605/1962/1275
f 1606/1964/1272 1610/1967/1277 1607/1966/1276
f 1606/1964/1272 1604/1961/1274 1608/1968/1278
f 1606/1964/1272 1608/1968/1278 1609/1969/1279
f 1606/1964/1272 1609/1969/1279 1610/1967/1277
f 1610/1967/1280 1611/1970/1281 1612/1971/1282 1607/1966/1283
f 1609/1969/1284 1614/1972/1285 1611/1970/1281 1610/1967/1280
f 1611/1970/1286 1613/1973/1287 1625/1974/1288 1612/1971/1289
f 1614/1972/1290 1615/1975/1291 1613/1973/1287 1611/1970/1286
f 1616/1976/1292 1617/1977/1293 1615/1975/1291 1614/1972/1290
f 1608/1968/1294 1616/1976/1295 1614/1972/1285 1609/1969/1284
f 1604/1961/1269 1601/1957/1268 1616/1976/1295 1608/1968/1294
f 1601/1957/1264 1598/1953/1260 1617/1977/1293 1616/1976/1292
f 1598/1953/1260 1595/1948/1259 1618/1978/1296 1617/1977/1293
f 1617/1977/1293 1618/1978/1296 1620/1979/1297 1615/1975/1291
f 1620/1979/1298 1618/1978/1299 1619/1980/1300 1621/1981/1301
f 1618/1978/1299 1595/1948/1251 1592/1945/1254 1619/1980/1300
f 1615/1975/1291 1620/1979/1297 1622/1982/1302 1613/1973/1287
f 1622/1982/1303 1620/1979/1298 1621/1981/1301 1623/1983/1304
f 1613/1973/1287 1622/1982/1302 1624/1984/1305 1625/1974/1288
f 1624/1984/1306 1622/1982/1303 1623/1983/1304 1626/1985/1307
f 1625/1974/1288 1624/1984/1305 1596/1951/1262 1599/1954/1261
f 1596/1951/1255 1624/1984/1306 1626/1985/1307 1593/1946/1256
f 1623/1983/1308 1629/1986/1309 1627/1987/1310 1626/1985/1311
f 1626/1985/1311 1627/1987/1310 1590/1943/1247 1593/1946/1250
f 1590/1943/1247 1627/1987/1310 1628/1988/1312 1587/1938/1244
f 1627/1987/1310 1629/1986/1309 1630/1989/1313 1628/1988/1312
f 1621/1981/1314 1631/1990/1315 1629/1986/1309 1623/1983/1308
f 1629/1986/1309 1631/1990/1315 1632/1991/1316 1630/1989/1313
f 1619/1980/1317 1633/1992/1318 1631/1990/1315 1621/1981/1314
f 1631/1990/1315 1633/1992/1318 1634/1993/1319 1632/1991/1316
f 1592/1945/1249 1589/1940/1245 1633/1992/1318 1619/1980/1317
f 1633/1992/1318 1589/1940/1245 1586/1937/1243 1634/1993/1319
f 1586/1937/1243 1583/1933/1239 1635/1994/1320 1634/1993/1319
f 1634/1993/1319 1635/1994/1320 1636/1995/1321 1632/1991/1316
f 1583/1933/1239 1580/1929/1238 1637/1996/1322 1635/1994/1320
f 1635/1994/1320 1637/1996/1322 1638/1997/1323 1636/1995/1321
f 1580/1929/1233 1577/1925/1232 1639/1998/1324 1637/1996/1325
f 1637/1996/1325 1639/1998/1324 1640/1999/1326 1638/1997/1327
f 1577/1925/1227 1574/1921/1226 1641/2000/1328 1639/1998/1329
f 1639/1998/1329 1641/2000/1328 1642/2001/1330 1640/1999/1331
f 1574/1921/1222 1571/1917/1218 1643/2002/1332 1641/2000/1333
f 1641/2000/1333 1643/2002/1332 1644/2003/1334 1642/2001/1335
f 1571/1917/1218 1569/1915/1217 1645/2004/1336 1643/2002/1332
f 1643/2002/1332 1645/2004/1336 1647/2005/1337 1644/2003/1334
f 1645/2004/1338 1646/2006/1339 1649/2007/1340 1647/2005/1341
f 1569/1915/1212 1567/1914/1211 1646/2006/1339 1645/2004/1338
f 1644/2003/1334 1647/2005/1337 1648/2008/1342 1659/2009/1343
f 1647/2005/1341 1649/2007/1340 1650/2010/1344 1648/2008/1345
f 1646/2006/1346 1652/2011/1347 1651/2012/1348 1649/2007/1349
f 1649/2007/1349 1651/2012/1348 1653/2013/1350 1650/2010/1351
f 1652/2011/1352 1655/2014/1353 1654/2015/1354 1651/2012/1355
f 1651/2012/1355 1654/2015/1354 1656/2016/1356 1653/2013/1357
f 1653/2013/1357 1656/2016/1356 1560/1905/1198 1562/1904/1197
f 1657/1903/1196 1558/1902/1195 1655/2014/1353 1652/2011/1352
f 1650/2010/1351 1653/2013/1350 1562/1904/1200 1564/1906/1199
f 1567/1914/1214 1657/1903/1213 1652/2011/1347 1646/2006/1346
f 1648/2008/1345 1650/2010/1344 1564/1906/1206 1658/1909/1205
f 1659/2009/1343 1648/2008/1342 1658/1909/1358 1660/2017/1359
f 1661/2018/1360 1659/2009/1343 1660/2017/1359 1662/2019/1361
f 1642/2001/1335 1644/2003/1334 1659/2009/1343 1661/2018/1360
f 1640/1999/1331 1642/2001/1330 1661/2018/1362 1663/2020/1363
f 1663/2020/1363 1661/2018/1362 1662/2019/1364 1664/2021/1365
f 1638/1997/1327 1640/1999/1326 1663/2020/1366 1665/2022/1367
f 1665/2022/1367 1663/2020/1366 1664/2021/1368 1666/2023/1369
f 1636/1995/1321 1638/1997/1323 1665/2022/1370 1667/2024/1371
f 1667/2024/1371 1665/2022/1370 1666/2023/1372 1668/2025/1373
f 1632/1991/1316 1636/1995/1321 1667/2024/1371 1630/1989/1313
f 1630/1989/1313 1667/2024/1371 1668/2025/1373 1628/1988/1312
f 1628/1988/1312 1668/2025/1373 1584/1934/1240 1587/1938/1244
f 1668/2025/1373 1666/2023/1372 1581/1930/1241 1584/1934/1240
f 1666/2023/1369 1664/2021/1368 1578/1926/1235 1581/1930/1234
f 1664/2021/1365 1662/2019/1364 1575/1922/1229 1578/1926/1228
f 1662/2019/1361 1660/2017/1359 1572/1918/1219 1575/1922/1223
f 1660/2017/1359 1658/1909/1358 1565/1910/1220 1572/1918/1219
f 1612/1971/1289 1625/1974/1288 1599/1954/1261 1602/1958/1265
f 1607/1966/1283 1612/1971/1282 1602/1958/1271 1605/1962/1270
g Library2.125_Library2.125
v -6.367529 1.537967 -4.552711
v -7.299042 1.537965 -4.552711
v -6.367529 1.537965 -6.320755
v -3.643772 1.537967 -4.552711
v -6.367531 -0.423643 -4.552711
v -6.367529 1.537967 4.711610
v -7.299042 1.537967 5.908977
v -7.299042 1.537966 4.711610
v -6.367529 -0.423642 4.711610
v -3.643772 1.537965 4.711610
v -3.643772 -0.413832 4.711610
v -3.643772 1.537966 5.906466
v -3.643772 -0.413832 5.906466
v -3.695962 8.878708 5.906466
v -3.643772 1.537966 6.346870
v -7.299042 -0.413832 6.346870
v -3.643772 -0.413832 6.346870
v -7.318317 8.879603 6.346869
v -3.678867 8.879603 6.346869
v -3.686733 9.973595 6.346869
v -7.318317 9.973595 6.346869
v -3.695962 9.973594 4.956537
v -3.707125 10.155695 5.054701
v -3.679812 12.079257 6.335134
v -3.707125 12.079254 1.425107
v -7.318317 12.068778 6.346868
v -3.707125 11.781237 1.425107
v -3.707126 12.079254 -1.277019
v -3.707125 11.781237 -1.277018
v -3.707126 10.155693 -4.906611
v -3.679251 12.079253 -6.319525
v -3.707123 9.951472 -6.319527
v -3.749225 9.951473 -4.860964
v -3.707121 8.878707 -6.319527
v -6.519614 8.878707 -6.319527
v -3.749227 8.878706 -4.860963
v -6.519614 8.878706 -4.860963
v -6.519612 8.878708 0.092770
v -6.519614 9.951473 -4.860964
v -7.318317 8.878708 -4.860963
v -7.318317 8.878708 0.092770
v -7.318317 8.878707 -6.319527
v -7.318317 8.878708 4.956538
v -6.519614 8.878707 4.956538
v -7.318317 8.878708 5.906466
v -3.695962 8.878707 4.956538
v -6.519614 9.973594 4.956537
v -5.170821 11.781237 1.425107
v -6.519614 9.962635 0.092770
v -5.170821 11.781237 -1.277018
v -3.643773 -0.423643 -4.552711
v -3.643773 -0.413833 -6.320755
v -3.643772 1.537965 -6.320755
v -7.299042 1.537965 -6.320755
vn -0.0000 1.0000 -0.0000
vn -0.0000 -0.0000 1.0000
vn 1.0000 -0.0000 -0.0000
vn -0.0000 -0.0000 -1.0000
vn 0.9999 0.0030 -0.0097
vn -0.0003 -0.0002 -1.0000
vn 0.9999 0.0047 -0.0153
vn 0.9998 0.0044 -0.0187
vn 0.9998 0.0060 -0.0208
vn 0.9999 -0.0046 -0.0096
vn 0.0016 0.0028 1.0000
vn 0.0008 0.0014 1.0000
vn 0.9999 -0.0087 -0.0079
vn 0.9997 0.0249 0.0082
vn 1.0000 -0.0055 -0.0065
vn 1.0000 -0.0058 -0.0066
vn 1.0000 -0.0011 -0.0034
vn 0.9999 -0.0089 -0.0080
vn 0.9997 0.0213 0.0095
vn 0.1995 -0.9799 -0.0002
vn 0.1995 -0.9799 -0.0000
vn 0.9995 -0.0284 0.0125
vn 0.9961 -0.0802 0.0359
vn 0.9947 -0.0965 0.0349
vn 0.9998 -0.0195 0.0077
vn 0.9999 -0.0115 0.0047
vn 0.9999 -0.0111 0.0047
vn 0.9996 -0.0000 0.0289
vn -0.0000 -1.0000 -0.0000
vn -0.0000 -0.8902 -0.4556
vn 0.8029 -0.5961 0.0008
vn 0.8027 -0.5963 0.0013
vn 0.8032 -0.5957 0.0009
vn 0.8035 -0.5953 0.0008
vn 0.8037 -0.5951 0.0013
vn -0.0000 -0.8906 0.4547
vt 0.829051 0.509125
vt 0.805882 0.509125
vt 0.805882 0.278527
vt 0.829051 0.278527
vt 0.737598 0.576869
vt 0.760784 0.576869
vt 0.760784 0.620877
vt 0.737598 0.620877
vt 0.829051 0.576869
vt 0.829051 0.620877
vt 0.877640 0.576869
vt 0.877640 0.509125
vt 0.877640 0.278527
vt 0.761706 0.210649
vt 0.738555 0.180877
vt 0.829051 0.180877
vt 0.829051 0.210649
vt 0.738555 0.210649
vt 0.877640 0.210649
vt 0.877640 0.180877
vt 0.956913 0.570009
vt 0.884476 0.570009
vt 0.884476 0.423879
vt 0.956913 0.423879
vt 0.738188 0.637981
vt 0.738187 0.648445
vt 0.691636 0.648547
vt 0.691636 0.637981
vt 0.913270 0.637981
vt 0.913292 0.648477
vt 0.913674 0.735273
vt 0.692019 0.735789
vt 0.939384 0.648514
vt 0.989606 0.648180
vt 0.989738 0.734938
vt 0.939766 0.735158
vt 0.939384 0.615324
vt 0.943727 0.617666
vt 0.989605 0.531098
vt 0.982498 0.531098
vt 0.982497 0.466650
vt 0.989605 0.466650
vt 0.938856 0.381170
vt 0.943727 0.380082
vt 0.938856 0.346382
vt 0.989605 0.346383
vt 0.913270 0.346382
vt 0.710091 0.252841
vt 0.710091 0.218194
vt 0.776936 0.218194
vt 0.776936 0.252841
vt 0.913270 0.381170
vt 0.710091 0.279305
vt 0.776936 0.279305
vt 0.689017 0.252841
vt 0.689017 0.218194
vt 0.685297 0.402452
vt 0.666125 0.402540
vt 0.670025 0.279305
vt 0.689280 0.279305
vt 0.711143 0.402362
vt 0.690192 0.523188
vt 0.670904 0.523188
vt 0.691934 0.572615
vt 0.691934 0.550058
vt 0.714803 0.550058
vt 0.780782 0.550058
vt 0.780782 0.572615
vt 0.714803 0.523188
vt 0.780782 0.523188
vt 0.765847 0.432947
vt 0.765498 0.370352
vt 0.800346 0.367651
vt 0.800246 0.435373
vt 0.913270 0.615324
vt 0.877640 0.620877
s 1
g off
g Library2.125_Material.002
usemtl Material.002
f 1669/2026/1374 1670/2027/1374 1676/2028/1374 1674/2029/1374
f 1670/2030/1374 1669/2031/1374 1671/2032/1374 1722/2033/1374
f 1671/2032/1374 1669/2031/1374 1672/2034/1374 1721/2035/1374
f 1719/2036/1375 1672/2034/1375 1669/2026/1375 1673/2037/1375
f 1669/2026/1376 1674/2029/1376 1677/2038/1376 1673/2037/1376
f 1674/2039/1374 1675/2040/1374 1680/2041/1374 1678/2042/1374
f 1674/2039/1374 1676/2043/1374 1675/2040/1374
f 1674/2029/1377 1678/2042/1377 1679/2044/1377 1677/2038/1377
f 1679/2044/1376 1678/2042/1376 1680/2041/1378 1681/2045/1376
f 1680/2046/1379 1675/2047/1379 1713/2048/1379 1682/2049/1379
f 1680/2050/1378 1683/2051/1380 1685/2052/1376 1681/2053/1376
f 1683/2051/1380 1680/2050/1378 1682/2054/1381 1687/2055/1382
f 1686/2056/1375 1684/2057/1375 1683/2051/1375
f 1683/2051/1375 1684/2057/1375 1685/2052/1375
f 1686/2056/1375 1683/2051/1375 1687/2055/1375
f 1687/2055/1382 1682/2054/1381 1688/2058/1383
f 1688/2058/1375 1686/2056/1375 1687/2055/1375
f 1692/2059/1384 1694/2060/1384 1689/2061/1385 1688/2058/1375
f 1689/2061/1385 1686/2056/1375 1688/2058/1375
f 1688/2058/1386 1690/2062/1387 1691/2063/1388
f 1688/2058/1383 1682/2054/1381 1690/2062/1389
f 1691/2063/1388 1693/2064/1390 1692/2059/1391 1688/2058/1386
f 1693/2064/1390 1691/2063/1388 1690/2062/1387 1695/2065/1392
f 1697/2066/1393 1696/2067/1376 1693/2064/1376 1695/2065/1394
f 1696/2067/1395 1697/2066/1396 1701/2068/1397 1698/2069/1398
f 1696/2067/1395 1698/2069/1398 1700/2070/1399 1699/2071/1400
f 1698/2069/1398 1701/2068/1397 1700/2070/1399
f 1701/2068/1401 1702/2072/1401 1700/2070/1401
f 1705/2073/1402 1703/2074/1402 1702/2075/1402 1704/2076/1402
f 1701/2068/1401 1704/2077/1401 1702/2072/1401
f 1707/2078/1375 1705/2073/1375 1704/2076/1375 1701/2079/1375
f 1705/2073/1402 1708/2080/1402 1710/2081/1402 1703/2074/1402
f 1706/2082/1402 1709/2083/1402 1708/2084/1402 1705/2085/1402
f 1717/2086/1376 1706/2082/1376 1705/2085/1376 1707/2078/1376
f 1712/2087/1402 1711/2088/1402 1709/2083/1402 1706/2082/1402
f 1713/2089/1402 1711/2090/1402 1712/2091/1402
f 1713/2089/1402 1712/2091/1402 1714/2092/1402 1682/2093/1402
f 1712/2091/1377 1715/2094/1377 1690/2095/1377 1714/2092/1377
f 1715/2094/1376 1712/2087/1376 1706/2082/1376 1717/2086/1376
f 1690/2095/1403 1715/2094/1403 1716/2096/1403
f 1716/2096/1404 1715/2094/1405 1717/2086/1406
f 1718/2097/1407 1717/2086/1406 1707/2078/1408
f 1717/2086/1406 1718/2097/1407 1716/2096/1404
f 1701/2079/1409 1718/2097/1409 1707/2078/1409
f 1718/2097/1402 1697/2098/1393 1695/2099/1394 1716/2096/1402
f 1701/2079/1409 1697/2098/1409 1718/2097/1409
f 1690/2095/1403 1716/2096/1403 1695/2099/1403
f 1682/2054/1376 1714/2100/1376 1690/2062/1376
f 1720/2101/1376 1721/2035/1376 1672/2034/1376 1719/2036/1376
g Library2.126_Library2.126
v -3.926292 2.483808 4.865394
v -6.644044 2.483808 4.865394
v -3.926292 2.361938 4.949514
v -3.926292 2.582004 4.976234
v -3.926292 2.569215 5.028123
v -6.644044 2.582005 4.976234
v -6.644044 2.569215 5.028123
v -6.644044 2.361940 4.949514
v -3.926292 2.361938 5.002955
v -6.644044 2.361940 5.002955
vn -0.0000 0.1205 -0.9927
vn -0.0000 0.7485 -0.6631
vn -0.0000 -0.5681 -0.8230
vn -0.0000 0.9709 0.2393
vn -0.0000 -1.0000 -0.0000
vt -0.096139 0.079154
vt -0.096139 0.083691
vt -0.439586 0.083691
vt -0.439586 0.079154
vt -0.096139 0.074617
vt -0.439586 0.074617
vt -0.096139 0.085329
vt -0.439586 0.085329
vt -0.439586 0.072980
vt -0.096139 0.072980
s 1
g off
g Library2.126_Material.002
usemtl Material.002
f 1724/2102/1410 1728/2103/1411 1726/2104/1411 1723/2105/1410
f 1730/2106/1412 1724/2102/1410 1723/2105/1410 1725/2107/1412
f 1726/2104/1413 1728/2103/1413 1729/2108/1413 1727/2109/1413
f 1731/2110/1414 1732/2111/1414 1730/2106/1414 1725/2107/1414
g Library2.127_Library2.127
v 1.272079 -0.035357 -3.595601
v 1.999557 -0.088844 -3.541770
v 1.221999 -0.151619 -3.034312
v 1.949475 -0.205105 -2.980481
v 1.213668 -0.295719 -3.064903
v 1.941144 -0.349206 -3.011073
v 1.263749 -0.179459 -3.626192
v 1.991226 -0.232946 -3.572362
vn 0.0565 0.9766 0.2073
vn -0.0870 -0.2021 0.9755
vn -0.0565 -0.9766 -0.2073
vn 0.9946 -0.0731 0.0736
vt 0.342845 0.122096
vt 0.366033 0.122096
vt 0.366033 0.154545
vt 0.342845 0.154545
vt 0.371981 0.122096
vt 0.371981 0.154545
vt 0.342845 0.160491
vt 0.366033 0.160491
vt 0.366033 0.192940
vt 0.342845 0.192940
s 1
g off
g Library2.127_Material.002
usemtl Material.002
f 1733/2112/1415 1735/2113/1415 1736/2114/1415 1734/2115/1415
f 1735/2113/1416 1737/2116/1416 1738/2117/1416 1736/2114/1416
f 1740/2118/1417 1738/2119/1417 1737/2120/1417 1739/2121/1417
f 1734/2115/1418 1736/2114/1418 1738/2119/1418 1740/2118/1418
g Library2.128_Library2.128
v 4.945905 3.076473 -4.362157
v 4.463352 1.517049 -4.623308
v 4.918068 3.068766 -4.264699
v 5.124611 3.380370 -4.287083
v 5.096779 3.372659 -4.189621
v 5.068941 3.364955 -4.092165
v 4.890232 3.061058 -4.167240
v 4.407681 1.501635 -4.428391
v 4.435514 1.509342 -4.525849
v 4.276085 -0.148767 -4.596495
v 4.303922 -0.141059 -4.693953
v 4.331758 -0.133352 -4.791411
vn 0.9035 -0.3620 0.2294
vn 0.9435 -0.2147 0.2525
vn 0.9435 -0.2143 0.2526
vn 0.8241 -0.5324 0.1933
vn 0.9585 -0.1035 0.2656
vt 0.563819 0.107963
vt 0.567229 0.107963
vt 0.567229 0.146124
vt 0.563819 0.146124
vt 0.563819 0.091332
vt 0.567229 0.091332
vt 0.570726 0.107963
vt 0.570726 0.091332
vt 0.570726 0.146124
vt 0.570726 0.199691
vt 0.567229 0.199691
vt 0.563819 0.199691
s 1
g off
g Library2.128_Material.002
usemtl Material.002
f 1741/2122/1419 1743/2123/1419 1749/2124/1420 1742/2125/1421
f 1743/2123/1419 1741/2122/1419 1744/2126/1422 1745/2127/1422
f 1747/2128/1419 1743/2123/1419 1745/2127/1422 1746/2129/1422
f 1743/2123/1419 1747/2128/1419 1748/2130/1420 1749/2124/1420
f 1749/2124/1420 1748/2130/1420 1750/2131/1423 1751/2132/1423
f 1742/2125/1421 1749/2124/1420 1751/2132/1423 1752/2133/1423
g Library2.129_Library2.129
v -6.629869 1.600876 -4.857573
v -6.629869 9.200045 -4.857574
v -6.517694 1.640018 -4.857573
v -3.946256 1.640018 -4.857573
v -6.517694 1.640018 -5.760236
v -6.502378 1.541257 -4.857573
v -6.517694 9.200045 -4.857574
v -6.517692 9.200045 -5.770948
v -3.946256 1.541257 -4.857573
v -3.946255 1.640018 -5.760236
v -3.946255 8.878706 -5.770946
v -3.946255 8.878706 -4.857574
v -3.809115 8.878706 -4.857574
v -3.809115 8.878706 -5.601549
v -3.809115 1.600876 -4.857573
v -3.809115 1.600875 -5.590839
v -3.776078 1.539616 -4.815883
v -3.776078 1.539616 -5.535217
vn -0.0000 -0.0000 1.0000
vn -0.0000 1.0000 -0.0000
vn 1.0000 -0.0000 -0.0000
vn -1.0000 -0.0000 -0.0000
vn 1.0000 0.0061 -0.0000
vn 1.0000 0.0027 -0.0000
vn 0.8802 0.4747 -0.0000
vt -0.884740 0.083585
vt -0.884740 0.080015
vt -0.666805 0.080015
vt -0.666805 0.083585
vt -0.969241 0.011115
vt -0.966138 0.011115
vt -0.966138 0.076871
vt -0.969241 0.076871
vt -0.991588 0.011115
vt -0.991588 0.076871
vt -0.884740 0.053457
vt -0.666805 0.053457
vt -0.666805 0.110078
vt -0.884740 0.110078
vt -0.664591 0.083585
vt -0.664591 0.110078
s 1
g off
g Library2.129_Material.002
usemtl Material.002
f 1753/2134/1424 1755/2135/1424 1759/2136/1424 1754/2137/1424
f 1755/2138/1424 1758/2139/1424 1761/2140/1424 1756/2141/1424
f 1757/2142/1425 1755/2138/1425 1756/2141/1425 1762/2143/1425
f 1755/2135/1426 1757/2144/1426 1760/2145/1426 1759/2136/1426
f 1762/2145/1427 1756/2136/1427 1764/2135/1427 1763/2144/1427
f 1756/2136/1424 1767/2137/1424 1765/2134/1424 1764/2135/1424
f 1767/2137/1428 1768/2146/1429 1766/2147/1426 1765/2134/1426
f 1768/2146/1429 1767/2137/1428 1769/2148/1430 1770/2149/1430
g Library2.130_Library2.130
v -3.927619 6.952592 -4.939219
v -6.616008 6.952592 -4.939219
v -3.927619 6.952592 -5.652379
v -3.927619 7.074750 -4.939219
v -6.616008 7.074750 -4.939219
v -3.927619 7.074750 -5.652379
v -6.616008 7.074750 -5.652379
v -6.616008 6.952592 -5.652379
vn -0.0000 -0.0000 1.0000
vn -0.0000 -1.0000 -0.0000
vn -0.0000 1.0000 -0.0000
vt -0.966138 0.011115
vt -0.966138 0.076871
vt -0.969186 0.076871
vt -0.969186 0.011115
vt -0.943858 0.011115
vt -0.943858 0.076871
vt -0.991588 0.076871
vt -0.991588 0.011115
s 1
g off
g Library2.130_Material.002
usemtl Material.002
f 1772/2150/1431 1771/2151/1431 1774/2152/1431 1775/2153/1431
f 1772/2150/1432 1778/2154/1432 1773/2155/1432 1771/2151/1432
f 1774/2152/1433 1776/2156/1433 1777/2157/1433 1775/2153/1433
g Library2.131_Library2.131
v -3.927619 6.106493 -4.939219
v -6.512180 6.106493 -4.939219
v -3.927619 6.106493 -5.652379
v -3.927619 6.228650 -4.939219
v -6.512180 6.228650 -4.939219
v -3.927619 6.228650 -5.652379
v -6.512180 6.228650 -5.652379
v -6.512180 6.106493 -5.652379
vn -0.0000 -0.0000 1.0000
vn -0.0000 -1.0000 -0.0000
vn -0.0000 1.0000 -0.0000
vt -0.966138 0.011115
vt -0.966138 0.076871
vt -0.969246 0.076871
vt -0.969246 0.011115
vt -0.943798 0.011115
vt -0.943798 0.076871
vt -0.991588 0.076871
vt -0.991588 0.011115
s 1
g off
g Library2.131_Material.002
usemtl Material.002
f 1780/2158/1434 1779/2159/1434 1782/2160/1434 1783/2161/1434
f 1780/2158/1435 1786/2162/1435 1781/2163/1435 1779/2159/1435
f 1782/2160/1436 1784/2164/1436 1785/2165/1436 1783/2161/1436
g Library2.132_Library2.132
v -3.927621 5.190344 -4.939219
v -6.512180 5.190344 -4.939219
v -3.927621 5.190344 -5.652379
v -3.927621 5.312500 -4.939219
v -6.512180 5.312500 -4.939219
v -3.927621 5.312500 -5.652379
v -6.512180 5.312500 -5.652379
v -6.512180 5.190344 -5.652379
vn -0.0000 -0.0000 1.0000
vn -0.0000 -1.0000 -0.0000
vn -0.0000 1.0000 -0.0000
vt -0.966138 0.011115
vt -0.966138 0.076871
vt -0.969246 0.076871
vt -0.969246 0.011115
vt -0.943798 0.011115
vt -0.943798 0.076871
vt -0.991588 0.076871
vt -0.991588 0.011115
s 1
g off
g Library2.132_Material.002
usemtl Material.002
f 1788/2166/1437 1787/2167/1437 1790/2168/1437 1791/2169/1437
f 1788/2166/1438 1794/2170/1438 1789/2171/1438 1787/2167/1438
f 1790/2168/1439 1792/2172/1439 1793/2173/1439 1791/2169/1439
g Library2.133_Library2.133
v -3.927619 4.262556 -4.939219
v -6.512180 4.262556 -4.939219
v -3.927619 4.262555 -5.652379
v -3.927619 4.384713 -4.939219
v -6.512180 4.384713 -4.939219
v -3.927619 4.384713 -5.652379
v -6.512180 4.384713 -5.652379
v -6.512180 4.262555 -5.652379
vn -0.0000 -0.0000 1.0000
vn -0.0000 -1.0000 -0.0000
vn -0.0000 1.0000 -0.0000
vt -0.969246 0.076871
vt -0.969246 0.011115
vt -0.966138 0.011115
vt -0.966138 0.076871
vt -0.991588 0.076871
vt -0.991588 0.011115
vt -0.943798 0.011115
vt -0.943798 0.076871
s 1
g off
g Library2.133_Material.002
usemtl Material.002
f 1796/2174/1440 1795/2175/1440 1798/2176/1440 1799/2177/1440
f 1796/2174/1441 1802/2178/1441 1797/2179/1441 1795/2175/1441
f 1798/2176/1442 1800/2180/1442 1801/2181/1442 1799/2177/1442
g Library2.134_Library2.134
v -3.927619 3.333265 -4.939219
v -6.512180 3.333265 -4.939219
v -3.927619 3.333265 -5.652378
v -3.927619 3.455420 -4.939219
v -6.512180 3.455420 -4.939219
v -3.927619 3.455420 -5.652378
v -6.512180 3.455420 -5.652378
v -6.512180 3.333265 -5.652378
vn -0.0000 -0.0000 1.0000
vn -0.0000 -1.0000 -0.0000
vn -0.0000 1.0000 -0.0000
vt -0.969246 0.076871
vt -0.969246 0.011115
vt -0.966138 0.011115
vt -0.966138 0.076871
vt -0.991588 0.076871
vt -0.991588 0.011115
vt -0.943798 0.011115
vt -0.943798 0.076871
s 1
g off
g Library2.134_Material.002
usemtl Material.002
f 1804/2182/1443 1803/2183/1443 1806/2184/1443 1807/2185/1443
f 1804/2182/1444 1810/2186/1444 1805/2187/1444 1803/2183/1444
f 1806/2184/1445 1808/2188/1445 1809/2189/1445 1807/2185/1445
g Library2.135_Library2.135
v -3.927619 2.397196 -4.939218
v -6.512180 2.397196 -4.939218
v -3.927619 2.397196 -5.652377
v -3.927619 2.519351 -4.939218
v -6.512180 2.519351 -4.939218
v -3.927619 2.519351 -5.652377
v -6.512180 2.519351 -5.652377
v -6.512180 2.397196 -5.652377
vn -0.0000 -0.0000 1.0000
vn -0.0000 -1.0000 -0.0000
vn -0.0000 1.0000 -0.0000
vt -0.966138 0.011115
vt -0.966138 0.076871
vt -0.969246 0.076871
vt -0.969246 0.011115
vt -0.943798 0.011115
vt -0.943798 0.076871
vt -0.991588 0.076871
vt -0.991588 0.011115
s 1
g off
g Library2.135_Material.002
usemtl Material.002
f 1812/2190/1446 1811/2191/1446 1814/2192/1446 1815/2193/1446
f 1812/2190/1447 1818/2194/1447 1813/2195/1447 1811/2191/1447
f 1814/2192/1448 1816/2196/1448 1817/2197/1448 1815/2193/1448
g Library2.136_Library2.136
v -3.927619 8.797674 -4.939219
v -6.512180 8.797674 -4.939219
v -3.927619 8.797674 -5.652379
v -3.927619 8.919830 -4.939219
v -6.512180 8.919830 -4.939219
v -3.927619 8.919830 -5.652379
v -6.512180 8.919830 -5.652379
v -6.512180 8.797674 -5.652379
vn -0.0000 -0.0000 1.0000
vn -0.0000 -1.0000 -0.0000
vn -0.0000 1.0000 -0.0000
vt -0.966138 0.011115
vt -0.966138 0.076871
vt -0.969246 0.076871
vt -0.969246 0.011115
vt -0.943798 0.011115
vt -0.943798 0.076871
vt -0.991588 0.076871
vt -0.991588 0.011115
s 1
g off
g Library2.136_Material.002
usemtl Material.002
f 1820/2198/1449 1819/2199/1449 1822/2200/1449 1823/2201/1449
f 1820/2198/1450 1826/2202/1450 1821/2203/1450 1819/2199/1450
f 1822/2200/1451 1824/2204/1451 1825/2205/1451 1823/2201/1451
g Library2.137_Library2.137
v 4.144455 2.964322 -3.866807
v 4.125126 1.498861 -4.374668
v 4.046891 2.974802 -3.893339
v 4.125313 3.251695 -3.682893
v 4.027749 3.262174 -3.709421
v 3.930186 3.272659 -3.735959
v 3.949327 2.985284 -3.919872
v 3.929999 1.519824 -4.427733
v 4.027562 1.509343 -4.401202
v 3.806971 -0.023121 -4.584890
v 3.904534 -0.033603 -4.558358
v 4.002097 -0.044085 -4.531826
vn -0.2806 -0.3523 0.8928
vn -0.2807 -0.3524 0.8928
vn -0.2768 -0.1951 0.9409
vn -0.2750 -0.5312 0.8014
vn -0.2807 -0.3523 0.8928
vn -0.2693 -0.0763 0.9600
vt -0.436181 0.116354
vt -0.432773 0.116355
vt -0.432773 0.154516
vt -0.436181 0.154516
vt -0.436181 0.099724
vt -0.432773 0.099724
vt -0.429274 0.116355
vt -0.429274 0.099724
vt -0.429274 0.154516
vt -0.429274 0.191300
vt -0.432773 0.191300
vt -0.436181 0.191300
s 1
g off
g Library2.137_Material.002
usemtl Material.002
f 1827/2206/1452 1829/2207/1453 1835/2208/1454 1828/2209/1454
f 1829/2207/1453 1827/2206/1452 1830/2210/1455 1831/2211/1455
f 1833/2212/1456 1829/2207/1453 1831/2211/1455 1832/2213/1455
f 1829/2207/1453 1833/2212/1456 1834/2214/1454 1835/2208/1454
f 1835/2208/1454 1834/2214/1454 1836/2215/1457 1837/2216/1457
f 1828/2209/1454 1835/2208/1454 1837/2216/1457 1838/2217/1457
g Library2.138_Library2.138
v -6.644044 6.157919 -4.733183
v -3.926292 6.157919 -4.733183
v -6.644044 6.036050 -4.817306
v -6.644044 6.256115 -4.844026
v -6.644044 6.243326 -4.895915
v -3.926292 6.256115 -4.844026
v -3.926292 6.243326 -4.895915
v -3.926292 6.036052 -4.817306
v -6.644044 6.036050 -4.870747
v -3.926292 6.036052 -4.870747
vn -0.0000 0.1205 0.9927
vn -0.0000 0.7485 0.6631
vn -0.0000 -0.5681 0.8230
vn -0.0000 0.9709 -0.2393
vn -0.0000 -1.0000 -0.0000
vt -0.096139 0.079154
vt -0.096139 0.083691
vt -0.439586 0.083691
vt -0.439586 0.079154
vt -0.096139 0.074617
vt -0.439586 0.074617
vt -0.096139 0.085329
vt -0.439586 0.085329
vt -0.439586 0.072980
vt -0.096139 0.072980
s 1
g off
g Library2.138_Material.002
usemtl Material.002
f 1840/2218/1458 1844/2219/1459 1842/2220/1459 1839/2221/1458
f 1846/2222/1460 1840/2218/1458 1839/2221/1458 1841/2223/1460
f 1842/2220/1461 1844/2219/1461 1845/2224/1461 1843/2225/1461
f 1847/2226/1462 1848/2227/1462 1846/2222/1462 1841/2223/1462
g Library2.139_Library2.139
v -3.910976 2.117965 -4.692658
v -3.910976 10.090733 -4.692660
v -3.788959 2.117965 -4.719983
v -3.984187 2.117965 -4.794024
v -3.915236 2.088502 -4.681355
v -3.915236 1.974456 -4.681355
v -3.996612 2.088499 -4.794024
v -3.779613 2.088502 -4.711727
v -3.779613 1.974454 -4.711727
v -3.752007 2.088501 -4.823724
v -3.752007 1.974455 -4.823724
v -3.828499 2.088499 -4.910064
v -3.764121 2.117965 -4.820745
v -3.764121 10.090733 -4.820746
v -3.832940 2.117965 -4.898423
v -3.832939 10.090733 -4.898424
v -3.935961 2.117965 -4.885914
v -3.935961 10.090733 -4.885916
v -3.943007 2.088501 -4.896160
v -3.943007 1.974456 -4.896160
v -3.828499 1.974454 -4.910064
v -3.996612 1.974454 -4.794024
v -3.929489 1.942336 -4.876184
v -3.838807 1.942336 -4.884419
v -3.972484 1.942336 -4.794269
v -3.926620 1.760005 -4.871910
v -3.839573 1.760005 -4.882479
v -3.950800 1.720815 -4.907978
v -3.967369 1.760005 -4.794269
v -4.010609 1.720815 -4.794024
v -3.905509 1.760005 -4.708622
v -3.907055 1.942336 -4.705453
v -3.802413 1.760005 -4.731709
v -3.919817 1.720815 -4.668320
v -3.768502 1.720815 -4.702207
v -3.921127 1.647226 -4.664714
v -4.014523 1.647226 -4.794024
v -3.765471 1.647226 -4.699571
v -3.928887 1.590676 -4.643956
v -4.037289 1.590791 -4.794024
v -3.748258 1.590488 -4.684422
v -3.939106 1.550293 -4.617016
v -3.938845 1.521926 -4.617737
v -4.066971 1.550420 -4.794024
v -3.726058 1.550083 -4.664753
v -3.726665 1.521712 -4.665279
v -3.682704 1.550041 -4.840674
v -3.683487 1.521667 -4.840486
v -3.802842 1.550159 -4.976307
v -3.711500 1.590450 -4.833577
v -3.733789 1.647226 -4.828111
v -3.813360 1.590557 -4.948571
v -3.821577 1.647226 -4.927204
v -3.965878 1.590714 -4.930068
v -3.952998 1.647226 -4.911245
v -3.982738 1.550336 -4.954491
v -3.982297 1.521970 -4.953840
v -3.803135 1.521789 -4.975566
v -4.066191 1.522056 -4.794024
v -3.823044 1.720815 -4.923490
v -3.737703 1.720815 -4.827160
v -3.781427 1.760005 -4.816846
v -3.779382 1.942336 -4.817343
v -3.800829 1.942337 -4.730332
v -3.984189 10.090733 -4.794025
v -3.788959 10.090733 -4.719984
vn -0.3546 -0.0000 0.9350
vn -0.9918 -0.0000 0.1282
vn 0.6573 -0.0000 0.7536
vn 0.2067 0.3242 0.9231
vn -0.7671 0.3235 0.5540
vn 0.2185 -0.0000 0.9758
vn -0.8107 -0.0000 0.5855
vn 0.9709 -0.0000 0.2393
vn 0.9091 0.3512 0.2241
vn 0.7485 -0.0000 -0.6631
vn 0.7009 0.3509 -0.6210
vn 0.9709 -0.0000 -0.2393
vn 0.3546 -0.0000 -0.9350
vn -0.5681 -0.0000 -0.8230
vn -0.1129 0.3503 -0.9298
vn -0.8295 0.3498 -0.4354
vn -0.1205 -0.0000 -0.9927
vn -0.8855 -0.0000 -0.4647
vn -0.0874 -0.5797 -0.8101
vn -0.7384 -0.5518 -0.3876
vn -0.5486 0.2406 -0.8007
vn -0.5633 -0.0240 -0.8259
vn 0.3598 -0.0156 -0.9329
vn 0.3462 0.2520 -0.9037
vn -0.9918 0.1196 0.0452
vn -0.9914 -0.0260 0.1285
vn 0.2391 0.7483 -0.6187
vn -0.3784 0.7424 -0.5529
vn -0.6343 0.6977 -0.3329
vn -0.6031 0.6682 0.4356
vn -0.3512 -0.0192 0.9361
vn -0.3523 -0.0192 0.9357
vn 0.6579 -0.0132 0.7530
vn 0.6584 -0.0136 0.7526
vn 0.1605 0.6785 0.7168
vn -0.7974 0.1796 0.5760
vn -0.8099 0.0431 0.5850
vn -0.7973 0.1803 0.5760
vn 0.2150 0.1815 0.9596
vn 0.2183 0.0439 0.9749
vn 0.2150 0.1805 0.9598
vn -0.7332 0.4263 0.5299
vn -0.7326 0.4276 0.5295
vn 0.1979 0.4278 0.8820
vn 0.1981 0.4261 0.8827
vn -0.6962 0.5119 0.5033
vn 0.1883 0.5116 0.8383
vn 0.2186 -0.0228 0.9756
vn -0.8104 -0.0223 0.5854
vn 0.9706 -0.0252 0.2392
vn 0.8141 0.5449 0.2005
vn 0.8645 0.4553 0.2130
vn 0.8645 0.4552 0.2130
vn 0.7483 -0.0250 -0.6629
vn 0.6279 0.5450 -0.5557
vn 0.6667 0.4552 -0.5902
vn 0.6666 0.4553 -0.5902
vn 0.9521 0.1959 0.2346
vn 0.7341 0.1956 -0.6502
vn 0.7341 0.1958 -0.6502
vn -0.1069 0.4553 -0.8839
vn -0.1181 0.1948 -0.9737
vn -0.1181 0.1950 -0.9737
vn -0.1068 0.4554 -0.8838
vn -0.1004 0.5453 -0.8322
vn -0.7882 0.4553 -0.4140
vn -0.8686 0.1942 -0.4559
vn -0.8685 0.1943 -0.4559
vn -0.7882 0.4555 -0.4139
vn -0.7419 0.5455 -0.3898
vn -0.1204 -0.0247 -0.9924
vn -0.8852 -0.0244 -0.4646
vn -0.1204 0.0476 -0.9916
vn -0.8845 0.0470 -0.4642
vn 0.7476 0.0483 -0.6623
vn 0.5267 0.7105 -0.4666
vn 0.9407 0.1464 -0.3059
vn 0.9698 0.0485 0.2390
vn 0.6796 0.7142 0.1675
vn 0.9709 -0.0115 -0.2393
vn 0.7656 -0.6150 0.1887
vn 0.5931 -0.6099 -0.5255
vn 0.1830 -0.5697 0.8012
vn -0.6839 -0.5328 0.4983
vt 0.595167 0.027522
vt 0.595162 0.030913
vt 0.378903 0.030600
vt 0.378908 0.027209
vt 0.595172 0.024130
vt 0.378913 0.023817
vt 0.374985 0.027186
vt 0.374986 0.023536
vt 0.375804 0.023729
vt 0.375803 0.027012
vt 0.375803 0.027361
vt 0.375802 0.030645
vt 0.374984 0.030836
vt 0.371990 0.027185
vt 0.371991 0.023536
vt 0.371990 0.030835
vt 0.371992 0.020507
vt 0.374987 0.020507
vt 0.375813 0.020660
vt 0.375812 0.023385
vt 0.371992 0.017478
vt 0.374987 0.017478
vt 0.375813 0.017630
vt 0.375813 0.020355
vt 0.595176 0.021315
vt 0.378917 0.021002
vt 0.595180 0.018500
vt 0.378921 0.018187
vt 0.595184 0.015685
vt 0.378925 0.015372
vt 0.374988 0.014449
vt 0.375814 0.014601
vt 0.375813 0.017326
vt 0.595158 0.033728
vt 0.378899 0.033415
vt 0.374984 0.033865
vt 0.375810 0.030987
vt 0.375810 0.033712
vt 0.371993 0.014449
vt 0.371989 0.033864
vt 0.370936 0.017128
vt 0.370978 0.014737
vt 0.370978 0.033564
vt 0.370978 0.031135
vt 0.365548 0.015722
vt 0.370053 0.015722
vt 0.369942 0.018284
vt 0.365062 0.018105
vt 0.365021 0.030678
vt 0.369984 0.030727
vt 0.369932 0.033057
vt 0.365487 0.033057
vt 0.363622 0.017543
vt 0.364506 0.014337
vt 0.364418 0.034424
vt 0.363427 0.030912
vt 0.363225 0.027484
vt 0.364720 0.027350
vt 0.369867 0.027161
vt 0.364734 0.023856
vt 0.369800 0.023852
vt 0.363131 0.023997
vt 0.361260 0.027718
vt 0.361476 0.031473
vt 0.361121 0.023997
vt 0.359551 0.027852
vt 0.359861 0.031848
vt 0.359491 0.023997
vt 0.358246 0.027920
vt 0.358544 0.032059
vt 0.358166 0.023997
vt 0.357477 0.027951
vt 0.357399 0.023997
vt 0.357787 0.032145
vt 0.357551 0.020360
vt 0.358318 0.020399
vt 0.359618 0.020513
vt 0.358067 0.016136
vt 0.358826 0.016237
vt 0.360101 0.016511
vt 0.361284 0.020679
vt 0.361704 0.016935
vt 0.361177 0.012685
vt 0.362647 0.013525
vt 0.360006 0.011938
vt 0.362556 0.035249
vt 0.361060 0.036086
vt 0.359846 0.036812
vt 0.359234 0.011810
vt 0.359075 0.036932
vt 0.363289 0.020949
vt 0.364819 0.020925
vt 0.369847 0.021100
vt 0.370922 0.023194
vt 0.370922 0.020841
vt 0.370928 0.020155
vt 0.370928 0.017802
vt 0.370972 0.026837
vt 0.370957 0.023972
vt 0.371000 0.030469
vt 0.370986 0.027572
s 1
g off
g Library2.139_Material.002
usemtl Material.002
f 1850/2228/1463 1913/2229/1464 1852/2230/1464 1849/2231/1463
f 1914/2232/1465 1850/2228/1463 1849/2231/1463 1851/2233/1465
f 1853/2234/1466 1856/2235/1466 1851/2236/1466 1849/2237/1466
f 1853/2234/1467 1849/2238/1467 1852/2239/1467 1855/2240/1467
f 1854/2241/1468 1857/2242/1468 1856/2235/1468 1853/2234/1468
f 1854/2241/1469 1853/2234/1469 1855/2240/1469 1870/2243/1469
f 1857/2242/1470 1859/2244/1470 1858/2245/1470 1856/2235/1470
f 1856/2235/1471 1858/2245/1471 1861/2246/1471 1851/2247/1471
f 1859/2244/1472 1869/2248/1472 1860/2249/1472 1858/2245/1472
f 1858/2245/1473 1860/2249/1473 1863/2250/1473 1861/2251/1473
f 1862/2252/1474 1914/2232/1465 1851/2233/1465 1861/2253/1474
f 1864/2254/1475 1862/2252/1474 1861/2253/1474 1863/2255/1475
f 1866/2256/1476 1864/2254/1475 1863/2255/1475 1865/2257/1476
f 1860/2249/1477 1867/2258/1477 1865/2259/1477 1863/2260/1477
f 1913/2229/1464 1866/2261/1476 1865/2262/1476 1852/2230/1464
f 1867/2263/1478 1855/2240/1478 1852/2264/1478 1865/2265/1478
f 1869/2248/1479 1868/2266/1479 1867/2258/1479 1860/2249/1479
f 1868/2267/1480 1870/2243/1480 1855/2240/1480 1867/2263/1480
f 1869/2248/1481 1872/2268/1481 1871/2269/1481 1868/2266/1481
f 1868/2267/1482 1871/2270/1482 1873/2271/1482 1870/2243/1482
f 1874/2272/1483 1871/2273/1484 1872/2274/1485 1875/2275/1486
f 1877/2276/1487 1873/2277/1488 1871/2278/1484 1874/2279/1483
f 1908/2280/1489 1876/2281/1490 1874/2272/1483 1875/2275/1486
f 1876/2282/1490 1878/2283/1491 1877/2276/1487 1874/2279/1483
f 1878/2283/1492 1882/2284/1492 1879/2285/1492 1877/2276/1492
f 1877/2276/1487 1879/2285/1493 1880/2286/1494 1873/2277/1488
f 1881/2287/1495 1912/2288/1496 1880/2286/1494 1879/2285/1493
f 1882/2284/1497 1883/2289/1497 1881/2287/1497 1879/2285/1497
f 1884/2290/1498 1882/2284/1499 1878/2283/1499 1885/2291/1500
f 1886/2292/1501 1883/2289/1502 1882/2284/1502 1884/2290/1503
f 1887/2293/1504 1884/2290/1498 1885/2291/1500 1888/2294/1505
f 1889/2295/1506 1886/2292/1501 1884/2290/1503 1887/2293/1507
f 1890/2296/1508 1887/2293/1504 1888/2294/1505 1892/2297/1508
f 1890/2296/1509 1893/2298/1509 1889/2295/1506 1887/2293/1507
f 1891/2299/1510 1894/2300/1510 1893/2298/1510 1890/2296/1510
f 1907/2301/1511 1891/2299/1511 1890/2296/1511 1892/2297/1511
f 1894/2300/1512 1896/2302/1512 1895/2303/1512 1893/2298/1512
f 1893/2298/1513 1895/2303/1513 1898/2304/1514 1889/2295/1515
f 1896/2302/1516 1906/2305/1516 1897/2306/1516 1895/2303/1516
f 1895/2303/1517 1897/2306/1517 1900/2307/1518 1898/2304/1519
f 1898/2304/1514 1899/2308/1520 1886/2292/1520 1889/2295/1515
f 1900/2307/1518 1901/2309/1521 1899/2308/1522 1898/2304/1519
f 1902/2310/1523 1903/2311/1524 1901/2309/1525 1900/2307/1526
f 1897/2306/1527 1904/2312/1527 1902/2310/1523 1900/2307/1526
f 1888/2294/1528 1885/2291/1529 1903/2313/1530 1902/2314/1531
f 1904/2315/1532 1892/2297/1532 1888/2294/1528 1902/2314/1531
f 1906/2305/1533 1905/2316/1533 1904/2312/1533 1897/2306/1533
f 1905/2317/1534 1907/2301/1534 1892/2297/1534 1904/2315/1534
f 1903/2311/1524 1876/2281/1535 1908/2280/1535 1901/2309/1525
f 1885/2291/1529 1878/2283/1536 1876/2282/1536 1903/2313/1530
f 1901/2309/1521 1908/2280/1537 1909/2318/1537 1899/2308/1522
f 1909/2318/1538 1908/2280/1489 1875/2275/1486 1910/2319/1539
f 1899/2308/1520 1909/2318/1540 1883/2289/1540 1886/2292/1520
f 1883/2289/1541 1909/2318/1541 1910/2319/1541 1881/2287/1541
f 1875/2275/1486 1872/2274/1485 1911/2320/1542 1910/2319/1539
f 1910/2319/1539 1911/2320/1542 1912/2288/1496 1881/2287/1495
f 1857/2242/1543 1912/2321/1543 1911/2322/1543 1859/2244/1543
f 1859/2244/1544 1911/2323/1544 1872/2324/1544 1869/2248/1544
f 1854/2241/1545 1880/2325/1545 1912/2326/1545 1857/2242/1545
f 1854/2241/1546 1870/2243/1546 1873/2327/1546 1880/2328/1546
g Library2.140_Library2.140
v 4.425094 3.642308 -4.134881
v 4.719848 3.499908 -3.753232
v 3.944396 3.630193 -4.213943
v 4.027752 3.262172 -3.709420
v 3.492075 3.520437 -4.069633
v 3.298617 3.314267 -3.653844
v 3.507524 3.109978 -3.153513
v 4.123726 2.928836 -2.959606
v 4.640614 3.257984 -3.232751
vn -0.1898 0.8136 0.5496
vn -0.0710 0.8353 0.5452
vn -0.0843 0.8877 0.4526
vn -0.2595 0.8497 0.4590
vn 0.0489 0.8448 0.5329
vn 0.0938 0.8959 0.4342
vn 0.1222 0.9222 0.3668
vn -0.0923 0.9158 0.3908
vn -0.3025 0.8668 0.3965
vt -0.637129 0.374873
vt -0.659175 0.374783
vt -0.651988 0.347474
vt -0.621102 0.358732
vt -0.678409 0.364009
vt -0.684414 0.342070
vt -0.672007 0.318975
vt -0.642554 0.311628
vt -0.620533 0.332522
s 1
g off
g Library2.140_Material.002
usemtl Material.002
f 1915/2329/1547 1917/2330/1548 1918/2331/1549 1916/2332/1550
f 1917/2330/1548 1919/2333/1551 1920/2334/1552 1918/2331/1549
f 1918/2331/1549 1920/2334/1552 1921/2335/1553 1922/2336/1554
f 1916/2332/1550 1918/2331/1549 1922/2336/1554 1923/2337/1555
g Library2.141_Library2.141
v -6.367529 1.537967 -4.552711
v -7.299042 1.537965 -4.552711
v -6.367529 1.537965 -6.320755
v -3.643772 1.537967 -4.552711
v -6.367531 -0.423643 -4.552711
v -6.367529 1.537967 4.711610
v -7.299042 1.537967 5.908977
v -7.299042 1.537966 4.711610
v -6.367529 -0.423642 4.711610
v -3.643772 1.537965 4.711610
v -3.643772 -0.413832 4.711610
v -3.643772 1.537966 5.906466
v -3.643772 -0.413832 5.906466
v -3.695962 8.878708 5.906466
v -3.643772 1.537966 6.346870
v -7.299042 -0.413832 6.346870
v -3.643772 -0.413832 6.346870
v -7.318317 8.879603 6.346869
v -3.678867 8.879603 6.346869
v -3.686733 9.973595 6.346869
v -7.318317 9.973595 6.346869
v -3.695962 9.973594 4.956537
v -3.707125 10.155695 5.054701
v -3.679812 12.079257 6.335134
v -3.707125 12.079254 1.425107
v -7.318317 12.068778 6.346868
v -3.707126 12.079254 -1.277019
v -3.707125 11.781237 1.425107
v -3.707125 11.781237 -1.277018
v -5.170821 11.781237 1.425107
v -5.170821 11.781237 -1.277018
v -6.519614 9.973594 4.956537
v -6.519614 9.962635 0.092770
v -6.519612 8.878708 0.092770
v -6.519614 9.951473 -4.860964
v -6.519614 8.878706 -4.860963
v -3.749225 9.951473 -4.860964
v -3.749227 8.878706 -4.860963
v -3.707123 9.951472 -6.319527
v -3.707121 8.878707 -6.319527
v -3.707126 10.155693 -4.906611
v -6.519614 8.878707 -6.319527
v -7.318317 8.878707 -6.319527
v -7.318317 8.878708 -4.860963
v -7.318317 8.878708 0.092770
v -7.318317 8.878708 4.956538
v -6.519614 8.878707 4.956538
v -7.318317 8.878708 5.906466
v -3.695962 8.878707 4.956538
v -3.679251 12.079253 -6.319525
v -3.643773 -0.423643 -4.552711
v -3.643773 -0.413833 -6.320755
v -3.643772 1.537965 -6.320755
v -7.299042 1.537965 -6.320755
vn -0.0000 1.0000 -0.0000
vn -0.0000 -0.0000 1.0000
vn 1.0000 -0.0000 -0.0000
vn -0.0000 -0.0000 -1.0000
vn 0.9999 0.0030 -0.0097
vn 0.9999 0.0047 -0.0153
vn -0.0003 -0.0002 -1.0000
vn 0.9998 0.0044 -0.0187
vn 0.9998 0.0060 -0.0208
vn 0.9999 -0.0046 -0.0096
vn 0.0016 0.0028 1.0000
vn 0.0008 0.0014 1.0000
vn 0.9999 -0.0087 -0.0079
vn 0.9997 0.0249 0.0082
vn 1.0000 -0.0055 -0.0065
vn 1.0000 -0.0058 -0.0066
vn 1.0000 -0.0011 -0.0034
vn 0.9999 -0.0089 -0.0080
vn 0.9997 0.0213 0.0095
vn 0.1995 -0.9799 -0.0002
vn 0.1995 -0.9799 -0.0000
vn -0.0000 -1.0000 -0.0000
vn -0.0000 -0.8902 -0.4556
vn 0.8032 -0.5957 0.0009
vn 0.8035 -0.5953 0.0008
vn 0.8029 -0.5961 0.0008
vn 0.8027 -0.5963 0.0013
vn 0.8037 -0.5951 0.0013
vn -0.0000 -0.8906 0.4547
vn 0.9996 -0.0000 0.0289
vn 0.9998 -0.0195 0.0077
vn 0.9947 -0.0965 0.0349
vn 0.9999 -0.0115 0.0047
vn 0.9995 -0.0284 0.0125
vn 0.9961 -0.0802 0.0359
vn 0.9999 -0.0111 0.0047
vt 0.829051 0.509125
vt 0.805882 0.509125
vt 0.805882 0.278527
vt 0.829051 0.278527
vt 0.737598 0.576869
vt 0.760784 0.576869
vt 0.760784 0.620877
vt 0.737598 0.620877
vt 0.829051 0.576869
vt 0.829051 0.620877
vt 0.877640 0.576869
vt 0.877640 0.509125
vt 0.877640 0.278527
vt 0.761706 0.210649
vt 0.738555 0.180877
vt 0.829051 0.180877
vt 0.829051 0.210649
vt 0.738555 0.210649
vt 0.877640 0.210649
vt 0.877640 0.180877
vt 0.738188 0.637981
vt 0.738187 0.648445
vt 0.691636 0.648547
vt 0.691636 0.637981
vt 0.956913 0.570009
vt 0.884476 0.570009
vt 0.884476 0.423879
vt 0.956913 0.423879
vt 0.913270 0.637981
vt 0.913292 0.648477
vt 0.913674 0.735273
vt 0.692019 0.735789
vt 0.939384 0.648514
vt 0.989606 0.648180
vt 0.989738 0.734938
vt 0.939766 0.735158
vt 0.939384 0.615324
vt 0.943727 0.617666
vt 0.989605 0.531098
vt 0.982498 0.531098
vt 0.982497 0.466650
vt 0.989605 0.466650
vt 0.765498 0.370352
vt 0.800346 0.367651
vt 0.800246 0.435373
vt 0.765847 0.432947
vt 0.780782 0.523188
vt 0.711143 0.402362
vt 0.714803 0.523188
vt 0.710091 0.279305
vt 0.690192 0.523188
vt 0.685297 0.402452
vt 0.689280 0.279305
vt 0.710091 0.252841
vt 0.776936 0.252841
vt 0.776936 0.279305
vt 0.938856 0.381170
vt 0.913270 0.381170
vt 0.913270 0.346382
vt 0.943727 0.380082
vt 0.938856 0.346382
vt 0.989605 0.346383
vt 0.710091 0.218194
vt 0.776936 0.218194
vt 0.689017 0.252841
vt 0.689017 0.218194
vt 0.666125 0.402540
vt 0.670025 0.279305
vt 0.670904 0.523188
vt 0.691934 0.572615
vt 0.691934 0.550058
vt 0.714803 0.550058
vt 0.780782 0.550058
vt 0.780782 0.572615
vt 0.913270 0.615324
vt 0.877640 0.620877
s 1
g off
g Library2.141_Material.002
usemtl Material.002
f 1924/2338/1556 1925/2339/1556 1931/2340/1556 1929/2341/1556
f 1925/2342/1556 1924/2343/1556 1926/2344/1556 1977/2345/1556
f 1926/2344/1556 1924/2343/1556 1927/2346/1556 1976/2347/1556
f 1974/2348/1557 1927/2346/1557 1924/2338/1557 1928/2349/1557
f 1924/2338/1558 1929/2341/1558 1932/2350/1558 1928/2349/1558
f 1929/2351/1556 1930/2352/1556 1935/2353/1556 1933/2354/1556
f 1929/2351/1556 1931/2355/1556 1930/2352/1556
f 1929/2341/1559 1933/2354/1559 1934/2356/1559 1932/2350/1559
f 1934/2356/1558 1933/2354/1558 1935/2353/1560 1936/2357/1558
f 1935/2358/1560 1938/2359/1561 1940/2360/1558 1936/2361/1558
f 1935/2362/1562 1930/2363/1562 1971/2364/1562 1937/2365/1562
f 1938/2359/1561 1935/2358/1560 1937/2366/1563 1942/2367/1564
f 1941/2368/1557 1939/2369/1557 1938/2359/1557
f 1938/2359/1557 1939/2369/1557 1940/2360/1557
f 1941/2368/1557 1938/2359/1557 1942/2367/1557
f 1942/2367/1564 1937/2366/1563 1943/2370/1565
f 1943/2370/1557 1941/2368/1557 1942/2367/1557
f 1947/2371/1566 1949/2372/1566 1944/2373/1567 1943/2370/1557
f 1944/2373/1567 1941/2368/1557 1943/2370/1557
f 1943/2370/1568 1945/2374/1569 1946/2375/1570
f 1943/2370/1565 1937/2366/1563 1945/2374/1571
f 1946/2375/1570 1948/2376/1572 1947/2371/1573 1943/2370/1568
f 1948/2376/1572 1946/2375/1570 1945/2374/1569 1951/2377/1574
f 1952/2378/1575 1950/2379/1558 1948/2376/1558 1951/2377/1576
f 1954/2380/1577 1952/2381/1575 1951/2382/1576 1953/2383/1577
f 1945/2384/1578 1953/2383/1578 1951/2382/1578
f 1956/2385/1579 1954/2380/1580 1953/2383/1581
f 1945/2384/1578 1955/2386/1578 1953/2383/1578
f 1953/2383/1581 1955/2386/1582 1956/2385/1579
f 1954/2380/1580 1956/2385/1579 1958/2387/1583
f 1955/2386/1558 1970/2388/1558 1957/2389/1558 1956/2385/1558
f 1956/2385/1558 1957/2389/1558 1959/2390/1558 1958/2387/1558
f 1958/2387/1557 1959/2391/1557 1961/2392/1557 1960/2393/1557
f 1960/2393/1584 1954/2380/1584 1958/2387/1584
f 1960/2394/1585 1961/2395/1585 1963/2396/1585
f 1964/2397/1586 1960/2394/1587 1962/2398/1588
f 1960/2394/1585 1963/2396/1585 1962/2398/1585
f 1960/2393/1584 1952/2381/1584 1954/2380/1584
f 1950/2379/1589 1952/2378/1590 1960/2394/1587 1964/2397/1586
f 1950/2379/1589 1964/2397/1586 1962/2398/1588 1973/2399/1591
f 1959/2391/1577 1965/2400/1577 1963/2401/1577 1961/2392/1577
f 1959/2391/1577 1967/2402/1577 1966/2403/1577 1965/2400/1577
f 1957/2389/1577 1968/2404/1577 1967/2405/1577 1959/2390/1577
f 1970/2388/1577 1969/2406/1577 1968/2404/1577 1957/2389/1577
f 1971/2407/1577 1969/2408/1577 1970/2409/1577
f 1971/2407/1577 1970/2409/1577 1972/2410/1577 1937/2411/1577
f 1970/2409/1559 1955/2386/1559 1945/2384/1559 1972/2410/1559
f 1937/2366/1558 1972/2412/1558 1945/2374/1558
f 1975/2413/1558 1976/2347/1558 1927/2346/1558 1974/2348/1558
g Library2.142_Library2.142
v -3.926292 5.241058 4.865394
v -6.644044 5.241058 4.865394
v -3.926292 5.119189 4.949513
v -3.926292 5.339254 4.976233
v -3.926292 5.326465 5.028122
v -6.644044 5.339254 4.976233
v -6.644044 5.326466 5.028122
v -6.644044 5.119192 4.949513
v -3.926292 5.119189 5.002954
v -6.644044 5.119192 5.002954
vn -0.0000 0.1205 -0.9927
vn -0.0000 0.7485 -0.6631
vn -0.0000 -0.5681 -0.8230
vn -0.0000 0.9709 0.2393
vn -0.0000 -1.0000 -0.0000
vt -0.096139 0.079154
vt -0.096139 0.083691
vt -0.439586 0.083691
vt -0.439586 0.079154
vt -0.096139 0.074617
vt -0.439586 0.074617
vt -0.096139 0.085329
vt -0.439586 0.085329
vt -0.439586 0.072980
vt -0.096139 0.072980
s 1
g off
g Library2.142_Material.002
usemtl Material.002
f 1979/2414/1592 1983/2415/1593 1981/2416/1593 1978/2417/1592
f 1985/2418/1594 1979/2414/1592 1978/2417/1592 1980/2419/1594
f 1981/2416/1595 1983/2415/1595 1984/2420/1595 1982/2421/1595
f 1986/2422/1596 1987/2423/1596 1985/2418/1596 1980/2419/1596
g Library2.143_Library2.143
v -6.644044 3.432158 -4.733182
v -3.926292 3.432158 -4.733182
v -6.644044 3.310288 -4.817306
v -6.644044 3.530354 -4.844026
v -6.644044 3.517564 -4.895915
v -3.926292 3.530354 -4.844026
v -3.926292 3.517565 -4.895915
v -3.926292 3.310291 -4.817306
v -6.644044 3.310288 -4.870747
v -3.926292 3.310291 -4.870747
vn -0.0000 0.1205 0.9927
vn -0.0000 0.7485 0.6631
vn -0.0000 -0.5681 0.8230
vn -0.0000 0.9709 -0.2393
vn -0.0000 -1.0000 -0.0000
vt -0.096139 0.079154
vt -0.096139 0.083691
vt -0.439586 0.083691
vt -0.439586 0.079154
vt -0.096139 0.074617
vt -0.439586 0.074617
vt -0.096139 0.085329
vt -0.439586 0.085329
vt -0.439586 0.072980
vt -0.096139 0.072980
s 1
g off
g Library2.143_Material.002
usemtl Material.002
f 1989/2424/1597 1993/2425/1598 1991/2426/1598 1988/2427/1597
f 1995/2428/1599 1989/2424/1597 1988/2427/1597 1990/2429/1599
f 1991/2426/1600 1993/2425/1600 1994/2430/1600 1992/2431/1600
f 1996/2432/1601 1997/2433/1601 1995/2428/1601 1990/2429/1601
g Library2.144_Library2.144
v -6.644044 7.007190 -4.733183
v -3.926292 7.007190 -4.733183
v -6.644044 6.885322 -4.817306
v -6.644044 7.105385 -4.844026
v -6.644044 7.092597 -4.895915
v -3.926292 7.105387 -4.844026
v -3.926292 7.092597 -4.895915
v -3.926292 6.885323 -4.817306
v -6.644044 6.885322 -4.870747
v -3.926292 6.885323 -4.870747
vn -0.0000 0.1205 0.9927
vn -0.0000 0.7485 0.6631
vn -0.0000 -0.5681 0.8230
vn -0.0000 0.9709 -0.2393
vn -0.0000 -1.0000 -0.0000
vt -0.096139 0.079154
vt -0.096139 0.083691
vt -0.439586 0.083691
vt -0.439586 0.079154
vt -0.096139 0.074617
vt -0.439586 0.074617
vt -0.096139 0.085329
vt -0.439586 0.085329
vt -0.439586 0.072980
vt -0.096139 0.072980
s 1
g off
g Library2.144_Material.002
usemtl Material.002
f 1999/2434/1602 2003/2435/1603 2001/2436/1603 1998/2437/1602
f 2005/2438/1604 1999/2434/1602 1998/2437/1602 2000/2439/1604
f 2001/2436/1605 2003/2435/1605 2004/2440/1605 2002/2441/1605
f 2006/2442/1606 2007/2443/1606 2005/2438/1606 2000/2439/1606
g Library2.145_Library2.145
v -0.925528 0.558885 -1.189864
v -1.487073 0.476514 -2.367136
v 0.552709 0.555336 -1.900552
v -0.895537 0.875467 -1.473631
v -1.061888 0.584508 -1.204349
v -1.592198 0.507769 -2.310039
v -1.174688 0.712439 -1.302516
v -1.644816 0.643543 -2.274462
v -1.119344 0.953051 -1.499322
v -1.528643 0.904480 -2.320347
v -1.361980 0.820412 -2.407450
v -0.185730 0.817510 -3.036696
v -0.017741 0.900752 -3.128617
v 0.312916 0.872566 -2.054616
v 0.432923 0.949323 -2.245601
v 0.622197 0.706238 -2.165067
v 0.106784 0.637335 -3.211614
v 0.628216 0.580983 -2.018584
v 0.053975 0.502932 -3.190696
v -0.048226 0.472964 -3.136859
vn 0.0119 -0.9980 0.0624
vn 0.0157 -0.9980 0.0606
vn -0.1990 -0.9664 0.1625
vn 0.0419 -0.9980 0.0478
vn 0.0359 -0.9981 0.0495
vn 0.3029 0.6167 0.7266
vn 0.3810 0.6166 0.6889
vn 0.1070 0.9619 0.2516
vn 0.1281 0.9630 0.2371
vn 0.3119 0.9496 0.0311
vn 0.0862 0.6411 0.7626
vn -0.8958 0.1147 0.4294
vn -0.8106 -0.4090 0.4190
vn -0.8983 -0.0230 0.4388
vn -0.8108 0.4553 0.3679
vn 0.0224 0.9974 -0.0685
vn 0.3423 0.9123 -0.2247
vn -0.0695 0.9973 -0.0219
vn -0.1664 0.9496 0.2655
vn -0.3731 0.9173 0.1390
vn 0.5441 0.6403 0.5422
vn 0.8964 0.0076 -0.4432
vn 0.8822 0.1497 -0.4464
vn 0.7722 0.4804 -0.4159
vn 0.8338 -0.3973 -0.3832
vn 0.2480 -0.9671 -0.0566
vt 0.280097 0.252533
vt 0.257805 0.252533
vt 0.257805 0.248826
vt 0.280097 0.248731
vt 0.280097 0.300961
vt 0.257805 0.300961
vt 0.334381 0.245448
vt 0.334381 0.297663
vt 0.320726 0.293483
vt 0.320726 0.250424
vt 0.315814 0.243969
vt 0.325493 0.239564
vt 0.331995 0.241569
vt 0.242173 0.389279
vt 0.242173 0.385915
vt 0.282428 0.385989
vt 0.281302 0.389509
vt 0.242173 0.399859
vt 0.277892 0.400166
vt 0.285982 0.251316
vt 0.285982 0.244756
vt 0.285982 0.293542
vt 0.315814 0.300176
vt 0.285982 0.300196
vt 0.331945 0.301751
vt 0.325569 0.304061
vt 0.199593 0.389335
vt 0.238749 0.389202
vt 0.238749 0.399859
vt 0.203030 0.399859
vt 0.238749 0.386110
vt 0.198495 0.385974
vt 0.280097 0.304590
vt 0.257805 0.304667
s 1
g off
g Library2.145_Material.002
usemtl Material.002
f 2009/2444/1607 2008/2445/1608 2012/2446/1609 2013/2447/1609
f 2009/2444/1607 2027/2448/1610 2010/2449/1611 2008/2445/1608
f 2008/2450/1612 2010/2451/1613 2021/2452/1614 2011/2453/1615
f 2008/2450/1612 2011/2453/1615 2016/2454/1616 2014/2455/1617 2012/2456/1617
f 2015/2457/1618 2013/2458/1619 2012/2459/1619 2014/2460/1620
f 2017/2461/1621 2015/2457/1618 2014/2460/1620 2016/2462/1621
f 2011/2453/1615 2018/2463/1622 2017/2464/1623 2016/2454/1616
f 2011/2453/1615 2021/2452/1614 2019/2465/1624 2018/2463/1622
f 2019/2465/1624 2021/2452/1614 2022/2466/1625 2020/2467/1626
f 2021/2452/1614 2010/2451/1613 2025/2468/1627 2023/2469/1627 2022/2466/1625
f 2023/2470/1628 2024/2471/1629 2020/2472/1630 2022/2473/1630
f 2026/2474/1631 2024/2471/1629 2023/2470/1628 2025/2475/1631
f 2010/2449/1611 2027/2448/1610 2026/2476/1632 2025/2477/1632
g Library2.146_Library2.146
v 5.306155 2.495132 -4.513381
v 5.651315 2.320404 -4.586351
v 5.099967 2.552889 -4.197577
v 5.440315 2.222737 -4.061543
v 5.049535 2.515783 -3.821198
v 5.260415 2.351862 -3.531976
v 5.655936 2.131919 -3.500446
v 5.962716 1.899924 -3.858237
v 5.967586 2.106838 -4.341056
vn 0.5457 0.7794 0.3078
vn 0.5920 0.7817 0.1961
vn 0.5107 0.8440 0.1641
vn 0.4415 0.8346 0.3294
vn 0.6296 0.7726 0.0816
vn 0.5656 0.8247 -0.0054
vn 0.5197 0.8521 -0.0618
vn 0.4557 0.8786 0.1427
vn 0.3705 0.8641 0.3406
vt -0.637129 0.374873
vt -0.659175 0.374783
vt -0.651988 0.347474
vt -0.621102 0.358732
vt -0.678409 0.364009
vt -0.684414 0.342070
vt -0.672007 0.318975
vt -0.642554 0.311628
vt -0.620533 0.332522
s 1
g off
g Library2.146_Material.002
usemtl Material.002
f 2028/2478/1633 2030/2479/1634 2031/2480/1635 2029/2481/1636
f 2030/2479/1634 2032/2482/1637 2033/2483/1638 2031/2480/1635
f 2031/2480/1635 2033/2483/1638 2034/2484/1639 2035/2485/1640
f 2029/2481/1636 2031/2480/1635 2035/2485/1640 2036/2486/1641
g Library2.147_Library2.147
v 1.772375 0.768762 -3.608643
v 1.879987 0.759169 -3.709129
v 1.719165 0.039386 -3.595988
v 1.380957 0.790010 -4.029841
v 1.327746 0.060635 -4.017189
v 1.488569 0.780417 -4.130329
v 1.435359 0.051041 -4.117677
v 1.826777 0.029794 -3.696476
vn 0.0727 0.9972 -0.0173
vn 0.6803 -0.0369 0.7320
vn -0.6803 0.0369 -0.7320
vn 0.7293 -0.0650 -0.6811
vn -0.0727 -0.9972 0.0173
vt 0.046123 0.529997
vt 0.085834 0.529996
vt 0.085834 0.540180
vt 0.046123 0.540179
vt 0.035940 0.529996
vt 0.035940 0.479516
vt 0.046123 0.479516
vt 0.096018 0.529996
vt 0.085834 0.479516
vt 0.096018 0.479516
vt 0.046123 0.469333
vt 0.085835 0.469333
s 1
g off
g Library2.147_Material.002
usemtl Material.002
f 2038/2487/1642 2042/2488/1642 2040/2489/1642 2037/2490/1642
f 2038/2487/1643 2037/2491/1643 2039/2492/1643 2044/2493/1643
f 2040/2494/1644 2042/2488/1644 2043/2495/1644 2041/2496/1644
f 2044/2493/1645 2043/2495/1645 2042/2488/1645 2038/2487/1645
f 2039/2497/1646 2041/2498/1646 2043/2495/1646 2044/2493/1646
g Library2.148_Library2.148
v -6.505959 6.153501 4.862164
v -6.505959 6.153499 -4.758063
v -6.590080 6.031631 4.862164
v -6.616800 6.251697 4.862164
v -6.668689 6.238906 4.862164
v -6.616802 6.251696 -4.758063
v -6.668689 6.238905 -4.758063
v -6.590080 6.031631 -4.758063
v -6.643521 6.031631 4.862164
v -6.643521 6.031631 -4.758063
vn 0.9927 0.1205 -0.0000
vn 0.6631 0.7485 -0.0000
vn 0.8230 -0.5681 -0.0000
vn -0.2393 0.9709 -0.0000
vn -0.0000 -1.0000 -0.0000
vt -0.096139 0.079154
vt -0.096139 0.083691
vt -0.439586 0.083691
vt -0.439586 0.079154
vt -0.096139 0.074617
vt -0.439586 0.074617
vt -0.096139 0.085329
vt -0.439586 0.085329
vt -0.439586 0.072980
vt -0.096139 0.072980
s 1
g off
g Library2.148_Material.002
usemtl Material.002
f 2046/2499/1647 2050/2500/1648 2048/2501/1648 2045/2502/1647
f 2052/2503/1649 2046/2499/1647 2045/2502/1647 2047/2504/1649
f 2048/2501/1650 2050/2500/1650 2051/2505/1650 2049/2506/1650
f 2053/2507/1651 2054/2508/1651 2052/2503/1651 2047/2504/1651
g Library2.149_Library2.149
v 4.361389 2.310120 -3.653358
v 4.442976 2.115883 -3.169332
v 3.942749 2.421661 -3.925479
v 3.715700 2.065808 -3.416227
v 3.433867 2.444009 -3.973333
v 3.030117 2.319833 -3.656737
v 2.967136 2.095356 -3.094883
v 3.411896 1.760566 -2.663313
v 4.093551 1.932755 -2.706295
vn -0.1615 0.8732 0.4599
vn -0.0488 0.8631 0.5026
vn -0.0114 0.9103 0.4138
vn -0.1790 0.9192 0.3507
vn 0.0646 0.8405 0.5379
vn 0.1555 0.8710 0.4660
vn 0.2134 0.8841 0.4157
vn 0.0126 0.9349 0.3546
vn -0.1887 0.9421 0.2770
vt -0.637129 0.374873
vt -0.659175 0.374783
vt -0.651988 0.347474
vt -0.621102 0.358732
vt -0.678409 0.364009
vt -0.684414 0.342070
vt -0.672007 0.318975
vt -0.642554 0.311628
vt -0.620533 0.332522
s 1
g off
g Library2.149_Material.002
usemtl Material.002
f 2055/2509/1652 2057/2510/1653 2058/2511/1654 2056/2512/1655
f 2057/2510/1653 2059/2513/1656 2060/2514/1657 2058/2511/1654
f 2058/2511/1654 2060/2514/1657 2061/2515/1658 2062/2516/1659
f 2056/2512/1655 2058/2511/1654 2062/2516/1659 2063/2517/1660
g Library2.150_Library2.150
v 5.280893 2.119331 -4.188581
v 4.862624 1.518865 -4.283974
v 5.271580 2.109809 -4.087809
v 5.449627 2.232261 -4.162313
v 5.440317 2.222738 -4.061542
v 5.430999 2.213218 -3.960770
v 5.262266 2.100286 -3.987036
v 4.843997 1.499821 -4.082430
v 4.853312 1.509343 -4.183203
v 4.791869 0.846026 -4.149023
v 4.801181 0.855548 -4.249795
v 4.810496 0.865069 -4.350567
vn 0.7712 -0.6366 0.0111
vn 0.7711 -0.6366 0.0111
vn 0.9328 -0.3566 0.0525
vn 0.5589 -0.8288 -0.0267
vn 0.5589 -0.8288 -0.0266
vn 0.9926 -0.0876 0.0835
vt -0.436181 0.129222
vt -0.432773 0.129222
vt -0.432773 0.149449
vt -0.436181 0.149449
vt -0.436181 0.123628
vt -0.432773 0.123628
vt -0.429274 0.129222
vt -0.429274 0.123628
vt -0.429274 0.149449
vt -0.429274 0.167395
vt -0.432773 0.167395
vt -0.436181 0.167395
s 1
g off
g Library2.150_Material.002
usemtl Material.002
f 2064/2518/1661 2066/2519/1662 2072/2520/1663 2065/2521/1663
f 2066/2519/1662 2064/2518/1661 2067/2522/1664 2068/2523/1664
f 2070/2524/1661 2066/2519/1662 2068/2523/1664 2069/2525/1665
f 2066/2519/1662 2070/2524/1661 2071/2526/1663 2072/2520/1663
f 2072/2520/1663 2071/2526/1663 2073/2527/1666 2074/2528/1666
f 2065/2521/1663 2072/2520/1663 2074/2528/1666 2075/2529/1666
g Library2.152_Library2.152
v -1.559380 2.888247 -5.887837
v -1.426050 3.066664 -5.626231
v -2.871886 2.888247 -5.172955
v -1.317361 2.832189 -5.887982
v -1.225942 2.334913 -5.694740
v -1.183423 3.033914 -5.625260
v -1.039710 2.411928 -5.361407
v -1.263155 2.375993 -5.327158
v -2.575660 2.375993 -4.612275
v -1.439260 2.288203 -5.641901
v -2.751766 2.288203 -4.927018
v -2.911865 2.334913 -4.776467
v -2.725634 2.411929 -4.443135
v -3.003283 2.832189 -4.969711
v -2.869347 3.033913 -4.706988
v -2.738556 3.066664 -4.911348
vn -0.2036 0.8524 -0.4816
vn -0.1880 0.8512 -0.4900
vn 0.1414 0.7658 -0.6273
vn -0.2927 0.8514 -0.4352
vn -0.3140 0.8492 -0.4246
vn 0.9352 0.0341 0.3524
vn 0.8823 -0.0069 -0.4707
vn 0.8460 0.3573 0.3958
vn 0.0623 0.4056 0.9119
vn 0.4430 -0.0419 0.8955
vn 0.1233 -0.9721 0.1996
vn 0.2092 -0.9693 0.1295
vn 0.5120 -0.0472 0.8577
vn 0.1006 -0.9720 0.2122
vn 0.4290 0.4422 0.7876
vn -0.2204 0.0401 0.9746
vn -0.0027 -0.9688 0.2479
vn -0.8823 0.0069 0.4707
vn -0.1348 0.3723 0.9183
vn -0.6158 0.7530 -0.2320
vn 0.7323 0.4056 0.5470
vt 0.266815 0.380595
vt 0.266829 0.369530
vt 0.274016 0.368503
vt 0.274643 0.379492
vt 0.218732 0.380240
vt 0.218377 0.369181
vt 0.294904 0.367039
vt 0.293075 0.379797
vt 0.125406 0.278189
vt 0.125354 0.300965
vt 0.118535 0.300392
vt 0.118664 0.280541
vt 0.125856 0.311921
vt 0.119874 0.310802
vt 0.169613 0.300860
vt 0.169393 0.311883
vt 0.169460 0.278087
vt 0.176433 0.300252
vt 0.175382 0.310733
vt 0.192453 0.379508
vt 0.190511 0.366769
vt 0.211363 0.368075
vt 0.210903 0.379054
vt 0.176212 0.280408
s 1
g off
g Library2.152_Material.002
usemtl Material.002
f 2076/2530/1667 2077/2531/1668 2081/2532/1669 2079/2533/1669
f 2076/2530/1667 2078/2534/1670 2091/2535/1671 2077/2531/1668
f 2082/2536/1672 2080/2537/1673 2079/2533/1673 2081/2532/1674
f 2077/2538/1675 2083/2539/1676 2082/2540/1672 2081/2541/1674
f 2083/2539/1676 2085/2542/1677 2080/2543/1678 2082/2540/1672
f 2083/2539/1676 2084/2544/1679 2086/2545/1680 2085/2542/1677
f 2077/2538/1681 2091/2546/1681 2084/2544/1679 2083/2539/1676
f 2086/2545/1680 2084/2544/1679 2088/2547/1682 2087/2548/1683
f 2087/2549/1684 2088/2550/1682 2090/2551/1685 2089/2552/1684
f 2091/2535/1671 2078/2534/1670 2089/2552/1686 2090/2551/1686
f 2084/2544/1679 2091/2546/1687 2090/2553/1685 2088/2547/1682
g Library2.153_Library2.153
v -3.268071 1.737594 5.649469
v -3.210157 0.668383 5.717956
v -3.396368 1.730626 5.702362
v -3.278471 1.922426 5.655354
v -3.399479 2.030956 5.742553
v -3.296340 2.218508 5.674360
v -3.369106 2.512874 5.826337
v -3.322261 2.663120 5.707212
v -3.369960 3.235662 5.876373
v -3.283499 2.656615 5.961158
v -3.385806 2.210057 5.913270
v -3.440708 1.913780 5.853694
v -3.456493 1.729136 5.824239
v -3.464510 0.662608 5.755377
v -3.344614 0.663603 5.689695
vn 0.1671 0.0111 0.9859
vn 0.4938 -0.0063 0.8696
vn 0.4255 0.0108 0.9049
vn 0.0919 0.0307 0.9953
vn 0.5494 -0.0850 0.8312
vn 0.8758 -0.1131 0.4693
vn 0.7385 -0.0886 0.6684
vn 0.9981 -0.0305 -0.0528
vn 0.9324 -0.0043 0.3613
vn 0.9929 -0.0210 -0.1170
vn 0.9924 -0.1027 -0.0678
vn 0.8587 -0.0317 -0.5115
vn 0.9672 -0.0943 0.2358
vn 0.7734 -0.0252 0.6334
vn 0.7215 -0.0117 0.6923
vt 0.625863 0.246887
vt 0.625853 0.241875
vt 0.638004 0.241826
vt 0.637974 0.246893
vt 0.623332 0.246906
vt 0.620211 0.241892
vt 0.615511 0.246886
vt 0.609257 0.241874
vt 0.603781 0.246857
vt 0.584240 0.241854
vt 0.615393 0.236883
vt 0.603662 0.236874
vt 0.623214 0.236889
vt 0.625824 0.236863
vt 0.638014 0.237017
s 1
g off
g Library2.153_Material.002
usemtl Material.002
f 2092/2554/1688 2094/2555/1689 2106/2556/1690 2093/2557/1691
f 2094/2555/1689 2092/2554/1688 2095/2558/1692 2096/2559/1693
f 2096/2559/1693 2095/2558/1692 2097/2560/1694 2098/2561/1695
f 2098/2561/1695 2097/2560/1694 2099/2562/1696 2100/2563/1697
f 2102/2564/1698 2098/2561/1695 2100/2563/1697 2101/2565/1699
f 2103/2566/1700 2096/2559/1693 2098/2561/1695 2102/2564/1698
f 2104/2567/1701 2094/2555/1689 2096/2559/1693 2103/2566/1700
f 2094/2555/1689 2104/2567/1701 2105/2568/1702 2106/2556/1690
g Library2.154_Library2.154
v -3.926292 6.930698 4.865394
v -6.644044 6.930698 4.865394
v -3.926292 6.808828 4.949513
v -3.926292 7.028894 4.976233
v -3.926292 7.016105 5.028122
v -6.644044 7.028894 4.976233
v -6.644044 7.016106 5.028122
v -6.644044 6.808832 4.949513
v -3.926292 6.808828 5.002954
v -6.644044 6.808832 5.002954
vn -0.0000 0.1205 -0.9927
vn -0.0000 0.7485 -0.6631
vn -0.0000 -0.5681 -0.8230
vn -0.0000 0.9709 0.2393
vn -0.0000 -1.0000 -0.0000
vt -0.096139 0.079154
vt -0.096139 0.083691
vt -0.439586 0.083691
vt -0.439586 0.079154
vt -0.096139 0.074617
vt -0.439586 0.074617
vt -0.096139 0.085329
vt -0.439586 0.085329
vt -0.439586 0.072980
vt -0.096139 0.072980
s 1
g off
g Library2.154_Material.002
usemtl Material.002
f 2108/2569/1703 2112/2570/1704 2110/2571/1704 2107/2572/1703
f 2114/2573/1705 2108/2569/1703 2107/2572/1703 2109/2574/1705
f 2110/2571/1706 2112/2570/1706 2113/2575/1706 2111/2576/1706
f 2115/2577/1707 2116/2578/1707 2114/2573/1707 2109/2574/1707
g Library2.155_Library2.155
v -6.423482 3.433029 5.153454
v -3.997786 3.433029 5.153454
v -6.423482 4.164454 5.153454
v -3.997786 4.164454 5.153454
v -6.423482 4.164454 5.728840
v -3.997786 4.164454 5.728840
vn -0.0000 -0.0000 -1.0000
vn -0.0000 1.0000 -0.0000
vt 0.110087 0.115852
vt 0.042363 0.115852
vt 0.042363 0.095431
vt 0.110087 0.095431
vt 0.042363 0.079366
vt 0.110087 0.079366
s 1
g off
g Library2.155_Material.002
usemtl Material.002
f 2118/2579/1708 2117/2580/1708 2119/2581/1708 2120/2582/1708
f 2119/2581/1709 2121/2583/1709 2122/2584/1709 2120/2582/1709
g Library2.156_Library2.156
v -6.423482 7.978183 5.153454
v -3.997786 7.978183 5.153454
v -6.423482 8.709607 5.153454
v -3.997786 8.709607 5.153454
v -6.423482 8.709607 5.728840
v -3.997786 8.709607 5.728840
vn -0.0000 -0.0000 -1.0000
vn -0.0000 1.0000 -0.0000
vt -0.889913 0.115852
vt -0.957637 0.115852
vt -0.957637 0.095431
vt -0.889913 0.095431
vt -0.957637 0.079366
vt -0.889913 0.079366
s 1
g off
g Library2.156_Material.002
usemtl Material.002
f 2124/2585/1710 2123/2586/1710 2125/2587/1710 2126/2588/1710
f 2125/2587/1711 2127/2589/1711 2128/2590/1711 2126/2588/1711
g Library2.157_Library2.157
v -6.423482 7.048998 5.153454
v -3.997786 7.048998 5.153454
v -6.423482 7.780421 5.153454
v -3.997786 7.780421 5.153454
v -6.423482 7.780421 5.728840
v -3.997786 7.780421 5.728840
vn -0.0000 -0.0000 -1.0000
vn -0.0000 1.0000 -0.0000
vt -0.889913 0.115852
vt -0.957637 0.115852
vt -0.957637 0.095431
vt -0.889913 0.095431
vt -0.957637 0.079366
vt -0.889913 0.079366
s 1
g off
g Library2.157_Material.002
usemtl Material.002
f 2130/2591/1712 2129/2592/1712 2131/2593/1712 2132/2594/1712
f 2131/2593/1713 2133/2595/1713 2134/2596/1713 2132/2594/1713
g Library2.158_Library2.158
v -6.423482 6.186958 5.153454
v -3.997786 6.186958 5.153454
v -6.423482 6.918383 5.153454
v -3.997786 6.918383 5.153454
v -6.423482 6.918383 5.728840
v -3.997786 6.918383 5.728840
vn -0.0000 -0.0000 -1.0000
vn -0.0000 1.0000 -0.0000
vt -0.889913 0.115852
vt -0.957637 0.115852
vt -0.957637 0.095431
vt -0.889913 0.095431
vt -0.957637 0.079366
vt -0.889913 0.079366
s 1
g off
g Library2.158_Material.002
usemtl Material.002
f 2136/2597/1714 2135/2598/1714 2137/2599/1714 2138/2600/1714
f 2137/2599/1715 2139/2601/1715 2140/2602/1715 2138/2600/1715
g Library2.159_Library2.159
v -6.423482 5.296666 5.153454
v -3.997786 5.296666 5.153454
v -6.423482 6.028090 5.153454
v -3.997786 6.028090 5.153454
v -6.423482 6.028090 5.728840
v -3.997786 6.028090 5.728840
vn -0.0000 -0.0000 -1.0000
vn -0.0000 1.0000 -0.0000
vt -0.889913 0.115852
vt -0.957637 0.115852
vt -0.957637 0.095431
vt -0.889913 0.095431
vt -0.957637 0.079366
vt -0.889913 0.079366
s 1
g off
g Library2.159_Material.002
usemtl Material.002
f 2142/2603/1716 2141/2604/1716 2143/2605/1716 2144/2606/1716
f 2143/2605/1717 2145/2607/1717 2146/2608/1717 2144/2606/1717
g Library2.160_Library2.160
v -6.423482 4.378213 5.153454
v -3.997786 4.378213 5.153454
v -6.423482 5.109636 5.153454
v -3.997786 5.109636 5.153454
v -6.423482 5.109636 5.728840
v -3.997786 5.109636 5.728840
vn -0.0000 -0.0000 -1.0000
vn -0.0000 1.0000 -0.0000
vt -0.889913 0.115852
vt -0.957637 0.115852
vt -0.957637 0.095431
vt -0.889913 0.095431
vt -0.957637 0.079366
vt -0.889913 0.079366
s 1
g off
g Library2.160_Material.002
usemtl Material.002
f 2148/2609/1718 2147/2610/1718 2149/2611/1718 2150/2612/1718
f 2149/2611/1719 2151/2613/1719 2152/2614/1719 2150/2612/1719
g Library2.161_Library2.161
v -6.423482 2.508121 5.153455
v -3.997786 2.508121 5.153455
v -6.423482 3.239543 5.153454
v -3.997786 3.239543 5.153454
v -6.423482 3.239543 5.728840
v -3.997786 3.239543 5.728840
vn -0.0000 -0.0000 -1.0000
vn -0.0000 1.0000 -0.0000
vt -0.889913 0.115852
vt -0.957637 0.115852
vt -0.957637 0.095431
vt -0.889913 0.095431
vt -0.957637 0.079366
vt -0.889913 0.079366
s 1
g off
g Library2.161_Material.002
usemtl Material.002
f 2154/2615/1720 2153/2616/1720 2155/2617/1720 2156/2618/1720
f 2155/2617/1721 2157/2619/1721 2158/2620/1721 2156/2618/1721
g Library2.162_Library2.162
v -6.423482 1.596328 5.153455
v -3.997786 1.596328 5.153455
v -6.423482 2.327751 5.153455
v -3.997786 2.327751 5.153455
v -6.423482 2.327751 5.728841
v -3.997786 2.327751 5.728841
vn -0.0000 -0.0000 -1.0000
vn -0.0000 1.0000 -0.0000
vt -0.889913 0.115852
vt -0.957637 0.115852
vt -0.957637 0.095431
vt -0.889913 0.095431
vt -0.957637 0.079366
vt -0.889913 0.079366
s 1
g off
g Library2.162_Material.002
usemtl Material.002
f 2160/2621/1722 2159/2622/1722 2161/2623/1722 2162/2624/1722
f 2161/2623/1723 2163/2625/1723 2164/2626/1723 2162/2624/1723
g Library2.163_Library2.163
v -3.997786 7.978181 -5.006679
v -6.423482 7.978181 -5.006679
v -3.997786 8.709606 -5.006679
v -6.423482 8.709606 -5.006679
v -3.997786 8.709606 -5.582066
v -6.423482 8.709606 -5.582066
vn -0.0000 -0.0000 1.0000
vn -0.0000 1.0000 -0.0000
vt -0.889913 0.115852
vt -0.957637 0.115852
vt -0.957637 0.095431
vt -0.889913 0.095431
vt -0.957637 0.079366
vt -0.889913 0.079366
s 1
g off
g Library2.163_Material.002
usemtl Material.002
f 2166/2627/1724 2165/2628/1724 2167/2629/1724 2168/2630/1724
f 2167/2629/1725 2169/2631/1725 2170/2632/1725 2168/2630/1725
g Library2.164_Library2.164
v -3.997786 7.058506 -5.006679
v -6.423482 7.058506 -5.006679
v -3.997786 7.789929 -5.006679
v -6.423482 7.789929 -5.006679
v -3.997786 7.789929 -5.582066
v -6.423482 7.789929 -5.582066
vn -0.0000 -0.0000 1.0000
vn -0.0000 1.0000 -0.0000
vt -0.889913 0.115852
vt -0.957637 0.115852
vt -0.957637 0.095431
vt -0.889913 0.095431
vt -0.957637 0.079366
vt -0.889913 0.079366
s 1
g off
g Library2.164_Material.002
usemtl Material.002
f 2172/2633/1726 2171/2634/1726 2173/2635/1726 2174/2636/1726
f 2173/2635/1727 2175/2637/1727 2176/2638/1727 2174/2636/1727
g Library2.165_Library2.165
v -3.997786 6.172778 -5.006679
v -6.423482 6.172778 -5.006679
v -3.997786 6.904202 -5.006679
v -6.423482 6.904202 -5.006679
v -3.997786 6.904202 -5.582066
v -6.423482 6.904202 -5.582066
vn -0.0000 -0.0000 1.0000
vn -0.0000 1.0000 -0.0000
vt -0.889913 0.115852
vt -0.957637 0.115852
vt -0.957637 0.095431
vt -0.889913 0.095431
vt -0.957637 0.079366
vt -0.889913 0.079366
s 1
g off
g Library2.165_Material.002
usemtl Material.002
f 2178/2639/1728 2177/2640/1728 2179/2641/1728 2180/2642/1728
f 2179/2641/1729 2181/2643/1729 2182/2644/1729 2180/2642/1729
g Library2.166_Library2.166
v -3.997786 5.296664 -5.006679
v -6.423482 5.296664 -5.006679
v -3.997786 6.028088 -5.006679
v -6.423482 6.028088 -5.006679
v -3.997786 6.028088 -5.582066
v -6.423482 6.028088 -5.582066
vn -0.0000 -0.0000 1.0000
vn -0.0000 1.0000 -0.0000
vt -0.889913 0.115852
vt -0.957637 0.115852
vt -0.957637 0.095431
vt -0.889913 0.095431
vt -0.957637 0.079366
vt -0.889913 0.079366
s 1
g off
g Library2.166_Material.002
usemtl Material.002
f 2184/2645/1730 2183/2646/1730 2185/2647/1730 2186/2648/1730
f 2185/2647/1731 2187/2649/1731 2188/2650/1731 2186/2648/1731
g Library2.167_Library2.167
v -3.997786 1.596327 -5.006678
v -6.423482 1.596327 -5.006678
v -3.997786 2.327749 -5.006678
v -6.423482 2.327749 -5.006678
v -3.997786 2.327749 -5.582064
v -6.423482 2.327749 -5.582064
vn -0.0000 -0.0000 1.0000
vn -0.0000 1.0000 -0.0000
vt -0.889913 0.115852
vt -0.957637 0.115852
vt -0.957637 0.095431
vt -0.889913 0.095431
vt -0.957637 0.079366
vt -0.889913 0.079366
s 1
g off
g Library2.167_Material.002
usemtl Material.002
f 2190/2651/1732 2189/2652/1732 2191/2653/1732 2192/2654/1732
f 2191/2653/1733 2193/2655/1733 2194/2656/1733 2192/2654/1733
g Library2.168_Library2.168
v -3.997786 2.501226 -5.006678
v -6.423482 2.501226 -5.006678
v -3.997786 3.232651 -5.006679
v -6.423482 3.232651 -5.006679
v -3.997786 3.232651 -5.582065
v -6.423482 3.232651 -5.582065
vn -0.0000 -0.0000 1.0000
vn -0.0000 1.0000 -0.0000
vt -0.889913 0.115852
vt -0.957637 0.115852
vt -0.957637 0.095431
vt -0.889913 0.095431
vt -0.957637 0.079366
vt -0.889913 0.079366
s 1
g off
g Library2.168_Material.002
usemtl Material.002
f 2196/2657/1734 2195/2658/1734 2197/2659/1734 2198/2660/1734
f 2197/2659/1735 2199/2661/1735 2200/2662/1735 2198/2660/1735
g Library2.169_Library2.169
v -5.208895 3.438559 -4.999104
v -4.959008 4.125971 -4.999106
v -5.208895 3.438559 -5.574491
v -5.412081 3.512419 -4.999104
v -5.162194 4.199831 -4.999106
v -5.412081 3.512419 -5.574491
v -5.162194 4.199831 -5.574491
v -4.959010 4.125971 -5.574491
vn -0.0000 -0.0000 1.0000
vn 0.9398 -0.3416 -0.0000
vn -0.3416 -0.9398 -0.0000
vn -0.9398 0.3416 -0.0000
vn 0.3416 0.9398 -0.0000
vt 0.425862 0.129430
vt 0.437259 0.129431
vt 0.437257 0.167992
vt 0.425859 0.167991
vt 0.469536 0.129434
vt 0.469534 0.167994
vt 0.425864 0.097154
vt 0.437262 0.097155
vt 0.393582 0.167989
vt 0.393585 0.129428
vt 0.437255 0.200269
vt 0.425857 0.200268
s 1
g off
g Library2.169_Material.002
usemtl Material.002
f 2204/2663/1736 2201/2664/1736 2202/2665/1736 2205/2666/1736
f 2201/2664/1737 2203/2667/1737 2208/2668/1737 2202/2665/1737
f 2204/2663/1738 2206/2669/1738 2203/2670/1738 2201/2664/1738
f 2205/2666/1739 2207/2671/1739 2206/2672/1739 2204/2663/1739
f 2202/2665/1740 2208/2673/1740 2207/2674/1740 2205/2666/1740
g Library2.170_Library2.170
v -3.997786 4.378211 -5.006679
v -6.423482 4.378211 -5.006679
v -3.997786 5.109634 -5.006679
v -6.423482 5.109634 -5.006679
v -3.997786 5.109634 -5.582065
v -6.423482 5.109634 -5.582065
vn -0.0000 -0.0000 1.0000
vn -0.0000 1.0000 -0.0000
vt -0.889913 0.115852
vt -0.957637 0.115852
vt -0.957637 0.095431
vt -0.889913 0.095431
vt -0.957637 0.079366
vt -0.889913 0.079366
s 1
g off
g Library2.170_Material.002
usemtl Material.002
f 2210/2675/1741 2209/2676/1741 2211/2677/1741 2212/2678/1741
f 2211/2677/1742 2213/2679/1742 2214/2680/1742 2212/2678/1742
g Library2.171_Library2.171
v -3.970494 3.453485 -4.982573
v -4.955557 3.453485 -4.982573
v -3.970494 4.184907 -4.982573
v -4.955557 4.184907 -4.982573
v -3.970494 4.184907 -5.557960
v -4.955557 4.184907 -5.557960
v -4.912560 3.474029 -5.510182
vn -0.0000 -0.0000 1.0000
vn -0.0000 1.0000 -0.0000
vn -0.9987 -0.0311 -0.0395
vt 0.134781 0.118131
vt 0.134781 0.149793
vt 0.109993 0.149793
vt 0.109993 0.118131
vt 0.090494 0.149793
vt 0.090494 0.118131
s 1
g off
g Library2.171_Material.002
usemtl Material.002
f 2216/2681/1743 2215/2682/1743 2217/2683/1743 2218/2684/1743
f 2217/2683/1744 2219/2685/1744 2220/2686/1744 2218/2684/1744
f 2218/2682/1745 2220/2682/1745 2221/2682/1745 2216/2682/1745
g Library2.172_Library2.172
v -6.748513 1.599857 -4.618110
v -6.748513 1.599857 4.721553
v -6.748513 2.331280 -4.618110
v -6.748513 2.331281 4.721553
v -7.323899 2.331280 -4.618110
v -7.323899 2.331281 4.721553
vn 1.0000 -0.0000 -0.0000
vn -0.0000 1.0000 -0.0000
vt 0.063431 0.010071
vt 0.334572 0.010071
vt 0.334572 0.031305
vt 0.063431 0.031305
vt 0.334572 0.048009
vt 0.063431 0.048009
s 1
g off
g Library2.172_Material.002
usemtl Material.002
f 2223/2687/1746 2222/2688/1746 2224/2689/1746 2225/2690/1746
f 2224/2689/1747 2226/2691/1747 2227/2692/1747 2225/2690/1747
g Library2.173_Library2.173
v -6.777198 8.002858 -4.617867
v -6.777198 8.002858 4.721796
v -6.777198 8.734282 -4.617867
v -6.777198 8.734282 4.721796
v -7.352582 8.734282 -4.617867
v -7.352582 8.734282 4.721796
vn 1.0000 -0.0000 -0.0000
vn -0.0000 1.0000 -0.0000
vt -0.936569 0.010071
vt -0.665428 0.010071
vt -0.665428 0.031305
vt -0.936569 0.031305
vt -0.665428 0.048009
vt -0.936569 0.048009
s 1
g off
g Library2.173_Material.002
usemtl Material.002
f 2229/2693/1748 2228/2694/1748 2230/2695/1748 2231/2696/1748
f 2230/2695/1749 2232/2697/1749 2233/2698/1749 2231/2696/1749
g Library2.174_Library2.174
v -6.778242 7.054231 -4.618111
v -6.778242 7.054232 4.721552
v -6.778242 7.785655 -4.618111
v -6.778242 7.785655 4.721552
v -7.353629 7.785655 -4.618111
v -7.353629 7.785655 4.721552
vn 1.0000 -0.0000 -0.0000
vn -0.0000 1.0000 -0.0000
vt -0.936569 0.010071
vt -0.665428 0.010071
vt -0.665428 0.031305
vt -0.936569 0.031305
vt -0.665428 0.048009
vt -0.936569 0.048009
s 1
g off
g Library2.174_Material.002
usemtl Material.002
f 2235/2699/1750 2234/2700/1750 2236/2701/1750 2237/2702/1750
f 2236/2701/1751 2238/2703/1751 2239/2704/1751 2237/2702/1751
g Library2.175_Library2.175
v -6.778242 5.276937 -4.618111
v -6.778242 5.276937 4.721552
v -6.778242 6.008360 -4.618111
v -6.778242 6.008362 4.721552
v -7.353629 6.008360 -4.618111
v -7.353629 6.008362 4.721552
vn 1.0000 -0.0000 -0.0000
vn -0.0000 1.0000 -0.0000
vt -0.936569 0.010071
vt -0.665428 0.010071
vt -0.665428 0.031305
vt -0.936569 0.031305
vt -0.665428 0.048009
vt -0.936569 0.048009
s 1
g off
g Library2.175_Material.002
usemtl Material.002
f 2241/2705/1752 2240/2706/1752 2242/2707/1752 2243/2708/1752
f 2242/2707/1753 2244/2709/1753 2245/2710/1753 2243/2708/1753
g Library2.176_Library2.176
v -6.778242 4.363968 -4.618111
v -6.778242 4.363970 4.721552
v -6.778242 5.095393 -4.618111
v -6.778242 5.095395 4.721552
v -7.353629 5.095393 -4.618111
v -7.353629 5.095395 4.721552
vn 1.0000 -0.0000 -0.0000
vn -0.0000 1.0000 -0.0000
vt -0.936569 0.010071
vt -0.665428 0.010071
vt -0.665428 0.031305
vt -0.936569 0.031305
vt -0.665428 0.048009
vt -0.936569 0.048009
s 1
g off
g Library2.176_Material.002
usemtl Material.002
f 2247/2711/1754 2246/2712/1754 2248/2713/1754 2249/2714/1754
f 2248/2713/1755 2250/2715/1755 2251/2716/1755 2249/2714/1755
g Library2.177_Library2.177
v -6.778242 3.411682 -4.618111
v -6.778242 3.411683 4.721552
v -6.778242 4.143106 -4.618111
v -6.778242 4.143106 4.721552
v -7.353629 4.143106 -4.618111
v -7.353629 4.143106 4.721552
vn 1.0000 -0.0000 -0.0000
vn -0.0000 1.0000 -0.0000
vt -0.936569 0.010071
vt -0.665428 0.010071
vt -0.665428 0.031305
vt -0.936569 0.031305
vt -0.665428 0.048009
vt -0.936569 0.048009
s 1
g off
g Library2.177_Material.002
usemtl Material.002
f 2253/2717/1756 2252/2718/1756 2254/2719/1756 2255/2720/1756
f 2254/2719/1757 2256/2721/1757 2257/2722/1757 2255/2720/1757
g Library2.178_Library2.178
v -6.778242 2.488384 -4.618110
v -6.778242 2.488385 4.721553
v -6.778242 3.219808 -4.618111
v -6.778242 3.219809 4.721552
v -7.353629 3.219808 -4.618111
v -7.353629 3.219809 4.721552
vn 1.0000 -0.0000 -0.0000
vn -0.0000 1.0000 -0.0000
vt -0.936569 0.010071
vt -0.665428 0.010071
vt -0.665428 0.031305
vt -0.936569 0.031305
vt -0.665428 0.048009
vt -0.936569 0.048009
s 1
g off
g Library2.178_Material.002
usemtl Material.002
f 2259/2723/1758 2258/2724/1758 2260/2725/1758 2261/2726/1758
f 2260/2725/1759 2262/2727/1759 2263/2728/1759 2261/2726/1759
g Library2.179_Library2.179
v -6.778242 6.910332 -4.618111
v -6.778242 6.910333 4.721552
v -7.353629 6.910332 -4.618111
v -6.778242 6.178907 -4.618111
v -6.778242 6.178909 4.721552
v -7.353629 6.910333 4.721552
vn 1.0000 -0.0000 -0.0000
vn -0.0000 1.0000 -0.0000
vt -0.936569 0.010071
vt -0.665428 0.010071
vt -0.665428 0.031305
vt -0.936569 0.031305
vt -0.665428 0.048009
vt -0.936569 0.048009
s 1
g off
g Library2.179_Material.002
usemtl Material.002
f 2268/2729/1760 2267/2730/1760 2264/2731/1760 2265/2732/1760
f 2264/2731/1761 2266/2733/1761 2269/2734/1761 2265/2732/1761
g Library2.180_Library2.180
v -6.489330 2.117966 5.004345
v -6.489332 10.090733 5.004344
v -6.425973 2.117966 4.922153
v -6.484118 2.088503 5.015635
v -6.484120 1.974457 5.015635
v -6.413697 2.088503 4.924279
v -6.413697 1.974455 4.924279
v -6.448877 2.088503 4.814425
v -6.457627 2.117965 4.823320
v -6.448877 1.974456 4.814425
v -6.559270 2.088503 4.780975
v -6.556945 2.117965 4.793227
v -6.559270 1.974456 4.780975
v -6.613246 2.088500 4.805780
v -6.605502 2.117965 4.815541
v -6.613246 1.974454 4.805780
v -6.596459 1.942337 4.827738
v -6.554527 1.942336 4.808468
v -6.595181 1.760005 4.829387
v -6.622003 1.720816 4.794235
v -6.554152 1.760005 4.810534
v -6.561786 1.720816 4.766563
v -6.470235 1.760006 4.835959
v -6.468762 1.942337 4.834454
v -6.443491 1.760006 4.919467
v -6.438619 1.720816 4.803881
v -6.399367 1.720816 4.926444
v -6.435802 1.647227 4.801001
v -6.395425 1.647227 4.927079
v -6.562502 1.647227 4.762609
v -6.419723 1.590451 4.784626
v -6.566739 1.590489 4.740075
v -6.398918 1.550041 4.763492
v -6.372860 1.590559 4.930924
v -6.466643 1.590715 5.052614
v -6.343639 1.550160 4.936044
v -6.381251 1.550251 5.021441
v -6.344426 1.521790 4.935915
v -6.381886 1.521884 5.020967
v -6.399482 1.521668 4.764068
v -6.572170 1.521711 4.711735
v -6.572316 1.550084 4.710947
v -6.476251 1.647227 5.031931
v -6.477939 1.720816 5.028371
v -6.497023 1.760006 4.988914
v -6.494815 1.942337 4.993566
v -6.441430 1.942337 4.919798
v -6.638625 1.590557 4.773104
v -6.624449 1.647227 4.791078
v -6.605502 10.090733 4.815540
v -6.556945 10.090733 4.793226
v -6.457627 10.090733 4.823319
v -6.425973 10.090733 4.922152
vn 0.9850 -0.0000 0.1725
vn 0.7920 -0.0000 0.6105
vn 0.7418 0.3503 0.5718
vn 0.9524 -0.0000 -0.3050
vn 0.8918 0.3510 -0.2856
vn 0.2715 0.3512 -0.8961
vn 0.2900 -0.0000 -0.9570
vn -0.3863 0.3800 -0.8405
vn -0.4176 -0.0000 -0.9086
vn -0.3198 -0.6430 -0.6959
vn -0.4175 -0.0111 -0.9086
vn 0.0521 -0.0119 -0.9986
vn 0.0526 -0.0112 -0.9986
vn -0.2808 0.7402 -0.6110
vn 0.2033 0.7131 -0.6709
vn 0.7015 -0.0116 -0.7126
vn 0.9859 -0.0156 0.1669
vn 0.9858 -0.0156 0.1669
vn 0.6674 0.7134 -0.2137
vn 0.9339 0.1958 -0.2992
vn 0.9512 0.0483 -0.3046
vn 0.9339 0.1956 -0.2992
vn 0.2844 0.1959 -0.9385
vn 0.2896 0.0485 -0.9559
vn 0.8478 0.4553 -0.2718
vn 0.8478 0.4552 -0.2719
vn 0.2583 0.4551 -0.8521
vn 0.2433 0.5449 -0.8024
vn 0.2583 0.4553 -0.8521
vn 0.7984 0.5450 -0.2561
vn 0.7164 0.4560 0.5280
vn 0.6824 0.5494 0.4822
vn 0.7769 0.1950 0.5987
vn 0.7769 0.1948 0.5987
vn 0.5900 0.7159 0.3735
vn 0.9148 -0.0272 0.4029
vn 0.9520 -0.0250 -0.3050
vn 0.2899 -0.0251 -0.9567
vn 0.7911 0.0476 0.6098
vn 0.5599 0.7072 0.4316
vn 0.8012 -0.0176 0.5981
vn 0.6473 -0.5878 0.4853
vn 0.7510 -0.6149 -0.2405
vn -0.4083 0.2088 -0.8887
vn -0.4082 0.2090 -0.8886
vn -0.3885 0.3652 -0.8460
vn -0.4170 0.0528 -0.9074
vn 0.2291 -0.6132 -0.7560
vn -0.4176 -0.0000 -0.9087
vn 0.0524 -0.0000 -0.9986
vn 0.0524 0.0001 -0.9986
vn 0.7015 -0.0000 -0.7127
vt 0.596058 0.051331
vt 0.596058 0.054312
vt 0.367074 0.054280
vt 0.367074 0.051298
vt 0.363739 0.054681
vt 0.363027 0.051560
vt 0.363906 0.051409
vt 0.364583 0.054295
vt 0.360545 0.055257
vt 0.359887 0.052018
vt 0.359526 0.048643
vt 0.362728 0.048490
vt 0.363618 0.048468
vt 0.362824 0.045390
vt 0.363704 0.045529
vt 0.359575 0.045257
vt 0.363937 0.044024
vt 0.363049 0.043772
vt 0.359728 0.043547
vt 0.358413 0.044942
vt 0.358528 0.043628
vt -0.643397 0.044586
vt -0.643544 0.045902
vt -0.648673 0.045569
vt -0.648342 0.044259
vt -0.650191 0.044907
vt -0.649528 0.043257
vt -0.650768 0.048208
vt -0.648991 0.048318
vt -0.643669 0.048346
vt -0.643542 0.050769
vt -0.648931 0.051121
vt -0.650572 0.051505
vt -0.652921 0.048055
vt -0.652704 0.051922
vt -0.652164 0.044281
vt -0.654701 0.047916
vt -0.654451 0.052305
vt -0.653805 0.043637
vt -0.656102 0.047779
vt -0.655054 0.042924
vt -0.655879 0.052601
vt -0.652951 0.056445
vt -0.651469 0.055564
vt -0.655367 0.055086
vt -0.656170 0.055250
vt -0.656689 0.052690
vt -0.656914 0.047708
vt -0.655865 0.042753
vt -0.649492 0.054779
vt -0.648313 0.053687
vt -0.643237 0.053355
vt 0.359401 0.055163
vt 0.358840 0.052622
vt 0.358700 0.051758
vt 0.358421 0.049157
vt -0.651442 0.042429
vt -0.652951 0.041592
vt 0.358381 0.048229
vt 0.358418 0.045619
vt 0.367078 0.043796
vt 0.596058 0.043835
vt 0.596058 0.045370
vt 0.367077 0.045332
vt 0.596058 0.048351
vt 0.367076 0.048314
s 1
g off
g Library2.180_Material.002
usemtl Material.002
f 2322/2735/1762 2271/2736/1763 2270/2737/1763 2272/2738/1762
f 2273/2739/1764 2275/2740/1764 2272/2741/1764 2270/2742/1764
f 2274/2743/1763 2276/2744/1763 2275/2740/1763 2273/2739/1763
f 2276/2744/1765 2279/2745/1765 2277/2746/1765 2275/2740/1765
f 2275/2740/1766 2277/2746/1766 2278/2747/1766 2272/2741/1766
f 2277/2746/1767 2280/2748/1767 2281/2749/1767 2278/2747/1767
f 2279/2745/1768 2282/2750/1768 2280/2748/1768 2277/2746/1768
f 2284/2751/1769 2281/2749/1769 2280/2748/1769 2283/2752/1769
f 2283/2752/1770 2280/2748/1770 2282/2750/1770 2285/2753/1770
f 2287/2754/1771 2286/2755/1771 2285/2753/1771 2282/2750/1771
f 2286/2756/1772 2287/2757/1773 2290/2758/1774 2288/2759/1772
f 2288/2759/1775 2290/2758/1775 2291/2760/1775 2289/2761/1775
f 2295/2762/1776 2291/2760/1776 2290/2758/1776 2292/2763/1776
f 2290/2758/1774 2287/2757/1773 2293/2764/1777 2292/2763/1777
f 2292/2763/1777 2293/2764/1777 2316/2765/1778 2294/2766/1779
f 2296/2767/1780 2295/2762/1780 2292/2763/1780 2294/2766/1780
f 2297/2768/1781 2295/2762/1782 2296/2767/1782 2298/2769/1783
f 2299/2770/1784 2291/2760/1785 2295/2762/1785 2297/2768/1784
f 2300/2771/1786 2297/2768/1781 2298/2769/1783 2303/2772/1787
f 2301/2773/1788 2299/2770/1784 2297/2768/1784 2300/2771/1788
f 2302/2774/1789 2311/2775/1789 2301/2773/1790 2300/2771/1790
f 2305/2776/1791 2302/2774/1791 2300/2771/1786 2303/2772/1787
f 2304/2777/1792 2303/2772/1793 2298/2769/1794 2312/2778/1795
f 2303/2772/1793 2304/2777/1792 2306/2779/1796 2305/2776/1796
f 2305/2776/1797 2306/2779/1797 2308/2780/1797 2307/2781/1797
f 2307/2781/1798 2309/2782/1798 2302/2774/1798 2305/2776/1798
f 2309/2782/1799 2310/2783/1799 2311/2775/1799 2302/2774/1799
f 2298/2769/1794 2296/2767/1800 2313/2784/1800 2312/2778/1795
f 2313/2784/1801 2296/2767/1801 2294/2766/1801 2314/2785/1801
f 2294/2766/1779 2316/2765/1778 2315/2786/1802 2314/2785/1802
f 2274/2743/1803 2315/2787/1803 2316/2788/1803 2276/2744/1803
f 2276/2744/1804 2316/2789/1804 2293/2790/1804 2279/2745/1804
f 2318/2791/1805 2299/2770/1806 2301/2773/1807 2317/2792/1807
f 2289/2761/1808 2291/2760/1808 2299/2770/1806 2318/2791/1805
f 2279/2745/1809 2293/2793/1809 2287/2794/1809 2282/2750/1809
f 2284/2795/1810 2319/2796/1810 2320/2797/1811 2281/2798/1812
f 2320/2797/1811 2321/2799/1813 2278/2800/1813 2281/2798/1812
f 2321/2799/1813 2322/2735/1762 2272/2738/1762 2278/2800/1813
g Library2.181_Library2.181
v 0.053244 1.147927 -2.220242
v 0.026361 1.228623 -2.153504
v 0.043532 1.175874 -2.116255
v 0.064413 1.112452 -2.118727
v 0.081029 1.062579 -2.159974
v 0.087030 1.045307 -2.224241
v 0.080127 1.067232 -2.286981
v 0.062955 1.119979 -2.324228
v 0.042074 1.183402 -2.321756
v 0.025461 1.233275 -2.280510
v 0.019458 1.250547 -2.216243
vn 0.9499 0.3126 0.0047
vn 0.9499 0.3125 0.0047
vt 0.009284 0.616126
vt 0.017124 0.595699
vt 0.044638 0.617976
vt 0.035472 0.583781
vt 0.057322 0.584925
vt 0.074327 0.598692
vt 0.079991 0.619826
vt 0.072152 0.640253
vt 0.053803 0.652171
vt 0.031953 0.651028
vt 0.014949 0.637259
s 1
g off
g Library2.181_Material.002
usemtl Material.002
f 2333/2801/1814 2324/2802/1815 2323/2803/1814
f 2324/2802/1815 2325/2804/1815 2323/2803/1814
f 2325/2804/1815 2326/2805/1814 2323/2803/1814
f 2326/2805/1814 2327/2806/1814 2323/2803/1814
f 2327/2806/1814 2328/2807/1814 2323/2803/1814
f 2328/2807/1814 2329/2808/1814 2323/2803/1814
f 2329/2808/1814 2330/2809/1814 2323/2803/1814
f 2330/2809/1814 2331/2810/1815 2323/2803/1814
f 2331/2810/1815 2332/2811/1815 2323/2803/1814
f 2332/2811/1815 2333/2801/1814 2323/2803/1814
g Library2.182_Library2.182
v -3.926292 4.352253 4.865394
v -6.644044 4.352253 4.865394
v -3.926292 4.230385 4.949513
v -3.926292 4.450449 4.976233
v -3.926292 4.437661 5.028122
v -6.644044 4.450450 4.976233
v -6.644044 4.437662 5.028122
v -6.644044 4.230386 4.949513
v -3.926292 4.230385 5.002954
v -6.644044 4.230386 5.002954
vn -0.0000 0.1205 -0.9927
vn -0.0000 0.7485 -0.6631
vn -0.0000 -0.5681 -0.8230
vn -0.0000 0.9709 0.2393
vn -0.0000 -1.0000 -0.0000
vt -0.096139 0.079154
vt -0.096139 0.083691
vt -0.439586 0.083691
vt -0.439586 0.079154
vt -0.096139 0.074617
vt -0.439586 0.074617
vt -0.096139 0.085329
vt -0.439586 0.085329
vt -0.439586 0.072980
vt -0.096139 0.072980
s 1
g off
g Library2.182_Material.002
usemtl Material.002
f 2335/2812/1816 2339/2813/1817 2337/2814/1817 2334/2815/1816
f 2341/2816/1818 2335/2812/1816 2334/2815/1816 2336/2817/1818
f 2337/2814/1819 2339/2813/1819 2340/2818/1819 2338/2819/1819
f 2342/2820/1820 2343/2821/1820 2341/2816/1820 2336/2817/1820
g Library2.183_Library2.183
v 1.662281 0.857430 -4.075281
v 1.657298 1.588815 -4.080789
v 2.088967 0.857430 -4.461298
v 2.083985 1.588815 -4.466806
v 1.989985 0.855932 -4.570709
v 1.985002 1.587318 -4.576217
v 1.563298 0.855932 -4.184691
v 1.558316 1.587318 -4.190198
vn 0.6708 0.0102 0.7415
vn 0.7416 -0.0000 -0.6709
vn -0.6708 -0.0102 -0.7415
vn -0.0068 0.9999 -0.0075
vt -0.581160 0.093254
vt -0.581160 0.116442
vt -0.613609 0.116442
vt -0.613609 0.093254
vt -0.581160 0.122390
vt -0.613609 0.122390
vt -0.619555 0.093254
vt -0.619555 0.116442
vt -0.652004 0.116442
vt -0.652004 0.093254
s 1
g off
g Library2.183_Material.002
usemtl Material.002
f 2344/2822/1821 2346/2823/1821 2347/2824/1821 2345/2825/1821
f 2346/2823/1822 2348/2826/1822 2349/2827/1822 2347/2824/1822
f 2351/2828/1823 2349/2829/1823 2348/2830/1823 2350/2831/1823
f 2345/2825/1824 2347/2824/1824 2349/2829/1824 2351/2828/1824
g Library2.184_Library2.184
v 1.850223 0.032470 -3.845360
v 1.834487 0.763557 -3.861001
v 2.255845 0.032470 -4.253455
v 2.240109 0.763557 -4.269094
v 2.151245 0.027994 -4.357419
v 2.135508 0.759082 -4.373062
v 1.745624 0.027994 -3.949326
v 1.729887 0.759082 -3.964966
vn 0.7089 0.0303 0.7046
vn 0.7050 -0.0000 -0.7093
vn -0.7089 -0.0303 -0.7046
vn -0.0215 0.9995 -0.0214
vt 0.379124 0.172648
vt 0.404278 0.172648
vt 0.404278 0.207849
vt 0.379124 0.207849
vt 0.410731 0.172648
vt 0.410731 0.207849
vt 0.379124 0.214298
vt 0.404278 0.214298
vt 0.404278 0.249499
vt 0.379124 0.249499
s 1
g off
g Library2.184_Material.002
usemtl Material.002
f 2352/2832/1825 2354/2833/1825 2355/2834/1825 2353/2835/1825
f 2354/2833/1826 2356/2836/1826 2357/2837/1826 2355/2834/1826
f 2359/2838/1827 2357/2839/1827 2356/2840/1827 2358/2841/1827
f 2353/2835/1828 2355/2834/1828 2357/2839/1828 2359/2838/1828
g Library2.185_Library2.185
v -1.411280 2.155105 -5.566898
v -1.257135 2.073920 -5.265595
v -2.709875 2.155105 -4.864799
v -1.155259 2.090420 -5.684296
v -0.963765 0.803988 -5.221868
v -0.998053 2.088809 -5.361937
v -0.855582 1.447063 -5.034646
v -0.711210 1.457175 -4.617122
v -1.045044 1.018914 -4.883787
v -2.343638 1.018915 -4.181688
v -0.848243 0.990617 -4.458628
v -2.077712 0.990617 -3.793903
v -0.424672 0.941277 -3.686345
v -0.269668 0.770472 -3.507481
v -1.654140 0.941277 -3.021620
v -0.308103 1.439046 -3.877030
v -0.093947 0.763233 -3.663969
v -0.566663 0.613745 -4.531861
v -0.774264 0.571770 -4.427496
v -2.091512 0.571770 -3.715314
v -1.586916 0.770472 -2.795297
v -2.290388 0.613745 -3.592998
v -2.280717 1.457175 -3.762258
v -1.817675 0.763233 -2.725106
v -2.649787 0.803988 -4.303541
v -2.920773 2.090421 -4.722673
v -2.566932 1.447064 -4.102525
v -2.763568 2.088809 -4.400314
v -2.555731 2.073921 -4.563498
v -1.877611 1.439046 -3.022166
vn 0.1132 0.9763 0.1845
vn 0.1134 0.9766 0.1828
vn 0.8984 0.1387 -0.4167
vn 0.8800 0.2705 -0.3905
vn 0.0941 0.9759 0.1967
vn 0.0901 0.9767 0.1947
vn 0.9002 0.0123 -0.4354
vn 0.9005 0.0294 -0.4339
vn 0.3987 0.3877 0.8311
vn 0.2546 0.6511 0.7150
vn -0.2435 0.4784 0.8437
vn 0.1043 0.4020 0.9097
vn 0.8837 0.0845 -0.4604
vn 0.8926 -0.1339 -0.4305
vn -0.2224 0.9598 0.1713
vn -0.8186 0.3965 0.4156
vn 0.4796 0.3878 0.7871
vn 0.4620 0.6475 0.6061
vn 0.2616 0.9604 -0.0958
vn -0.0517 0.9445 0.3243
vn 0.3002 0.9447 0.1318
vn -0.7620 0.4019 0.5077
vn 0.2678 0.7376 0.6199
vn 0.2022 0.4826 0.8522
vn 0.3772 0.7360 0.5622
vn 0.8690 0.1105 -0.4823
vn 0.8630 -0.3110 -0.3982
vn 0.0974 -0.9829 0.1563
vn 0.0967 -0.9829 0.1569
vn 0.0788 -0.9829 0.1666
vn 0.0780 -0.9829 0.1669
vn -0.8434 -0.1406 0.5186
vn -0.8031 -0.3091 0.5095
vn -0.8649 0.0824 0.4952
vn -0.8763 0.1146 0.4679
vn -0.8696 -0.0030 0.4937
vn -0.8607 0.0163 0.5089
vn -0.8758 0.0954 0.4732
vn -0.8436 0.2479 0.4763
vn 0.8524 0.4745 0.2197
vn 0.7873 0.3924 -0.4756
vn 0.7255 0.3993 0.5606
vn 0.8400 0.4018 -0.3645
vn 0.6141 0.4797 0.6267
vt 0.251810 0.203579
vt 0.240379 0.203579
vt 0.240379 0.189041
vt 0.251810 0.189041
vt 0.251810 0.258463
vt 0.240379 0.258463
vt 0.040567 0.143023
vt 0.033597 0.158938
vt 0.024568 0.120806
vt 0.032657 0.122022
vt 0.200561 0.203579
vt 0.211408 0.189041
vt 0.054020 0.144728
vt 0.054274 0.170642
vt 0.187439 0.203579
vt 0.187439 0.189041
vt 0.200561 0.258463
vt 0.187439 0.258463
vt 0.146225 0.203812
vt 0.146178 0.258179
vt 0.156042 0.189053
vt 0.132661 0.200089
vt 0.132965 0.189053
vt 0.132689 0.261952
vt 0.079503 0.149176
vt 0.085137 0.171183
vt 0.092565 0.203591
vt 0.092568 0.189053
vt 0.092551 0.258476
vt 0.092547 0.273076
vt 0.132892 0.273076
vt 0.054769 0.281432
vt 0.055022 0.255517
vt 0.085885 0.254976
vt 0.080251 0.276983
vt 0.041316 0.283136
vt 0.034345 0.267221
vt 0.033405 0.304137
vt 0.025316 0.305354
vt 0.211785 0.273063
vt 0.187439 0.273063
vt 0.240379 0.273063
vt 0.251810 0.273063
vt 0.155903 0.273076
s 1
g off
g Library2.185_Material.002
usemtl Material.002
f 2360/2842/1829 2361/2843/1830 2365/2844/1831 2363/2845/1832
f 2361/2843/1830 2360/2842/1829 2362/2846/1833 2388/2847/1834
f 2366/2848/1835 2364/2849/1836 2363/2850/1832 2365/2851/1831
f 2361/2843/1837 2368/2852/1838 2366/2853/1839 2365/2844/1840
f 2364/2849/1836 2366/2848/1835 2367/2854/1841 2377/2855/1842
f 2366/2853/1839 2368/2852/1838 2370/2856/1843 2367/2857/1844
f 2368/2852/1838 2361/2843/1837 2388/2847/1845 2369/2858/1846
f 2370/2856/1843 2368/2852/1838 2369/2858/1846 2371/2859/1847
f 2372/2860/1848 2370/2856/1843 2371/2859/1847 2374/2861/1849
f 2367/2857/1844 2370/2856/1843 2372/2860/1848 2375/2862/1850
f 2372/2860/1848 2373/2863/1851 2376/2864/1852 2375/2862/1850
f 2373/2863/1851 2372/2860/1848 2374/2861/1849 2380/2865/1853
f 2377/2855/1842 2367/2854/1841 2375/2866/1854 2376/2867/1855
f 2378/2868/1856 2377/2869/1842 2376/2864/1855 2373/2863/1857
f 2373/2863/1857 2380/2865/1858 2379/2870/1859 2378/2868/1856
f 2381/2871/1860 2379/2870/1859 2380/2865/1858 2383/2872/1861
f 2382/2873/1862 2381/2874/1860 2383/2875/1861 2389/2876/1863
f 2386/2877/1864 2384/2878/1865 2381/2874/1860 2382/2873/1862
f 2384/2878/1865 2386/2877/1864 2387/2879/1866 2385/2880/1867
f 2369/2858/1846 2386/2881/1868 2382/2882/1869 2371/2859/1847
f 2369/2858/1846 2388/2847/1845 2387/2883/1870 2386/2881/1868
f 2388/2847/1834 2362/2846/1833 2385/2884/1867 2387/2883/1866
f 2380/2865/1853 2374/2861/1849 2389/2885/1871 2383/2872/1872
f 2371/2859/1847 2382/2882/1869 2389/2885/1871 2374/2861/1849
g Library2.186_Library2.186
v 0.051068 1.159160 -2.526880
v 0.024185 1.239855 -2.460141
v 0.041357 1.187106 -2.422894
v 0.062238 1.123684 -2.425365
v 0.078854 1.073812 -2.466612
v 0.084855 1.056539 -2.530879
v 0.077951 1.078464 -2.593618
v 0.060780 1.131212 -2.630866
v 0.039899 1.194634 -2.628395
v 0.023283 1.244507 -2.587148
v 0.017282 1.261780 -2.522881
vn 0.9499 0.3126 0.0047
vt -0.990716 0.616126
vt -0.982876 0.595699
vt -0.955362 0.617976
vt -0.964527 0.583781
vt -0.942678 0.584925
vt -0.925673 0.598693
vt -0.920009 0.619826
vt -0.927848 0.640253
vt -0.946197 0.652171
vt -0.968047 0.651028
vt -0.985052 0.637259
s 1
g off
g Library2.186_Material.002
usemtl Material.002
f 2400/2886/1873 2391/2887/1873 2390/2888/1873
f 2391/2887/1873 2392/2889/1873 2390/2888/1873
f 2392/2889/1873 2393/2890/1873 2390/2888/1873
f 2393/2890/1873 2394/2891/1873 2390/2888/1873
f 2394/2891/1873 2395/2892/1873 2390/2888/1873
f 2395/2892/1873 2396/2893/1873 2390/2888/1873
f 2396/2893/1873 2397/2894/1873 2390/2888/1873
f 2397/2894/1873 2398/2895/1873 2390/2888/1873
f 2398/2895/1873 2399/2896/1873 2390/2888/1873
f 2399/2896/1873 2400/2886/1873 2390/2888/1873
g Library2.187_Library2.187
v 1.174896 0.033723 -4.280301
v 1.174895 0.765147 -4.280301
v 0.768037 0.033723 -3.873441
v 0.768037 0.765147 -3.873441
v 0.872368 0.033723 -3.769109
v 0.872368 0.765147 -3.769109
v 1.279227 0.033723 -4.175970
v 1.279227 0.765147 -4.175970
vn -0.7071 -0.0000 -0.7071
vn -0.7071 -0.0000 0.7071
vn 0.7071 -0.0000 0.7071
vn -0.0000 1.0000 -0.0000
vt -0.581160 0.093254
vt -0.581160 0.116442
vt -0.613609 0.116442
vt -0.613609 0.093254
vt -0.581160 0.122390
vt -0.613609 0.122390
vt -0.619555 0.093254
vt -0.619555 0.116442
vt -0.652004 0.116442
vt -0.652004 0.093254
s 1
g off
g Library2.187_Material.002
usemtl Material.002
f 2401/2897/1874 2403/2898/1874 2404/2899/1874 2402/2900/1874
f 2403/2898/1875 2405/2901/1875 2406/2902/1875 2404/2899/1875
f 2408/2903/1876 2406/2904/1876 2405/2905/1876 2407/2906/1876
f 2402/2900/1877 2404/2899/1877 2406/2904/1877 2408/2903/1877
g Library2.188_Library2.188
v 0.017272 1.219440 -2.272890
v 0.031932 1.175436 -2.309284
v -0.012867 1.226522 -2.283857
v 0.011976 1.234683 -2.216185
v 0.037414 1.243066 -2.283608
v 0.055062 1.190090 -2.327422
v 0.031039 1.261415 -2.215341
v 0.022344 1.246608 -2.289092
v 0.041486 1.189145 -2.336616
v 0.015428 1.266511 -2.215044
v -0.002795 1.238336 -2.289217
v 0.016349 1.180873 -2.336740
v -0.009711 1.258238 -2.215168
v -0.019241 1.244870 -2.215590
v -0.001756 1.232975 -2.142879
v -0.011909 1.221580 -2.148945
v 0.018029 1.172199 -2.099962
v 0.023382 1.241247 -2.142755
v 0.038371 1.238125 -2.148696
v 0.043167 1.180472 -2.099838
v 0.067226 1.107395 -2.102685
v 0.056611 1.182094 -2.109129
v 0.033219 1.168793 -2.127961
v 0.078793 1.114724 -2.111754
v 0.096441 1.061746 -2.155569
v 0.051643 1.112832 -2.130141
v 0.066303 1.068828 -2.166535
v 0.028513 1.098178 -2.112004
v 0.046161 1.045202 -2.155818
v 0.006330 1.165549 -2.109379
v 0.042089 1.099125 -2.102811
v 0.061232 1.041661 -2.150334
v 0.086370 1.049933 -2.150210
v 0.068148 1.021759 -2.224384
v 0.060194 1.047020 -2.296672
v 0.093286 1.030029 -2.224259
v 0.052538 1.026853 -2.224086
v 0.071599 1.053586 -2.223242
v 0.045205 1.050144 -2.290730
v 0.065508 1.072933 -2.278600
v 0.026962 1.106175 -2.330297
v 0.050356 1.119475 -2.311466
v 0.004781 1.173545 -2.327671
v 0.040409 1.107798 -2.339589
v 0.065546 1.116069 -2.339464
v 0.085331 1.055292 -2.296546
v 0.077244 1.122720 -2.330047
v 0.095484 1.066689 -2.290480
v 0.102817 1.043398 -2.223836
v 0.018067 1.215337 -2.160827
vn 0.6994 -0.3025 0.6475
vn -0.3889 -0.6606 0.6421
vn -0.2987 -0.9283 0.2216
vn 0.7895 -0.5702 0.2270
vn 0.4793 0.4495 -0.7538
vn 0.3555 0.8212 -0.4464
vn 0.3107 0.9499 0.0326
vn -0.1894 0.5875 -0.7867
vn -0.2994 0.9140 -0.2736
vn -0.7696 0.4510 -0.4520
vn -0.8143 0.5798 0.0270
vn -0.6457 0.0794 -0.7595
vn -0.2950 0.8914 0.3440
vn -0.7629 0.4164 0.4946
vn -0.6349 0.0232 0.7723
vn -0.6348 0.0232 0.7723
vn -0.1780 0.5283 0.8302
vn 0.3621 0.7865 0.5002
vn 0.4901 0.3934 0.7779
vn 0.6457 -0.0793 0.7594
vn 0.0071 -0.0366 0.9993
vn 0.6900 -0.2540 -0.6778
vn 0.5383 0.2091 -0.8164
vn 0.7696 -0.4510 0.4520
vn 0.3889 0.6606 -0.6421
vn -0.6994 0.3025 -0.6475
vn -0.5499 -0.1491 -0.8218
vn -0.4792 -0.4495 0.7539
vn -0.3554 -0.8212 0.4464
vn 0.1894 -0.5875 0.7867
vn -0.3107 -0.9500 -0.0326
vn 0.2994 -0.9141 0.2736
vn -0.3621 -0.7865 -0.5002
vn 0.2950 -0.8914 -0.3440
vn -0.7896 0.5701 -0.2270
vn -0.7860 0.5516 0.2793
vn -0.6900 0.2540 0.6778
vn -0.4901 -0.3934 -0.7779
vn -0.5383 -0.2091 0.8164
vn -0.0071 0.0366 -0.9993
vn 0.1780 -0.5283 -0.8302
vn 0.6349 -0.0232 -0.7723
vn 0.7629 -0.4163 -0.4946
vn 0.3982 0.6121 0.6832
vn 0.5500 0.1490 0.8218
vn 0.8144 -0.5797 -0.0270
vn 0.3023 0.9097 0.2847
vn 0.2987 0.9283 -0.2216
vn -0.3983 -0.6121 -0.6832
vn -0.3023 -0.9097 -0.2847
vn 0.7859 -0.5516 -0.2792
vt -0.910667 0.673751
vt -0.910667 0.688451
vt -0.916448 0.688451
vt -0.916448 0.673751
vt -0.894462 0.673751
vt -0.894463 0.688451
vt -0.900244 0.688451
vt -0.900244 0.673751
vt -0.894462 0.541540
vt -0.894463 0.556241
vt -0.900244 0.556241
vt -0.900244 0.541540
vt -0.910667 0.541540
vt -0.910667 0.556241
vt -0.916448 0.556241
vt -0.916448 0.541540
vt -0.907706 0.673751
vt -0.907706 0.688451
vt -0.907706 0.541540
vt -0.907706 0.556241
vt -0.903204 0.688451
vt -0.903204 0.673751
vt -0.903204 0.541540
vt -0.903204 0.556241
vt -0.903204 0.570936
vt -0.907706 0.570936
vt -0.900244 0.570936
vt -0.900244 0.585608
vt -0.903204 0.585608
vt -0.907706 0.585608
vt -0.910667 0.570936
vt -0.910667 0.585608
vt -0.907706 0.600301
vt -0.910667 0.600301
vt -0.903204 0.600301
vt -0.916448 0.585608
vt -0.916448 0.570936
vt -0.916448 0.600301
vt -0.907706 0.614996
vt -0.910667 0.614996
vt -0.916448 0.614996
vt -0.894462 0.600301
vt -0.894462 0.614996
vt -0.900244 0.614996
vt -0.900244 0.600301
vt -0.894463 0.585608
vt -0.903204 0.614996
vt -0.900244 0.629692
vt -0.903204 0.629692
vt -0.907705 0.629692
vt -0.900244 0.644384
vt -0.903204 0.644384
vt -0.907705 0.644384
vt -0.894463 0.629692
vt -0.894463 0.644384
vt -0.894462 0.659057
vt -0.900244 0.659057
vt -0.903204 0.659057
vt -0.907706 0.659057
vt -0.910667 0.659057
vt -0.910667 0.644384
vt -0.916448 0.659057
vt -0.916448 0.644384
vt -0.910667 0.629692
vt -0.916448 0.629692
vt -0.894462 0.570936
s 1
g off
g Library2.188_Material.002
usemtl Material.002
f 2414/2907/1878 2413/2908/1878 2409/2909/1878 2410/2910/1878
f 2410/2911/1879 2409/2912/1879 2411/2913/1879 2451/2914/1879
f 2409/2915/1880 2412/2916/1880 2422/2917/1880 2411/2918/1880
f 2413/2919/1881 2415/2920/1881 2412/2921/1881 2409/2922/1881
f 2417/2923/1882 2416/2924/1883 2413/2908/1883 2414/2907/1882
f 2416/2925/1883 2418/2926/1884 2415/2920/1884 2413/2919/1883
f 2419/2927/1885 2416/2924/1885 2417/2923/1885 2420/2928/1885
f 2416/2925/1886 2419/2929/1886 2421/2930/1886 2418/2926/1886
f 2411/2918/1887 2422/2917/1888 2421/2930/1888 2419/2929/1887
f 2451/2914/1889 2411/2913/1887 2419/2927/1887 2420/2928/1889
f 2423/2931/1890 2426/2932/1890 2418/2926/1890 2421/2930/1890
f 2422/2917/1888 2424/2933/1891 2423/2931/1891 2421/2930/1888
f 2424/2933/1891 2438/2934/1892 2425/2935/1893 2423/2931/1891
f 2425/2935/1894 2428/2936/1894 2426/2932/1894 2423/2931/1894
f 2418/2926/1884 2426/2932/1895 2427/2937/1895 2415/2920/1884
f 2426/2932/1895 2428/2936/1896 2430/2938/1896 2427/2937/1895
f 2428/2936/1896 2429/2939/1897 2432/2940/1897 2430/2938/1896
f 2439/2941/1898 2429/2939/1898 2428/2936/1898 2425/2935/1898
f 2427/2937/1899 2430/2938/1899 2431/2942/1899 2458/2943/1899
f 2430/2938/1900 2432/2940/1900 2434/2944/1900 2431/2942/1900
f 2429/2939/1897 2441/2945/1901 2433/2946/1901 2432/2940/1897
f 2432/2940/1902 2433/2946/1902 2435/2947/1902 2434/2944/1902
f 2434/2948/1903 2435/2949/1903 2437/2950/1903 2436/2951/1903
f 2431/2952/1904 2434/2948/1904 2436/2951/1904 2438/2934/1904
f 2436/2951/1905 2437/2950/1906 2440/2953/1906 2439/2941/1905
f 2438/2934/1892 2436/2951/1905 2439/2941/1905 2425/2935/1893
f 2440/2953/1907 2441/2945/1907 2429/2939/1907 2439/2941/1907
f 2437/2950/1906 2445/2954/1908 2442/2955/1908 2440/2953/1906
f 2442/2955/1909 2444/2956/1909 2441/2945/1909 2440/2953/1909
f 2445/2954/1908 2447/2957/1910 2443/2958/1910 2442/2955/1908
f 2443/2958/1911 2454/2959/1911 2444/2956/1911 2442/2955/1911
f 2435/2949/1912 2446/2960/1912 2445/2954/1912 2437/2950/1912
f 2446/2960/1913 2448/2961/1913 2447/2957/1913 2445/2954/1913
f 2448/2961/1914 2450/2962/1914 2449/2963/1914 2447/2957/1914
f 2447/2957/1910 2449/2963/1915 2452/2964/1915 2443/2958/1910
f 2450/2962/1916 2410/2911/1916 2451/2914/1916 2449/2963/1916
f 2449/2963/1915 2451/2914/1889 2420/2928/1889 2452/2964/1915
f 2420/2928/1917 2417/2923/1917 2453/2965/1917 2452/2964/1917
f 2452/2964/1918 2453/2965/1918 2454/2959/1918 2443/2958/1918
f 2453/2965/1919 2417/2923/1882 2414/2907/1882 2455/2966/1919
f 2454/2959/1920 2453/2965/1919 2455/2966/1919 2456/2967/1920
f 2456/2967/1921 2455/2966/1921 2450/2968/1921 2448/2969/1921
f 2455/2966/1922 2414/2907/1922 2410/2910/1922 2450/2968/1922
f 2444/2956/1923 2454/2959/1920 2456/2967/1920 2457/2970/1923
f 2457/2970/1924 2456/2967/1924 2448/2969/1924 2446/2971/1924
f 2441/2945/1901 2444/2956/1923 2457/2970/1923 2433/2946/1901
f 2433/2946/1925 2457/2970/1925 2446/2971/1925 2435/2947/1925
f 2458/2972/1926 2431/2952/1926 2438/2934/1926 2424/2933/1926
f 2412/2916/1927 2458/2972/1927 2424/2933/1927 2422/2917/1927
f 2415/2920/1928 2427/2937/1928 2458/2943/1928 2412/2921/1928
g Library2.189_Library2.189
v 0.015095 1.230679 -2.579645
v 0.029755 1.186674 -2.616040
v -0.015042 1.237760 -2.590613
v 0.009799 1.245920 -2.522939
v 0.035237 1.254305 -2.590363
v 0.052886 1.201327 -2.634177
v 0.028862 1.272652 -2.522096
v 0.020166 1.257845 -2.595847
v -0.004972 1.249573 -2.595972
v 0.039310 1.200382 -2.643372
v 0.013251 1.277747 -2.521798
v 0.021204 1.252484 -2.449509
v -0.011888 1.269475 -2.521923
v -0.003933 1.244214 -2.449635
v -0.021419 1.256107 -2.522345
v -0.014085 1.232818 -2.455700
v 0.015890 1.226574 -2.467581
v 0.004154 1.176787 -2.416134
v 0.031042 1.180031 -2.434716
v 0.026336 1.109416 -2.418759
v 0.015851 1.183437 -2.406717
v 0.039912 1.110361 -2.409565
v 0.040990 1.191708 -2.406592
v 0.065050 1.118632 -2.409441
v 0.054435 1.193330 -2.415885
v 0.076617 1.125961 -2.418510
v 0.036195 1.249362 -2.455451
v 0.049466 1.124070 -2.436897
v 0.094265 1.072984 -2.462324
v 0.064126 1.080065 -2.473290
v 0.100641 1.054635 -2.530591
v 0.084193 1.061169 -2.456965
v 0.091109 1.041268 -2.531013
v 0.059055 1.052898 -2.457090
v 0.065971 1.032995 -2.531138
v 0.043984 1.056439 -2.462573
v 0.050360 1.038091 -2.530840
v 0.043027 1.061380 -2.597485
v 0.069422 1.064825 -2.529996
v 0.063331 1.084170 -2.585354
v 0.048180 1.130712 -2.618220
v 0.093308 1.077925 -2.597236
v 0.075068 1.133956 -2.636802
v 0.083155 1.066529 -2.603302
v 0.063370 1.127306 -2.646218
v 0.058017 1.058259 -2.603426
v 0.038232 1.119035 -2.646343
v 0.014172 1.192111 -2.643496
v 0.024787 1.117413 -2.637052
v 0.002605 1.184782 -2.634426
vn 0.6994 -0.3025 0.6475
vn -0.3889 -0.6606 0.6421
vn -0.2987 -0.9283 0.2216
vn 0.7895 -0.5702 0.2270
vn 0.4792 0.4495 -0.7538
vn 0.3554 0.8212 -0.4464
vn 0.3106 0.9500 0.0326
vn -0.2994 0.9140 -0.2736
vn -0.1894 0.5875 -0.7867
vn 0.3621 0.7865 0.5002
vn -0.2950 0.8914 0.3440
vn -0.7696 0.4510 -0.4520
vn -0.8143 0.5798 0.0270
vn -0.7629 0.4163 0.4946
vn -0.7629 0.4164 0.4946
vn -0.3023 -0.9097 -0.2846
vn -0.3983 -0.6121 -0.6832
vn -0.6349 0.0232 0.7723
vn -0.5500 -0.1490 -0.8218
vn -0.4792 -0.4495 0.7538
vn 0.0071 -0.0366 0.9993
vn -0.1780 0.5283 0.8302
vn 0.4901 0.3934 0.7778
vn 0.6457 -0.0793 0.7594
vn 0.6900 -0.2540 -0.6778
vn 0.5383 0.2091 -0.8164
vn 0.7859 -0.5516 -0.2793
vn 0.3889 0.6606 -0.6422
vn 0.7696 -0.4511 0.4520
vn 0.2987 0.9283 -0.2216
vn 0.8143 -0.5798 -0.0270
vn 0.2994 -0.9140 0.2736
vn 0.1894 -0.5875 0.7867
vn -0.3554 -0.8212 0.4464
vn -0.3107 -0.9500 -0.0326
vn -0.6994 0.3025 -0.6475
vn -0.7896 0.5702 -0.2270
vn -0.3621 -0.7865 -0.5002
vn -0.7860 0.5516 0.2792
vn 0.3023 0.9097 0.2846
vn 0.3983 0.6121 0.6832
vn -0.6900 0.2540 0.6778
vn 0.7629 -0.4164 -0.4946
vn 0.6349 -0.0232 -0.7723
vn 0.2950 -0.8914 -0.3440
vn 0.1779 -0.5283 -0.8302
vn -0.4901 -0.3934 -0.7779
vn -0.6457 0.0793 -0.7594
vn -0.0071 0.0366 -0.9993
vn -0.5383 -0.2091 0.8164
vn 0.5499 0.1491 0.8218
vt 0.089333 0.673751
vt 0.089333 0.688451
vt 0.083552 0.688451
vt 0.083552 0.673751
vt 0.105537 0.673751
vt 0.105537 0.688451
vt 0.099756 0.688451
vt 0.099756 0.673751
vt 0.105537 0.541540
vt 0.105537 0.556241
vt 0.099756 0.556241
vt 0.099756 0.541540
vt 0.089333 0.541540
vt 0.089333 0.556241
vt 0.083552 0.556241
vt 0.083552 0.541540
vt 0.092294 0.673751
vt 0.092294 0.688451
vt 0.092294 0.541540
vt 0.092294 0.556241
vt 0.096796 0.541540
vt 0.096796 0.556241
vt 0.096796 0.688451
vt 0.096796 0.673751
vt 0.092294 0.570936
vt 0.089333 0.570936
vt 0.096796 0.570936
vt 0.099756 0.570936
vt 0.105537 0.570936
vt 0.105537 0.585608
vt 0.099756 0.585608
vt 0.096796 0.585608
vt 0.105537 0.600301
vt 0.099756 0.600301
vt 0.096796 0.600301
vt 0.092294 0.600301
vt 0.092294 0.585608
vt 0.089333 0.585608
vt 0.089333 0.600301
vt 0.083552 0.585608
vt 0.083552 0.570936
vt 0.083552 0.600301
vt 0.089333 0.614996
vt 0.083552 0.614996
vt 0.092294 0.614996
vt 0.089333 0.629691
vt 0.083552 0.629691
vt 0.092294 0.629691
vt 0.096796 0.629691
vt 0.096796 0.614996
vt 0.099756 0.614996
vt 0.099756 0.629691
vt 0.105537 0.614996
vt 0.105537 0.629691
vt 0.099756 0.644384
vt 0.096796 0.644384
vt 0.105537 0.644384
vt 0.089333 0.644384
vt 0.083552 0.644384
vt 0.089333 0.659057
vt 0.083552 0.659057
vt 0.105537 0.659057
vt 0.099756 0.659057
vt 0.092294 0.644384
vt 0.092294 0.659057
vt 0.096796 0.659057
s 1
g off
g Library2.189_Material.002
usemtl Material.002
f 2464/2973/1929 2463/2974/1929 2459/2975/1929 2460/2976/1929
f 2460/2977/1930 2459/2978/1930 2461/2979/1930 2508/2980/1930
f 2459/2981/1931 2462/2982/1931 2473/2983/1931 2461/2984/1931
f 2463/2985/1932 2465/2986/1932 2462/2987/1932 2459/2988/1932
f 2468/2989/1933 2466/2990/1934 2463/2974/1934 2464/2973/1933
f 2466/2991/1934 2469/2992/1935 2465/2986/1935 2463/2985/1934
f 2466/2991/1936 2467/2993/1936 2471/2994/1936 2469/2992/1936
f 2467/2995/1937 2466/2990/1937 2468/2989/1937 2506/2996/1937
f 2469/2992/1935 2470/2997/1938 2485/2998/1938 2465/2986/1935
f 2472/2999/1939 2470/2997/1939 2469/2992/1939 2471/2994/1939
f 2461/2984/1940 2473/2983/1941 2471/2994/1941 2467/2993/1940
f 2473/2983/1941 2474/3000/1942 2472/2999/1943 2471/2994/1941
f 2462/2982/1944 2475/3001/1944 2474/3000/1944 2473/2983/1944
f 2475/3001/1945 2477/3002/1945 2476/3003/1945 2474/3000/1945
f 2474/3000/1942 2476/3003/1946 2479/3004/1946 2472/2999/1943
f 2477/3002/1947 2486/3005/1947 2478/3006/1947 2476/3003/1947
f 2476/3003/1946 2478/3006/1948 2480/3007/1948 2479/3004/1946
f 2480/3007/1949 2482/3008/1949 2481/3009/1949 2479/3004/1949
f 2479/3004/1950 2481/3009/1950 2470/2997/1950 2472/2999/1950
f 2470/2997/1938 2481/3009/1951 2483/3010/1951 2485/2998/1938
f 2481/3009/1951 2482/3008/1952 2484/3011/1952 2483/3010/1951
f 2485/2998/1953 2483/3010/1953 2477/3012/1953 2475/3013/1953
f 2483/3010/1954 2484/3011/1954 2486/3014/1954 2477/3012/1954
f 2465/2986/1955 2485/2998/1955 2475/3013/1955 2462/2987/1955
f 2484/3011/1956 2487/3015/1956 2488/3016/1956 2486/3014/1956
f 2482/3008/1952 2490/3017/1957 2487/3015/1957 2484/3011/1952
f 2487/3015/1958 2489/3018/1958 2497/3019/1958 2488/3016/1958
f 2490/3017/1957 2491/3020/1959 2489/3018/1959 2487/3015/1957
f 2493/3021/1960 2491/3020/1960 2490/3017/1960 2492/3022/1960
f 2492/3022/1961 2490/3017/1961 2482/3008/1961 2480/3007/1961
f 2494/3023/1962 2495/3024/1963 2493/3021/1963 2492/3022/1962
f 2478/3006/1948 2494/3023/1962 2492/3022/1962 2480/3007/1948
f 2486/3005/1964 2488/3025/1964 2494/3023/1964 2478/3006/1964
f 2488/3025/1965 2497/3026/1965 2495/3024/1965 2494/3023/1965
f 2495/3024/1963 2496/3027/1966 2504/3028/1966 2493/3021/1963
f 2497/3026/1967 2498/3029/1967 2496/3027/1967 2495/3024/1967
f 2489/3018/1968 2500/3030/1968 2498/3031/1968 2497/3019/1968
f 2500/3030/1969 2501/3032/1969 2499/3033/1969 2498/3031/1969
f 2498/3029/1970 2499/3034/1970 2507/3035/1970 2496/3027/1970
f 2502/3036/1971 2503/3037/1972 2501/3032/1972 2500/3030/1971
f 2491/3020/1959 2502/3036/1971 2500/3030/1971 2489/3018/1959
f 2504/3028/1973 2502/3036/1973 2491/3020/1973 2493/3021/1973
f 2505/3038/1974 2503/3037/1974 2502/3036/1974 2504/3028/1974
f 2496/3027/1966 2507/3035/1975 2505/3038/1975 2504/3028/1966
f 2507/3035/1975 2508/2980/1976 2506/2996/1976 2505/3038/1975
f 2506/2996/1977 2468/2989/1977 2503/3037/1977 2505/3038/1977
f 2499/3034/1978 2460/2977/1978 2508/2980/1978 2507/3035/1978
f 2508/2980/1976 2461/2979/1940 2467/2995/1940 2506/2996/1976
f 2503/3037/1972 2468/2989/1933 2464/2973/1933 2501/3032/1972
f 2501/3032/1979 2464/2973/1979 2460/2976/1979 2499/3033/1979
g Library2.190_Library2.190
v 0.030581 1.133567 -2.328754
v 0.029960 1.136774 -2.416294
v 0.062053 1.143923 -2.328598
v 0.020222 1.165029 -2.327528
v 0.019601 1.168236 -2.415068
v 0.051695 1.175386 -2.327372
v 0.051074 1.178592 -2.414912
v 0.061432 1.147130 -2.416137
vn -0.9499 -0.3126 -0.0047
vn 0.3125 -0.9492 -0.0370
vn -0.3125 0.9492 0.0370
vn 0.9499 0.3125 0.0047
vt 0.080904 0.693752
vt 0.108406 0.693748
vt 0.108407 0.704154
vt 0.080905 0.704159
vt 0.080909 0.729852
vt 0.080908 0.722208
vt 0.108410 0.722204
vt 0.108411 0.729849
vt 0.108409 0.711798
vt 0.080907 0.711802
s 1
g off
g Library2.190_Material.002
usemtl Material.002
f 2510/3039/1980 2509/3040/1980 2512/3041/1980 2513/3042/1980
f 2510/3043/1981 2516/3044/1981 2511/3045/1981 2509/3046/1981
f 2512/3041/1982 2514/3047/1982 2515/3048/1982 2513/3042/1982
f 2511/3045/1983 2516/3044/1983 2515/3048/1983 2514/3047/1983
g Library2.191_Library2.191
v 0.039406 1.163378 -2.123089
v -0.399115 1.018841 -2.119030
v 0.040157 1.162679 -2.098761
v 0.049765 1.131917 -2.124317
v -0.353831 0.992680 -2.120158
v 0.050516 1.131217 -2.099987
v -0.353079 0.991979 -2.095828
v -0.412009 0.987487 -2.095421
v -0.416972 0.942952 -2.096766
v -0.417723 0.943653 -2.121095
v -0.412761 0.988188 -2.119750
v -0.398364 1.018142 -2.094700
vn -0.0173 0.0239 -0.9996
vn -0.0172 0.0240 -0.9996
vn -0.0164 0.0247 -0.9996
vn -0.3125 0.9492 0.0369
vn 0.3256 -0.9448 -0.0373
vn 0.0164 -0.0247 0.9996
vn 0.0172 -0.0240 0.9996
vn 0.0173 -0.0239 0.9996
vn 0.0093 -0.0312 0.9995
vn 0.6086 -0.7924 -0.0416
vn -0.9701 0.2397 0.0368
vn -0.9704 0.2385 0.0367
vn -0.9934 0.1097 0.0338
vn -0.0093 0.0312 -0.9995
vn -0.9132 0.4056 0.0399
vt 0.025975 0.411441
vt 0.025455 0.459751
vt 0.021867 0.466904
vt 0.019993 0.463273
vt 0.020767 0.411040
vt 0.017565 0.463272
vt 0.016804 0.411040
vt 0.021854 0.573135
vt 0.015676 0.573134
vt 0.015528 0.493514
vt 0.021706 0.493515
vt 0.015690 0.466904
vt 0.012104 0.459750
vt 0.011597 0.411439
vt 0.007766 0.485322
vt 0.015688 0.477816
vt 0.021866 0.477817
vt 0.029633 0.485482
s 1
g off
g Library2.191_Material.002
usemtl Material.002
f 2520/3049/1984 2521/3050/1985 2527/3051/1986 2518/3052/1984 2517/3053/1984
f 2518/3052/1987 2528/3054/1987 2519/3055/1987 2517/3053/1987
f 2520/3056/1988 2522/3057/1988 2523/3058/1988 2521/3059/1988
f 2524/3060/1989 2523/3061/1990 2522/3062/1991 2519/3055/1991 2528/3054/1991
f 2523/3058/1990 2524/3063/1989 2525/3064/1992
f 2521/3059/1993 2523/3058/1993 2525/3064/1993 2526/3065/1993
f 2524/3060/1994 2527/3051/1995 2526/3065/1996 2525/3064/1996
f 2527/3066/1986 2521/3059/1985 2526/3065/1997
f 2518/3052/1998 2527/3051/1995 2524/3060/1994 2528/3054/1998
g Library2.192_Library2.192
v 0.035674 1.182645 -2.649041
v -0.402847 1.038108 -2.644981
v 0.036426 1.181945 -2.624711
v 0.046032 1.151183 -2.650267
v -0.357562 1.011946 -2.646108
v 0.046784 1.150483 -2.625937
v -0.356811 1.011246 -2.621778
v -0.415741 1.006753 -2.621373
v -0.420704 0.962219 -2.622715
v -0.421454 0.962921 -2.647045
v -0.416492 1.007453 -2.645702
v -0.402096 1.037408 -2.620650
vn -0.0173 0.0239 -0.9996
vn -0.0171 0.0240 -0.9996
vn -0.0164 0.0247 -0.9996
vn -0.3125 0.9492 0.0370
vn 0.3256 -0.9448 -0.0372
vn 0.0164 -0.0247 0.9996
vn 0.0171 -0.0241 0.9996
vn 0.0173 -0.0239 0.9996
vn 0.0092 -0.0311 0.9995
vn 0.6086 -0.7924 -0.0416
vn -0.9701 0.2397 0.0368
vn -0.9704 0.2386 0.0367
vn -0.9934 0.1097 0.0338
vn -0.0093 0.0312 -0.9995
vn -0.9132 0.4055 0.0399
vt -0.974038 0.411441
vt -0.974549 0.459750
vt -0.978135 0.466904
vt -0.980011 0.463273
vt -0.979246 0.411041
vt -0.982438 0.463273
vt -0.983209 0.411041
vt -0.978135 0.573133
vt -0.984312 0.573133
vt -0.984471 0.493515
vt -0.978293 0.493515
vt -0.984313 0.466904
vt -0.987899 0.459751
vt -0.988416 0.411442
vt -0.992234 0.485323
vt -0.984313 0.477817
vt -0.978135 0.477817
vt -0.970367 0.485481
s 1
g off
g Library2.192_Material.002
usemtl Material.002
f 2532/3067/1999 2533/3068/2000 2539/3069/2001 2530/3070/1999 2529/3071/1999
f 2530/3070/2002 2540/3072/2002 2531/3073/2002 2529/3071/2002
f 2532/3074/2003 2534/3075/2003 2535/3076/2003 2533/3077/2003
f 2536/3078/2004 2535/3079/2005 2534/3080/2006 2531/3073/2006 2540/3072/2006
f 2535/3076/2005 2536/3081/2004 2537/3082/2007
f 2533/3077/2008 2535/3076/2008 2537/3082/2008 2538/3083/2008
f 2536/3078/2009 2539/3069/2010 2538/3083/2011 2537/3082/2011
f 2539/3084/2001 2533/3077/2000 2538/3083/2012
f 2530/3070/2013 2539/3069/2010 2536/3078/2009 2540/3072/2013
g Library2.193_Library2.193
v -5.828500 8.063960 0.636780
v -5.828500 8.063960 2.340973
v -6.335376 8.063960 0.636780
v -5.828500 8.203079 0.636780
v -5.828500 8.203079 2.340973
v -6.335376 8.203079 0.636780
v -6.335376 8.203079 2.340973
v -6.335376 8.063960 2.340973
vn 1.0000 -0.0000 -0.0000
vn -0.0000 -1.0000 -0.0000
vn -0.0000 1.0000 -0.0000
vt -0.706352 0.203056
vt -0.744156 0.203056
vt -0.744156 0.199963
vt -0.706352 0.199963
vt -0.706352 0.214325
vt -0.744156 0.214325
vt -0.744156 0.188693
vt -0.706352 0.188693
s 1
g off
g Library2.193_Material.002
usemtl Material.002
f 2542/3085/2014 2541/3086/2014 2544/3087/2014 2545/3088/2014
f 2542/3085/2015 2548/3089/2015 2543/3090/2015 2541/3086/2015
f 2544/3087/2016 2546/3091/2016 2547/3092/2016 2545/3088/2016
g Library2.194_Library2.194
v -5.828500 6.859322 0.636780
v -5.828500 6.859323 2.340974
v -6.335376 6.859322 0.636780
v -5.828500 6.998438 0.636780
v -5.828500 6.998439 2.340974
v -6.335376 6.998438 0.636780
v -6.335376 6.998439 2.340974
v -6.335376 6.859323 2.340974
vn 1.0000 -0.0000 -0.0000
vn -0.0000 -1.0000 -0.0000
vn -0.0000 1.0000 -0.0000
vt -0.706352 0.203056
vt -0.744156 0.203056
vt -0.744156 0.199963
vt -0.706352 0.199963
vt -0.706352 0.214325
vt -0.744156 0.214325
vt -0.744156 0.188693
vt -0.706352 0.188693
s 1
g off
g Library2.194_Material.002
usemtl Material.002
f 2550/3093/2017 2549/3094/2017 2552/3095/2017 2553/3096/2017
f 2550/3093/2018 2556/3097/2018 2551/3098/2018 2549/3094/2018
f 2552/3095/2019 2554/3099/2019 2555/3100/2019 2553/3096/2019
g Library2.195_Library2.195
v -5.828500 5.624202 0.636781
v -5.828500 5.624202 2.340974
v -6.335376 5.624202 0.636781
v -5.828500 5.763320 0.636781
v -5.828500 5.763320 2.340974
v -6.335376 5.763320 0.636781
v -6.335376 5.763320 2.340974
v -6.335376 5.624202 2.340974
vn 1.0000 -0.0000 -0.0000
vn -0.0000 -1.0000 -0.0000
vn -0.0000 1.0000 -0.0000
vt -0.706352 0.203056
vt -0.744156 0.203056
vt -0.744156 0.199963
vt -0.706352 0.199963
vt -0.706352 0.214325
vt -0.744156 0.214325
vt -0.744156 0.188693
vt -0.706352 0.188693
s 1
g off
g Library2.195_Material.002
usemtl Material.002
f 2558/3101/2020 2557/3102/2020 2560/3103/2020 2561/3104/2020
f 2558/3101/2021 2564/3105/2021 2559/3106/2021 2557/3102/2021
f 2560/3103/2022 2562/3107/2022 2563/3108/2022 2561/3104/2022
g Library2.196_Library2.196
v -5.828500 4.441556 0.636781
v -5.828500 4.441556 2.340974
v -6.335376 4.441556 0.636781
v -5.828500 4.580675 0.636781
v -5.828500 4.580675 2.340974
v -6.335376 4.580675 0.636781
v -6.335376 4.580675 2.340974
v -6.335376 4.441556 2.340974
vn 1.0000 -0.0000 -0.0000
vn -0.0000 -1.0000 -0.0000
vn -0.0000 1.0000 -0.0000
vt -0.706352 0.203056
vt -0.744156 0.203056
vt -0.744156 0.199963
vt -0.706352 0.199963
vt -0.706352 0.214325
vt -0.744156 0.214325
vt -0.744156 0.188693
vt -0.706352 0.188693
s 1
g off
g Library2.196_Material.002
usemtl Material.002
f 2566/3109/2023 2565/3110/2023 2568/3111/2023 2569/3112/2023
f 2566/3109/2024 2572/3113/2024 2567/3114/2024 2565/3110/2024
f 2568/3111/2025 2570/3115/2025 2571/3116/2025 2569/3112/2025
g Library2.197_Library2.197
v -5.828500 3.255958 0.636781
v -5.828500 3.255958 2.340974
v -6.335376 3.255958 0.636781
v -5.828500 3.395077 0.636781
v -5.828500 3.395077 2.340974
v -6.335376 3.395077 0.636781
v -6.335376 3.395077 2.340974
v -6.335376 3.255958 2.340974
vn 1.0000 -0.0000 -0.0000
vn -0.0000 -1.0000 -0.0000
vn -0.0000 1.0000 -0.0000
vt 0.293648 0.230858
vt 0.255844 0.230858
vt 0.255844 0.227765
vt 0.293648 0.227765
vt 0.293648 0.242127
vt 0.255844 0.242127
vt 0.255844 0.216496
vt 0.293648 0.216496
s 1
g off
g Library2.197_Material.002
usemtl Material.002
f 2574/3117/2026 2573/3118/2026 2576/3119/2026 2577/3120/2026
f 2574/3117/2027 2580/3121/2027 2575/3122/2027 2573/3118/2027
f 2576/3119/2028 2578/3123/2028 2579/3124/2028 2577/3120/2028
g Library2.198_Library2.198
v -5.828500 1.981425 0.636781
v -5.828500 1.981425 2.340974
v -6.335376 1.981425 0.636781
v -5.828500 2.120543 0.636781
v -5.828500 2.120543 2.340974
v -6.335376 2.120543 0.636781
v -6.335376 2.120543 2.340974
v -6.335376 1.981425 2.340974
vn 1.0000 -0.0000 -0.0000
vn -0.0000 -1.0000 -0.0000
vn -0.0000 1.0000 -0.0000
vt 0.293648 0.203056
vt 0.255844 0.203056
vt 0.255844 0.199963
vt 0.293648 0.199963
vt 0.293648 0.214325
vt 0.255844 0.214325
vt 0.255844 0.188693
vt 0.293648 0.188693
s 1
g off
g Library2.198_Material.002
usemtl Material.002
f 2582/3125/2029 2581/3126/2029 2584/3127/2029 2585/3128/2029
f 2582/3125/2030 2588/3129/2030 2583/3130/2030 2581/3126/2030
f 2584/3127/2031 2586/3131/2031 2587/3132/2031 2585/3128/2031
g Library2.199_Library2.199
v -5.828496 0.648364 0.636782
v -5.828496 0.648364 2.340974
v -6.335374 0.648364 0.636782
v -5.828496 0.787482 0.636782
v -5.828496 0.787482 2.340974
v -6.335374 0.787482 0.636782
v -6.335374 0.787482 2.340974
v -6.335374 0.648364 2.340974
vn 1.0000 -0.0000 -0.0000
vn -0.0000 -1.0000 -0.0000
vn -0.0000 1.0000 -0.0000
vt -0.706352 0.203056
vt -0.744156 0.203056
vt -0.744156 0.199963
vt -0.706352 0.199963
vt -0.706352 0.214325
vt -0.744156 0.214325
vt -0.744156 0.188693
vt -0.706352 0.188693
s 1
g off
g Library2.199_Material.002
usemtl Material.002
f 2590/3133/2032 2589/3134/2032 2592/3135/2032 2593/3136/2032
f 2590/3133/2033 2596/3137/2033 2591/3138/2033 2589/3134/2033
f 2592/3135/2034 2594/3139/2034 2595/3140/2034 2593/3136/2034
g Library2.200_Library2.200
v -5.828500 9.226871 2.340973
v -5.828500 9.226871 2.477349
v -6.335376 9.322899 2.340973
v -5.828500 -0.407909 2.340974
v -5.828500 -0.407909 2.477352
v -6.335376 -0.407909 2.340974
v -6.335376 -0.407909 2.477352
v -6.335376 9.322899 2.477351
vn 1.0000 -0.0000 -0.0000
vn 0.1861 0.9825 -0.0000
vn -0.0000 -0.0000 -1.0000
vn -0.0000 -0.0000 1.0000
vt -0.875779 0.167087
vt -0.662048 0.166217
vt -0.662036 0.169243
vt -0.875766 0.170113
vt -0.887210 0.170159
vt -0.887223 0.167134
vt -0.661990 0.180487
vt -0.877851 0.181366
vt -0.662094 0.154973
vt -0.877955 0.155852
s 1
g off
g Library2.200_Material.002
usemtl Material.002
f 2598/3141/2035 2601/3142/2035 2600/3143/2035 2597/3144/2035
f 2597/3144/2036 2599/3145/2036 2604/3146/2036 2598/3141/2036
f 2600/3143/2037 2602/3147/2037 2599/3148/2037 2597/3144/2037
f 2603/3149/2038 2601/3142/2038 2598/3141/2038 2604/3150/2038
g Library2.201_Library2.201
v -5.828500 9.226871 0.500402
v -5.828500 9.226871 0.636780
v -6.335376 9.322899 0.500402
v -5.828500 -0.407909 0.500404
v -5.828500 -0.407909 0.636782
v -6.335376 -0.407909 0.500404
v -6.335376 -0.407909 0.636782
v -6.335376 9.322899 0.636780
vn 1.0000 -0.0000 -0.0000
vn 0.1861 0.9825 -0.0000
vn -0.0000 -0.0000 -1.0000
vn -0.0000 -0.0000 1.0000
vt 0.124221 0.167088
vt 0.337952 0.166217
vt 0.337964 0.169243
vt 0.124234 0.170113
vt 0.112790 0.170159
vt 0.112777 0.167134
vt 0.338010 0.180487
vt 0.122149 0.181366
vt 0.337906 0.154973
vt 0.122046 0.155852
s 1
g off
g Library2.201_Material.002
usemtl Material.002
f 2606/3151/2039 2609/3152/2039 2608/3153/2039 2605/3154/2039
f 2605/3154/2040 2607/3155/2040 2612/3156/2040 2606/3151/2040
f 2608/3153/2041 2610/3157/2041 2607/3158/2041 2605/3154/2041
f 2611/3159/2042 2609/3152/2042 2606/3151/2042 2612/3160/2042
g Library2.202_Library2.202
v -6.264657 -0.365274 2.214862
v -6.264657 -0.417119 2.408351
v -6.173181 -0.365274 2.214863
v -6.264657 -0.223631 2.073220
v -6.264657 -0.030143 2.021375
v -6.173180 -0.223631 2.073220
v -6.173180 -0.030143 2.408351
v -6.173180 -0.030143 2.021375
v -6.173181 0.163346 2.073220
v -6.264657 0.163346 2.073220
v -6.173181 0.304989 2.214863
v -6.173180 0.356834 2.408351
v -6.264657 0.304989 2.214862
v -6.264657 0.356834 2.408351
v -6.264657 0.304989 2.601839
v -6.173180 0.304989 2.601839
v -6.264657 0.163345 2.743483
v -6.173180 0.163345 2.743483
v -6.264657 -0.030143 2.795327
v -6.173181 -0.030143 2.795327
v -6.264657 -0.223631 2.743483
v -6.173180 -0.223631 2.743483
v -6.264657 -0.365274 2.601839
v -6.173180 -0.365274 2.601839
v -6.173181 -0.417119 2.408351
vn -0.0000 -1.0000 -0.0000
vn -0.0000 -0.8660 -0.5000
vn 0.9621 -0.2363 -0.1364
vn 0.9353 -0.3538 -0.0000
vn -0.0000 -0.5000 -0.8660
vn 0.9353 -0.1769 -0.3064
vn -0.0000 -0.0000 -1.0000
vn 0.8697 -0.0000 -0.4936
vn 1.0000 -0.0000 -0.0000
vn -0.0000 0.5000 -0.8660
vn 0.9353 0.1769 -0.3064
vn 0.9621 0.2363 -0.1364
vn 0.9353 0.3538 -0.0000
vn -0.0000 0.8660 -0.5000
vn -0.0000 1.0000 -0.0000
vn -0.0000 0.8660 0.5000
vn 0.8697 0.4275 0.2468
vn -0.0000 0.5000 0.8660
vn 0.9353 0.1769 0.3064
vn -0.0000 -0.0000 1.0000
vn 0.9620 -0.0000 0.2729
vn -0.0000 -0.5000 0.8660
vn 0.9353 -0.1769 0.3064
vn -0.0000 -0.8660 0.5000
vn 0.8697 -0.4275 0.2468
vt -0.682887 0.224157
vt -0.692301 0.221635
vt -0.690088 0.217802
vt -0.682887 0.219731
vt -0.699192 0.214743
vt -0.695359 0.212530
vt -0.701714 0.205330
vt -0.697288 0.205330
vt -0.682887 0.205330
vt -0.699192 0.195916
vt -0.695359 0.198129
vt -0.690088 0.192858
vt -0.682887 0.190928
vt -0.692301 0.189025
vt -0.682887 0.186502
vt -0.673473 0.189025
vt -0.675686 0.192858
vt -0.666582 0.195916
vt -0.670415 0.198129
vt -0.664060 0.205330
vt -0.668486 0.205330
vt -0.666582 0.214743
vt -0.670415 0.212530
vt -0.673473 0.221635
vt -0.675686 0.217802
s 1
g off
g Library2.202_Material.002
usemtl Material.002
f 2614/3161/2043 2613/3162/2044 2615/3163/2045 2637/3164/2046
f 2613/3162/2044 2616/3165/2047 2618/3166/2048 2615/3163/2045
f 2616/3165/2047 2617/3167/2049 2620/3168/2050 2618/3166/2048
f 2618/3166/2048 2620/3168/2050 2619/3169/2051
f 2637/3164/2046 2615/3163/2045 2618/3166/2048 2619/3169/2051
f 2617/3167/2049 2622/3170/2052 2621/3171/2053 2620/3168/2050
f 2619/3169/2051 2620/3168/2050 2621/3171/2053
f 2621/3171/2053 2623/3172/2054 2624/3173/2055 2619/3169/2051
f 2622/3170/2052 2625/3174/2056 2623/3172/2054 2621/3171/2053
f 2625/3174/2056 2626/3175/2057 2624/3173/2055 2623/3172/2054
f 2626/3175/2057 2627/3176/2058 2628/3177/2059 2624/3173/2055
f 2627/3176/2058 2629/3178/2060 2630/3179/2061 2628/3177/2059
f 2629/3178/2060 2631/3180/2062 2632/3181/2063 2630/3179/2061
f 2631/3180/2062 2633/3182/2064 2634/3183/2065 2632/3181/2063
f 2633/3182/2064 2635/3184/2066 2636/3185/2067 2634/3183/2065
f 2635/3184/2066 2614/3161/2043 2637/3164/2046 2636/3185/2067
f 2634/3183/2065 2636/3185/2067 2619/3169/2051
f 2619/3169/2051 2636/3185/2067 2637/3164/2046
f 2630/3179/2061 2632/3181/2063 2634/3183/2065 2619/3169/2051
f 2619/3169/2051 2628/3177/2059 2630/3179/2061
f 2624/3173/2055 2628/3177/2059 2619/3169/2051
g Library2.203_Library2.203
v -6.264657 -0.365249 0.378330
v -6.264657 -0.417094 0.571818
v -6.173181 -0.365249 0.378330
v -6.264657 -0.223606 0.236686
v -6.264657 -0.030118 0.184841
v -6.173181 -0.223606 0.236686
v -6.173180 -0.030118 0.571817
v -6.173181 -0.030118 0.184841
v -6.173180 0.163371 0.236686
v -6.173181 0.305014 0.378330
v -6.264657 0.163371 0.236686
v -6.264657 0.305014 0.378330
v -6.264657 0.356859 0.571818
v -6.264657 0.305014 0.765306
v -6.173181 0.356859 0.571818
v -6.173180 0.305014 0.765307
v -6.173180 0.163371 0.906951
v -6.264657 0.163371 0.906951
v -6.173181 -0.030118 0.958794
v -6.264657 -0.030118 0.958794
v -6.173180 -0.223606 0.906951
v -6.264657 -0.223606 0.906951
v -6.173181 -0.365249 0.765306
v -6.173181 -0.417094 0.571818
v -6.264657 -0.365249 0.765306
vn -0.0000 -1.0000 -0.0000
vn -0.0000 -0.8660 -0.5000
vn 0.9620 -0.2363 -0.1364
vn 0.9353 -0.3538 -0.0000
vn -0.0000 -0.5000 -0.8660
vn 0.9353 -0.1769 -0.3064
vn -0.0000 -0.0000 -1.0000
vn 0.8697 -0.0000 -0.4936
vn 1.0000 -0.0000 -0.0000
vn -0.0000 0.5000 -0.8660
vn 0.9353 0.1769 -0.3064
vn -0.0000 0.8660 -0.5000
vn 0.9621 0.2363 -0.1364
vn 0.9353 0.3538 -0.0000
vn -0.0000 1.0000 -0.0000
vn -0.0000 0.8660 0.5000
vn 0.8697 0.4275 0.2468
vn 0.9353 0.1769 0.3064
vn -0.0000 0.5000 0.8660
vn -0.0000 -0.0000 1.0000
vn 0.9620 -0.0000 0.2729
vn 0.9353 -0.1769 0.3064
vn -0.0000 -0.5000 0.8660
vn -0.0000 -0.8660 0.5000
vn 0.8697 -0.4275 0.2468
vt 0.317113 0.224130
vt 0.307713 0.221611
vt 0.309884 0.217851
vt 0.317113 0.219788
vt 0.300831 0.214730
vt 0.304592 0.212559
vt 0.298313 0.205330
vt 0.302655 0.205330
vt 0.317113 0.205330
vt 0.300831 0.195930
vt 0.304592 0.198101
vt 0.307713 0.189048
vt 0.309884 0.192809
vt 0.317113 0.190872
vt 0.317113 0.186530
vt 0.326513 0.189048
vt 0.324342 0.192809
vt 0.329634 0.198101
vt 0.333395 0.195930
vt 0.335913 0.205330
vt 0.331571 0.205330
vt 0.329634 0.212559
vt 0.333395 0.214730
vt 0.326513 0.221611
vt 0.324342 0.217851
s 1
g off
g Library2.203_Material.002
usemtl Material.002
f 2639/3186/2068 2638/3187/2069 2640/3188/2070 2661/3189/2071
f 2638/3187/2069 2641/3190/2072 2643/3191/2073 2640/3188/2070
f 2641/3190/2072 2642/3192/2074 2645/3193/2075 2643/3191/2073
f 2643/3191/2073 2645/3193/2075 2644/3194/2076
f 2661/3189/2071 2640/3188/2070 2643/3191/2073 2644/3194/2076
f 2642/3192/2074 2648/3195/2077 2646/3196/2078 2645/3193/2075
f 2644/3194/2076 2645/3193/2075 2646/3196/2078
f 2648/3195/2077 2649/3197/2079 2647/3198/2080 2646/3196/2078
f 2646/3196/2078 2647/3198/2080 2652/3199/2081 2644/3194/2076
f 2649/3197/2079 2650/3200/2082 2652/3199/2081 2647/3198/2080
f 2650/3200/2082 2651/3201/2083 2653/3202/2084 2652/3199/2081
f 2652/3199/2081 2653/3202/2084 2644/3194/2076
f 2644/3194/2076 2653/3202/2084 2654/3203/2085
f 2651/3201/2083 2655/3204/2086 2654/3203/2085 2653/3202/2084
f 2655/3204/2086 2657/3205/2087 2656/3206/2088 2654/3203/2085
f 2654/3203/2085 2656/3206/2088 2658/3207/2089 2644/3194/2076
f 2657/3205/2087 2659/3208/2090 2658/3207/2089 2656/3206/2088
f 2659/3208/2090 2662/3209/2091 2660/3210/2092 2658/3207/2089
f 2658/3207/2089 2660/3210/2092 2644/3194/2076
f 2644/3194/2076 2660/3210/2092 2661/3189/2071
f 2662/3209/2091 2639/3186/2068 2661/3189/2071 2660/3210/2092
g Library2.205_Library2.205
v -5.712623 4.117761 -5.528589
v -5.703998 4.125117 -5.513649
v -6.340493 4.117761 -5.166090
v -5.570386 3.450897 -5.282228
v -5.561761 3.458256 -5.267287
v -6.198258 3.450897 -4.919726
v -6.189631 3.458257 -4.904783
v -6.331867 4.125117 -5.151147
v -6.168448 3.482863 -4.905596
v -6.303326 4.115230 -5.139214
v -5.573057 3.482863 -5.249349
v -5.707936 4.115229 -5.482965
vn 0.8660 -0.0000 -0.5000
vn -0.1961 0.9199 -0.3397
vn 0.1962 -0.9198 0.3398
vn -0.8660 -0.0000 0.5000
vn -0.2871 0.2774 0.9168
vn 0.4639 -0.3729 0.8036
vn 0.4599 0.3924 0.7966
vn 0.1864 0.9279 0.3229
vn 0.9376 0.2775 0.2098
vt 0.669790 0.186907
vt 0.669790 0.146824
vt 0.709874 0.146824
vt 0.709874 0.186907
vt 0.708837 0.147861
vt 0.708837 0.185871
vt 0.670827 0.185871
vt 0.670827 0.147861
s 1
g off
g Library2.205_Material.002
usemtl Material.002
f 2666/3211/2093 2663/3212/2093 2664/3212/2093 2667/3211/2093
f 2670/3213/2094 2664/3212/2094 2663/3212/2094 2665/3213/2094
f 2668/3214/2095 2666/3211/2095 2667/3211/2095 2669/3214/2095
f 2669/3214/2096 2670/3213/2096 2665/3213/2096 2668/3214/2096
f 2672/3215/2097 2670/3213/2097 2669/3214/2097 2671/3216/2097
f 2667/3211/2098 2673/3217/2098 2671/3216/2098 2669/3214/2098
f 2671/3216/2099 2674/3218/2099 2672/3215/2099
f 2671/3216/2099 2673/3217/2099 2674/3218/2099
f 2674/3218/2100 2664/3212/2100 2670/3213/2100 2672/3215/2100
f 2664/3212/2101 2674/3218/2101 2673/3217/2101 2667/3211/2101
g Library2.206_Library2.206
v 1.375682 -0.123390 -3.293073
v 1.375682 1.812081 -3.293073
v 1.300069 -0.123390 -3.368686
v 1.288432 -0.068726 -3.205822
v 1.288432 1.759728 -3.205823
v 1.212820 -0.068726 -3.281436
v 1.212820 1.759728 -3.281436
v 1.300069 1.812081 -3.368687
vn 0.7071 -0.0000 0.7071
vn 0.7071 -0.0000 -0.7071
vn -0.2864 -0.9143 0.2864
vn -0.7071 -0.0000 0.7071
vn -0.7071 -0.0000 -0.7071
vn -0.2762 0.9206 0.2762
vt -0.198496 0.159352
vt -0.201269 0.153093
vt -0.103094 0.153091
vt -0.105749 0.159350
vt -0.201269 0.147670
vt -0.103094 0.147666
vt -0.208114 0.153094
vt -0.208114 0.147670
vt -0.105750 0.135984
vt -0.105749 0.141408
vt -0.198496 0.141410
vt -0.198496 0.135986
vt -0.098951 0.135984
vt -0.098951 0.141407
s 1
g off
g Library2.206_Material.002
usemtl Material.002
f 2678/3219/2102 2675/3220/2102 2676/3221/2102 2679/3222/2102
f 2675/3220/2103 2677/3223/2103 2682/3224/2103 2676/3221/2103
f 2678/3225/2104 2680/3226/2104 2677/3223/2104 2675/3220/2104
f 2679/3227/2105 2681/3228/2105 2680/3229/2105 2678/3230/2105
f 2677/3223/2106 2680/3229/2106 2681/3228/2106 2682/3224/2106
f 2676/3231/2107 2682/3232/2107 2681/3228/2107 2679/3227/2107
g Library2.207_Library2.207
v -6.505959 2.493211 4.862165
v -6.505959 2.493208 -4.758063
v -6.590080 2.371341 4.862164
v -6.616800 2.591407 4.862164
v -6.668689 2.578618 4.862164
v -6.616802 2.591406 -4.758063
v -6.668689 2.578615 -4.758063
v -6.590080 2.371341 -4.758063
v -6.643521 2.371341 4.862164
v -6.643521 2.371341 -4.758063
vn 0.9927 0.1205 -0.0000
vn 0.6631 0.7485 -0.0000
vn 0.8230 -0.5681 -0.0000
vn -0.2393 0.9709 -0.0000
vn -0.0000 -1.0000 -0.0000
vt -0.096139 0.079154
vt -0.096139 0.083691
vt -0.439586 0.083691
vt -0.439586 0.079154
vt -0.096139 0.074617
vt -0.439586 0.074617
vt -0.096139 0.085329
vt -0.439586 0.085329
vt -0.439586 0.072980
vt -0.096139 0.072980
s 1
g off
g Library2.207_Material.002
usemtl Material.002
f 2684/3233/2108 2688/3234/2109 2686/3235/2109 2683/3236/2108
f 2690/3237/2110 2684/3233/2108 2683/3236/2108 2685/3238/2110
f 2686/3235/2111 2688/3234/2111 2689/3239/2111 2687/3240/2111
f 2691/3241/2112 2692/3242/2112 2690/3237/2112 2685/3238/2112
g Library2.211_Library2.211
v -7.058332 -0.413831 7.499330
v -7.058332 12.068778 7.499328
v -7.375488 -0.413831 7.499330
v -7.084286 12.068298 -5.568383
v -7.058332 -0.413833 -5.568382
v -7.078154 9.119108 -5.568382
v -3.421188 -0.413833 -5.568382
v -3.489242 8.878706 -5.568384
v -3.473096 -0.413833 -6.309007
v -3.473095 8.899873 -6.309011
v -7.375488 12.068778 7.499328
vn 1.0000 0.0011 -0.0010
vn 0.9989 0.0005 0.0461
vn 0.9989 0.0010 0.0471
vn -0.0000 -0.0000 1.0000
vn 1.0000 0.0021 -0.0000
vn 0.9997 0.0037 -0.0241
vt 0.342458 0.992074
vt 0.075288 0.992074
vt 0.075288 0.739622
vt 0.068803 0.992074
vt 0.068803 0.739622
vt 0.342458 0.739622
vt 0.342458 0.932426
vt 0.416553 0.932426
vt 0.416553 0.739622
vt 0.431714 0.932426
vt 0.431714 0.739622
s 1
g off
g Library2.211_Material.002
usemtl Material.002
f 2696/3243/2113 2694/3244/2114 2693/3245/2115
f 2694/3244/2114 2703/3246/2116 2695/3247/2116 2693/3245/2115
f 2696/3243/2113 2693/3245/2115 2697/3248/2117 2698/3249/2117
f 2700/3250/2116 2698/3249/2116 2697/3248/2116 2699/3251/2116
f 2702/3252/2118 2700/3250/2118 2699/3251/2118 2701/3253/2118
